#include <lvgl.h>
/*******************************************************************************
 * Size: 72 px
 * Bpp: 2
 * Opts: --font ttf/DINish-SemiBold.ttf --bpp 2 --size 72 --no-compress --format lvgl --r 0x21-0x60,0x7B-0x7E -o 72/DINish_SemiBold_72.c
 ******************************************************************************/


#ifndef DINISH_SEMIBOLD_72
#define DINISH_SEMIBOLD_72 1
#endif

#if DINISH_SEMIBOLD_72

/*-----------------
 *    BITMAPS
 *----------------*/

/*Store the image of the glyphs*/
static LV_ATTRIBUTE_LARGE_CONST const uint8_t glyph_bitmap[] = {
    /* U+0021 "!" */
    0xbf, 0xff, 0xd7, 0xff, 0xfc, 0x7f, 0xff, 0xc7,
    0xff, 0xfc, 0x7f, 0xff, 0xc7, 0xff, 0xfc, 0x7f,
    0xff, 0xc3, 0xff, 0xfc, 0x3f, 0xff, 0xc3, 0xff,
    0xfc, 0x3f, 0xff, 0xc3, 0xff, 0xfc, 0x3f, 0xff,
    0x83, 0xff, 0xf8, 0x3f, 0xff, 0x83, 0xff, 0xf8,
    0x3f, 0xff, 0x83, 0xff, 0xf8, 0x2f, 0xff, 0x42,
    0xff, 0xf4, 0x2f, 0xff, 0x42, 0xff, 0xf4, 0x2f,
    0xff, 0x42, 0xff, 0xf0, 0x1f, 0xff, 0x1, 0xff,
    0xf0, 0x1f, 0xff, 0x1, 0xff, 0xf0, 0x1f, 0xff,
    0x0, 0xff, 0xf0, 0xf, 0xff, 0x0, 0xff, 0xf0,
    0xf, 0xff, 0x0, 0xff, 0xf0, 0x5, 0x54, 0x0,
    0x0, 0x0, 0x0, 0x0, 0x0, 0x0, 0x0, 0x0,
    0x0, 0x0, 0x0, 0x0, 0x0, 0x0, 0x2, 0xaa,
    0xa8, 0x7f, 0xff, 0xc7, 0xff, 0xfc, 0x7f, 0xff,
    0xc7, 0xff, 0xfc, 0x7f, 0xff, 0xc7, 0xff, 0xfc,
    0x7f, 0xff, 0xc7, 0xff, 0xfc,

    /* U+0022 "\"" */
    0xff, 0xfd, 0x0, 0xbf, 0xfe, 0xff, 0xfd, 0x0,
    0xbf, 0xfe, 0xff, 0xfd, 0x0, 0xbf, 0xfe, 0xff,
    0xfd, 0x0, 0xbf, 0xfe, 0xff, 0xfd, 0x0, 0xbf,
    0xfe, 0xff, 0xfd, 0x0, 0xbf, 0xfe, 0xff, 0xfd,
    0x0, 0xbf, 0xfe, 0xff, 0xfd, 0x0, 0xbf, 0xfe,
    0xff, 0xfd, 0x0, 0xbf, 0xfe, 0xff, 0xfd, 0x0,
    0xbf, 0xfe, 0xff, 0xfd, 0x0, 0xbf, 0xfe, 0xff,
    0xfd, 0x0, 0xbf, 0xfe, 0xff, 0xfd, 0x0, 0xbf,
    0xfe, 0xff, 0xfd, 0x0, 0xbf, 0xfe, 0xff, 0xfd,
    0x0, 0xbf, 0xfe, 0xff, 0xfd, 0x0, 0xbf, 0xfe,
    0xff, 0xfd, 0x0, 0xbf, 0xfe, 0xff, 0xfd, 0x0,
    0xbf, 0xfe, 0xff, 0xfd, 0x0, 0xbf, 0xfe, 0xff,
    0xfd, 0x0, 0xbf, 0xfe, 0x0, 0x0, 0x0, 0x0,
    0x0,

    /* U+0023 "#" */
    0x0, 0x0, 0xb, 0xff, 0xc0, 0x0, 0x3f, 0xfe,
    0x0, 0x0, 0x0, 0xb, 0xff, 0x80, 0x0, 0x3f,
    0xfe, 0x0, 0x0, 0x0, 0xf, 0xff, 0x80, 0x0,
    0x3f, 0xfd, 0x0, 0x0, 0x0, 0xf, 0xff, 0x40,
    0x0, 0x3f, 0xfc, 0x0, 0x0, 0x0, 0xf, 0xff,
    0x40, 0x0, 0x7f, 0xfc, 0x0, 0x0, 0x0, 0xf,
    0xff, 0x0, 0x0, 0x7f, 0xfc, 0x0, 0x0, 0x0,
    0x1f, 0xff, 0x0, 0x0, 0xbf, 0xfc, 0x0, 0x0,
    0x0, 0x1f, 0xff, 0x0, 0x0, 0xbf, 0xf8, 0x0,
    0x0, 0x0, 0x2f, 0xff, 0x0, 0x0, 0xff, 0xf8,
    0x0, 0x0, 0x0, 0x2f, 0xfe, 0x0, 0x0, 0xff,
    0xf4, 0x0, 0x0, 0x0, 0x3f, 0xfe, 0x0, 0x0,
    0xff, 0xf4, 0x0, 0x0, 0x0, 0x3f, 0xfd, 0x0,
    0x0, 0xff, 0xf0, 0x0, 0x0, 0x0, 0x3f, 0xfd,
    0x0, 0x1, 0xff, 0xf0, 0x0, 0x0, 0x0, 0x3f,
    0xfc, 0x0, 0x1, 0xff, 0xf0, 0x0, 0xf, 0xff,
    0xff, 0xff, 0xff, 0xff, 0xff, 0xff, 0xfe, 0xf,
    0xff, 0xff, 0xff, 0xff, 0xff, 0xff, 0xff, 0xfe,
    0xf, 0xff, 0xff, 0xff, 0xff, 0xff, 0xff, 0xff,
    0xfe, 0xf, 0xff, 0xff, 0xff, 0xff, 0xff, 0xff,
    0xff, 0xfe, 0xf, 0xff, 0xff, 0xff, 0xff, 0xff,
    0xff, 0xff, 0xfe, 0xb, 0xff, 0xff, 0xff, 0xff,
    0xff, 0xff, 0xff, 0xfe, 0x0, 0x0, 0xff, 0xf0,
    0x0, 0x7, 0xff, 0xc0, 0x0, 0x0, 0x1, 0xff,
    0xf0, 0x0, 0xb, 0xff, 0xc0, 0x0, 0x0, 0x1,
    0xff, 0xf0, 0x0, 0xb, 0xff, 0xc0, 0x0, 0x0,
    0x2, 0xff, 0xf0, 0x0, 0xf, 0xff, 0x80, 0x0,
    0x0, 0x2, 0xff, 0xe0, 0x0, 0xf, 0xff, 0x80,
    0x0, 0x0, 0x3, 0xff, 0xe0, 0x0, 0xf, 0xff,
    0x40, 0x0, 0x0, 0x3, 0xff, 0xd0, 0x0, 0xf,
    0xff, 0x40, 0x0, 0x0, 0x3, 0xff, 0xd0, 0x0,
    0x1f, 0xff, 0x0, 0x0, 0x0, 0x3, 0xff, 0xc0,
    0x0, 0x1f, 0xff, 0x0, 0x0, 0xbf, 0xff, 0xff,
    0xff, 0xff, 0xff, 0xff, 0xff, 0xf0, 0xbf, 0xff,
    0xff, 0xff, 0xff, 0xff, 0xff, 0xff, 0xf0, 0xbf,
    0xff, 0xff, 0xff, 0xff, 0xff, 0xff, 0xff, 0xf0,
    0xbf, 0xff, 0xff, 0xff, 0xff, 0xff, 0xff, 0xff,
    0xf0, 0xbf, 0xff, 0xff, 0xff, 0xff, 0xff, 0xff,
    0xff, 0xf0, 0x7f, 0xff, 0xff, 0xff, 0xff, 0xff,
    0xff, 0xff, 0xe0, 0x0, 0xf, 0xff, 0x40, 0x0,
    0x7f, 0xfc, 0x0, 0x0, 0x0, 0x1f, 0xff, 0x0,
    0x0, 0x7f, 0xfc, 0x0, 0x0, 0x0, 0x1f, 0xff,
    0x0, 0x0, 0xbf, 0xfc, 0x0, 0x0, 0x0, 0x2f,
    0xff, 0x0, 0x0, 0xbf, 0xf8, 0x0, 0x0, 0x0,
    0x2f, 0xff, 0x0, 0x0, 0xff, 0xf8, 0x0, 0x0,
    0x0, 0x3f, 0xfe, 0x0, 0x0, 0xff, 0xf4, 0x0,
    0x0, 0x0, 0x3f, 0xfd, 0x0, 0x0, 0xff, 0xf4,
    0x0, 0x0, 0x0, 0x3f, 0xfd, 0x0, 0x0, 0xff,
    0xf0, 0x0, 0x0, 0x0, 0x3f, 0xfc, 0x0, 0x1,
    0xff, 0xf0, 0x0, 0x0, 0x0, 0x7f, 0xfc, 0x0,
    0x1, 0xff, 0xf0, 0x0, 0x0, 0x0, 0x7f, 0xfc,
    0x0, 0x2, 0xff, 0xf0, 0x0, 0x0, 0x0, 0xbf,
    0xfc, 0x0, 0x2, 0xff, 0xe0, 0x0, 0x0, 0x0,
    0xbf, 0xf8, 0x0, 0x3, 0xff, 0xe0, 0x0, 0x0,
    0x0, 0xff, 0xf8, 0x0, 0x3, 0xff, 0xd0, 0x0,
    0x0, 0x0, 0xff, 0xf4, 0x0, 0x3, 0xff, 0xd0,
    0x0, 0x0,

    /* U+0024 "$" */
    0x0, 0x0, 0x0, 0x0, 0x0, 0x0, 0x0, 0x0,
    0x0, 0x0, 0xf, 0xff, 0x40, 0x0, 0x0, 0x0,
    0x0, 0x0, 0xff, 0xf4, 0x0, 0x0, 0x0, 0x0,
    0x0, 0xf, 0xff, 0x40, 0x0, 0x0, 0x0, 0x0,
    0x0, 0xff, 0xf4, 0x0, 0x0, 0x0, 0x0, 0x0,
    0xf, 0xff, 0x40, 0x0, 0x0, 0x0, 0x0, 0x1,
    0xff, 0xf4, 0x0, 0x0, 0x0, 0x0, 0x6, 0xff,
    0xff, 0xf9, 0x0, 0x0, 0x0, 0x3, 0xff, 0xff,
    0xff, 0xfc, 0x0, 0x0, 0x1, 0xff, 0xff, 0xff,
    0xff, 0xf4, 0x0, 0x0, 0xbf, 0xff, 0xff, 0xff,
    0xff, 0xd0, 0x0, 0x1f, 0xff, 0xff, 0xff, 0xff,
    0xff, 0x40, 0x3, 0xff, 0xff, 0xff, 0xff, 0xff,
    0xfc, 0x0, 0xbf, 0xff, 0xe4, 0x1, 0xff, 0xff,
    0xd0, 0xf, 0xff, 0xf0, 0x0, 0x1, 0xff, 0xff,
    0x1, 0xff, 0xfd, 0x0, 0x0, 0xb, 0xff, 0xf0,
    0x1f, 0xff, 0xc0, 0x0, 0x0, 0x3f, 0xff, 0x42,
    0xff, 0xfc, 0x0, 0x0, 0x3, 0xff, 0xf8, 0x2f,
    0xff, 0x80, 0x0, 0x0, 0x2f, 0xff, 0xc3, 0xff,
    0xf8, 0x0, 0x0, 0x1, 0xaa, 0xa8, 0x3f, 0xff,
    0xc0, 0x0, 0x0, 0x0, 0x0, 0x2, 0xff, 0xfc,
    0x0, 0x0, 0x0, 0x0, 0x0, 0x2f, 0xff, 0xf0,
    0x0, 0x0, 0x0, 0x0, 0x1, 0xff, 0xff, 0xc0,
    0x0, 0x0, 0x0, 0x0, 0xf, 0xff, 0xff, 0x80,
    0x0, 0x0, 0x0, 0x0, 0xbf, 0xff, 0xff, 0xe4,
    0x0, 0x0, 0x0, 0x3, 0xff, 0xff, 0xff, 0xff,
    0x80, 0x0, 0x0, 0x1f, 0xff, 0xff, 0xff, 0xff,
    0xd0, 0x0, 0x0, 0x7f, 0xff, 0xff, 0xff, 0xff,
    0x80, 0x0, 0x1, 0xff, 0xff, 0xff, 0xff, 0xff,
    0x0, 0x0, 0x2, 0xff, 0xff, 0xff, 0xff, 0xfc,
    0x0, 0x0, 0x1, 0xbf, 0xff, 0xff, 0xff, 0xe0,
    0x0, 0x0, 0x0, 0x1b, 0xff, 0xff, 0xff, 0x0,
    0x0, 0x0, 0x0, 0x2, 0xff, 0xff, 0xf8, 0x0,
    0x0, 0x0, 0x0, 0x1, 0xff, 0xff, 0xc0, 0x0,
    0x0, 0x0, 0x0, 0x3, 0xff, 0xfc, 0x0, 0x0,
    0x0, 0x0, 0x0, 0x2f, 0xff, 0xd0, 0x0, 0x0,
    0x0, 0x0, 0x0, 0xff, 0xfd, 0x55, 0x54, 0x0,
    0x0, 0x0, 0xf, 0xff, 0xeb, 0xff, 0xd0, 0x0,
    0x0, 0x0, 0xff, 0xfe, 0xbf, 0xfe, 0x0, 0x0,
    0x0, 0xf, 0xff, 0xd7, 0xff, 0xf0, 0x0, 0x0,
    0x0, 0xff, 0xfd, 0x3f, 0xff, 0x40, 0x0, 0x0,
    0x1f, 0xff, 0xc3, 0xff, 0xfc, 0x0, 0x0, 0x3,
    0xff, 0xfc, 0x2f, 0xff, 0xf0, 0x0, 0x0, 0xff,
    0xff, 0x80, 0xff, 0xff, 0xe4, 0x1, 0xbf, 0xff,
    0xf0, 0xb, 0xff, 0xff, 0xff, 0xff, 0xff, 0xfe,
    0x0, 0x3f, 0xff, 0xff, 0xff, 0xff, 0xff, 0xc0,
    0x0, 0xff, 0xff, 0xff, 0xff, 0xff, 0xf0, 0x0,
    0x3, 0xff, 0xff, 0xff, 0xff, 0xfc, 0x0, 0x0,
    0x7, 0xff, 0xff, 0xff, 0xfd, 0x0, 0x0, 0x0,
    0x7, 0xff, 0xff, 0xfd, 0x0, 0x0, 0x0, 0x0,
    0x1, 0xff, 0xf4, 0x0, 0x0, 0x0, 0x0, 0x0,
    0xf, 0xff, 0x40, 0x0, 0x0, 0x0, 0x0, 0x0,
    0xff, 0xf4, 0x0, 0x0, 0x0, 0x0, 0x0, 0xf,
    0xff, 0x40, 0x0, 0x0, 0x0, 0x0, 0x0, 0xff,
    0xf4, 0x0, 0x0, 0x0, 0x0, 0x0, 0xf, 0xff,
    0x40, 0x0, 0x0, 0x0, 0x0, 0x0, 0xff, 0xf4,
    0x0, 0x0, 0x0,

    /* U+0025 "%" */
    0x0, 0xa, 0xff, 0xe4, 0x0, 0x0, 0x0, 0x0,
    0x0, 0x0, 0x0, 0x0, 0x0, 0x0, 0x0, 0x2,
    0xff, 0xff, 0xfd, 0x0, 0x0, 0x0, 0x0, 0x0,
    0x3, 0xff, 0xc0, 0x0, 0x0, 0x0, 0x3f, 0xff,
    0xff, 0xfe, 0x0, 0x0, 0x0, 0x0, 0x0, 0x2f,
    0xfe, 0x0, 0x0, 0x0, 0x2, 0xff, 0xff, 0xff,
    0xfd, 0x0, 0x0, 0x0, 0x0, 0x0, 0xff, 0xf0,
    0x0, 0x0, 0x0, 0x1f, 0xff, 0xff, 0xff, 0xfc,
    0x0, 0x0, 0x0, 0x0, 0xb, 0xff, 0x80, 0x0,
    0x0, 0x0, 0xff, 0xff, 0xff, 0xff, 0xf4, 0x0,
    0x0, 0x0, 0x0, 0x7f, 0xfc, 0x0, 0x0, 0x0,
    0x3, 0xff, 0xf4, 0xb, 0xff, 0xf0, 0x0, 0x0,
    0x0, 0x3, 0xff, 0xd0, 0x0, 0x0, 0x0, 0x1f,
    0xff, 0x80, 0xf, 0xff, 0xc0, 0x0, 0x0, 0x0,
    0x1f, 0xff, 0x0, 0x0, 0x0, 0x0, 0xbf, 0xfd,
    0x0, 0x3f, 0xff, 0x0, 0x0, 0x0, 0x0, 0xff,
    0xf4, 0x0, 0x0, 0x0, 0x2, 0xff, 0xf4, 0x0,
    0xbf, 0xfc, 0x0, 0x0, 0x0, 0x7, 0xff, 0xc0,
    0x0, 0x0, 0x0, 0xb, 0xff, 0xc0, 0x2, 0xff,
    0xf0, 0x0, 0x0, 0x0, 0x3f, 0xfc, 0x0, 0x0,
    0x0, 0x0, 0x2f, 0xff, 0x0, 0xb, 0xff, 0xc0,
    0x0, 0x0, 0x2, 0xff, 0xe0, 0x0, 0x0, 0x0,
    0x0, 0xbf, 0xfc, 0x0, 0x2f, 0xff, 0x0, 0x0,
    0x0, 0xf, 0xff, 0x0, 0x0, 0x0, 0x0, 0x2,
    0xff, 0xf0, 0x0, 0xbf, 0xfc, 0x0, 0x0, 0x0,
    0xbf, 0xf8, 0x0, 0x0, 0x0, 0x0, 0xb, 0xff,
    0xc0, 0x2, 0xff, 0xf0, 0x0, 0x0, 0x3, 0xff,
    0xc0, 0x0, 0x0, 0x0, 0x0, 0x2f, 0xff, 0x0,
    0xb, 0xff, 0xc0, 0x0, 0x0, 0x3f, 0xfd, 0x0,
    0x0, 0x0, 0x0, 0x0, 0xbf, 0xfc, 0x0, 0x2f,
    0xff, 0x0, 0x0, 0x1, 0xff, 0xf0, 0x0, 0x0,
    0x0, 0x0, 0x2, 0xff, 0xf0, 0x0, 0xbf, 0xfc,
    0x0, 0x0, 0xf, 0xff, 0x40, 0x0, 0x0, 0x0,
    0x0, 0xb, 0xff, 0xc0, 0x2, 0xff, 0xf0, 0x0,
    0x0, 0x7f, 0xfc, 0x0, 0x0, 0x0, 0x0, 0x0,
    0x2f, 0xff, 0x0, 0xb, 0xff, 0xc0, 0x0, 0x3,
    0xff, 0xd0, 0x0, 0x0, 0x0, 0x0, 0x0, 0xbf,
    0xfc, 0x0, 0x2f, 0xff, 0x0, 0x0, 0x2f, 0xff,
    0x0, 0x0, 0x6f, 0xfe, 0x40, 0x2, 0xff, 0xf0,
    0x0, 0xbf, 0xfc, 0x0, 0x0, 0xff, 0xf0, 0x0,
    0xf, 0xff, 0xff, 0xe0, 0xb, 0xff, 0xd0, 0x2,
    0xff, 0xf0, 0x0, 0xb, 0xff, 0x80, 0x1, 0xff,
    0xff, 0xff, 0xf0, 0x2f, 0xff, 0x40, 0xf, 0xff,
    0xc0, 0x0, 0x3f, 0xfc, 0x0, 0xf, 0xff, 0xff,
    0xff, 0xf0, 0x7f, 0xfe, 0x0, 0x3f, 0xff, 0x0,
    0x2, 0xff, 0xe0, 0x0, 0xbf, 0xff, 0xff, 0xff,
    0xe0, 0xff, 0xfd, 0x2, 0xff, 0xf8, 0x0, 0x1f,
    0xff, 0x0, 0x3, 0xff, 0xff, 0xff, 0xff, 0xc3,
    0xff, 0xff, 0xff, 0xff, 0xd0, 0x0, 0xff, 0xf4,
    0x0, 0x1f, 0xff, 0xc0, 0x3f, 0xff, 0x47, 0xff,
    0xff, 0xff, 0xff, 0x0, 0x7, 0xff, 0xc0, 0x0,
    0xbf, 0xfd, 0x0, 0x7f, 0xfe, 0xf, 0xff, 0xff,
    0xff, 0xf4, 0x0, 0x3f, 0xfd, 0x0, 0x3, 0xff,
    0xf0, 0x0, 0xff, 0xfc, 0xf, 0xff, 0xff, 0xff,
    0x40, 0x1, 0xff, 0xf0, 0x0, 0xf, 0xff, 0xc0,
    0x3, 0xff, 0xf0, 0xb, 0xff, 0xff, 0xf4, 0x0,
    0xf, 0xff, 0x40, 0x0, 0x3f, 0xff, 0x0, 0xf,
    0xff, 0xc0, 0x1, 0xbf, 0xf9, 0x0, 0x0, 0xbf,
    0xf8, 0x0, 0x0, 0xff, 0xfc, 0x0, 0x3f, 0xff,
    0x0, 0x0, 0x0, 0x0, 0x0, 0x3, 0xff, 0xc0,
    0x0, 0x3, 0xff, 0xf0, 0x0, 0xff, 0xfc, 0x0,
    0x0, 0x0, 0x0, 0x0, 0x2f, 0xfe, 0x0, 0x0,
    0xf, 0xff, 0xc0, 0x3, 0xff, 0xf0, 0x0, 0x0,
    0x0, 0x0, 0x0, 0xff, 0xf0, 0x0, 0x0, 0x3f,
    0xff, 0x0, 0xf, 0xff, 0xc0, 0x0, 0x0, 0x0,
    0x0, 0xb, 0xff, 0x80, 0x0, 0x0, 0xff, 0xfc,
    0x0, 0x3f, 0xff, 0x0, 0x0, 0x0, 0x0, 0x0,
    0x7f, 0xfc, 0x0, 0x0, 0x3, 0xff, 0xf0, 0x0,
    0xff, 0xfc, 0x0, 0x0, 0x0, 0x0, 0x3, 0xff,
    0xd0, 0x0, 0x0, 0xf, 0xff, 0xc0, 0x3, 0xff,
    0xf0, 0x0, 0x0, 0x0, 0x0, 0x1f, 0xff, 0x0,
    0x0, 0x0, 0x3f, 0xff, 0x0, 0xf, 0xff, 0xc0,
    0x0, 0x0, 0x0, 0x0, 0xff, 0xf4, 0x0, 0x0,
    0x0, 0xff, 0xfc, 0x0, 0x3f, 0xff, 0x0, 0x0,
    0x0, 0x0, 0x7, 0xff, 0xc0, 0x0, 0x0, 0x3,
    0xff, 0xf0, 0x0, 0xff, 0xfc, 0x0, 0x0, 0x0,
    0x0, 0x3f, 0xfc, 0x0, 0x0, 0x0, 0xf, 0xff,
    0xc0, 0x3, 0xff, 0xf0, 0x0, 0x0, 0x0, 0x2,
    0xff, 0xe0, 0x0, 0x0, 0x0, 0x3f, 0xff, 0x0,
    0xf, 0xff, 0xc0, 0x0, 0x0, 0x0, 0xf, 0xff,
    0x0, 0x0, 0x0, 0x0, 0xff, 0xfc, 0x0, 0x3f,
    0xfe, 0x0, 0x0, 0x0, 0x0, 0xbf, 0xf8, 0x0,
    0x0, 0x0, 0x2, 0xff, 0xf4, 0x1, 0xff, 0xf8,
    0x0, 0x0, 0x0, 0x3, 0xff, 0xc0, 0x0, 0x0,
    0x0, 0xb, 0xff, 0xf0, 0xf, 0xff, 0xd0, 0x0,
    0x0, 0x0, 0x3f, 0xfd, 0x0, 0x0, 0x0, 0x0,
    0xf, 0xff, 0xff, 0xff, 0xff, 0x0, 0x0, 0x0,
    0x1, 0xff, 0xf0, 0x0, 0x0, 0x0, 0x0, 0x2f,
    0xff, 0xff, 0xff, 0xf8, 0x0, 0x0, 0x0, 0xf,
    0xff, 0x40, 0x0, 0x0, 0x0, 0x0, 0x3f, 0xff,
    0xff, 0xff, 0xc0, 0x0, 0x0, 0x0, 0x7f, 0xfc,
    0x0, 0x0, 0x0, 0x0, 0x0, 0x7f, 0xff, 0xff,
    0xfc, 0x0, 0x0, 0x0, 0x3, 0xff, 0xd0, 0x0,
    0x0, 0x0, 0x0, 0x0, 0x2f, 0xff, 0xff, 0xc0,
    0x0, 0x0, 0x0, 0x0, 0x0, 0x0, 0x0, 0x0,
    0x0, 0x0, 0x0, 0xb, 0xff, 0xe4, 0x0,

    /* U+0026 "&" */
    0x0, 0x0, 0x1, 0xbf, 0xf9, 0x0, 0x0, 0x0,
    0x0, 0x0, 0x0, 0x7, 0xff, 0xff, 0xf8, 0x0,
    0x0, 0x0, 0x0, 0x0, 0xb, 0xff, 0xff, 0xff,
    0xc0, 0x0, 0x0, 0x0, 0x0, 0xb, 0xff, 0xff,
    0xff, 0xfc, 0x0, 0x0, 0x0, 0x0, 0xb, 0xff,
    0xff, 0xff, 0xff, 0xc0, 0x0, 0x0, 0x0, 0x7,
    0xff, 0xff, 0xff, 0xff, 0xf8, 0x0, 0x0, 0x0,
    0x3, 0xff, 0xfe, 0x41, 0xff, 0xff, 0x0, 0x0,
    0x0, 0x0, 0xff, 0xfe, 0x0, 0xf, 0xff, 0xe0,
    0x0, 0x0, 0x0, 0xbf, 0xff, 0x0, 0x1, 0xff,
    0xfc, 0x0, 0x0, 0x0, 0x2f, 0xff, 0x80, 0x0,
    0x3f, 0xff, 0x0, 0x0, 0x0, 0xf, 0xff, 0xd0,
    0x0, 0xf, 0xff, 0xc0, 0x0, 0x0, 0x3, 0xff,
    0xf4, 0x0, 0x3, 0xff, 0xf0, 0x0, 0x0, 0x0,
    0xff, 0xfe, 0x0, 0x0, 0xff, 0xfc, 0x0, 0x0,
    0x0, 0x2f, 0xff, 0xc0, 0x0, 0x7f, 0xff, 0x0,
    0x0, 0x0, 0x7, 0xff, 0xf4, 0x0, 0x3f, 0xff,
    0xc0, 0x0, 0x0, 0x0, 0xff, 0xff, 0x0, 0x2f,
    0xff, 0xd0, 0x0, 0x0, 0x0, 0x2f, 0xff, 0xe0,
    0x1f, 0xff, 0xf0, 0x0, 0x0, 0x0, 0x3, 0xff,
    0xfc, 0x1f, 0xff, 0xf8, 0x0, 0x0, 0x0, 0x0,
    0xbf, 0xff, 0xef, 0xff, 0xfc, 0x0, 0x0, 0x0,
    0x0, 0xf, 0xff, 0xff, 0xff, 0xfc, 0x0, 0x0,
    0x0, 0x0, 0x1, 0xff, 0xff, 0xff, 0xfd, 0x0,
    0x0, 0x0, 0x0, 0x0, 0x3f, 0xff, 0xff, 0xfd,
    0x0, 0x0, 0x0, 0x0, 0x0, 0x3, 0xff, 0xff,
    0xfd, 0x0, 0x0, 0x0, 0x0, 0x0, 0x0, 0xbf,
    0xff, 0xfd, 0x0, 0x0, 0x0, 0x0, 0x0, 0x0,
    0x3f, 0xff, 0xfd, 0x0, 0x0, 0x0, 0x0, 0x0,
    0x0, 0x7f, 0xff, 0xff, 0x40, 0x0, 0x0, 0x0,
    0x0, 0x0, 0x7f, 0xff, 0xff, 0xf0, 0x0, 0x0,
    0x0, 0x0, 0x0, 0x7f, 0xff, 0xff, 0xff, 0x0,
    0x0, 0x0, 0x0, 0x0, 0x3f, 0xff, 0xff, 0xff,
    0xe0, 0x0, 0x1, 0x0, 0x0, 0x3f, 0xff, 0xfb,
    0xff, 0xfd, 0x0, 0x2, 0xd0, 0x0, 0x2f, 0xff,
    0xf4, 0xbf, 0xff, 0xc0, 0x1, 0xfd, 0x0, 0x1f,
    0xff, 0xf4, 0xf, 0xff, 0xf8, 0x0, 0xff, 0xe0,
    0xf, 0xff, 0xf8, 0x1, 0xff, 0xff, 0x40, 0xff,
    0xfe, 0x7, 0xff, 0xfc, 0x0, 0x2f, 0xff, 0xf0,
    0xbf, 0xff, 0x82, 0xff, 0xfc, 0x0, 0x3, 0xff,
    0xff, 0x7f, 0xff, 0xc0, 0xff, 0xfe, 0x0, 0x0,
    0x3f, 0xff, 0xff, 0xff, 0xc0, 0x3f, 0xff, 0x0,
    0x0, 0xb, 0xff, 0xff, 0xff, 0xd0, 0x1f, 0xff,
    0xc0, 0x0, 0x0, 0xff, 0xff, 0xff, 0xe0, 0x7,
    0xff, 0xf0, 0x0, 0x0, 0xf, 0xff, 0xff, 0xf0,
    0x1, 0xff, 0xfc, 0x0, 0x0, 0x1, 0xff, 0xff,
    0xf0, 0x0, 0x7f, 0xff, 0x0, 0x0, 0x0, 0x3f,
    0xff, 0xf4, 0x0, 0xf, 0xff, 0xd0, 0x0, 0x0,
    0xf, 0xff, 0xfe, 0x0, 0x3, 0xff, 0xfc, 0x0,
    0x0, 0xf, 0xff, 0xff, 0xd0, 0x0, 0xff, 0xff,
    0x80, 0x0, 0xf, 0xff, 0xff, 0xfc, 0x0, 0x1f,
    0xff, 0xf8, 0x0, 0x2f, 0xff, 0xff, 0xff, 0xc0,
    0x3, 0xff, 0xff, 0xfa, 0xff, 0xff, 0xff, 0xff,
    0xff, 0xd0, 0x7f, 0xff, 0xff, 0xff, 0xff, 0xfd,
    0xff, 0xff, 0xf4, 0xf, 0xff, 0xff, 0xff, 0xff,
    0xfc, 0x1f, 0xff, 0xfd, 0x0, 0xff, 0xff, 0xff,
    0xff, 0xfc, 0x2, 0xff, 0xff, 0x40, 0xb, 0xff,
    0xff, 0xff, 0xf8, 0x0, 0x3f, 0xff, 0xd0, 0x0,
    0x7f, 0xff, 0xff, 0xf4, 0x0, 0x3, 0xff, 0xf4,
    0x0, 0x1, 0xbf, 0xfe, 0x40, 0x0, 0x0, 0x1f,
    0xfd,

    /* U+0027 "'" */
    0xff, 0xfd, 0xff, 0xfd, 0xff, 0xfd, 0xff, 0xfd,
    0xff, 0xfd, 0xff, 0xfd, 0xff, 0xfd, 0xff, 0xfd,
    0xff, 0xfd, 0xff, 0xfd, 0xff, 0xfd, 0xff, 0xfd,
    0xff, 0xfd, 0xff, 0xfd, 0xff, 0xfd, 0xff, 0xfd,
    0xff, 0xfd, 0xff, 0xfd, 0xff, 0xfd, 0xff, 0xfd,
    0x0, 0x0,

    /* U+0028 "(" */
    0x0, 0x0, 0x2f, 0xfc, 0x0, 0x0, 0x3f, 0xf8,
    0x0, 0x0, 0xff, 0xf0, 0x0, 0x1, 0xff, 0xe0,
    0x0, 0x3, 0xff, 0xc0, 0x0, 0x7, 0xff, 0xc0,
    0x0, 0xf, 0xff, 0x40, 0x0, 0x1f, 0xff, 0x0,
    0x0, 0x3f, 0xfe, 0x0, 0x0, 0x7f, 0xfd, 0x0,
    0x0, 0xff, 0xfc, 0x0, 0x0, 0xff, 0xfc, 0x0,
    0x1, 0xff, 0xf4, 0x0, 0x3, 0xff, 0xf0, 0x0,
    0x3, 0xff, 0xf0, 0x0, 0x7, 0xff, 0xe0, 0x0,
    0xb, 0xff, 0xe0, 0x0, 0xf, 0xff, 0xd0, 0x0,
    0xf, 0xff, 0xc0, 0x0, 0x1f, 0xff, 0xc0, 0x0,
    0x2f, 0xff, 0xc0, 0x0, 0x2f, 0xff, 0x80, 0x0,
    0x3f, 0xff, 0x80, 0x0, 0x3f, 0xff, 0x40, 0x0,
    0x3f, 0xff, 0x40, 0x0, 0x3f, 0xff, 0x40, 0x0,
    0x7f, 0xff, 0x0, 0x0, 0x7f, 0xff, 0x0, 0x0,
    0x7f, 0xff, 0x0, 0x0, 0x7f, 0xff, 0x0, 0x0,
    0x7f, 0xff, 0x0, 0x0, 0x7f, 0xff, 0x0, 0x0,
    0x7f, 0xff, 0x0, 0x0, 0x7f, 0xff, 0x0, 0x0,
    0x3f, 0xff, 0x40, 0x0, 0x3f, 0xff, 0x40, 0x0,
    0x3f, 0xff, 0x40, 0x0, 0x3f, 0xff, 0x80, 0x0,
    0x2f, 0xff, 0x80, 0x0, 0x2f, 0xff, 0xc0, 0x0,
    0x1f, 0xff, 0xc0, 0x0, 0xf, 0xff, 0xc0, 0x0,
    0xf, 0xff, 0xd0, 0x0, 0xb, 0xff, 0xe0, 0x0,
    0x7, 0xff, 0xf0, 0x0, 0x3, 0xff, 0xf0, 0x0,
    0x3, 0xff, 0xf0, 0x0, 0x2, 0xff, 0xf8, 0x0,
    0x0, 0xff, 0xfc, 0x0, 0x0, 0xff, 0xfc, 0x0,
    0x0, 0x7f, 0xfd, 0x0, 0x0, 0x3f, 0xfe, 0x0,
    0x0, 0x2f, 0xff, 0x0, 0x0, 0xf, 0xff, 0x40,
    0x0, 0xb, 0xff, 0xc0, 0x0, 0x3, 0xff, 0xc0,
    0x0, 0x2, 0xff, 0xe0, 0x0, 0x0, 0xff, 0xf0,
    0x0, 0x0, 0x7f, 0xf8, 0x0, 0x0, 0x2f, 0xfc,

    /* U+0029 ")" */
    0x3f, 0xf4, 0x0, 0x0, 0x2f, 0xfc, 0x0, 0x0,
    0x1f, 0xfe, 0x0, 0x0, 0xf, 0xff, 0x0, 0x0,
    0x7, 0xff, 0xc0, 0x0, 0x3, 0xff, 0xd0, 0x0,
    0x2, 0xff, 0xf0, 0x0, 0x0, 0xff, 0xf4, 0x0,
    0x0, 0xff, 0xf8, 0x0, 0x0, 0xbf, 0xfc, 0x0,
    0x0, 0x3f, 0xfe, 0x0, 0x0, 0x3f, 0xff, 0x0,
    0x0, 0x2f, 0xff, 0x40, 0x0, 0x1f, 0xff, 0x80,
    0x0, 0xf, 0xff, 0xc0, 0x0, 0xf, 0xff, 0xc0,
    0x0, 0xf, 0xff, 0xd0, 0x0, 0xb, 0xff, 0xf0,
    0x0, 0x7, 0xff, 0xf0, 0x0, 0x3, 0xff, 0xf0,
    0x0, 0x3, 0xff, 0xf4, 0x0, 0x3, 0xff, 0xf8,
    0x0, 0x3, 0xff, 0xf8, 0x0, 0x2, 0xff, 0xfc,
    0x0, 0x2, 0xff, 0xfc, 0x0, 0x1, 0xff, 0xfc,
    0x0, 0x1, 0xff, 0xfc, 0x0, 0x1, 0xff, 0xfc,
    0x0, 0x1, 0xff, 0xfc, 0x0, 0x1, 0xff, 0xfc,
    0x0, 0x1, 0xff, 0xfc, 0x0, 0x1, 0xff, 0xfc,
    0x0, 0x1, 0xff, 0xfc, 0x0, 0x1, 0xff, 0xfc,
    0x0, 0x1, 0xff, 0xfc, 0x0, 0x2, 0xff, 0xfc,
    0x0, 0x2, 0xff, 0xfc, 0x0, 0x3, 0xff, 0xf8,
    0x0, 0x3, 0xff, 0xf8, 0x0, 0x3, 0xff, 0xf4,
    0x0, 0x3, 0xff, 0xf0, 0x0, 0x7, 0xff, 0xf0,
    0x0, 0xb, 0xff, 0xf0, 0x0, 0xf, 0xff, 0xd0,
    0x0, 0xf, 0xff, 0xc0, 0x0, 0xf, 0xff, 0xc0,
    0x0, 0x1f, 0xff, 0x80, 0x0, 0x2f, 0xff, 0x40,
    0x0, 0x3f, 0xff, 0x0, 0x0, 0x7f, 0xfe, 0x0,
    0x0, 0xbf, 0xfc, 0x0, 0x0, 0xff, 0xf8, 0x0,
    0x1, 0xff, 0xf4, 0x0, 0x2, 0xff, 0xf0, 0x0,
    0x3, 0xff, 0xd0, 0x0, 0x7, 0xff, 0xc0, 0x0,
    0xf, 0xff, 0x40, 0x0, 0x1f, 0xfe, 0x0, 0x0,
    0x2f, 0xfc, 0x0, 0x0, 0x3f, 0xf8, 0x0, 0x0,

    /* U+002A "*" */
    0x0, 0x0, 0xbf, 0xc0, 0x0, 0x0, 0x0, 0x2f,
    0xf0, 0x0, 0x0, 0x0, 0xb, 0xfc, 0x0, 0x0,
    0x0, 0x2, 0xff, 0x0, 0x0, 0xf, 0x40, 0xbf,
    0xc0, 0x3c, 0xb, 0xf8, 0x2f, 0xf0, 0xbf, 0x83,
    0xff, 0xeb, 0xfd, 0xff, 0xf4, 0xbf, 0xff, 0xff,
    0xff, 0xf8, 0x2, 0xff, 0xff, 0xff, 0xf0, 0x0,
    0x1f, 0xff, 0xff, 0xd0, 0x0, 0x0, 0xff, 0xff,
    0xc0, 0x0, 0x1, 0xff, 0xff, 0xfd, 0x0, 0x2,
    0xff, 0xff, 0xff, 0xf0, 0xb, 0xff, 0xff, 0xff,
    0xff, 0x83, 0xff, 0xeb, 0xfe, 0xff, 0xf4, 0xbf,
    0xc2, 0xff, 0xb, 0xf8, 0xf, 0x40, 0xbf, 0xc0,
    0x7c, 0x0, 0x0, 0x2f, 0xf0, 0x0, 0x0, 0x0,
    0xb, 0xfc, 0x0, 0x0, 0x0, 0x2, 0xff, 0x0,
    0x0, 0x0, 0x0, 0xbf, 0xc0, 0x0, 0x0, 0x0,
    0x5, 0x40, 0x0, 0x0,

    /* U+002B "+" */
    0x0, 0x0, 0x0, 0xbf, 0xfd, 0x0, 0x0, 0x0,
    0x0, 0x0, 0x0, 0xbf, 0xfd, 0x0, 0x0, 0x0,
    0x0, 0x0, 0x0, 0xbf, 0xfd, 0x0, 0x0, 0x0,
    0x0, 0x0, 0x0, 0xbf, 0xfd, 0x0, 0x0, 0x0,
    0x0, 0x0, 0x0, 0xbf, 0xfd, 0x0, 0x0, 0x0,
    0x0, 0x0, 0x0, 0xbf, 0xfd, 0x0, 0x0, 0x0,
    0x0, 0x0, 0x0, 0xbf, 0xfd, 0x0, 0x0, 0x0,
    0x0, 0x0, 0x0, 0xbf, 0xfd, 0x0, 0x0, 0x0,
    0x0, 0x0, 0x0, 0xbf, 0xfd, 0x0, 0x0, 0x0,
    0x0, 0x0, 0x0, 0xbf, 0xfd, 0x0, 0x0, 0x0,
    0x0, 0x0, 0x0, 0xbf, 0xfd, 0x0, 0x0, 0x0,
    0x0, 0x0, 0x0, 0xbf, 0xfd, 0x0, 0x0, 0x0,
    0x7f, 0xff, 0xff, 0xff, 0xff, 0xff, 0xff, 0xfc,
    0x7f, 0xff, 0xff, 0xff, 0xff, 0xff, 0xff, 0xfc,
    0x7f, 0xff, 0xff, 0xff, 0xff, 0xff, 0xff, 0xfc,
    0x7f, 0xff, 0xff, 0xff, 0xff, 0xff, 0xff, 0xfc,
    0x7f, 0xff, 0xff, 0xff, 0xff, 0xff, 0xff, 0xfc,
    0x7f, 0xff, 0xff, 0xff, 0xff, 0xff, 0xff, 0xfc,
    0x7f, 0xff, 0xff, 0xff, 0xff, 0xff, 0xff, 0xfc,
    0x0, 0x0, 0x0, 0xbf, 0xfe, 0x0, 0x0, 0x0,
    0x0, 0x0, 0x0, 0xbf, 0xfd, 0x0, 0x0, 0x0,
    0x0, 0x0, 0x0, 0xbf, 0xfd, 0x0, 0x0, 0x0,
    0x0, 0x0, 0x0, 0xbf, 0xfd, 0x0, 0x0, 0x0,
    0x0, 0x0, 0x0, 0xbf, 0xfd, 0x0, 0x0, 0x0,
    0x0, 0x0, 0x0, 0xbf, 0xfd, 0x0, 0x0, 0x0,
    0x0, 0x0, 0x0, 0xbf, 0xfd, 0x0, 0x0, 0x0,
    0x0, 0x0, 0x0, 0xbf, 0xfd, 0x0, 0x0, 0x0,
    0x0, 0x0, 0x0, 0xbf, 0xfd, 0x0, 0x0, 0x0,
    0x0, 0x0, 0x0, 0xbf, 0xfd, 0x0, 0x0, 0x0,
    0x0, 0x0, 0x0, 0xbf, 0xfd, 0x0, 0x0, 0x0,
    0x0, 0x0, 0x0, 0xbf, 0xfd, 0x0, 0x0, 0x0,

    /* U+002C "," */
    0xff, 0xfd, 0xff, 0xfd, 0xff, 0xfd, 0xff, 0xfd,
    0xff, 0xfd, 0xff, 0xfd, 0xff, 0xfd, 0xff, 0xfd,
    0xff, 0xfd, 0xff, 0xfd, 0xff, 0xfd, 0xff, 0xfd,
    0xff, 0xfd, 0xff, 0xfd, 0xff, 0xf8, 0xff, 0xd0,
    0xff, 0x40, 0xfc, 0x0, 0xf0, 0x0, 0x80, 0x0,
    0x0, 0x0,

    /* U+002D "-" */
    0x0, 0x0, 0x0, 0x0, 0x0, 0x3f, 0xff, 0xff,
    0xff, 0xff, 0xcf, 0xff, 0xff, 0xff, 0xff, 0xf3,
    0xff, 0xff, 0xff, 0xff, 0xfc, 0xff, 0xff, 0xff,
    0xff, 0xff, 0x3f, 0xff, 0xff, 0xff, 0xff, 0xcf,
    0xff, 0xff, 0xff, 0xff, 0xf3, 0xff, 0xff, 0xff,
    0xff, 0xfc,

    /* U+002E "." */
    0x0, 0x0, 0x3f, 0xff, 0xff, 0xff, 0xff, 0xff,
    0xff, 0xff, 0xff, 0xff, 0xff, 0xff, 0xff, 0xff,
    0xff, 0xff, 0xff, 0xff, 0xff, 0xff, 0xf0,

    /* U+002F "/" */
    0x0, 0x0, 0x0, 0x1, 0xff, 0xf0, 0x0, 0x0,
    0x0, 0xb, 0xff, 0xc0, 0x0, 0x0, 0x0, 0x3f,
    0xfe, 0x0, 0x0, 0x0, 0x0, 0xff, 0xf4, 0x0,
    0x0, 0x0, 0xb, 0xff, 0xc0, 0x0, 0x0, 0x0,
    0x3f, 0xfe, 0x0, 0x0, 0x0, 0x0, 0xff, 0xf4,
    0x0, 0x0, 0x0, 0x7, 0xff, 0xc0, 0x0, 0x0,
    0x0, 0x2f, 0xff, 0x0, 0x0, 0x0, 0x0, 0xff,
    0xf4, 0x0, 0x0, 0x0, 0x7, 0xff, 0xc0, 0x0,
    0x0, 0x0, 0x2f, 0xff, 0x0, 0x0, 0x0, 0x0,
    0xff, 0xf8, 0x0, 0x0, 0x0, 0x3, 0xff, 0xd0,
    0x0, 0x0, 0x0, 0x1f, 0xff, 0x0, 0x0, 0x0,
    0x0, 0xff, 0xf8, 0x0, 0x0, 0x0, 0x3, 0xff,
    0xd0, 0x0, 0x0, 0x0, 0x1f, 0xff, 0x0, 0x0,
    0x0, 0x0, 0xbf, 0xfc, 0x0, 0x0, 0x0, 0x3,
    0xff, 0xd0, 0x0, 0x0, 0x0, 0x1f, 0xff, 0x0,
    0x0, 0x0, 0x0, 0xbf, 0xfc, 0x0, 0x0, 0x0,
    0x3, 0xff, 0xe0, 0x0, 0x0, 0x0, 0xf, 0xff,
    0x0, 0x0, 0x0, 0x0, 0x7f, 0xfc, 0x0, 0x0,
    0x0, 0x3, 0xff, 0xe0, 0x0, 0x0, 0x0, 0xf,
    0xff, 0x40, 0x0, 0x0, 0x0, 0x7f, 0xfc, 0x0,
    0x0, 0x0, 0x2, 0xff, 0xe0, 0x0, 0x0, 0x0,
    0xf, 0xff, 0x40, 0x0, 0x0, 0x0, 0x7f, 0xfc,
    0x0, 0x0, 0x0, 0x2, 0xff, 0xf0, 0x0, 0x0,
    0x0, 0xf, 0xff, 0x80, 0x0, 0x0, 0x0, 0x3f,
    0xfc, 0x0, 0x0, 0x0, 0x1, 0xff, 0xf0, 0x0,
    0x0, 0x0, 0xf, 0xff, 0x80, 0x0, 0x0, 0x0,
    0x3f, 0xfd, 0x0, 0x0, 0x0, 0x1, 0xff, 0xf0,
    0x0, 0x0, 0x0, 0xb, 0xff, 0x80, 0x0, 0x0,
    0x0, 0x3f, 0xfd, 0x0, 0x0, 0x0, 0x1, 0xff,
    0xf0, 0x0, 0x0, 0x0, 0xb, 0xff, 0xc0, 0x0,
    0x0, 0x0, 0x3f, 0xfe, 0x0, 0x0, 0x0, 0x0,
    0xff, 0xf0, 0x0, 0x0, 0x0, 0x7, 0xff, 0xc0,
    0x0, 0x0, 0x0, 0x3f, 0xfe, 0x0, 0x0, 0x0,
    0x0, 0xff, 0xf4, 0x0, 0x0, 0x0, 0x7, 0xff,
    0xc0, 0x0, 0x0, 0x0, 0x2f, 0xfe, 0x0, 0x0,
    0x0, 0x0, 0xff, 0xf4, 0x0, 0x0, 0x0, 0x7,
    0xff, 0xc0, 0x0, 0x0, 0x0, 0x0,

    /* U+0030 "0" */
    0x0, 0x0, 0x1b, 0xff, 0xe9, 0x0, 0x0, 0x0,
    0x0, 0xbf, 0xff, 0xff, 0xf8, 0x0, 0x0, 0x2,
    0xff, 0xff, 0xff, 0xff, 0xd0, 0x0, 0x2, 0xff,
    0xff, 0xff, 0xff, 0xfd, 0x0, 0x2, 0xff, 0xff,
    0xff, 0xff, 0xff, 0xc0, 0x1, 0xff, 0xff, 0xff,
    0xff, 0xff, 0xfc, 0x0, 0xff, 0xff, 0xff, 0xff,
    0xff, 0xff, 0x40, 0x7f, 0xff, 0xfd, 0x56, 0xff,
    0xff, 0xf0, 0x2f, 0xff, 0xf4, 0x0, 0xf, 0xff,
    0xfd, 0xf, 0xff, 0xf4, 0x0, 0x0, 0xff, 0xff,
    0x87, 0xff, 0xfc, 0x0, 0x0, 0x2f, 0xff, 0xf2,
    0xff, 0xfe, 0x0, 0x0, 0x3, 0xff, 0xfc, 0xbf,
    0xff, 0x40, 0x0, 0x0, 0xff, 0xff, 0x3f, 0xff,
    0xd0, 0x0, 0x0, 0x3f, 0xff, 0xdf, 0xff, 0xf0,
    0x0, 0x0, 0xf, 0xff, 0xf7, 0xff, 0xfc, 0x0,
    0x0, 0x2, 0xff, 0xfd, 0xff, 0xff, 0x0, 0x0,
    0x0, 0xbf, 0xff, 0x7f, 0xff, 0xc0, 0x0, 0x0,
    0x2f, 0xff, 0xdf, 0xff, 0xf0, 0x0, 0x0, 0xb,
    0xff, 0xf7, 0xff, 0xfc, 0x0, 0x0, 0x2, 0xff,
    0xfd, 0xff, 0xff, 0x0, 0x0, 0x0, 0xbf, 0xff,
    0x7f, 0xff, 0xc0, 0x0, 0x0, 0x2f, 0xff, 0xdf,
    0xff, 0xf0, 0x0, 0x0, 0xb, 0xff, 0xf7, 0xff,
    0xfc, 0x0, 0x0, 0x2, 0xff, 0xfd, 0xff, 0xff,
    0x0, 0x0, 0x0, 0xbf, 0xff, 0x7f, 0xff, 0xc0,
    0x0, 0x0, 0x2f, 0xff, 0xdf, 0xff, 0xf0, 0x0,
    0x0, 0xb, 0xff, 0xf7, 0xff, 0xfc, 0x0, 0x0,
    0x2, 0xff, 0xfd, 0xff, 0xff, 0x0, 0x0, 0x0,
    0xbf, 0xff, 0x7f, 0xff, 0xc0, 0x0, 0x0, 0x2f,
    0xff, 0xdf, 0xff, 0xf0, 0x0, 0x0, 0xb, 0xff,
    0xf7, 0xff, 0xfc, 0x0, 0x0, 0x2, 0xff, 0xfd,
    0xff, 0xff, 0x0, 0x0, 0x0, 0xbf, 0xff, 0x7f,
    0xff, 0xc0, 0x0, 0x0, 0x2f, 0xff, 0xdf, 0xff,
    0xf0, 0x0, 0x0, 0xb, 0xff, 0xf7, 0xff, 0xfc,
    0x0, 0x0, 0x2, 0xff, 0xfd, 0xff, 0xff, 0x0,
    0x0, 0x0, 0xbf, 0xff, 0x7f, 0xff, 0xc0, 0x0,
    0x0, 0x2f, 0xff, 0xdf, 0xff, 0xf4, 0x0, 0x0,
    0xf, 0xff, 0xf2, 0xff, 0xfd, 0x0, 0x0, 0x3,
    0xff, 0xfc, 0xbf, 0xff, 0x80, 0x0, 0x0, 0xff,
    0xff, 0x1f, 0xff, 0xf0, 0x0, 0x0, 0xbf, 0xff,
    0xc3, 0xff, 0xfd, 0x0, 0x0, 0x3f, 0xff, 0xe0,
    0xff, 0xff, 0xd0, 0x0, 0x2f, 0xff, 0xf0, 0x1f,
    0xff, 0xfe, 0x40, 0x7f, 0xff, 0xfc, 0x3, 0xff,
    0xff, 0xff, 0xff, 0xff, 0xfd, 0x0, 0x7f, 0xff,
    0xff, 0xff, 0xff, 0xff, 0x0, 0xb, 0xff, 0xff,
    0xff, 0xff, 0xff, 0x0, 0x0, 0xff, 0xff, 0xff,
    0xff, 0xff, 0x40, 0x0, 0xb, 0xff, 0xff, 0xff,
    0xff, 0x0, 0x0, 0x0, 0x7f, 0xff, 0xff, 0xfd,
    0x0, 0x0, 0x0, 0x0, 0x6f, 0xff, 0xa4, 0x0,
    0x0,

    /* U+0031 "1" */
    0x0, 0x0, 0x7f, 0xff, 0xd0, 0x0, 0x2f, 0xff,
    0xfd, 0x0, 0xf, 0xff, 0xff, 0xd0, 0x7, 0xff,
    0xff, 0xfd, 0x2, 0xff, 0xff, 0xff, 0xd0, 0xbf,
    0xff, 0xff, 0xfd, 0x3f, 0xff, 0xff, 0xff, 0xd3,
    0xff, 0xff, 0xff, 0xfd, 0x3f, 0xff, 0xff, 0xff,
    0xd3, 0xff, 0xfa, 0xff, 0xfd, 0x3f, 0xfd, 0x2f,
    0xff, 0xd3, 0xff, 0x2, 0xff, 0xfd, 0x3f, 0x80,
    0x2f, 0xff, 0xd3, 0xd0, 0x2, 0xff, 0xfd, 0x30,
    0x0, 0x2f, 0xff, 0xd0, 0x0, 0x2, 0xff, 0xfd,
    0x0, 0x0, 0x2f, 0xff, 0xd0, 0x0, 0x2, 0xff,
    0xfd, 0x0, 0x0, 0x2f, 0xff, 0xd0, 0x0, 0x2,
    0xff, 0xfd, 0x0, 0x0, 0x2f, 0xff, 0xd0, 0x0,
    0x2, 0xff, 0xfd, 0x0, 0x0, 0x2f, 0xff, 0xd0,
    0x0, 0x2, 0xff, 0xfd, 0x0, 0x0, 0x2f, 0xff,
    0xd0, 0x0, 0x2, 0xff, 0xfd, 0x0, 0x0, 0x2f,
    0xff, 0xd0, 0x0, 0x2, 0xff, 0xfd, 0x0, 0x0,
    0x2f, 0xff, 0xd0, 0x0, 0x2, 0xff, 0xfd, 0x0,
    0x0, 0x2f, 0xff, 0xd0, 0x0, 0x2, 0xff, 0xfd,
    0x0, 0x0, 0x2f, 0xff, 0xd0, 0x0, 0x2, 0xff,
    0xfd, 0x0, 0x0, 0x2f, 0xff, 0xd0, 0x0, 0x2,
    0xff, 0xfd, 0x0, 0x0, 0x2f, 0xff, 0xd0, 0x0,
    0x2, 0xff, 0xfd, 0x0, 0x0, 0x2f, 0xff, 0xd0,
    0x0, 0x2, 0xff, 0xfd, 0x0, 0x0, 0x2f, 0xff,
    0xd0, 0x0, 0x2, 0xff, 0xfd, 0x0, 0x0, 0x2f,
    0xff, 0xd0, 0x0, 0x2, 0xff, 0xfd, 0x0, 0x0,
    0x2f, 0xff, 0xd0, 0x0, 0x2, 0xff, 0xfd, 0x0,
    0x0, 0x2f, 0xff, 0xd0, 0x0, 0x2, 0xff, 0xfd,
    0x0, 0x0, 0x2f, 0xff, 0xd0, 0x0, 0x2, 0xff,
    0xfd,

    /* U+0032 "2" */
    0x0, 0x0, 0x1a, 0xff, 0xe8, 0x0, 0x0, 0x0,
    0x0, 0x7f, 0xff, 0xff, 0xf4, 0x0, 0x0, 0x0,
    0xff, 0xff, 0xff, 0xff, 0x80, 0x0, 0x1, 0xff,
    0xff, 0xff, 0xff, 0xfc, 0x0, 0x1, 0xff, 0xff,
    0xff, 0xff, 0xff, 0xc0, 0x0, 0xff, 0xff, 0xff,
    0xff, 0xff, 0xfc, 0x0, 0xbf, 0xff, 0xff, 0xff,
    0xff, 0xff, 0x80, 0x3f, 0xff, 0xf9, 0x1, 0xff,
    0xff, 0xf0, 0x2f, 0xff, 0xf4, 0x0, 0xb, 0xff,
    0xfe, 0xf, 0xff, 0xf4, 0x0, 0x0, 0xff, 0xff,
    0xc3, 0xff, 0xfc, 0x0, 0x0, 0x1f, 0xff, 0xf1,
    0xff, 0xfe, 0x0, 0x0, 0x3, 0xff, 0xfc, 0x7f,
    0xff, 0x40, 0x0, 0x0, 0xff, 0xff, 0x5f, 0xff,
    0xd0, 0x0, 0x0, 0x3f, 0xff, 0xd7, 0xff, 0xf4,
    0x0, 0x0, 0xf, 0xff, 0xf4, 0x0, 0x0, 0x0,
    0x0, 0x3, 0xff, 0xfd, 0x0, 0x0, 0x0, 0x0,
    0x0, 0xff, 0xff, 0x0, 0x0, 0x0, 0x0, 0x0,
    0x7f, 0xff, 0xc0, 0x0, 0x0, 0x0, 0x0, 0x2f,
    0xff, 0xf0, 0x0, 0x0, 0x0, 0x0, 0xf, 0xff,
    0xf8, 0x0, 0x0, 0x0, 0x0, 0xb, 0xff, 0xfc,
    0x0, 0x0, 0x0, 0x0, 0x7, 0xff, 0xfe, 0x0,
    0x0, 0x0, 0x0, 0x3, 0xff, 0xff, 0x0, 0x0,
    0x0, 0x0, 0x2, 0xff, 0xff, 0x80, 0x0, 0x0,
    0x0, 0x1, 0xff, 0xff, 0xc0, 0x0, 0x0, 0x0,
    0x0, 0xff, 0xff, 0xd0, 0x0, 0x0, 0x0, 0x0,
    0xff, 0xff, 0xe0, 0x0, 0x0, 0x0, 0x0, 0xbf,
    0xff, 0xf0, 0x0, 0x0, 0x0, 0x0, 0x7f, 0xff,
    0xf0, 0x0, 0x0, 0x0, 0x0, 0x3f, 0xff, 0xf4,
    0x0, 0x0, 0x0, 0x0, 0x3f, 0xff, 0xf8, 0x0,
    0x0, 0x0, 0x0, 0x2f, 0xff, 0xfc, 0x0, 0x0,
    0x0, 0x0, 0x1f, 0xff, 0xfc, 0x0, 0x0, 0x0,
    0x0, 0xf, 0xff, 0xfd, 0x0, 0x0, 0x0, 0x0,
    0xf, 0xff, 0xfe, 0x0, 0x0, 0x0, 0x0, 0xb,
    0xff, 0xff, 0x0, 0x0, 0x0, 0x0, 0x7, 0xff,
    0xff, 0x0, 0x0, 0x0, 0x0, 0x3, 0xff, 0xff,
    0x40, 0x0, 0x0, 0x0, 0x3, 0xff, 0xff, 0x80,
    0x0, 0x0, 0x0, 0x2, 0xff, 0xff, 0xc0, 0x0,
    0x0, 0x0, 0x1, 0xff, 0xff, 0xc0, 0x0, 0x0,
    0x0, 0x0, 0xff, 0xff, 0xd0, 0x0, 0x0, 0x0,
    0x0, 0xff, 0xff, 0xe0, 0x0, 0x0, 0x0, 0x0,
    0xbf, 0xff, 0xf4, 0x0, 0x0, 0x0, 0x0, 0x3f,
    0xff, 0xff, 0xff, 0xff, 0xff, 0xff, 0x5f, 0xff,
    0xff, 0xff, 0xff, 0xff, 0xff, 0xd7, 0xff, 0xff,
    0xff, 0xff, 0xff, 0xff, 0xf5, 0xff, 0xff, 0xff,
    0xff, 0xff, 0xff, 0xfd, 0x7f, 0xff, 0xff, 0xff,
    0xff, 0xff, 0xff, 0x5f, 0xff, 0xff, 0xff, 0xff,
    0xff, 0xff, 0xd7, 0xff, 0xff, 0xff, 0xff, 0xff,
    0xff, 0xf4,

    /* U+0033 "3" */
    0x0, 0x0, 0x6, 0xff, 0xf9, 0x0, 0x0, 0x0,
    0x0, 0x1f, 0xff, 0xff, 0xfe, 0x0, 0x0, 0x0,
    0xf, 0xff, 0xff, 0xff, 0xfd, 0x0, 0x0, 0x3,
    0xff, 0xff, 0xff, 0xff, 0xf8, 0x0, 0x0, 0xff,
    0xff, 0xff, 0xff, 0xff, 0xd0, 0x0, 0x3f, 0xff,
    0xff, 0xff, 0xff, 0xff, 0x0, 0x7, 0xff, 0xff,
    0xff, 0xff, 0xff, 0xf8, 0x0, 0xff, 0xff, 0xe4,
    0x7, 0xff, 0xff, 0xc0, 0xf, 0xff, 0xf4, 0x0,
    0xb, 0xff, 0xfe, 0x1, 0xff, 0xfd, 0x0, 0x0,
    0x2f, 0xff, 0xf0, 0x2f, 0xff, 0xc0, 0x0, 0x0,
    0xff, 0xff, 0x3, 0xff, 0xf8, 0x0, 0x0, 0xf,
    0xff, 0xf0, 0x3f, 0xff, 0x80, 0x0, 0x0, 0xbf,
    0xff, 0x3, 0xff, 0xf4, 0x0, 0x0, 0xb, 0xff,
    0xf4, 0x15, 0x55, 0x0, 0x0, 0x0, 0xbf, 0xff,
    0x40, 0x0, 0x0, 0x0, 0x0, 0xb, 0xff, 0xf0,
    0x0, 0x0, 0x0, 0x0, 0x0, 0xbf, 0xff, 0x0,
    0x0, 0x0, 0x0, 0x0, 0xf, 0xff, 0xf0, 0x0,
    0x0, 0x0, 0x0, 0x0, 0xff, 0xfe, 0x0, 0x0,
    0x0, 0x0, 0x0, 0x2f, 0xff, 0xd0, 0x0, 0x0,
    0x0, 0x0, 0xb, 0xff, 0xfc, 0x0, 0x0, 0x0,
    0x0, 0x7, 0xff, 0xff, 0x0, 0x0, 0x0, 0x1,
    0xff, 0xff, 0xff, 0xd0, 0x0, 0x0, 0x0, 0x1f,
    0xff, 0xff, 0xf4, 0x0, 0x0, 0x0, 0x1, 0xff,
    0xff, 0xfc, 0x0, 0x0, 0x0, 0x0, 0x1f, 0xff,
    0xff, 0xe0, 0x0, 0x0, 0x0, 0x1, 0xff, 0xff,
    0xff, 0xc0, 0x0, 0x0, 0x0, 0x1f, 0xff, 0xff,
    0xff, 0x0, 0x0, 0x0, 0x1, 0xff, 0xff, 0xff,
    0xfc, 0x0, 0x0, 0x0, 0x0, 0x6, 0xff, 0xff,
    0xe0, 0x0, 0x0, 0x0, 0x0, 0x3, 0xff, 0xff,
    0x0, 0x0, 0x0, 0x0, 0x0, 0xf, 0xff, 0xf4,
    0x0, 0x0, 0x0, 0x0, 0x0, 0xbf, 0xff, 0x80,
    0x0, 0x0, 0x0, 0x0, 0x3, 0xff, 0xfc, 0x0,
    0x0, 0x0, 0x0, 0x0, 0x3f, 0xff, 0xc0, 0x0,
    0x0, 0x0, 0x0, 0x3, 0xff, 0xfc, 0x0, 0x0,
    0x0, 0x0, 0x0, 0x2f, 0xff, 0xc0, 0x0, 0x0,
    0x0, 0x0, 0x2, 0xff, 0xfc, 0x7f, 0xff, 0x0,
    0x0, 0x0, 0x3f, 0xff, 0xc7, 0xff, 0xf4, 0x0,
    0x0, 0x3, 0xff, 0xfc, 0x7f, 0xff, 0x40, 0x0,
    0x0, 0x3f, 0xff, 0xc3, 0xff, 0xf8, 0x0, 0x0,
    0x7, 0xff, 0xf8, 0x3f, 0xff, 0xc0, 0x0, 0x0,
    0xff, 0xff, 0x43, 0xff, 0xff, 0x0, 0x0, 0x3f,
    0xff, 0xf0, 0x2f, 0xff, 0xfe, 0x0, 0x1f, 0xff,
    0xfe, 0x0, 0xff, 0xff, 0xff, 0xff, 0xff, 0xff,
    0xc0, 0x7, 0xff, 0xff, 0xff, 0xff, 0xff, 0xf4,
    0x0, 0x2f, 0xff, 0xff, 0xff, 0xff, 0xfe, 0x0,
    0x0, 0xbf, 0xff, 0xff, 0xff, 0xff, 0x80, 0x0,
    0x1, 0xff, 0xff, 0xff, 0xff, 0xd0, 0x0, 0x0,
    0x2, 0xff, 0xff, 0xff, 0xe0, 0x0, 0x0, 0x0,
    0x1, 0xaf, 0xff, 0x90, 0x0, 0x0,

    /* U+0034 "4" */
    0x0, 0x0, 0x0, 0x3, 0xff, 0xfc, 0x0, 0x0,
    0x0, 0x0, 0x0, 0x1, 0xff, 0xfe, 0x0, 0x0,
    0x0, 0x0, 0x0, 0x0, 0xff, 0xff, 0x0, 0x0,
    0x0, 0x0, 0x0, 0x0, 0x7f, 0xff, 0xc0, 0x0,
    0x0, 0x0, 0x0, 0x0, 0x2f, 0xff, 0xd0, 0x0,
    0x0, 0x0, 0x0, 0x0, 0xf, 0xff, 0xf0, 0x0,
    0x0, 0x0, 0x0, 0x0, 0xb, 0xff, 0xf4, 0x0,
    0x0, 0x0, 0x0, 0x0, 0x3, 0xff, 0xfc, 0x0,
    0x0, 0x0, 0x0, 0x0, 0x1, 0xff, 0xfe, 0x0,
    0x0, 0x0, 0x0, 0x0, 0x0, 0xff, 0xff, 0x0,
    0x0, 0x0, 0x0, 0x0, 0x0, 0x3f, 0xff, 0xc0,
    0x0, 0x0, 0x0, 0x0, 0x0, 0x2f, 0xff, 0xd0,
    0x0, 0x0, 0x0, 0x0, 0x0, 0xf, 0xff, 0xf0,
    0x0, 0x0, 0x0, 0x0, 0x0, 0x7, 0xff, 0xf8,
    0x0, 0x0, 0x0, 0x0, 0x0, 0x3, 0xff, 0xfc,
    0x0, 0x0, 0x0, 0x0, 0x0, 0x1, 0xff, 0xfe,
    0x0, 0x0, 0x0, 0x0, 0x0, 0x0, 0xff, 0xff,
    0x0, 0x0, 0x0, 0x0, 0x0, 0x0, 0x3f, 0xff,
    0xc0, 0x0, 0x0, 0x0, 0x0, 0x0, 0x2f, 0xff,
    0xd0, 0x0, 0x0, 0x0, 0x0, 0x0, 0xf, 0xff,
    0xf0, 0x0, 0x0, 0x0, 0x0, 0x0, 0x7, 0xff,
    0xf8, 0x0, 0x0, 0x0, 0x0, 0x0, 0x3, 0xff,
    0xfc, 0x0, 0x0, 0x0, 0x0, 0x0, 0x1, 0xff,
    0xfe, 0x0, 0x1f, 0xff, 0xe0, 0x0, 0x0, 0xbf,
    0xff, 0x40, 0x7, 0xff, 0xf8, 0x0, 0x0, 0x3f,
    0xff, 0xc0, 0x1, 0xff, 0xfe, 0x0, 0x0, 0x2f,
    0xff, 0xd0, 0x0, 0x7f, 0xff, 0x80, 0x0, 0xf,
    0xff, 0xf0, 0x0, 0x1f, 0xff, 0xe0, 0x0, 0x7,
    0xff, 0xf8, 0x0, 0x7, 0xff, 0xf8, 0x0, 0x3,
    0xff, 0xfc, 0x0, 0x1, 0xff, 0xfe, 0x0, 0x1,
    0xff, 0xfe, 0x0, 0x0, 0x7f, 0xff, 0x80, 0x0,
    0xbf, 0xff, 0x40, 0x0, 0x1f, 0xff, 0xe0, 0x0,
    0x3f, 0xff, 0xc0, 0x0, 0x7, 0xff, 0xf8, 0x0,
    0x2f, 0xff, 0xd0, 0x0, 0x1, 0xff, 0xfe, 0x0,
    0xf, 0xff, 0xf0, 0x0, 0x0, 0x7f, 0xff, 0x80,
    0x3, 0xff, 0xff, 0xff, 0xff, 0xff, 0xff, 0xff,
    0xf4, 0xff, 0xff, 0xff, 0xff, 0xff, 0xff, 0xff,
    0xfd, 0x3f, 0xff, 0xff, 0xff, 0xff, 0xff, 0xff,
    0xff, 0x4f, 0xff, 0xff, 0xff, 0xff, 0xff, 0xff,
    0xff, 0xd3, 0xff, 0xff, 0xff, 0xff, 0xff, 0xff,
    0xff, 0xf4, 0xff, 0xff, 0xff, 0xff, 0xff, 0xff,
    0xff, 0xfd, 0x3f, 0xff, 0xff, 0xff, 0xff, 0xff,
    0xff, 0xff, 0x40, 0x0, 0x0, 0x0, 0x0, 0x7f,
    0xff, 0x80, 0x0, 0x0, 0x0, 0x0, 0x0, 0x1f,
    0xff, 0xe0, 0x0, 0x0, 0x0, 0x0, 0x0, 0x7,
    0xff, 0xf8, 0x0, 0x0, 0x0, 0x0, 0x0, 0x1,
    0xff, 0xfe, 0x0, 0x0, 0x0, 0x0, 0x0, 0x0,
    0x7f, 0xff, 0x80, 0x0, 0x0, 0x0, 0x0, 0x0,
    0x1f, 0xff, 0xe0, 0x0, 0x0, 0x0, 0x0, 0x0,
    0x7, 0xff, 0xf8, 0x0, 0x0, 0x0, 0x0, 0x0,
    0x1, 0xff, 0xfe, 0x0, 0x0, 0x0, 0x0, 0x0,
    0x0, 0x7f, 0xff, 0x80, 0x0,

    /* U+0035 "5" */
    0x7f, 0xff, 0xff, 0xff, 0xff, 0xff, 0xf8, 0x7f,
    0xff, 0xff, 0xff, 0xff, 0xff, 0xf8, 0x7f, 0xff,
    0xff, 0xff, 0xff, 0xff, 0xf8, 0x7f, 0xff, 0xff,
    0xff, 0xff, 0xff, 0xf8, 0x7f, 0xff, 0xff, 0xff,
    0xff, 0xff, 0xf8, 0x7f, 0xff, 0xff, 0xff, 0xff,
    0xff, 0xf8, 0x7f, 0xff, 0xff, 0xff, 0xff, 0xff,
    0xf8, 0x7f, 0xff, 0x0, 0x0, 0x0, 0x0, 0x0,
    0x7f, 0xff, 0x0, 0x0, 0x0, 0x0, 0x0, 0x7f,
    0xff, 0x0, 0x0, 0x0, 0x0, 0x0, 0x7f, 0xff,
    0x0, 0x0, 0x0, 0x0, 0x0, 0x7f, 0xff, 0x0,
    0x0, 0x0, 0x0, 0x0, 0x7f, 0xff, 0x0, 0x0,
    0x0, 0x0, 0x0, 0x7f, 0xff, 0x0, 0x0, 0x0,
    0x0, 0x0, 0x7f, 0xff, 0x0, 0x0, 0x0, 0x0,
    0x0, 0x7f, 0xff, 0x0, 0x0, 0x0, 0x0, 0x0,
    0x7f, 0xff, 0x1, 0xbf, 0xf9, 0x0, 0x0, 0x7f,
    0xff, 0x2f, 0xff, 0xff, 0xd0, 0x0, 0x7f, 0xff,
    0xff, 0xff, 0xff, 0xfc, 0x0, 0x7f, 0xff, 0xff,
    0xff, 0xff, 0xff, 0x0, 0x7f, 0xff, 0xff, 0xff,
    0xff, 0xff, 0xc0, 0x7f, 0xff, 0xff, 0xff, 0xff,
    0xff, 0xe0, 0x7f, 0xff, 0xff, 0xff, 0xff, 0xff,
    0xf0, 0x7f, 0xff, 0xfd, 0x1, 0xbf, 0xff, 0xf4,
    0x7f, 0xff, 0xd0, 0x0, 0x1f, 0xff, 0xf8, 0x7f,
    0xff, 0x80, 0x0, 0xb, 0xff, 0xfc, 0x7f, 0xff,
    0x0, 0x0, 0x3, 0xff, 0xfc, 0x0, 0x0, 0x0,
    0x0, 0x3, 0xff, 0xfd, 0x0, 0x0, 0x0, 0x0,
    0x2, 0xff, 0xfd, 0x0, 0x0, 0x0, 0x0, 0x1,
    0xff, 0xfd, 0x0, 0x0, 0x0, 0x0, 0x1, 0xff,
    0xfd, 0x0, 0x0, 0x0, 0x0, 0x1, 0xff, 0xfe,
    0x0, 0x0, 0x0, 0x0, 0x1, 0xff, 0xfe, 0x0,
    0x0, 0x0, 0x0, 0x1, 0xff, 0xfe, 0x0, 0x0,
    0x0, 0x0, 0x1, 0xff, 0xfe, 0x0, 0x0, 0x0,
    0x0, 0x1, 0xff, 0xfd, 0x0, 0x0, 0x0, 0x0,
    0x1, 0xff, 0xfd, 0xff, 0xfd, 0x0, 0x0, 0x2,
    0xff, 0xfd, 0xff, 0xfe, 0x0, 0x0, 0x3, 0xff,
    0xfd, 0xff, 0xff, 0x0, 0x0, 0x3, 0xff, 0xfc,
    0xbf, 0xff, 0x40, 0x0, 0xb, 0xff, 0xfc, 0x7f,
    0xff, 0xc0, 0x0, 0x1f, 0xff, 0xf8, 0x3f, 0xff,
    0xf8, 0x0, 0xbf, 0xff, 0xf0, 0x2f, 0xff, 0xff,
    0xff, 0xff, 0xff, 0xe0, 0xf, 0xff, 0xff, 0xff,
    0xff, 0xff, 0xc0, 0x7, 0xff, 0xff, 0xff, 0xff,
    0xff, 0x40, 0x2, 0xff, 0xff, 0xff, 0xff, 0xfd,
    0x0, 0x0, 0x7f, 0xff, 0xff, 0xff, 0xf4, 0x0,
    0x0, 0xb, 0xff, 0xff, 0xff, 0x40, 0x0, 0x0,
    0x0, 0x6f, 0xff, 0xe4, 0x0, 0x0,

    /* U+0036 "6" */
    0x0, 0x0, 0x0, 0x3, 0xff, 0xfd, 0x0, 0x0,
    0x0, 0x0, 0x0, 0x2f, 0xff, 0xf0, 0x0, 0x0,
    0x0, 0x0, 0x0, 0xff, 0xff, 0x40, 0x0, 0x0,
    0x0, 0x0, 0xb, 0xff, 0xfc, 0x0, 0x0, 0x0,
    0x0, 0x0, 0x3f, 0xff, 0xc0, 0x0, 0x0, 0x0,
    0x0, 0x2, 0xff, 0xfe, 0x0, 0x0, 0x0, 0x0,
    0x0, 0xf, 0xff, 0xf0, 0x0, 0x0, 0x0, 0x0,
    0x0, 0xbf, 0xff, 0x80, 0x0, 0x0, 0x0, 0x0,
    0x3, 0xff, 0xfc, 0x0, 0x0, 0x0, 0x0, 0x0,
    0x2f, 0xff, 0xe0, 0x0, 0x0, 0x0, 0x0, 0x0,
    0xff, 0xff, 0x0, 0x0, 0x0, 0x0, 0x0, 0xf,
    0xff, 0xf8, 0x0, 0x0, 0x0, 0x0, 0x0, 0x7f,
    0xff, 0xc0, 0x0, 0x0, 0x0, 0x0, 0x3, 0xff,
    0xfe, 0x0, 0x0, 0x0, 0x0, 0x0, 0x1f, 0xff,
    0xf0, 0x0, 0x0, 0x0, 0x0, 0x0, 0xff, 0xff,
    0x80, 0x0, 0x0, 0x0, 0x0, 0x7, 0xff, 0xfc,
    0x0, 0x0, 0x0, 0x0, 0x0, 0x3f, 0xff, 0xd0,
    0x0, 0x0, 0x0, 0x0, 0x1, 0xff, 0xff, 0x0,
    0x0, 0x0, 0x0, 0x0, 0xf, 0xff, 0xf9, 0xff,
    0xe4, 0x0, 0x0, 0x0, 0x7f, 0xff, 0xff, 0xff,
    0xfe, 0x0, 0x0, 0x3, 0xff, 0xff, 0xff, 0xff,
    0xff, 0x0, 0x0, 0x1f, 0xff, 0xff, 0xff, 0xff,
    0xff, 0x40, 0x0, 0xff, 0xff, 0xff, 0xff, 0xff,
    0xff, 0x0, 0x7, 0xff, 0xff, 0xff, 0xff, 0xff,
    0xff, 0x0, 0x3f, 0xff, 0xff, 0xff, 0xff, 0xff,
    0xfd, 0x0, 0xff, 0xff, 0xf8, 0x1, 0xbf, 0xff,
    0xfc, 0x7, 0xff, 0xff, 0x0, 0x0, 0x7f, 0xff,
    0xf4, 0x3f, 0xff, 0xf0, 0x0, 0x0, 0x7f, 0xff,
    0xe0, 0xff, 0xff, 0x40, 0x0, 0x0, 0xff, 0xff,
    0x83, 0xff, 0xfc, 0x0, 0x0, 0x1, 0xff, 0xff,
    0x1f, 0xff, 0xf0, 0x0, 0x0, 0x3, 0xff, 0xfc,
    0x7f, 0xff, 0x80, 0x0, 0x0, 0xf, 0xff, 0xf1,
    0xff, 0xfe, 0x0, 0x0, 0x0, 0x3f, 0xff, 0xc7,
    0xff, 0xf8, 0x0, 0x0, 0x0, 0xff, 0xff, 0x1f,
    0xff, 0xe0, 0x0, 0x0, 0x3, 0xff, 0xfc, 0x7f,
    0xff, 0x80, 0x0, 0x0, 0xf, 0xff, 0xf1, 0xff,
    0xff, 0x0, 0x0, 0x0, 0x3f, 0xff, 0xc3, 0xff,
    0xfc, 0x0, 0x0, 0x1, 0xff, 0xff, 0xf, 0xff,
    0xf4, 0x0, 0x0, 0xf, 0xff, 0xf8, 0x2f, 0xff,
    0xf0, 0x0, 0x0, 0x7f, 0xff, 0xd0, 0x7f, 0xff,
    0xf0, 0x0, 0x7, 0xff, 0xff, 0x0, 0xff, 0xff,
    0xf8, 0x1, 0xbf, 0xff, 0xf8, 0x2, 0xff, 0xff,
    0xff, 0xff, 0xff, 0xff, 0xc0, 0x3, 0xff, 0xff,
    0xff, 0xff, 0xff, 0xfd, 0x0, 0x3, 0xff, 0xff,
    0xff, 0xff, 0xff, 0xe0, 0x0, 0x3, 0xff, 0xff,
    0xff, 0xff, 0xfd, 0x0, 0x0, 0x2, 0xff, 0xff,
    0xff, 0xff, 0xc0, 0x0, 0x0, 0x1, 0xbf, 0xff,
    0xff, 0xf4, 0x0, 0x0, 0x0, 0x0, 0x1b, 0xff,
    0xe4, 0x0, 0x0, 0x0,

    /* U+0037 "7" */
    0xbf, 0xff, 0xff, 0xff, 0xff, 0xff, 0xff, 0xbf,
    0xff, 0xff, 0xff, 0xff, 0xff, 0xff, 0xbf, 0xff,
    0xff, 0xff, 0xff, 0xff, 0xff, 0xbf, 0xff, 0xff,
    0xff, 0xff, 0xff, 0xff, 0xbf, 0xff, 0xff, 0xff,
    0xff, 0xff, 0xff, 0xbf, 0xff, 0xff, 0xff, 0xff,
    0xff, 0xff, 0xbf, 0xff, 0xff, 0xff, 0xff, 0xff,
    0xff, 0x0, 0x0, 0x0, 0x0, 0x0, 0xff, 0xff,
    0x0, 0x0, 0x0, 0x0, 0x1, 0xff, 0xfd, 0x0,
    0x0, 0x0, 0x0, 0x3, 0xff, 0xfc, 0x0, 0x0,
    0x0, 0x0, 0x3, 0xff, 0xf8, 0x0, 0x0, 0x0,
    0x0, 0xb, 0xff, 0xf4, 0x0, 0x0, 0x0, 0x0,
    0xf, 0xff, 0xf0, 0x0, 0x0, 0x0, 0x0, 0x1f,
    0xff, 0xe0, 0x0, 0x0, 0x0, 0x0, 0x2f, 0xff,
    0xc0, 0x0, 0x0, 0x0, 0x0, 0x3f, 0xff, 0xc0,
    0x0, 0x0, 0x0, 0x0, 0x7f, 0xff, 0x80, 0x0,
    0x0, 0x0, 0x0, 0xbf, 0xff, 0x0, 0x0, 0x0,
    0x0, 0x0, 0xff, 0xff, 0x0, 0x0, 0x0, 0x0,
    0x1, 0xff, 0xfd, 0x0, 0x0, 0x0, 0x0, 0x3,
    0xff, 0xfc, 0x0, 0x0, 0x0, 0x0, 0x3, 0xff,
    0xf8, 0x0, 0x0, 0x0, 0x0, 0xb, 0xff, 0xf4,
    0x0, 0x0, 0x0, 0x0, 0xf, 0xff, 0xf0, 0x0,
    0x0, 0x0, 0x0, 0x1f, 0xff, 0xe0, 0x0, 0x0,
    0x0, 0x0, 0x2f, 0xff, 0xd0, 0x0, 0x0, 0x0,
    0x0, 0x3f, 0xff, 0xc0, 0x0, 0x0, 0x0, 0x0,
    0x7f, 0xff, 0x80, 0x0, 0x0, 0x0, 0x0, 0xff,
    0xff, 0x0, 0x0, 0x0, 0x0, 0x0, 0xff, 0xff,
    0x0, 0x0, 0x0, 0x0, 0x2, 0xff, 0xfd, 0x0,
    0x0, 0x0, 0x0, 0x3, 0xff, 0xfc, 0x0, 0x0,
    0x0, 0x0, 0x3, 0xff, 0xf8, 0x0, 0x0, 0x0,
    0x0, 0xb, 0xff, 0xf4, 0x0, 0x0, 0x0, 0x0,
    0xf, 0xff, 0xf0, 0x0, 0x0, 0x0, 0x0, 0x1f,
    0xff, 0xe0, 0x0, 0x0, 0x0, 0x0, 0x2f, 0xff,
    0xd0, 0x0, 0x0, 0x0, 0x0, 0x3f, 0xff, 0xc0,
    0x0, 0x0, 0x0, 0x0, 0x7f, 0xff, 0x80, 0x0,
    0x0, 0x0, 0x0, 0xff, 0xff, 0x0, 0x0, 0x0,
    0x0, 0x0, 0xff, 0xff, 0x0, 0x0, 0x0, 0x0,
    0x2, 0xff, 0xfd, 0x0, 0x0, 0x0, 0x0, 0x3,
    0xff, 0xfc, 0x0, 0x0, 0x0, 0x0, 0x7, 0xff,
    0xfc, 0x0, 0x0, 0x0, 0x0, 0xb, 0xff, 0xf4,
    0x0, 0x0, 0x0, 0x0, 0xf, 0xff, 0xf0, 0x0,
    0x0, 0x0, 0x0, 0x1f, 0xff, 0xe0, 0x0, 0x0,
    0x0, 0x0, 0x3f, 0xff, 0xd0, 0x0, 0x0, 0x0,
    0x0, 0x3f, 0xff, 0xc0, 0x0, 0x0, 0x0, 0x0,
    0x7f, 0xff, 0x80, 0x0, 0x0, 0x0,

    /* U+0038 "8" */
    0x0, 0x0, 0x6, 0xff, 0xf9, 0x0, 0x0, 0x0,
    0x0, 0xb, 0xff, 0xff, 0xfd, 0x0, 0x0, 0x0,
    0x7, 0xff, 0xff, 0xff, 0xfc, 0x0, 0x0, 0x2,
    0xff, 0xff, 0xff, 0xff, 0xf4, 0x0, 0x0, 0xbf,
    0xff, 0xff, 0xff, 0xff, 0xd0, 0x0, 0x1f, 0xff,
    0xff, 0xff, 0xff, 0xff, 0x0, 0x3, 0xff, 0xff,
    0xff, 0xff, 0xff, 0xf8, 0x0, 0xbf, 0xff, 0xf4,
    0x6, 0xff, 0xff, 0xc0, 0xf, 0xff, 0xfc, 0x0,
    0x7, 0xff, 0xfe, 0x1, 0xff, 0xff, 0x0, 0x0,
    0x1f, 0xff, 0xf0, 0x2f, 0xff, 0xd0, 0x0, 0x0,
    0xff, 0xff, 0x43, 0xff, 0xfc, 0x0, 0x0, 0x7,
    0xff, 0xf4, 0x3f, 0xff, 0xc0, 0x0, 0x0, 0x7f,
    0xff, 0x83, 0xff, 0xfc, 0x0, 0x0, 0x3, 0xff,
    0xf8, 0x3f, 0xff, 0xc0, 0x0, 0x0, 0x3f, 0xff,
    0x83, 0xff, 0xfc, 0x0, 0x0, 0x3, 0xff, 0xf8,
    0x3f, 0xff, 0xc0, 0x0, 0x0, 0x7f, 0xff, 0x83,
    0xff, 0xfc, 0x0, 0x0, 0xb, 0xff, 0xf4, 0x2f,
    0xff, 0xd0, 0x0, 0x0, 0xff, 0xff, 0x1, 0xff,
    0xff, 0x0, 0x0, 0x1f, 0xff, 0xf0, 0xf, 0xff,
    0xfc, 0x0, 0x7, 0xff, 0xfd, 0x0, 0x7f, 0xff,
    0xf4, 0x6, 0xff, 0xff, 0xc0, 0x2, 0xff, 0xff,
    0xff, 0xff, 0xff, 0xf0, 0x0, 0xf, 0xff, 0xff,
    0xff, 0xff, 0xfd, 0x0, 0x0, 0x2f, 0xff, 0xff,
    0xff, 0xff, 0x40, 0x0, 0x1, 0xff, 0xff, 0xff,
    0xff, 0xe0, 0x0, 0x0, 0xbf, 0xff, 0xff, 0xff,
    0xff, 0xc0, 0x0, 0x2f, 0xff, 0xff, 0xff, 0xff,
    0xff, 0x0, 0xb, 0xff, 0xff, 0xff, 0xff, 0xff,
    0xfc, 0x0, 0xff, 0xff, 0xe0, 0x1, 0xff, 0xff,
    0xe0, 0x2f, 0xff, 0xf0, 0x0, 0x2, 0xff, 0xff,
    0x3, 0xff, 0xfc, 0x0, 0x0, 0xb, 0xff, 0xf8,
    0x7f, 0xff, 0x80, 0x0, 0x0, 0x3f, 0xff, 0xcb,
    0xff, 0xf0, 0x0, 0x0, 0x2, 0xff, 0xfc, 0xff,
    0xff, 0x0, 0x0, 0x0, 0x1f, 0xff, 0xdf, 0xff,
    0xf0, 0x0, 0x0, 0x1, 0xff, 0xfd, 0xff, 0xff,
    0x0, 0x0, 0x0, 0x1f, 0xff, 0xdf, 0xff, 0xf0,
    0x0, 0x0, 0x1, 0xff, 0xfd, 0xff, 0xff, 0x0,
    0x0, 0x0, 0x1f, 0xff, 0xdf, 0xff, 0xf0, 0x0,
    0x0, 0x2, 0xff, 0xfd, 0xff, 0xff, 0x40, 0x0,
    0x0, 0x3f, 0xff, 0xcb, 0xff, 0xf8, 0x0, 0x0,
    0x3, 0xff, 0xfc, 0x7f, 0xff, 0xd0, 0x0, 0x0,
    0xff, 0xff, 0xc3, 0xff, 0xff, 0x40, 0x0, 0x2f,
    0xff, 0xf4, 0x1f, 0xff, 0xfe, 0x40, 0x1f, 0xff,
    0xff, 0x0, 0xff, 0xff, 0xff, 0xff, 0xff, 0xff,
    0xd0, 0x3, 0xff, 0xff, 0xff, 0xff, 0xff, 0xf8,
    0x0, 0x1f, 0xff, 0xff, 0xff, 0xff, 0xff, 0x0,
    0x0, 0x7f, 0xff, 0xff, 0xff, 0xff, 0xc0, 0x0,
    0x0, 0xff, 0xff, 0xff, 0xff, 0xe0, 0x0, 0x0,
    0x1, 0xff, 0xff, 0xff, 0xe0, 0x0, 0x0, 0x0,
    0x0, 0x6f, 0xff, 0x90, 0x0, 0x0,

    /* U+0039 "9" */
    0x0, 0x0, 0x6, 0xff, 0xfa, 0x40, 0x0, 0x0,
    0x0, 0x2, 0xff, 0xff, 0xff, 0xe0, 0x0, 0x0,
    0x0, 0xbf, 0xff, 0xff, 0xff, 0xf4, 0x0, 0x0,
    0xb, 0xff, 0xff, 0xff, 0xff, 0xf8, 0x0, 0x0,
    0xff, 0xff, 0xff, 0xff, 0xff, 0xf8, 0x0, 0xb,
    0xff, 0xff, 0xff, 0xff, 0xff, 0xf4, 0x0, 0x7f,
    0xff, 0xff, 0xff, 0xff, 0xff, 0xf0, 0x3, 0xff,
    0xff, 0xe4, 0x7, 0xff, 0xff, 0xe0, 0x1f, 0xff,
    0xfc, 0x0, 0x1, 0xff, 0xff, 0xc0, 0xbf, 0xff,
    0xc0, 0x0, 0x1, 0xff, 0xff, 0x43, 0xff, 0xfd,
    0x0, 0x0, 0x3, 0xff, 0xfe, 0xf, 0xff, 0xf0,
    0x0, 0x0, 0x7, 0xff, 0xfc, 0x3f, 0xff, 0xc0,
    0x0, 0x0, 0xf, 0xff, 0xf1, 0xff, 0xfe, 0x0,
    0x0, 0x0, 0x3f, 0xff, 0xc7, 0xff, 0xf8, 0x0,
    0x0, 0x0, 0xff, 0xff, 0x1f, 0xff, 0xe0, 0x0,
    0x0, 0x3, 0xff, 0xfc, 0x7f, 0xff, 0x80, 0x0,
    0x0, 0xf, 0xff, 0xf1, 0xff, 0xfe, 0x0, 0x0,
    0x0, 0x3f, 0xff, 0xc7, 0xff, 0xfc, 0x0, 0x0,
    0x0, 0xff, 0xff, 0xf, 0xff, 0xf0, 0x0, 0x0,
    0x7, 0xff, 0xfc, 0x3f, 0xff, 0xd0, 0x0, 0x0,
    0x2f, 0xff, 0xe0, 0xff, 0xff, 0xc0, 0x0, 0x1,
    0xff, 0xff, 0x42, 0xff, 0xff, 0x80, 0x0, 0xf,
    0xff, 0xfc, 0x7, 0xff, 0xff, 0xd0, 0x2, 0xff,
    0xff, 0xf0, 0xf, 0xff, 0xff, 0xff, 0xff, 0xff,
    0xff, 0x80, 0x1f, 0xff, 0xff, 0xff, 0xff, 0xff,
    0xfc, 0x0, 0x2f, 0xff, 0xff, 0xff, 0xff, 0xff,
    0xe0, 0x0, 0x2f, 0xff, 0xff, 0xff, 0xff, 0xff,
    0x0, 0x0, 0x2f, 0xff, 0xff, 0xff, 0xff, 0xfc,
    0x0, 0x0, 0xf, 0xff, 0xff, 0xff, 0xff, 0xd0,
    0x0, 0x0, 0x1, 0xbf, 0xe7, 0xff, 0xff, 0x0,
    0x0, 0x0, 0x0, 0x0, 0x1f, 0xff, 0xf4, 0x0,
    0x0, 0x0, 0x0, 0x0, 0xff, 0xff, 0xc0, 0x0,
    0x0, 0x0, 0x0, 0x7, 0xff, 0xfd, 0x0, 0x0,
    0x0, 0x0, 0x0, 0x3f, 0xff, 0xf0, 0x0, 0x0,
    0x0, 0x0, 0x1, 0xff, 0xff, 0x40, 0x0, 0x0,
    0x0, 0x0, 0xf, 0xff, 0xfc, 0x0, 0x0, 0x0,
    0x0, 0x0, 0x3f, 0xff, 0xd0, 0x0, 0x0, 0x0,
    0x0, 0x2, 0xff, 0xff, 0x0, 0x0, 0x0, 0x0,
    0x0, 0xf, 0xff, 0xf4, 0x0, 0x0, 0x0, 0x0,
    0x0, 0xbf, 0xff, 0xc0, 0x0, 0x0, 0x0, 0x0,
    0x3, 0xff, 0xfd, 0x0, 0x0, 0x0, 0x0, 0x0,
    0x2f, 0xff, 0xf0, 0x0, 0x0, 0x0, 0x0, 0x0,
    0xff, 0xff, 0x40, 0x0, 0x0, 0x0, 0x0, 0xb,
    0xff, 0xfc, 0x0, 0x0, 0x0, 0x0, 0x0, 0x3f,
    0xff, 0xd0, 0x0, 0x0, 0x0, 0x0, 0x2, 0xff,
    0xff, 0x0, 0x0, 0x0, 0x0, 0x0, 0xf, 0xff,
    0xf4, 0x0, 0x0, 0x0, 0x0, 0x0, 0xbf, 0xff,
    0xc0, 0x0, 0x0, 0x0, 0x0, 0x3, 0xff, 0xfd,
    0x0, 0x0, 0x0, 0x0, 0x0, 0x2f, 0xff, 0xf0,
    0x0, 0x0, 0x0, 0x0,

    /* U+003A ":" */
    0xff, 0xff, 0xff, 0xff, 0xff, 0xff, 0xff, 0xff,
    0xff, 0xff, 0xff, 0xff, 0xff, 0xff, 0xff, 0xff,
    0xff, 0xff, 0xff, 0xff, 0xc0, 0x0, 0x0, 0x0,
    0x0, 0x0, 0x0, 0x0, 0x0, 0x0, 0x0, 0x0,
    0x0, 0x0, 0x0, 0x0, 0x0, 0x0, 0x0, 0x0,
    0x0, 0x0, 0x0, 0x0, 0x0, 0x0, 0x0, 0x0,
    0x0, 0x0, 0x0, 0x0, 0x0, 0x0, 0x0, 0x0,
    0x3f, 0xff, 0xff, 0xff, 0xff, 0xff, 0xff, 0xff,
    0xff, 0xff, 0xff, 0xff, 0xff, 0xff, 0xff, 0xff,
    0xff, 0xff, 0xff, 0xff, 0xf0,

    /* U+003B ";" */
    0x0, 0x0, 0x3f, 0xff, 0xff, 0xff, 0xff, 0xff,
    0xff, 0xff, 0xff, 0xff, 0xff, 0xff, 0xff, 0xff,
    0xff, 0xff, 0xff, 0xff, 0xff, 0xff, 0xf0, 0x0,
    0x0, 0x0, 0x0, 0x0, 0x0, 0x0, 0x0, 0x0,
    0x0, 0x0, 0x0, 0x0, 0x0, 0x0, 0x0, 0x0,
    0x0, 0x0, 0x0, 0x0, 0x0, 0x0, 0x0, 0x0,
    0x0, 0x0, 0x0, 0x0, 0x0, 0x0, 0x0, 0x0,
    0x2, 0xaa, 0x91, 0xff, 0xfc, 0x7f, 0xff, 0x1f,
    0xff, 0xc7, 0xff, 0xf1, 0xff, 0xfc, 0x7f, 0xff,
    0x1f, 0xff, 0xc7, 0xff, 0xf1, 0xff, 0xfc, 0x7f,
    0xff, 0x1f, 0xff, 0xc7, 0xff, 0xf1, 0xff, 0xfc,
    0x7f, 0xfd, 0x1f, 0xfd, 0x7, 0xfd, 0x1, 0xfc,
    0x0, 0x7c, 0x0, 0x18, 0x0, 0x0, 0x0, 0x0,

    /* U+003C "<" */
    0x0, 0x0, 0x0, 0x0, 0x0, 0x0, 0x0, 0x0,
    0x0, 0x0, 0x0, 0x0, 0x0, 0x0, 0x1, 0xf0,
    0x0, 0x0, 0x0, 0x0, 0x0, 0x0, 0xbf, 0xc0,
    0x0, 0x0, 0x0, 0x0, 0x0, 0x7f, 0xff, 0x0,
    0x0, 0x0, 0x0, 0x0, 0x2f, 0xff, 0xfc, 0x0,
    0x0, 0x0, 0x0, 0x1f, 0xff, 0xff, 0xf0, 0x0,
    0x0, 0x0, 0xb, 0xff, 0xff, 0xff, 0xc0, 0x0,
    0x0, 0x7, 0xff, 0xff, 0xff, 0xff, 0x0, 0x0,
    0x2, 0xff, 0xff, 0xff, 0xff, 0xe0, 0x0, 0x1,
    0xff, 0xff, 0xff, 0xff, 0xe4, 0x0, 0x0, 0xbf,
    0xff, 0xff, 0xff, 0xf4, 0x0, 0x0, 0x7f, 0xff,
    0xff, 0xff, 0xf8, 0x0, 0x0, 0x2f, 0xff, 0xff,
    0xff, 0xfd, 0x0, 0x0, 0x1, 0xff, 0xff, 0xff,
    0xfe, 0x0, 0x0, 0x0, 0x7, 0xff, 0xff, 0xfe,
    0x40, 0x0, 0x0, 0x0, 0x1f, 0xff, 0xff, 0x80,
    0x0, 0x0, 0x0, 0x0, 0x7f, 0xff, 0xfe, 0x0,
    0x0, 0x0, 0x0, 0x1, 0xff, 0xff, 0xff, 0xd0,
    0x0, 0x0, 0x0, 0x7, 0xff, 0xff, 0xff, 0xf8,
    0x0, 0x0, 0x0, 0xb, 0xff, 0xff, 0xff, 0xff,
    0x40, 0x0, 0x0, 0x1, 0xff, 0xff, 0xff, 0xff,
    0xe4, 0x0, 0x0, 0x0, 0x2f, 0xff, 0xff, 0xff,
    0xfd, 0x0, 0x0, 0x0, 0x7, 0xff, 0xff, 0xff,
    0xff, 0x90, 0x0, 0x0, 0x0, 0xbf, 0xff, 0xff,
    0xff, 0xf8, 0x0, 0x0, 0x0, 0x1f, 0xff, 0xff,
    0xff, 0xfc, 0x0, 0x0, 0x0, 0x2, 0xff, 0xff,
    0xff, 0xf0, 0x0, 0x0, 0x0, 0x0, 0x7f, 0xff,
    0xff, 0xc0, 0x0, 0x0, 0x0, 0x0, 0xb, 0xff,
    0xff, 0x0, 0x0, 0x0, 0x0, 0x0, 0x1, 0xff,
    0xfc, 0x0, 0x0, 0x0, 0x0, 0x0, 0x0, 0x2f,
    0xf0, 0x0, 0x0, 0x0, 0x0, 0x0, 0x0, 0x7,
    0xc0, 0x0, 0x0, 0x0, 0x0, 0x0, 0x0, 0x0,

    /* U+003D "=" */
    0x7f, 0xff, 0xff, 0xff, 0xff, 0xff, 0xff, 0xfd,
    0xff, 0xff, 0xff, 0xff, 0xff, 0xff, 0xff, 0xf7,
    0xff, 0xff, 0xff, 0xff, 0xff, 0xff, 0xff, 0xdf,
    0xff, 0xff, 0xff, 0xff, 0xff, 0xff, 0xff, 0x7f,
    0xff, 0xff, 0xff, 0xff, 0xff, 0xff, 0xfd, 0xff,
    0xff, 0xff, 0xff, 0xff, 0xff, 0xff, 0xf7, 0xff,
    0xff, 0xff, 0xff, 0xff, 0xff, 0xff, 0xc0, 0x0,
    0x0, 0x0, 0x0, 0x0, 0x0, 0x0, 0x0, 0x0,
    0x0, 0x0, 0x0, 0x0, 0x0, 0x0, 0x0, 0x0,
    0x0, 0x0, 0x0, 0x0, 0x0, 0x0, 0x0, 0x0,
    0x0, 0x0, 0x0, 0x0, 0x0, 0x0, 0x0, 0x0,
    0x0, 0x0, 0x0, 0x0, 0x0, 0x0, 0x0, 0x0,
    0x0, 0x0, 0x0, 0x0, 0x0, 0x0, 0x0, 0x0,
    0x0, 0x0, 0x0, 0x0, 0x0, 0x0, 0x0, 0x0,
    0x0, 0x0, 0x0, 0x0, 0x1f, 0xff, 0xff, 0xff,
    0xff, 0xff, 0xff, 0xff, 0x7f, 0xff, 0xff, 0xff,
    0xff, 0xff, 0xff, 0xfd, 0xff, 0xff, 0xff, 0xff,
    0xff, 0xff, 0xff, 0xf7, 0xff, 0xff, 0xff, 0xff,
    0xff, 0xff, 0xff, 0xdf, 0xff, 0xff, 0xff, 0xff,
    0xff, 0xff, 0xff, 0x7f, 0xff, 0xff, 0xff, 0xff,
    0xff, 0xff, 0xfd, 0xff, 0xff, 0xff, 0xff, 0xff,
    0xff, 0xff, 0xf0,

    /* U+003E ">" */
    0x0, 0x0, 0x0, 0x0, 0x0, 0x0, 0x0, 0x1,
    0xe0, 0x0, 0x0, 0x0, 0x0, 0x0, 0x0, 0x7,
    0xfd, 0x0, 0x0, 0x0, 0x0, 0x0, 0x0, 0x1f,
    0xff, 0x80, 0x0, 0x0, 0x0, 0x0, 0x0, 0x7f,
    0xff, 0xf4, 0x0, 0x0, 0x0, 0x0, 0x1, 0xff,
    0xff, 0xfe, 0x0, 0x0, 0x0, 0x0, 0x7, 0xff,
    0xff, 0xff, 0xd0, 0x0, 0x0, 0x0, 0x1f, 0xff,
    0xff, 0xff, 0xf8, 0x0, 0x0, 0x0, 0x1b, 0xff,
    0xff, 0xff, 0xff, 0x40, 0x0, 0x0, 0x1, 0xff,
    0xff, 0xff, 0xff, 0xe0, 0x0, 0x0, 0x0, 0x2f,
    0xff, 0xff, 0xff, 0xfd, 0x0, 0x0, 0x0, 0x7,
    0xff, 0xff, 0xff, 0xff, 0x80, 0x0, 0x0, 0x0,
    0xbf, 0xff, 0xff, 0xff, 0xf4, 0x0, 0x0, 0x0,
    0x1b, 0xff, 0xff, 0xff, 0xf0, 0x0, 0x0, 0x0,
    0x1, 0xff, 0xff, 0xff, 0xc0, 0x0, 0x0, 0x0,
    0x0, 0x6f, 0xff, 0xff, 0x0, 0x0, 0x0, 0x0,
    0x1, 0xbf, 0xff, 0xfc, 0x0, 0x0, 0x0, 0x0,
    0xbf, 0xff, 0xff, 0xf0, 0x0, 0x0, 0x0, 0x6f,
    0xff, 0xff, 0xff, 0xc0, 0x0, 0x0, 0x2f, 0xff,
    0xff, 0xff, 0xfd, 0x0, 0x0, 0x1f, 0xff, 0xff,
    0xff, 0xfe, 0x0, 0x0, 0xb, 0xff, 0xff, 0xff,
    0xff, 0x40, 0x0, 0x7, 0xff, 0xff, 0xff, 0xff,
    0x80, 0x0, 0x6, 0xff, 0xff, 0xff, 0xff, 0xd0,
    0x0, 0x0, 0x7f, 0xff, 0xff, 0xff, 0xe0, 0x0,
    0x0, 0x1, 0xff, 0xff, 0xff, 0xf4, 0x0, 0x0,
    0x0, 0x7, 0xff, 0xff, 0xf8, 0x0, 0x0, 0x0,
    0x0, 0x1f, 0xff, 0xfd, 0x0, 0x0, 0x0, 0x0,
    0x0, 0x7f, 0xfe, 0x0, 0x0, 0x0, 0x0, 0x0,
    0x1, 0xff, 0x40, 0x0, 0x0, 0x0, 0x0, 0x0,
    0x7, 0x90, 0x0, 0x0, 0x0, 0x0, 0x0, 0x0,
    0x0, 0x0, 0x0, 0x0, 0x0, 0x0, 0x0, 0x0,

    /* U+003F "?" */
    0x0, 0x0, 0x1b, 0xff, 0xe4, 0x0, 0x0, 0x0,
    0x7, 0xff, 0xff, 0xff, 0x40, 0x0, 0x0, 0x3f,
    0xff, 0xff, 0xff, 0xf0, 0x0, 0x0, 0xff, 0xff,
    0xff, 0xff, 0xfd, 0x0, 0x3, 0xff, 0xff, 0xff,
    0xff, 0xff, 0x40, 0xb, 0xff, 0xff, 0xff, 0xff,
    0xff, 0xc0, 0xf, 0xff, 0xff, 0xff, 0xff, 0xff,
    0xe0, 0x2f, 0xff, 0xfd, 0x1, 0xbf, 0xff, 0xf0,
    0x3f, 0xff, 0xd0, 0x0, 0x1f, 0xff, 0xf8, 0x3f,
    0xff, 0x80, 0x0, 0xb, 0xff, 0xfc, 0x7f, 0xff,
    0x40, 0x0, 0x3, 0xff, 0xfc, 0xbf, 0xff, 0x0,
    0x0, 0x3, 0xff, 0xfc, 0xbf, 0xff, 0x0, 0x0,
    0x2, 0xff, 0xfc, 0x6a, 0xa9, 0x0, 0x0, 0x2,
    0xff, 0xfc, 0x0, 0x0, 0x0, 0x0, 0x3, 0xff,
    0xfc, 0x0, 0x0, 0x0, 0x0, 0x3, 0xff, 0xfc,
    0x0, 0x0, 0x0, 0x0, 0xb, 0xff, 0xf8, 0x0,
    0x0, 0x0, 0x0, 0xf, 0xff, 0xf4, 0x0, 0x0,
    0x0, 0x0, 0x3f, 0xff, 0xf0, 0x0, 0x0, 0x0,
    0x0, 0x7f, 0xff, 0xd0, 0x0, 0x0, 0x0, 0x0,
    0xff, 0xff, 0xc0, 0x0, 0x0, 0x0, 0x3, 0xff,
    0xff, 0x0, 0x0, 0x0, 0x0, 0xb, 0xff, 0xfd,
    0x0, 0x0, 0x0, 0x0, 0x1f, 0xff, 0xf8, 0x0,
    0x0, 0x0, 0x0, 0x3f, 0xff, 0xf0, 0x0, 0x0,
    0x0, 0x0, 0xff, 0xff, 0xd0, 0x0, 0x0, 0x0,
    0x2, 0xff, 0xff, 0x80, 0x0, 0x0, 0x0, 0x3,
    0xff, 0xff, 0x0, 0x0, 0x0, 0x0, 0xb, 0xff,
    0xfc, 0x0, 0x0, 0x0, 0x0, 0xf, 0xff, 0xf4,
    0x0, 0x0, 0x0, 0x0, 0xf, 0xff, 0xf0, 0x0,
    0x0, 0x0, 0x0, 0x1f, 0xff, 0xe0, 0x0, 0x0,
    0x0, 0x0, 0x1f, 0xff, 0xd0, 0x0, 0x0, 0x0,
    0x0, 0x1f, 0xff, 0xd0, 0x0, 0x0, 0x0, 0x0,
    0x1f, 0xff, 0xd0, 0x0, 0x0, 0x0, 0x0, 0x1f,
    0xff, 0xd0, 0x0, 0x0, 0x0, 0x0, 0x1f, 0xff,
    0xd0, 0x0, 0x0, 0x0, 0x0, 0x5, 0x55, 0x40,
    0x0, 0x0, 0x0, 0x0, 0x0, 0x0, 0x0, 0x0,
    0x0, 0x0, 0x0, 0x0, 0x0, 0x0, 0x0, 0x0,
    0x0, 0x0, 0x0, 0x0, 0x0, 0x0, 0x0, 0x0,
    0x0, 0x0, 0x0, 0x0, 0x0, 0x0, 0x0, 0x0,
    0x15, 0x55, 0x50, 0x0, 0x0, 0x0, 0x0, 0x2f,
    0xff, 0xe0, 0x0, 0x0, 0x0, 0x0, 0x2f, 0xff,
    0xe0, 0x0, 0x0, 0x0, 0x0, 0x2f, 0xff, 0xe0,
    0x0, 0x0, 0x0, 0x0, 0x2f, 0xff, 0xe0, 0x0,
    0x0, 0x0, 0x0, 0x2f, 0xff, 0xe0, 0x0, 0x0,
    0x0, 0x0, 0x2f, 0xff, 0xe0, 0x0, 0x0, 0x0,
    0x0, 0x2f, 0xff, 0xe0, 0x0, 0x0, 0x0, 0x0,
    0x2f, 0xff, 0xe0, 0x0, 0x0,

    /* U+0040 "@" */
    0x0, 0x0, 0x0, 0x0, 0x0, 0x6, 0xff, 0xff,
    0xa4, 0x0, 0x0, 0x0, 0x0, 0x0, 0x0, 0x0,
    0x0, 0x0, 0x1, 0xbf, 0xff, 0xff, 0xff, 0xf9,
    0x0, 0x0, 0x0, 0x0, 0x0, 0x0, 0x0, 0x0,
    0xb, 0xff, 0xff, 0xff, 0xff, 0xff, 0xf8, 0x0,
    0x0, 0x0, 0x0, 0x0, 0x0, 0x0, 0x2f, 0xff,
    0xff, 0xff, 0xff, 0xff, 0xff, 0xe0, 0x0, 0x0,
    0x0, 0x0, 0x0, 0x0, 0xbf, 0xff, 0xff, 0xff,
    0xff, 0xff, 0xff, 0xff, 0x40, 0x0, 0x0, 0x0,
    0x0, 0x0, 0xff, 0xff, 0xff, 0xff, 0xff, 0xff,
    0xff, 0xff, 0xf8, 0x0, 0x0, 0x0, 0x0, 0x1,
    0xff, 0xff, 0xff, 0xfa, 0x55, 0xab, 0xff, 0xff,
    0xff, 0xc0, 0x0, 0x0, 0x0, 0x1, 0xff, 0xff,
    0xfe, 0x40, 0x0, 0x0, 0x6, 0xff, 0xff, 0xfc,
    0x0, 0x0, 0x0, 0x1, 0xff, 0xff, 0xf4, 0x0,
    0x0, 0x0, 0x0, 0xb, 0xff, 0xff, 0xc0, 0x0,
    0x0, 0x0, 0xff, 0xff, 0xe0, 0x0, 0x0, 0x0,
    0x0, 0x0, 0x2f, 0xff, 0xfc, 0x0, 0x0, 0x0,
    0xff, 0xff, 0xc0, 0x0, 0x0, 0x0, 0x0, 0x0,
    0x1, 0xff, 0xff, 0xc0, 0x0, 0x0, 0xbf, 0xff,
    0xc0, 0x0, 0x0, 0x0, 0x0, 0x0, 0x0, 0xf,
    0xff, 0xf8, 0x0, 0x0, 0x7f, 0xff, 0xc0, 0x0,
    0x0, 0x0, 0x0, 0x0, 0x0, 0x0, 0xff, 0xff,
    0x0, 0x0, 0x3f, 0xff, 0xc0, 0x0, 0x0, 0x0,
    0x0, 0x0, 0x0, 0x0, 0x1f, 0xff, 0xf0, 0x0,
    0x1f, 0xff, 0xd0, 0x0, 0x0, 0x6f, 0xf9, 0x0,
    0x0, 0x0, 0x2, 0xff, 0xfd, 0x0, 0xf, 0xff,
    0xe0, 0x0, 0x2, 0xff, 0xff, 0xf8, 0x3f, 0xfe,
    0x0, 0x3f, 0xff, 0xc0, 0x7, 0xff, 0xf0, 0x0,
    0x3, 0xff, 0xff, 0xff, 0xdf, 0xff, 0x80, 0x7,
    0xff, 0xf0, 0x2, 0xff, 0xf8, 0x0, 0x3, 0xff,
    0xff, 0xff, 0xff, 0xff, 0xe0, 0x0, 0xff, 0xfe,
    0x0, 0xff, 0xfc, 0x0, 0x1, 0xff, 0xff, 0xff,
    0xff, 0xff, 0xf8, 0x0, 0x1f, 0xff, 0xc0, 0x7f,
    0xff, 0x0, 0x0, 0xff, 0xff, 0xff, 0xff, 0xff,
    0xfe, 0x0, 0x3, 0xff, 0xf0, 0x2f, 0xff, 0x80,
    0x0, 0x7f, 0xff, 0xe0, 0x7, 0xff, 0xff, 0x80,
    0x0, 0xff, 0xfd, 0xf, 0xff, 0xd0, 0x0, 0x2f,
    0xff, 0xd0, 0x0, 0x3f, 0xff, 0xe0, 0x0, 0x1f,
    0xff, 0x83, 0xff, 0xf0, 0x0, 0xf, 0xff, 0xe0,
    0x0, 0x7, 0xff, 0xf8, 0x0, 0x7, 0xff, 0xf0,
    0xff, 0xfc, 0x0, 0x3, 0xff, 0xf0, 0x0, 0x0,
    0xff, 0xfe, 0x0, 0x0, 0xff, 0xfc, 0x3f, 0xff,
    0x0, 0x0, 0xff, 0xfc, 0x0, 0x0, 0x2f, 0xff,
    0x80, 0x0, 0x3f, 0xff, 0x1f, 0xff, 0xc0, 0x0,
    0x7f, 0xff, 0x0, 0x0, 0x7, 0xff, 0xe0, 0x0,
    0xf, 0xff, 0xc7, 0xff, 0xe0, 0x0, 0x1f, 0xff,
    0x80, 0x0, 0x1, 0xff, 0xf8, 0x0, 0x3, 0xff,
    0xf1, 0xff, 0xf8, 0x0, 0x7, 0xff, 0xe0, 0x0,
    0x0, 0x7f, 0xfe, 0x0, 0x0, 0xff, 0xfd, 0x7f,
    0xfe, 0x0, 0x1, 0xff, 0xf8, 0x0, 0x0, 0x1f,
    0xff, 0x80, 0x0, 0x3f, 0xff, 0x5f, 0xff, 0x80,
    0x0, 0x7f, 0xfe, 0x0, 0x0, 0x7, 0xff, 0xe0,
    0x0, 0xf, 0xff, 0xd7, 0xff, 0xe0, 0x0, 0x1f,
    0xff, 0x80, 0x0, 0x1, 0xff, 0xf8, 0x0, 0x3,
    0xff, 0xf5, 0xff, 0xf8, 0x0, 0x7, 0xff, 0xe0,
    0x0, 0x0, 0x7f, 0xfe, 0x0, 0x0, 0xff, 0xfd,
    0x7f, 0xfe, 0x0, 0x1, 0xff, 0xf8, 0x0, 0x0,
    0x1f, 0xff, 0x80, 0x0, 0x3f, 0xff, 0x5f, 0xff,
    0x80, 0x0, 0x7f, 0xfe, 0x0, 0x0, 0x7, 0xff,
    0xe0, 0x0, 0xf, 0xff, 0xc7, 0xff, 0xf0, 0x0,
    0x1f, 0xff, 0x80, 0x0, 0x1, 0xff, 0xf8, 0x0,
    0x3, 0xff, 0xf1, 0xff, 0xfc, 0x0, 0x7, 0xff,
    0xf0, 0x0, 0x0, 0x7f, 0xfe, 0x0, 0x0, 0xff,
    0xfc, 0x3f, 0xff, 0x0, 0x0, 0xff, 0xfc, 0x0,
    0x0, 0x2f, 0xff, 0x80, 0x0, 0x3f, 0xff, 0xf,
    0xff, 0xc0, 0x0, 0x3f, 0xff, 0x40, 0x0, 0xf,
    0xff, 0xe0, 0x0, 0x1f, 0xff, 0x83, 0xff, 0xf4,
    0x0, 0xf, 0xff, 0xe0, 0x0, 0x7, 0xff, 0xfc,
    0x0, 0xb, 0xff, 0xe0, 0xbf, 0xfe, 0x0, 0x2,
    0xff, 0xfd, 0x0, 0x3, 0xff, 0xff, 0x80, 0x7,
    0xff, 0xf0, 0x1f, 0xff, 0xc0, 0x0, 0x7f, 0xff,
    0xe0, 0x7, 0xff, 0xff, 0xf8, 0x7, 0xff, 0xf8,
    0x3, 0xff, 0xf0, 0x0, 0xf, 0xff, 0xff, 0xff,
    0xff, 0xff, 0xff, 0xff, 0xff, 0xfc, 0x0, 0xff,
    0xfe, 0x0, 0x1, 0xff, 0xff, 0xff, 0xff, 0xdf,
    0xff, 0xff, 0xff, 0xfe, 0x0, 0x2f, 0xff, 0xc0,
    0x0, 0x2f, 0xff, 0xff, 0xff, 0xf1, 0xff, 0xff,
    0xff, 0xfe, 0x0, 0x3, 0xff, 0xf8, 0x0, 0x2,
    0xff, 0xff, 0xff, 0xf0, 0x1f, 0xff, 0xff, 0xfe,
    0x0, 0x0, 0xbf, 0xff, 0x0, 0x0, 0x1f, 0xff,
    0xff, 0xe0, 0x0, 0xff, 0xff, 0xfc, 0x0, 0x0,
    0xf, 0xff, 0xf0, 0x0, 0x0, 0x6b, 0xfe, 0x40,
    0x0, 0x6, 0xbf, 0xa0, 0x0, 0x0, 0x2, 0xff,
    0xfe, 0x0, 0x0, 0x0, 0x0, 0x0, 0x0, 0x0,
    0x0, 0x0, 0x0, 0x0, 0x0, 0x3f, 0xff, 0xe0,
    0x0, 0x0, 0x0, 0x0, 0x0, 0x0, 0x0, 0x0,
    0x0, 0x0, 0x0, 0x7, 0xff, 0xfe, 0x0, 0x0,
    0x0, 0x0, 0x0, 0x0, 0x0, 0x0, 0x0, 0x0,
    0x0, 0x0, 0xbf, 0xff, 0xf4, 0x0, 0x0, 0x0,
    0x0, 0x0, 0x0, 0x10, 0x0, 0x0, 0x0, 0x0,
    0xb, 0xff, 0xff, 0x80, 0x0, 0x0, 0x0, 0x0,
    0x1, 0xbc, 0x0, 0x0, 0x0, 0x0, 0x0, 0xbf,
    0xff, 0xfe, 0x40, 0x0, 0x0, 0x0, 0xb, 0xff,
    0x80, 0x0, 0x0, 0x0, 0x0, 0xb, 0xff, 0xff,
    0xfe, 0x50, 0x0, 0x6, 0xbf, 0xff, 0xf0, 0x0,
    0x0, 0x0, 0x0, 0x0, 0xbf, 0xff, 0xff, 0xff,
    0xff, 0xff, 0xff, 0xff, 0xfe, 0x0, 0x0, 0x0,
    0x0, 0x0, 0x7, 0xff, 0xff, 0xff, 0xff, 0xff,
    0xff, 0xff, 0xff, 0xc0, 0x0, 0x0, 0x0, 0x0,
    0x0, 0x2f, 0xff, 0xff, 0xff, 0xff, 0xff, 0xff,
    0xff, 0xc0, 0x0, 0x0, 0x0, 0x0, 0x0, 0x0,
    0xbf, 0xff, 0xff, 0xff, 0xff, 0xff, 0xfe, 0x0,
    0x0, 0x0, 0x0, 0x0, 0x0, 0x0, 0x1, 0xff,
    0xff, 0xff, 0xff, 0xff, 0xf4, 0x0, 0x0, 0x0,
    0x0, 0x0, 0x0, 0x0, 0x0, 0x1, 0xbf, 0xff,
    0xff, 0xfe, 0x40, 0x0, 0x0, 0x0, 0x0, 0x0,
    0x0, 0x0, 0x0, 0x0, 0x0, 0x5, 0x55, 0x0,
    0x0, 0x0, 0x0, 0x0, 0x0, 0x0,

    /* U+0041 "A" */
    0x0, 0x0, 0x0, 0x0, 0xf, 0xff, 0xc0, 0x0,
    0x0, 0x0, 0x0, 0x0, 0x0, 0x0, 0x0, 0x7f,
    0xff, 0x40, 0x0, 0x0, 0x0, 0x0, 0x0, 0x0,
    0x0, 0x3, 0xff, 0xfe, 0x0, 0x0, 0x0, 0x0,
    0x0, 0x0, 0x0, 0x0, 0xf, 0xff, 0xfc, 0x0,
    0x0, 0x0, 0x0, 0x0, 0x0, 0x0, 0x0, 0x7f,
    0xff, 0xf4, 0x0, 0x0, 0x0, 0x0, 0x0, 0x0,
    0x0, 0x3, 0xff, 0xff, 0xe0, 0x0, 0x0, 0x0,
    0x0, 0x0, 0x0, 0x0, 0xf, 0xff, 0xff, 0xc0,
    0x0, 0x0, 0x0, 0x0, 0x0, 0x0, 0x0, 0xbf,
    0xff, 0xff, 0x40, 0x0, 0x0, 0x0, 0x0, 0x0,
    0x0, 0x3, 0xff, 0xff, 0xff, 0x0, 0x0, 0x0,
    0x0, 0x0, 0x0, 0x0, 0xf, 0xff, 0xff, 0xfc,
    0x0, 0x0, 0x0, 0x0, 0x0, 0x0, 0x0, 0xbf,
    0xff, 0xff, 0xf4, 0x0, 0x0, 0x0, 0x0, 0x0,
    0x0, 0x3, 0xff, 0xff, 0xff, 0xf0, 0x0, 0x0,
    0x0, 0x0, 0x0, 0x0, 0x1f, 0xff, 0xdf, 0xff,
    0xc0, 0x0, 0x0, 0x0, 0x0, 0x0, 0x0, 0xbf,
    0xfe, 0x3f, 0xff, 0x80, 0x0, 0x0, 0x0, 0x0,
    0x0, 0x3, 0xff, 0xf4, 0xbf, 0xff, 0x0, 0x0,
    0x0, 0x0, 0x0, 0x0, 0x1f, 0xff, 0xc1, 0xff,
    0xfd, 0x0, 0x0, 0x0, 0x0, 0x0, 0x0, 0xbf,
    0xfe, 0x3, 0xff, 0xf8, 0x0, 0x0, 0x0, 0x0,
    0x0, 0x3, 0xff, 0xf4, 0xb, 0xff, 0xf0, 0x0,
    0x0, 0x0, 0x0, 0x0, 0x1f, 0xff, 0xc0, 0x1f,
    0xff, 0xd0, 0x0, 0x0, 0x0, 0x0, 0x0, 0xff,
    0xff, 0x0, 0x3f, 0xff, 0x80, 0x0, 0x0, 0x0,
    0x0, 0x3, 0xff, 0xf4, 0x0, 0xbf, 0xff, 0x0,
    0x0, 0x0, 0x0, 0x0, 0x2f, 0xff, 0xc0, 0x1,
    0xff, 0xfd, 0x0, 0x0, 0x0, 0x0, 0x0, 0xff,
    0xff, 0x0, 0x3, 0xff, 0xfc, 0x0, 0x0, 0x0,
    0x0, 0x3, 0xff, 0xf4, 0x0, 0xb, 0xff, 0xf0,
    0x0, 0x0, 0x0, 0x0, 0x2f, 0xff, 0xc0, 0x0,
    0x1f, 0xff, 0xd0, 0x0, 0x0, 0x0, 0x0, 0xff,
    0xff, 0x0, 0x0, 0x3f, 0xff, 0xc0, 0x0, 0x0,
    0x0, 0x7, 0xff, 0xf8, 0x0, 0x0, 0xbf, 0xff,
    0x0, 0x0, 0x0, 0x0, 0x2f, 0xff, 0xc0, 0x0,
    0x1, 0xff, 0xfe, 0x0, 0x0, 0x0, 0x0, 0xff,
    0xff, 0x0, 0x0, 0x3, 0xff, 0xfc, 0x0, 0x0,
    0x0, 0x7, 0xff, 0xf8, 0x0, 0x0, 0xb, 0xff,
    0xf0, 0x0, 0x0, 0x0, 0x2f, 0xff, 0xc0, 0x0,
    0x0, 0x1f, 0xff, 0xe0, 0x0, 0x0, 0x0, 0xff,
    0xff, 0x0, 0x0, 0x0, 0x3f, 0xff, 0xc0, 0x0,
    0x0, 0x7, 0xff, 0xf8, 0x0, 0x0, 0x0, 0xbf,
    0xff, 0x40, 0x0, 0x0, 0x3f, 0xff, 0xff, 0xff,
    0xff, 0xff, 0xff, 0xfe, 0x0, 0x0, 0x0, 0xff,
    0xff, 0xff, 0xff, 0xff, 0xff, 0xff, 0xfc, 0x0,
    0x0, 0x7, 0xff, 0xff, 0xff, 0xff, 0xff, 0xff,
    0xff, 0xf4, 0x0, 0x0, 0x3f, 0xff, 0xff, 0xff,
    0xff, 0xff, 0xff, 0xff, 0xe0, 0x0, 0x0, 0xff,
    0xff, 0xff, 0xff, 0xff, 0xff, 0xff, 0xff, 0xc0,
    0x0, 0xb, 0xff, 0xff, 0xff, 0xff, 0xff, 0xff,
    0xff, 0xff, 0x40, 0x0, 0x3f, 0xff, 0xff, 0xff,
    0xff, 0xff, 0xff, 0xff, 0xff, 0x0, 0x1, 0xff,
    0xff, 0x0, 0x0, 0x0, 0x0, 0x3, 0xff, 0xfc,
    0x0, 0xb, 0xff, 0xf8, 0x0, 0x0, 0x0, 0x0,
    0xf, 0xff, 0xf8, 0x0, 0x3f, 0xff, 0xd0, 0x0,
    0x0, 0x0, 0x0, 0x1f, 0xff, 0xf0, 0x1, 0xff,
    0xff, 0x0, 0x0, 0x0, 0x0, 0x0, 0x3f, 0xff,
    0xc0, 0xb, 0xff, 0xf8, 0x0, 0x0, 0x0, 0x0,
    0x0, 0xff, 0xff, 0x80, 0x3f, 0xff, 0xd0, 0x0,
    0x0, 0x0, 0x0, 0x1, 0xff, 0xff, 0x1, 0xff,
    0xff, 0x0, 0x0, 0x0, 0x0, 0x0, 0x3, 0xff,
    0xfd, 0xf, 0xff, 0xf8, 0x0, 0x0, 0x0, 0x0,
    0x0, 0xf, 0xff, 0xf8, 0x3f, 0xff, 0xd0, 0x0,
    0x0, 0x0, 0x0, 0x0, 0x1f, 0xff, 0xf1, 0xff,
    0xff, 0x0, 0x0, 0x0, 0x0, 0x0, 0x0, 0x3f,
    0xff, 0xd0,

    /* U+0042 "B" */
    0x7f, 0xff, 0xff, 0xff, 0xff, 0xfe, 0x40, 0x0,
    0x0, 0x7f, 0xff, 0xff, 0xff, 0xff, 0xff, 0xfd,
    0x0, 0x0, 0x7f, 0xff, 0xff, 0xff, 0xff, 0xff,
    0xff, 0xd0, 0x0, 0x7f, 0xff, 0xff, 0xff, 0xff,
    0xff, 0xff, 0xf8, 0x0, 0x7f, 0xff, 0xff, 0xff,
    0xff, 0xff, 0xff, 0xfe, 0x0, 0x7f, 0xff, 0xff,
    0xff, 0xff, 0xff, 0xff, 0xff, 0x40, 0x7f, 0xff,
    0xff, 0xff, 0xff, 0xff, 0xff, 0xff, 0xc0, 0x7f,
    0xff, 0xc0, 0x0, 0x0, 0x1b, 0xff, 0xff, 0xe0,
    0x7f, 0xff, 0xc0, 0x0, 0x0, 0x0, 0xbf, 0xff,
    0xf0, 0x7f, 0xff, 0xc0, 0x0, 0x0, 0x0, 0x2f,
    0xff, 0xf0, 0x7f, 0xff, 0xc0, 0x0, 0x0, 0x0,
    0xf, 0xff, 0xf4, 0x7f, 0xff, 0xc0, 0x0, 0x0,
    0x0, 0xb, 0xff, 0xf8, 0x7f, 0xff, 0xc0, 0x0,
    0x0, 0x0, 0x7, 0xff, 0xf8, 0x7f, 0xff, 0xc0,
    0x0, 0x0, 0x0, 0x7, 0xff, 0xf8, 0x7f, 0xff,
    0xc0, 0x0, 0x0, 0x0, 0x7, 0xff, 0xf8, 0x7f,
    0xff, 0xc0, 0x0, 0x0, 0x0, 0x7, 0xff, 0xf8,
    0x7f, 0xff, 0xc0, 0x0, 0x0, 0x0, 0xb, 0xff,
    0xf4, 0x7f, 0xff, 0xc0, 0x0, 0x0, 0x0, 0xf,
    0xff, 0xf0, 0x7f, 0xff, 0xc0, 0x0, 0x0, 0x0,
    0x2f, 0xff, 0xe0, 0x7f, 0xff, 0xc0, 0x0, 0x0,
    0x0, 0xbf, 0xff, 0xc0, 0x7f, 0xff, 0xc0, 0x0,
    0x0, 0x1b, 0xff, 0xff, 0x80, 0x7f, 0xff, 0xff,
    0xff, 0xff, 0xff, 0xff, 0xfe, 0x0, 0x7f, 0xff,
    0xff, 0xff, 0xff, 0xff, 0xff, 0xf8, 0x0, 0x7f,
    0xff, 0xff, 0xff, 0xff, 0xff, 0xff, 0xd0, 0x0,
    0x7f, 0xff, 0xff, 0xff, 0xff, 0xff, 0xff, 0x80,
    0x0, 0x7f, 0xff, 0xff, 0xff, 0xff, 0xff, 0xff,
    0xf8, 0x0, 0x7f, 0xff, 0xff, 0xff, 0xff, 0xff,
    0xff, 0xff, 0x0, 0x7f, 0xff, 0xff, 0xff, 0xff,
    0xff, 0xff, 0xff, 0x80, 0x7f, 0xff, 0xc0, 0x0,
    0x0, 0x6, 0xff, 0xff, 0xd0, 0x7f, 0xff, 0xc0,
    0x0, 0x0, 0x0, 0x3f, 0xff, 0xf0, 0x7f, 0xff,
    0xc0, 0x0, 0x0, 0x0, 0xf, 0xff, 0xf4, 0x7f,
    0xff, 0xc0, 0x0, 0x0, 0x0, 0x7, 0xff, 0xfc,
    0x7f, 0xff, 0xc0, 0x0, 0x0, 0x0, 0x3, 0xff,
    0xfc, 0x7f, 0xff, 0xc0, 0x0, 0x0, 0x0, 0x2,
    0xff, 0xfd, 0x7f, 0xff, 0xc0, 0x0, 0x0, 0x0,
    0x2, 0xff, 0xfd, 0x7f, 0xff, 0xc0, 0x0, 0x0,
    0x0, 0x2, 0xff, 0xfd, 0x7f, 0xff, 0xc0, 0x0,
    0x0, 0x0, 0x2, 0xff, 0xfd, 0x7f, 0xff, 0xc0,
    0x0, 0x0, 0x0, 0x3, 0xff, 0xfd, 0x7f, 0xff,
    0xc0, 0x0, 0x0, 0x0, 0x3, 0xff, 0xfc, 0x7f,
    0xff, 0xc0, 0x0, 0x0, 0x0, 0xb, 0xff, 0xfc,
    0x7f, 0xff, 0xc0, 0x0, 0x0, 0x0, 0x1f, 0xff,
    0xfc, 0x7f, 0xff, 0xc0, 0x0, 0x0, 0x0, 0x7f,
    0xff, 0xf4, 0x7f, 0xff, 0xc0, 0x0, 0x0, 0x1b,
    0xff, 0xff, 0xf0, 0x7f, 0xff, 0xff, 0xff, 0xff,
    0xff, 0xff, 0xff, 0xe0, 0x7f, 0xff, 0xff, 0xff,
    0xff, 0xff, 0xff, 0xff, 0xc0, 0x7f, 0xff, 0xff,
    0xff, 0xff, 0xff, 0xff, 0xff, 0x0, 0x7f, 0xff,
    0xff, 0xff, 0xff, 0xff, 0xff, 0xfc, 0x0, 0x7f,
    0xff, 0xff, 0xff, 0xff, 0xff, 0xff, 0xe0, 0x0,
    0x7f, 0xff, 0xff, 0xff, 0xff, 0xff, 0xfe, 0x0,
    0x0, 0x7f, 0xff, 0xff, 0xff, 0xff, 0xff, 0x90,
    0x0, 0x0,

    /* U+0043 "C" */
    0x0, 0x0, 0x0, 0x0, 0x0, 0x0, 0x0, 0x0,
    0x0, 0x0, 0x0, 0x1, 0xbf, 0xff, 0xfe, 0x40,
    0x0, 0x0, 0x0, 0x0, 0x2f, 0xff, 0xff, 0xff,
    0xf8, 0x0, 0x0, 0x0, 0x2, 0xff, 0xff, 0xff,
    0xff, 0xff, 0x80, 0x0, 0x0, 0xf, 0xff, 0xff,
    0xff, 0xff, 0xff, 0xf0, 0x0, 0x0, 0x7f, 0xff,
    0xff, 0xff, 0xff, 0xff, 0xfc, 0x0, 0x0, 0xff,
    0xff, 0xff, 0xff, 0xff, 0xff, 0xff, 0x0, 0x3,
    0xff, 0xff, 0xff, 0xff, 0xff, 0xff, 0xff, 0x80,
    0x7, 0xff, 0xff, 0xf4, 0x0, 0x6f, 0xff, 0xff,
    0xd0, 0xf, 0xff, 0xff, 0x40, 0x0, 0x1, 0xff,
    0xff, 0xf0, 0x1f, 0xff, 0xfc, 0x0, 0x0, 0x0,
    0x3f, 0xff, 0xf4, 0x2f, 0xff, 0xf0, 0x0, 0x0,
    0x0, 0xf, 0xff, 0xf8, 0x3f, 0xff, 0xe0, 0x0,
    0x0, 0x0, 0xb, 0xff, 0xfc, 0x7f, 0xff, 0xc0,
    0x0, 0x0, 0x0, 0x3, 0xff, 0xfc, 0x7f, 0xff,
    0xc0, 0x0, 0x0, 0x0, 0x3, 0xff, 0xfd, 0xbf,
    0xff, 0x80, 0x0, 0x0, 0x0, 0x2, 0xff, 0xfd,
    0xff, 0xff, 0x40, 0x0, 0x0, 0x0, 0x1, 0xaa,
    0xa9, 0xff, 0xff, 0x0, 0x0, 0x0, 0x0, 0x0,
    0x0, 0x0, 0xff, 0xff, 0x0, 0x0, 0x0, 0x0,
    0x0, 0x0, 0x0, 0xff, 0xff, 0x0, 0x0, 0x0,
    0x0, 0x0, 0x0, 0x0, 0xff, 0xff, 0x0, 0x0,
    0x0, 0x0, 0x0, 0x0, 0x0, 0xff, 0xff, 0x0,
    0x0, 0x0, 0x0, 0x0, 0x0, 0x0, 0xff, 0xff,
    0x0, 0x0, 0x0, 0x0, 0x0, 0x0, 0x0, 0xff,
    0xff, 0x0, 0x0, 0x0, 0x0, 0x0, 0x0, 0x0,
    0xff, 0xff, 0x0, 0x0, 0x0, 0x0, 0x0, 0x0,
    0x0, 0xff, 0xff, 0x0, 0x0, 0x0, 0x0, 0x0,
    0x0, 0x0, 0xff, 0xff, 0x0, 0x0, 0x0, 0x0,
    0x0, 0x0, 0x0, 0xff, 0xff, 0x0, 0x0, 0x0,
    0x0, 0x0, 0x0, 0x0, 0xff, 0xff, 0x0, 0x0,
    0x0, 0x0, 0x0, 0x0, 0x0, 0xff, 0xff, 0x0,
    0x0, 0x0, 0x0, 0x0, 0x0, 0x0, 0xff, 0xff,
    0x0, 0x0, 0x0, 0x0, 0x0, 0x0, 0x0, 0xff,
    0xff, 0x0, 0x0, 0x0, 0x0, 0x0, 0x0, 0x0,
    0xff, 0xff, 0x0, 0x0, 0x0, 0x0, 0x0, 0x0,
    0x0, 0xff, 0xff, 0x0, 0x0, 0x0, 0x0, 0x0,
    0x0, 0x0, 0xff, 0xff, 0x0, 0x0, 0x0, 0x0,
    0x0, 0x0, 0x0, 0xff, 0xff, 0x0, 0x0, 0x0,
    0x0, 0x0, 0x0, 0x0, 0xff, 0xff, 0x40, 0x0,
    0x0, 0x0, 0x1, 0xaa, 0xa8, 0xbf, 0xff, 0x80,
    0x0, 0x0, 0x0, 0x2, 0xff, 0xfd, 0x7f, 0xff,
    0xc0, 0x0, 0x0, 0x0, 0x3, 0xff, 0xfc, 0x7f,
    0xff, 0xc0, 0x0, 0x0, 0x0, 0x3, 0xff, 0xfc,
    0x3f, 0xff, 0xe0, 0x0, 0x0, 0x0, 0xb, 0xff,
    0xfc, 0x2f, 0xff, 0xf4, 0x0, 0x0, 0x0, 0x1f,
    0xff, 0xf8, 0x1f, 0xff, 0xfd, 0x0, 0x0, 0x0,
    0x7f, 0xff, 0xf4, 0xf, 0xff, 0xff, 0x80, 0x0,
    0x2, 0xff, 0xff, 0xf0, 0x7, 0xff, 0xff, 0xfe,
    0x55, 0xbf, 0xff, 0xff, 0xd0, 0x3, 0xff, 0xff,
    0xff, 0xff, 0xff, 0xff, 0xff, 0xc0, 0x0, 0xff,
    0xff, 0xff, 0xff, 0xff, 0xff, 0xff, 0x0, 0x0,
    0x3f, 0xff, 0xff, 0xff, 0xff, 0xff, 0xfc, 0x0,
    0x0, 0xf, 0xff, 0xff, 0xff, 0xff, 0xff, 0xf0,
    0x0, 0x0, 0x2, 0xff, 0xff, 0xff, 0xff, 0xff,
    0x80, 0x0, 0x0, 0x0, 0x2f, 0xff, 0xff, 0xff,
    0xf8, 0x0, 0x0, 0x0, 0x0, 0x0, 0x6f, 0xff,
    0xf9, 0x0, 0x0, 0x0,

    /* U+0044 "D" */
    0x7f, 0xff, 0xff, 0xff, 0xff, 0xf9, 0x0, 0x0,
    0x0, 0x7f, 0xff, 0xff, 0xff, 0xff, 0xff, 0xf4,
    0x0, 0x0, 0x7f, 0xff, 0xff, 0xff, 0xff, 0xff,
    0xff, 0x40, 0x0, 0x7f, 0xff, 0xff, 0xff, 0xff,
    0xff, 0xff, 0xe0, 0x0, 0x7f, 0xff, 0xff, 0xff,
    0xff, 0xff, 0xff, 0xfc, 0x0, 0x7f, 0xff, 0xff,
    0xff, 0xff, 0xff, 0xff, 0xfe, 0x0, 0x7f, 0xff,
    0xff, 0xff, 0xff, 0xff, 0xff, 0xff, 0x80, 0x7f,
    0xff, 0xc0, 0x0, 0x1, 0x6f, 0xff, 0xff, 0xc0,
    0x7f, 0xff, 0xc0, 0x0, 0x0, 0x2, 0xff, 0xff,
    0xe0, 0x7f, 0xff, 0xc0, 0x0, 0x0, 0x0, 0x7f,
    0xff, 0xf0, 0x7f, 0xff, 0xc0, 0x0, 0x0, 0x0,
    0x2f, 0xff, 0xf4, 0x7f, 0xff, 0xc0, 0x0, 0x0,
    0x0, 0xf, 0xff, 0xfc, 0x7f, 0xff, 0xc0, 0x0,
    0x0, 0x0, 0xb, 0xff, 0xfc, 0x7f, 0xff, 0xc0,
    0x0, 0x0, 0x0, 0x3, 0xff, 0xfc, 0x7f, 0xff,
    0xc0, 0x0, 0x0, 0x0, 0x3, 0xff, 0xfd, 0x7f,
    0xff, 0xc0, 0x0, 0x0, 0x0, 0x2, 0xff, 0xfe,
    0x7f, 0xff, 0xc0, 0x0, 0x0, 0x0, 0x2, 0xff,
    0xfe, 0x7f, 0xff, 0xc0, 0x0, 0x0, 0x0, 0x1,
    0xff, 0xfe, 0x7f, 0xff, 0xc0, 0x0, 0x0, 0x0,
    0x1, 0xff, 0xfe, 0x7f, 0xff, 0xc0, 0x0, 0x0,
    0x0, 0x1, 0xff, 0xfe, 0x7f, 0xff, 0xc0, 0x0,
    0x0, 0x0, 0x1, 0xff, 0xfe, 0x7f, 0xff, 0xc0,
    0x0, 0x0, 0x0, 0x1, 0xff, 0xfe, 0x7f, 0xff,
    0xc0, 0x0, 0x0, 0x0, 0x1, 0xff, 0xfe, 0x7f,
    0xff, 0xc0, 0x0, 0x0, 0x0, 0x1, 0xff, 0xfe,
    0x7f, 0xff, 0xc0, 0x0, 0x0, 0x0, 0x1, 0xff,
    0xfe, 0x7f, 0xff, 0xc0, 0x0, 0x0, 0x0, 0x1,
    0xff, 0xfe, 0x7f, 0xff, 0xc0, 0x0, 0x0, 0x0,
    0x1, 0xff, 0xfe, 0x7f, 0xff, 0xc0, 0x0, 0x0,
    0x0, 0x1, 0xff, 0xfe, 0x7f, 0xff, 0xc0, 0x0,
    0x0, 0x0, 0x1, 0xff, 0xfe, 0x7f, 0xff, 0xc0,
    0x0, 0x0, 0x0, 0x1, 0xff, 0xfe, 0x7f, 0xff,
    0xc0, 0x0, 0x0, 0x0, 0x1, 0xff, 0xfe, 0x7f,
    0xff, 0xc0, 0x0, 0x0, 0x0, 0x1, 0xff, 0xfe,
    0x7f, 0xff, 0xc0, 0x0, 0x0, 0x0, 0x1, 0xff,
    0xfe, 0x7f, 0xff, 0xc0, 0x0, 0x0, 0x0, 0x2,
    0xff, 0xfe, 0x7f, 0xff, 0xc0, 0x0, 0x0, 0x0,
    0x2, 0xff, 0xfd, 0x7f, 0xff, 0xc0, 0x0, 0x0,
    0x0, 0x3, 0xff, 0xfd, 0x7f, 0xff, 0xc0, 0x0,
    0x0, 0x0, 0x3, 0xff, 0xfc, 0x7f, 0xff, 0xc0,
    0x0, 0x0, 0x0, 0xb, 0xff, 0xfc, 0x7f, 0xff,
    0xc0, 0x0, 0x0, 0x0, 0xf, 0xff, 0xf8, 0x7f,
    0xff, 0xc0, 0x0, 0x0, 0x0, 0x2f, 0xff, 0xf4,
    0x7f, 0xff, 0xc0, 0x0, 0x0, 0x0, 0x7f, 0xff,
    0xf0, 0x7f, 0xff, 0xc0, 0x0, 0x0, 0x2, 0xff,
    0xff, 0xe0, 0x7f, 0xff, 0xc0, 0x0, 0x1, 0x6f,
    0xff, 0xff, 0xc0, 0x7f, 0xff, 0xff, 0xff, 0xff,
    0xff, 0xff, 0xff, 0x40, 0x7f, 0xff, 0xff, 0xff,
    0xff, 0xff, 0xff, 0xfe, 0x0, 0x7f, 0xff, 0xff,
    0xff, 0xff, 0xff, 0xff, 0xf8, 0x0, 0x7f, 0xff,
    0xff, 0xff, 0xff, 0xff, 0xff, 0xe0, 0x0, 0x7f,
    0xff, 0xff, 0xff, 0xff, 0xff, 0xff, 0x40, 0x0,
    0x7f, 0xff, 0xff, 0xff, 0xff, 0xff, 0xe4, 0x0,
    0x0, 0x7f, 0xff, 0xff, 0xff, 0xff, 0xe9, 0x0,
    0x0, 0x0,

    /* U+0045 "E" */
    0x7f, 0xff, 0xff, 0xff, 0xff, 0xff, 0xff, 0xff,
    0xdf, 0xff, 0xff, 0xff, 0xff, 0xff, 0xff, 0xff,
    0xf7, 0xff, 0xff, 0xff, 0xff, 0xff, 0xff, 0xff,
    0xfd, 0xff, 0xff, 0xff, 0xff, 0xff, 0xff, 0xff,
    0xff, 0x7f, 0xff, 0xff, 0xff, 0xff, 0xff, 0xff,
    0xff, 0xdf, 0xff, 0xff, 0xff, 0xff, 0xff, 0xff,
    0xff, 0xf7, 0xff, 0xff, 0xff, 0xff, 0xff, 0xff,
    0xff, 0xfd, 0xff, 0xff, 0x0, 0x0, 0x0, 0x0,
    0x0, 0x0, 0x7f, 0xff, 0xc0, 0x0, 0x0, 0x0,
    0x0, 0x0, 0x1f, 0xff, 0xf0, 0x0, 0x0, 0x0,
    0x0, 0x0, 0x7, 0xff, 0xfc, 0x0, 0x0, 0x0,
    0x0, 0x0, 0x1, 0xff, 0xff, 0x0, 0x0, 0x0,
    0x0, 0x0, 0x0, 0x7f, 0xff, 0xc0, 0x0, 0x0,
    0x0, 0x0, 0x0, 0x1f, 0xff, 0xf0, 0x0, 0x0,
    0x0, 0x0, 0x0, 0x7, 0xff, 0xfc, 0x0, 0x0,
    0x0, 0x0, 0x0, 0x1, 0xff, 0xff, 0x0, 0x0,
    0x0, 0x0, 0x0, 0x0, 0x7f, 0xff, 0xc0, 0x0,
    0x0, 0x0, 0x0, 0x0, 0x1f, 0xff, 0xf0, 0x0,
    0x0, 0x0, 0x0, 0x0, 0x7, 0xff, 0xfc, 0x0,
    0x0, 0x0, 0x0, 0x0, 0x1, 0xff, 0xff, 0x0,
    0x0, 0x0, 0x0, 0x0, 0x0, 0x7f, 0xff, 0xc0,
    0x0, 0x0, 0x0, 0x0, 0x0, 0x1f, 0xff, 0xff,
    0xff, 0xff, 0xff, 0xff, 0xf4, 0x7, 0xff, 0xff,
    0xff, 0xff, 0xff, 0xff, 0xfd, 0x1, 0xff, 0xff,
    0xff, 0xff, 0xff, 0xff, 0xff, 0x40, 0x7f, 0xff,
    0xff, 0xff, 0xff, 0xff, 0xff, 0xd0, 0x1f, 0xff,
    0xff, 0xff, 0xff, 0xff, 0xff, 0xf4, 0x7, 0xff,
    0xff, 0xff, 0xff, 0xff, 0xff, 0xfd, 0x1, 0xff,
    0xff, 0xff, 0xff, 0xff, 0xff, 0xff, 0x40, 0x7f,
    0xff, 0xc0, 0x0, 0x0, 0x0, 0x0, 0x0, 0x1f,
    0xff, 0xf0, 0x0, 0x0, 0x0, 0x0, 0x0, 0x7,
    0xff, 0xfc, 0x0, 0x0, 0x0, 0x0, 0x0, 0x1,
    0xff, 0xff, 0x0, 0x0, 0x0, 0x0, 0x0, 0x0,
    0x7f, 0xff, 0xc0, 0x0, 0x0, 0x0, 0x0, 0x0,
    0x1f, 0xff, 0xf0, 0x0, 0x0, 0x0, 0x0, 0x0,
    0x7, 0xff, 0xfc, 0x0, 0x0, 0x0, 0x0, 0x0,
    0x1, 0xff, 0xff, 0x0, 0x0, 0x0, 0x0, 0x0,
    0x0, 0x7f, 0xff, 0xc0, 0x0, 0x0, 0x0, 0x0,
    0x0, 0x1f, 0xff, 0xf0, 0x0, 0x0, 0x0, 0x0,
    0x0, 0x7, 0xff, 0xfc, 0x0, 0x0, 0x0, 0x0,
    0x0, 0x1, 0xff, 0xff, 0x0, 0x0, 0x0, 0x0,
    0x0, 0x0, 0x7f, 0xff, 0xc0, 0x0, 0x0, 0x0,
    0x0, 0x0, 0x1f, 0xff, 0xf0, 0x0, 0x0, 0x0,
    0x0, 0x0, 0x7, 0xff, 0xfc, 0x0, 0x0, 0x0,
    0x0, 0x0, 0x1, 0xff, 0xff, 0xff, 0xff, 0xff,
    0xff, 0xff, 0xff, 0x7f, 0xff, 0xff, 0xff, 0xff,
    0xff, 0xff, 0xff, 0xdf, 0xff, 0xff, 0xff, 0xff,
    0xff, 0xff, 0xff, 0xf7, 0xff, 0xff, 0xff, 0xff,
    0xff, 0xff, 0xff, 0xfd, 0xff, 0xff, 0xff, 0xff,
    0xff, 0xff, 0xff, 0xff, 0x7f, 0xff, 0xff, 0xff,
    0xff, 0xff, 0xff, 0xff, 0xdf, 0xff, 0xff, 0xff,
    0xff, 0xff, 0xff, 0xff, 0xf0,

    /* U+0046 "F" */
    0x7f, 0xff, 0xff, 0xff, 0xff, 0xff, 0xff, 0xff,
    0xdf, 0xff, 0xff, 0xff, 0xff, 0xff, 0xff, 0xff,
    0xf7, 0xff, 0xff, 0xff, 0xff, 0xff, 0xff, 0xff,
    0xfd, 0xff, 0xff, 0xff, 0xff, 0xff, 0xff, 0xff,
    0xff, 0x7f, 0xff, 0xff, 0xff, 0xff, 0xff, 0xff,
    0xff, 0xdf, 0xff, 0xff, 0xff, 0xff, 0xff, 0xff,
    0xff, 0xf7, 0xff, 0xff, 0xff, 0xff, 0xff, 0xff,
    0xff, 0xfd, 0xff, 0xff, 0x0, 0x0, 0x0, 0x0,
    0x0, 0x0, 0x7f, 0xff, 0xc0, 0x0, 0x0, 0x0,
    0x0, 0x0, 0x1f, 0xff, 0xf0, 0x0, 0x0, 0x0,
    0x0, 0x0, 0x7, 0xff, 0xfc, 0x0, 0x0, 0x0,
    0x0, 0x0, 0x1, 0xff, 0xff, 0x0, 0x0, 0x0,
    0x0, 0x0, 0x0, 0x7f, 0xff, 0xc0, 0x0, 0x0,
    0x0, 0x0, 0x0, 0x1f, 0xff, 0xf0, 0x0, 0x0,
    0x0, 0x0, 0x0, 0x7, 0xff, 0xfc, 0x0, 0x0,
    0x0, 0x0, 0x0, 0x1, 0xff, 0xff, 0x0, 0x0,
    0x0, 0x0, 0x0, 0x0, 0x7f, 0xff, 0xc0, 0x0,
    0x0, 0x0, 0x0, 0x0, 0x1f, 0xff, 0xf0, 0x0,
    0x0, 0x0, 0x0, 0x0, 0x7, 0xff, 0xfc, 0x0,
    0x0, 0x0, 0x0, 0x0, 0x1, 0xff, 0xff, 0x0,
    0x0, 0x0, 0x0, 0x0, 0x0, 0x7f, 0xff, 0xc0,
    0x0, 0x0, 0x0, 0x0, 0x0, 0x1f, 0xff, 0xff,
    0xff, 0xff, 0xff, 0xff, 0xf4, 0x7, 0xff, 0xff,
    0xff, 0xff, 0xff, 0xff, 0xfd, 0x1, 0xff, 0xff,
    0xff, 0xff, 0xff, 0xff, 0xff, 0x40, 0x7f, 0xff,
    0xff, 0xff, 0xff, 0xff, 0xff, 0xd0, 0x1f, 0xff,
    0xff, 0xff, 0xff, 0xff, 0xff, 0xf4, 0x7, 0xff,
    0xff, 0xff, 0xff, 0xff, 0xff, 0xfd, 0x1, 0xff,
    0xff, 0xff, 0xff, 0xff, 0xff, 0xff, 0x40, 0x7f,
    0xff, 0xc0, 0x0, 0x0, 0x0, 0x0, 0x0, 0x1f,
    0xff, 0xf0, 0x0, 0x0, 0x0, 0x0, 0x0, 0x7,
    0xff, 0xfc, 0x0, 0x0, 0x0, 0x0, 0x0, 0x1,
    0xff, 0xff, 0x0, 0x0, 0x0, 0x0, 0x0, 0x0,
    0x7f, 0xff, 0xc0, 0x0, 0x0, 0x0, 0x0, 0x0,
    0x1f, 0xff, 0xf0, 0x0, 0x0, 0x0, 0x0, 0x0,
    0x7, 0xff, 0xfc, 0x0, 0x0, 0x0, 0x0, 0x0,
    0x1, 0xff, 0xff, 0x0, 0x0, 0x0, 0x0, 0x0,
    0x0, 0x7f, 0xff, 0xc0, 0x0, 0x0, 0x0, 0x0,
    0x0, 0x1f, 0xff, 0xf0, 0x0, 0x0, 0x0, 0x0,
    0x0, 0x7, 0xff, 0xfc, 0x0, 0x0, 0x0, 0x0,
    0x0, 0x1, 0xff, 0xff, 0x0, 0x0, 0x0, 0x0,
    0x0, 0x0, 0x7f, 0xff, 0xc0, 0x0, 0x0, 0x0,
    0x0, 0x0, 0x1f, 0xff, 0xf0, 0x0, 0x0, 0x0,
    0x0, 0x0, 0x7, 0xff, 0xfc, 0x0, 0x0, 0x0,
    0x0, 0x0, 0x1, 0xff, 0xff, 0x0, 0x0, 0x0,
    0x0, 0x0, 0x0, 0x7f, 0xff, 0xc0, 0x0, 0x0,
    0x0, 0x0, 0x0, 0x1f, 0xff, 0xf0, 0x0, 0x0,
    0x0, 0x0, 0x0, 0x7, 0xff, 0xfc, 0x0, 0x0,
    0x0, 0x0, 0x0, 0x1, 0xff, 0xff, 0x0, 0x0,
    0x0, 0x0, 0x0, 0x0, 0x7f, 0xff, 0xc0, 0x0,
    0x0, 0x0, 0x0, 0x0, 0x1f, 0xff, 0xf0, 0x0,
    0x0, 0x0, 0x0, 0x0, 0x0,

    /* U+0047 "G" */
    0x0, 0x0, 0x0, 0x0, 0x0, 0x0, 0x0, 0x0,
    0x0, 0x0, 0x0, 0x1, 0xbf, 0xff, 0xfe, 0x40,
    0x0, 0x0, 0x0, 0x0, 0x6f, 0xff, 0xff, 0xff,
    0xf8, 0x0, 0x0, 0x0, 0x2, 0xff, 0xff, 0xff,
    0xff, 0xff, 0x40, 0x0, 0x0, 0x1f, 0xff, 0xff,
    0xff, 0xff, 0xff, 0xe0, 0x0, 0x0, 0x7f, 0xff,
    0xff, 0xff, 0xff, 0xff, 0xfc, 0x0, 0x0, 0xff,
    0xff, 0xff, 0xff, 0xff, 0xff, 0xff, 0x0, 0x3,
    0xff, 0xff, 0xff, 0xff, 0xff, 0xff, 0xff, 0x80,
    0x7, 0xff, 0xff, 0xf4, 0x0, 0x6f, 0xff, 0xff,
    0xc0, 0xf, 0xff, 0xff, 0x40, 0x0, 0x1, 0xff,
    0xff, 0xf0, 0x1f, 0xff, 0xfc, 0x0, 0x0, 0x0,
    0x3f, 0xff, 0xf0, 0x2f, 0xff, 0xf0, 0x0, 0x0,
    0x0, 0xf, 0xff, 0xf8, 0x3f, 0xff, 0xe0, 0x0,
    0x0, 0x0, 0xb, 0xff, 0xfc, 0x7f, 0xff, 0xc0,
    0x0, 0x0, 0x0, 0x3, 0xff, 0xfc, 0x7f, 0xff,
    0xc0, 0x0, 0x0, 0x0, 0x3, 0xff, 0xfc, 0xbf,
    0xff, 0x80, 0x0, 0x0, 0x0, 0x2, 0xff, 0xfd,
    0xff, 0xff, 0x40, 0x0, 0x0, 0x0, 0x2, 0xff,
    0xfd, 0xff, 0xff, 0x0, 0x0, 0x0, 0x0, 0x0,
    0x0, 0x0, 0xff, 0xff, 0x0, 0x0, 0x0, 0x0,
    0x0, 0x0, 0x0, 0xff, 0xff, 0x0, 0x0, 0x0,
    0x0, 0x0, 0x0, 0x0, 0xff, 0xff, 0x0, 0x0,
    0x0, 0x0, 0x0, 0x0, 0x0, 0xff, 0xff, 0x0,
    0x0, 0x0, 0x0, 0x0, 0x0, 0x0, 0xff, 0xff,
    0x0, 0x0, 0x0, 0x0, 0x0, 0x0, 0x0, 0xff,
    0xff, 0x0, 0x0, 0x0, 0x0, 0x0, 0x0, 0x0,
    0xff, 0xff, 0x0, 0x0, 0x0, 0x0, 0x0, 0x0,
    0x0, 0xff, 0xff, 0x0, 0x0, 0x1f, 0xff, 0xff,
    0xff, 0xfd, 0xff, 0xff, 0x0, 0x0, 0x1f, 0xff,
    0xff, 0xff, 0xfd, 0xff, 0xff, 0x0, 0x0, 0x1f,
    0xff, 0xff, 0xff, 0xfd, 0xff, 0xff, 0x0, 0x0,
    0x1f, 0xff, 0xff, 0xff, 0xfd, 0xff, 0xff, 0x0,
    0x0, 0x1f, 0xff, 0xff, 0xff, 0xfd, 0xff, 0xff,
    0x0, 0x0, 0x1f, 0xff, 0xff, 0xff, 0xfd, 0xff,
    0xff, 0x0, 0x0, 0xa, 0xaa, 0xab, 0xff, 0xfd,
    0xff, 0xff, 0x0, 0x0, 0x0, 0x0, 0x1, 0xff,
    0xfd, 0xff, 0xff, 0x0, 0x0, 0x0, 0x0, 0x1,
    0xff, 0xfd, 0xff, 0xff, 0x0, 0x0, 0x0, 0x0,
    0x1, 0xff, 0xfd, 0xff, 0xff, 0x0, 0x0, 0x0,
    0x0, 0x1, 0xff, 0xfd, 0xff, 0xff, 0x40, 0x0,
    0x0, 0x0, 0x2, 0xff, 0xfd, 0xbf, 0xff, 0x80,
    0x0, 0x0, 0x0, 0x2, 0xff, 0xfc, 0x7f, 0xff,
    0xc0, 0x0, 0x0, 0x0, 0x3, 0xff, 0xfc, 0x7f,
    0xff, 0xc0, 0x0, 0x0, 0x0, 0x3, 0xff, 0xfc,
    0x3f, 0xff, 0xe0, 0x0, 0x0, 0x0, 0xb, 0xff,
    0xf8, 0x2f, 0xff, 0xf4, 0x0, 0x0, 0x0, 0x1f,
    0xff, 0xf4, 0x1f, 0xff, 0xfd, 0x0, 0x0, 0x0,
    0x7f, 0xff, 0xf0, 0xf, 0xff, 0xff, 0x80, 0x0,
    0x2, 0xff, 0xff, 0xe0, 0x7, 0xff, 0xff, 0xfe,
    0x55, 0xbf, 0xff, 0xff, 0xc0, 0x3, 0xff, 0xff,
    0xff, 0xff, 0xff, 0xff, 0xff, 0x40, 0x0, 0xff,
    0xff, 0xff, 0xff, 0xff, 0xff, 0xfe, 0x0, 0x0,
    0x3f, 0xff, 0xff, 0xff, 0xff, 0xff, 0xf8, 0x0,
    0x0, 0xf, 0xff, 0xff, 0xff, 0xff, 0xff, 0xe0,
    0x0, 0x0, 0x2, 0xff, 0xff, 0xff, 0xff, 0xff,
    0x40, 0x0, 0x0, 0x0, 0x2f, 0xff, 0xff, 0xff,
    0xf4, 0x0, 0x0, 0x0, 0x0, 0x0, 0x6f, 0xff,
    0xe9, 0x0, 0x0, 0x0,

    /* U+0048 "H" */
    0x7f, 0xff, 0xc0, 0x0, 0x0, 0x0, 0x2, 0xff,
    0xfe, 0x7f, 0xff, 0xc0, 0x0, 0x0, 0x0, 0x2,
    0xff, 0xfe, 0x7f, 0xff, 0xc0, 0x0, 0x0, 0x0,
    0x2, 0xff, 0xfe, 0x7f, 0xff, 0xc0, 0x0, 0x0,
    0x0, 0x2, 0xff, 0xfe, 0x7f, 0xff, 0xc0, 0x0,
    0x0, 0x0, 0x2, 0xff, 0xfe, 0x7f, 0xff, 0xc0,
    0x0, 0x0, 0x0, 0x2, 0xff, 0xfe, 0x7f, 0xff,
    0xc0, 0x0, 0x0, 0x0, 0x2, 0xff, 0xfe, 0x7f,
    0xff, 0xc0, 0x0, 0x0, 0x0, 0x2, 0xff, 0xfe,
    0x7f, 0xff, 0xc0, 0x0, 0x0, 0x0, 0x2, 0xff,
    0xfe, 0x7f, 0xff, 0xc0, 0x0, 0x0, 0x0, 0x2,
    0xff, 0xfe, 0x7f, 0xff, 0xc0, 0x0, 0x0, 0x0,
    0x2, 0xff, 0xfe, 0x7f, 0xff, 0xc0, 0x0, 0x0,
    0x0, 0x2, 0xff, 0xfe, 0x7f, 0xff, 0xc0, 0x0,
    0x0, 0x0, 0x2, 0xff, 0xfe, 0x7f, 0xff, 0xc0,
    0x0, 0x0, 0x0, 0x2, 0xff, 0xfe, 0x7f, 0xff,
    0xc0, 0x0, 0x0, 0x0, 0x2, 0xff, 0xfe, 0x7f,
    0xff, 0xc0, 0x0, 0x0, 0x0, 0x2, 0xff, 0xfe,
    0x7f, 0xff, 0xc0, 0x0, 0x0, 0x0, 0x2, 0xff,
    0xfe, 0x7f, 0xff, 0xc0, 0x0, 0x0, 0x0, 0x2,
    0xff, 0xfe, 0x7f, 0xff, 0xc0, 0x0, 0x0, 0x0,
    0x2, 0xff, 0xfe, 0x7f, 0xff, 0xc0, 0x0, 0x0,
    0x0, 0x2, 0xff, 0xfe, 0x7f, 0xff, 0xc0, 0x0,
    0x0, 0x0, 0x2, 0xff, 0xfe, 0x7f, 0xff, 0xff,
    0xff, 0xff, 0xff, 0xff, 0xff, 0xfe, 0x7f, 0xff,
    0xff, 0xff, 0xff, 0xff, 0xff, 0xff, 0xfe, 0x7f,
    0xff, 0xff, 0xff, 0xff, 0xff, 0xff, 0xff, 0xfe,
    0x7f, 0xff, 0xff, 0xff, 0xff, 0xff, 0xff, 0xff,
    0xfe, 0x7f, 0xff, 0xff, 0xff, 0xff, 0xff, 0xff,
    0xff, 0xfe, 0x7f, 0xff, 0xff, 0xff, 0xff, 0xff,
    0xff, 0xff, 0xfe, 0x7f, 0xff, 0xff, 0xff, 0xff,
    0xff, 0xff, 0xff, 0xfe, 0x7f, 0xff, 0xc0, 0x0,
    0x0, 0x0, 0x2, 0xff, 0xfe, 0x7f, 0xff, 0xc0,
    0x0, 0x0, 0x0, 0x2, 0xff, 0xfe, 0x7f, 0xff,
    0xc0, 0x0, 0x0, 0x0, 0x2, 0xff, 0xfe, 0x7f,
    0xff, 0xc0, 0x0, 0x0, 0x0, 0x2, 0xff, 0xfe,
    0x7f, 0xff, 0xc0, 0x0, 0x0, 0x0, 0x2, 0xff,
    0xfe, 0x7f, 0xff, 0xc0, 0x0, 0x0, 0x0, 0x2,
    0xff, 0xfe, 0x7f, 0xff, 0xc0, 0x0, 0x0, 0x0,
    0x2, 0xff, 0xfe, 0x7f, 0xff, 0xc0, 0x0, 0x0,
    0x0, 0x2, 0xff, 0xfe, 0x7f, 0xff, 0xc0, 0x0,
    0x0, 0x0, 0x2, 0xff, 0xfe, 0x7f, 0xff, 0xc0,
    0x0, 0x0, 0x0, 0x2, 0xff, 0xfe, 0x7f, 0xff,
    0xc0, 0x0, 0x0, 0x0, 0x2, 0xff, 0xfe, 0x7f,
    0xff, 0xc0, 0x0, 0x0, 0x0, 0x2, 0xff, 0xfe,
    0x7f, 0xff, 0xc0, 0x0, 0x0, 0x0, 0x2, 0xff,
    0xfe, 0x7f, 0xff, 0xc0, 0x0, 0x0, 0x0, 0x2,
    0xff, 0xfe, 0x7f, 0xff, 0xc0, 0x0, 0x0, 0x0,
    0x2, 0xff, 0xfe, 0x7f, 0xff, 0xc0, 0x0, 0x0,
    0x0, 0x2, 0xff, 0xfe, 0x7f, 0xff, 0xc0, 0x0,
    0x0, 0x0, 0x2, 0xff, 0xfe, 0x7f, 0xff, 0xc0,
    0x0, 0x0, 0x0, 0x2, 0xff, 0xfe, 0x7f, 0xff,
    0xc0, 0x0, 0x0, 0x0, 0x2, 0xff, 0xfe, 0x7f,
    0xff, 0xc0, 0x0, 0x0, 0x0, 0x2, 0xff, 0xfe,
    0x7f, 0xff, 0xc0, 0x0, 0x0, 0x0, 0x2, 0xff,
    0xfe, 0x7f, 0xff, 0xc0, 0x0, 0x0, 0x0, 0x2,
    0xff, 0xfe,

    /* U+0049 "I" */
    0x3f, 0xff, 0xcf, 0xff, 0xf3, 0xff, 0xfc, 0xff,
    0xff, 0x3f, 0xff, 0xcf, 0xff, 0xf3, 0xff, 0xfc,
    0xff, 0xff, 0x3f, 0xff, 0xcf, 0xff, 0xf3, 0xff,
    0xfc, 0xff, 0xff, 0x3f, 0xff, 0xcf, 0xff, 0xf3,
    0xff, 0xfc, 0xff, 0xff, 0x3f, 0xff, 0xcf, 0xff,
    0xf3, 0xff, 0xfc, 0xff, 0xff, 0x3f, 0xff, 0xcf,
    0xff, 0xf3, 0xff, 0xfc, 0xff, 0xff, 0x3f, 0xff,
    0xcf, 0xff, 0xf3, 0xff, 0xfc, 0xff, 0xff, 0x3f,
    0xff, 0xcf, 0xff, 0xf3, 0xff, 0xfc, 0xff, 0xff,
    0x3f, 0xff, 0xcf, 0xff, 0xf3, 0xff, 0xfc, 0xff,
    0xff, 0x3f, 0xff, 0xcf, 0xff, 0xf3, 0xff, 0xfc,
    0xff, 0xff, 0x3f, 0xff, 0xcf, 0xff, 0xf3, 0xff,
    0xfc, 0xff, 0xff, 0x3f, 0xff, 0xcf, 0xff, 0xf3,
    0xff, 0xfc, 0xff, 0xff, 0x3f, 0xff, 0xcf, 0xff,
    0xf0,

    /* U+004A "J" */
    0x0, 0x0, 0x3f, 0xff, 0xc0, 0x0, 0x3, 0xff,
    0xfc, 0x0, 0x0, 0x3f, 0xff, 0xc0, 0x0, 0x3,
    0xff, 0xfc, 0x0, 0x0, 0x3f, 0xff, 0xc0, 0x0,
    0x3, 0xff, 0xfc, 0x0, 0x0, 0x3f, 0xff, 0xc0,
    0x0, 0x3, 0xff, 0xfc, 0x0, 0x0, 0x3f, 0xff,
    0xc0, 0x0, 0x3, 0xff, 0xfc, 0x0, 0x0, 0x3f,
    0xff, 0xc0, 0x0, 0x3, 0xff, 0xfc, 0x0, 0x0,
    0x3f, 0xff, 0xc0, 0x0, 0x3, 0xff, 0xfc, 0x0,
    0x0, 0x3f, 0xff, 0xc0, 0x0, 0x3, 0xff, 0xfc,
    0x0, 0x0, 0x3f, 0xff, 0xc0, 0x0, 0x3, 0xff,
    0xfc, 0x0, 0x0, 0x3f, 0xff, 0xc0, 0x0, 0x3,
    0xff, 0xfc, 0x0, 0x0, 0x3f, 0xff, 0xc0, 0x0,
    0x3, 0xff, 0xfc, 0x0, 0x0, 0x3f, 0xff, 0xc0,
    0x0, 0x3, 0xff, 0xfc, 0x0, 0x0, 0x3f, 0xff,
    0xc0, 0x0, 0x3, 0xff, 0xfc, 0x0, 0x0, 0x3f,
    0xff, 0xc0, 0x0, 0x3, 0xff, 0xfc, 0x0, 0x0,
    0x3f, 0xff, 0xc0, 0x0, 0x3, 0xff, 0xfc, 0x0,
    0x0, 0x3f, 0xff, 0xc0, 0x0, 0x3, 0xff, 0xfc,
    0x0, 0x0, 0x3f, 0xff, 0xc0, 0x0, 0x3, 0xff,
    0xfc, 0x0, 0x0, 0x3f, 0xff, 0xc0, 0x0, 0x3,
    0xff, 0xfc, 0x0, 0x0, 0x3f, 0xff, 0xc0, 0x0,
    0x3, 0xff, 0xfc, 0x0, 0x0, 0x3f, 0xff, 0xc0,
    0x0, 0x3, 0xff, 0xfc, 0x0, 0x0, 0x7f, 0xff,
    0xc0, 0x0, 0xf, 0xff, 0xfc, 0x0, 0x7, 0xff,
    0xff, 0xc3, 0xff, 0xff, 0xff, 0xf8, 0x3f, 0xff,
    0xff, 0xff, 0x3, 0xff, 0xff, 0xff, 0xe0, 0x3f,
    0xff, 0xff, 0xfc, 0x3, 0xff, 0xff, 0xff, 0x0,
    0x3f, 0xff, 0xff, 0x80, 0x3, 0xff, 0xfe, 0x40,
    0x0,

    /* U+004B "K" */
    0x7f, 0xff, 0xc0, 0x0, 0x0, 0x0, 0x1, 0xff,
    0xff, 0xc0, 0x7f, 0xff, 0xc0, 0x0, 0x0, 0x0,
    0x3, 0xff, 0xff, 0x40, 0x7f, 0xff, 0xc0, 0x0,
    0x0, 0x0, 0xf, 0xff, 0xfe, 0x0, 0x7f, 0xff,
    0xc0, 0x0, 0x0, 0x0, 0x2f, 0xff, 0xfc, 0x0,
    0x7f, 0xff, 0xc0, 0x0, 0x0, 0x0, 0x7f, 0xff,
    0xf0, 0x0, 0x7f, 0xff, 0xc0, 0x0, 0x0, 0x1,
    0xff, 0xff, 0xc0, 0x0, 0x7f, 0xff, 0xc0, 0x0,
    0x0, 0x3, 0xff, 0xff, 0x40, 0x0, 0x7f, 0xff,
    0xc0, 0x0, 0x0, 0xb, 0xff, 0xfe, 0x0, 0x0,
    0x7f, 0xff, 0xc0, 0x0, 0x0, 0x2f, 0xff, 0xfc,
    0x0, 0x0, 0x7f, 0xff, 0xc0, 0x0, 0x0, 0x7f,
    0xff, 0xf0, 0x0, 0x0, 0x7f, 0xff, 0xc0, 0x0,
    0x0, 0xff, 0xff, 0xc0, 0x0, 0x0, 0x7f, 0xff,
    0xc0, 0x0, 0x3, 0xff, 0xff, 0x40, 0x0, 0x0,
    0x7f, 0xff, 0xc0, 0x0, 0xb, 0xff, 0xfe, 0x0,
    0x0, 0x0, 0x7f, 0xff, 0xc0, 0x0, 0x1f, 0xff,
    0xfc, 0x0, 0x0, 0x0, 0x7f, 0xff, 0xc0, 0x0,
    0x3f, 0xff, 0xf0, 0x0, 0x0, 0x0, 0x7f, 0xff,
    0xc0, 0x0, 0xff, 0xff, 0xc0, 0x0, 0x0, 0x0,
    0x7f, 0xff, 0xc0, 0x2, 0xff, 0xff, 0x40, 0x0,
    0x0, 0x0, 0x7f, 0xff, 0xc0, 0x7, 0xff, 0xfe,
    0x0, 0x0, 0x0, 0x0, 0x7f, 0xff, 0xc0, 0xf,
    0xff, 0xfc, 0x0, 0x0, 0x0, 0x0, 0x7f, 0xff,
    0xc0, 0x3f, 0xff, 0xf0, 0x0, 0x0, 0x0, 0x0,
    0x7f, 0xff, 0xc0, 0xbf, 0xff, 0xf0, 0x0, 0x0,
    0x0, 0x0, 0x7f, 0xff, 0xc1, 0xff, 0xff, 0xf8,
    0x0, 0x0, 0x0, 0x0, 0x7f, 0xff, 0xc3, 0xff,
    0xff, 0xfc, 0x0, 0x0, 0x0, 0x0, 0x7f, 0xff,
    0xcf, 0xff, 0xff, 0xff, 0x0, 0x0, 0x0, 0x0,
    0x7f, 0xff, 0xef, 0xff, 0xff, 0xff, 0x40, 0x0,
    0x0, 0x0, 0x7f, 0xff, 0xff, 0xff, 0xff, 0xff,
    0xc0, 0x0, 0x0, 0x0, 0x7f, 0xff, 0xff, 0xff,
    0xbf, 0xff, 0xe0, 0x0, 0x0, 0x0, 0x7f, 0xff,
    0xff, 0xfe, 0x3f, 0xff, 0xf0, 0x0, 0x0, 0x0,
    0x7f, 0xff, 0xff, 0xfc, 0x1f, 0xff, 0xf8, 0x0,
    0x0, 0x0, 0x7f, 0xff, 0xff, 0xf0, 0xb, 0xff,
    0xfd, 0x0, 0x0, 0x0, 0x7f, 0xff, 0xff, 0xd0,
    0x3, 0xff, 0xff, 0x0, 0x0, 0x0, 0x7f, 0xff,
    0xff, 0x40, 0x2, 0xff, 0xff, 0x40, 0x0, 0x0,
    0x7f, 0xff, 0xfe, 0x0, 0x0, 0xff, 0xff, 0xc0,
    0x0, 0x0, 0x7f, 0xff, 0xfc, 0x0, 0x0, 0x7f,
    0xff, 0xe0, 0x0, 0x0, 0x7f, 0xff, 0xf0, 0x0,
    0x0, 0x3f, 0xff, 0xf0, 0x0, 0x0, 0x7f, 0xff,
    0xd0, 0x0, 0x0, 0x1f, 0xff, 0xf8, 0x0, 0x0,
    0x7f, 0xff, 0xc0, 0x0, 0x0, 0xf, 0xff, 0xfd,
    0x0, 0x0, 0x7f, 0xff, 0xc0, 0x0, 0x0, 0x3,
    0xff, 0xff, 0x0, 0x0, 0x7f, 0xff, 0xc0, 0x0,
    0x0, 0x2, 0xff, 0xff, 0x40, 0x0, 0x7f, 0xff,
    0xc0, 0x0, 0x0, 0x0, 0xff, 0xff, 0xc0, 0x0,
    0x7f, 0xff, 0xc0, 0x0, 0x0, 0x0, 0xbf, 0xff,
    0xe0, 0x0, 0x7f, 0xff, 0xc0, 0x0, 0x0, 0x0,
    0x3f, 0xff, 0xf0, 0x0, 0x7f, 0xff, 0xc0, 0x0,
    0x0, 0x0, 0x1f, 0xff, 0xfc, 0x0, 0x7f, 0xff,
    0xc0, 0x0, 0x0, 0x0, 0xf, 0xff, 0xfd, 0x0,
    0x7f, 0xff, 0xc0, 0x0, 0x0, 0x0, 0x7, 0xff,
    0xff, 0x0, 0x7f, 0xff, 0xc0, 0x0, 0x0, 0x0,
    0x2, 0xff, 0xff, 0x80, 0x7f, 0xff, 0xc0, 0x0,
    0x0, 0x0, 0x0, 0xff, 0xff, 0xc0, 0x7f, 0xff,
    0xc0, 0x0, 0x0, 0x0, 0x0, 0xbf, 0xff, 0xe0,
    0x7f, 0xff, 0xc0, 0x0, 0x0, 0x0, 0x0, 0x3f,
    0xff, 0xf0, 0x7f, 0xff, 0xc0, 0x0, 0x0, 0x0,
    0x0, 0x1f, 0xff, 0xfc,

    /* U+004C "L" */
    0x7f, 0xff, 0xc0, 0x0, 0x0, 0x0, 0x0, 0x0,
    0x7f, 0xff, 0xc0, 0x0, 0x0, 0x0, 0x0, 0x0,
    0x7f, 0xff, 0xc0, 0x0, 0x0, 0x0, 0x0, 0x0,
    0x7f, 0xff, 0xc0, 0x0, 0x0, 0x0, 0x0, 0x0,
    0x7f, 0xff, 0xc0, 0x0, 0x0, 0x0, 0x0, 0x0,
    0x7f, 0xff, 0xc0, 0x0, 0x0, 0x0, 0x0, 0x0,
    0x7f, 0xff, 0xc0, 0x0, 0x0, 0x0, 0x0, 0x0,
    0x7f, 0xff, 0xc0, 0x0, 0x0, 0x0, 0x0, 0x0,
    0x7f, 0xff, 0xc0, 0x0, 0x0, 0x0, 0x0, 0x0,
    0x7f, 0xff, 0xc0, 0x0, 0x0, 0x0, 0x0, 0x0,
    0x7f, 0xff, 0xc0, 0x0, 0x0, 0x0, 0x0, 0x0,
    0x7f, 0xff, 0xc0, 0x0, 0x0, 0x0, 0x0, 0x0,
    0x7f, 0xff, 0xc0, 0x0, 0x0, 0x0, 0x0, 0x0,
    0x7f, 0xff, 0xc0, 0x0, 0x0, 0x0, 0x0, 0x0,
    0x7f, 0xff, 0xc0, 0x0, 0x0, 0x0, 0x0, 0x0,
    0x7f, 0xff, 0xc0, 0x0, 0x0, 0x0, 0x0, 0x0,
    0x7f, 0xff, 0xc0, 0x0, 0x0, 0x0, 0x0, 0x0,
    0x7f, 0xff, 0xc0, 0x0, 0x0, 0x0, 0x0, 0x0,
    0x7f, 0xff, 0xc0, 0x0, 0x0, 0x0, 0x0, 0x0,
    0x7f, 0xff, 0xc0, 0x0, 0x0, 0x0, 0x0, 0x0,
    0x7f, 0xff, 0xc0, 0x0, 0x0, 0x0, 0x0, 0x0,
    0x7f, 0xff, 0xc0, 0x0, 0x0, 0x0, 0x0, 0x0,
    0x7f, 0xff, 0xc0, 0x0, 0x0, 0x0, 0x0, 0x0,
    0x7f, 0xff, 0xc0, 0x0, 0x0, 0x0, 0x0, 0x0,
    0x7f, 0xff, 0xc0, 0x0, 0x0, 0x0, 0x0, 0x0,
    0x7f, 0xff, 0xc0, 0x0, 0x0, 0x0, 0x0, 0x0,
    0x7f, 0xff, 0xc0, 0x0, 0x0, 0x0, 0x0, 0x0,
    0x7f, 0xff, 0xc0, 0x0, 0x0, 0x0, 0x0, 0x0,
    0x7f, 0xff, 0xc0, 0x0, 0x0, 0x0, 0x0, 0x0,
    0x7f, 0xff, 0xc0, 0x0, 0x0, 0x0, 0x0, 0x0,
    0x7f, 0xff, 0xc0, 0x0, 0x0, 0x0, 0x0, 0x0,
    0x7f, 0xff, 0xc0, 0x0, 0x0, 0x0, 0x0, 0x0,
    0x7f, 0xff, 0xc0, 0x0, 0x0, 0x0, 0x0, 0x0,
    0x7f, 0xff, 0xc0, 0x0, 0x0, 0x0, 0x0, 0x0,
    0x7f, 0xff, 0xc0, 0x0, 0x0, 0x0, 0x0, 0x0,
    0x7f, 0xff, 0xc0, 0x0, 0x0, 0x0, 0x0, 0x0,
    0x7f, 0xff, 0xc0, 0x0, 0x0, 0x0, 0x0, 0x0,
    0x7f, 0xff, 0xc0, 0x0, 0x0, 0x0, 0x0, 0x0,
    0x7f, 0xff, 0xc0, 0x0, 0x0, 0x0, 0x0, 0x0,
    0x7f, 0xff, 0xc0, 0x0, 0x0, 0x0, 0x0, 0x0,
    0x7f, 0xff, 0xc0, 0x0, 0x0, 0x0, 0x0, 0x0,
    0x7f, 0xff, 0xc0, 0x0, 0x0, 0x0, 0x0, 0x0,
    0x7f, 0xff, 0xc0, 0x0, 0x0, 0x0, 0x0, 0x0,
    0x7f, 0xff, 0xff, 0xff, 0xff, 0xff, 0xff, 0xfe,
    0x7f, 0xff, 0xff, 0xff, 0xff, 0xff, 0xff, 0xfe,
    0x7f, 0xff, 0xff, 0xff, 0xff, 0xff, 0xff, 0xfe,
    0x7f, 0xff, 0xff, 0xff, 0xff, 0xff, 0xff, 0xfe,
    0x7f, 0xff, 0xff, 0xff, 0xff, 0xff, 0xff, 0xfe,
    0x7f, 0xff, 0xff, 0xff, 0xff, 0xff, 0xff, 0xfe,
    0x7f, 0xff, 0xff, 0xff, 0xff, 0xff, 0xff, 0xfe,

    /* U+004D "M" */
    0xbf, 0xff, 0x80, 0x0, 0x0, 0x0, 0x0, 0x0,
    0x1, 0xff, 0xff, 0xbf, 0xff, 0xc0, 0x0, 0x0,
    0x0, 0x0, 0x0, 0x3, 0xff, 0xff, 0xbf, 0xff,
    0xe0, 0x0, 0x0, 0x0, 0x0, 0x0, 0x3, 0xff,
    0xff, 0xbf, 0xff, 0xf0, 0x0, 0x0, 0x0, 0x0,
    0x0, 0xb, 0xff, 0xff, 0xbf, 0xff, 0xf4, 0x0,
    0x0, 0x0, 0x0, 0x0, 0xf, 0xff, 0xff, 0xbf,
    0xff, 0xfc, 0x0, 0x0, 0x0, 0x0, 0x0, 0x2f,
    0xff, 0xff, 0xbf, 0xff, 0xfd, 0x0, 0x0, 0x0,
    0x0, 0x0, 0x3f, 0xff, 0xff, 0xbf, 0xff, 0xff,
    0x0, 0x0, 0x0, 0x0, 0x0, 0xbf, 0xff, 0xff,
    0xbf, 0xff, 0xff, 0x40, 0x0, 0x0, 0x0, 0x0,
    0xff, 0xff, 0xff, 0xbf, 0xff, 0xff, 0xc0, 0x0,
    0x0, 0x0, 0x1, 0xff, 0xff, 0xff, 0xbf, 0xff,
    0xff, 0xd0, 0x0, 0x0, 0x0, 0x3, 0xff, 0xff,
    0xff, 0xbf, 0xff, 0xff, 0xe0, 0x0, 0x0, 0x0,
    0x7, 0xff, 0xff, 0xff, 0xbf, 0xff, 0xff, 0xf0,
    0x0, 0x0, 0x0, 0xf, 0xff, 0xff, 0xff, 0xbf,
    0xff, 0xff, 0xf8, 0x0, 0x0, 0x0, 0x1f, 0xff,
    0xff, 0xff, 0xbf, 0xff, 0xff, 0xfc, 0x0, 0x0,
    0x0, 0x3f, 0xff, 0xff, 0xff, 0xbf, 0xff, 0xff,
    0xfe, 0x0, 0x0, 0x0, 0x3f, 0xff, 0xff, 0xff,
    0xbf, 0xff, 0xff, 0xff, 0x0, 0x0, 0x0, 0xbf,
    0xff, 0xff, 0xff, 0xbf, 0xff, 0xff, 0xff, 0x80,
    0x0, 0x0, 0xff, 0xff, 0xff, 0xff, 0xbf, 0xff,
    0x7f, 0xff, 0xc0, 0x0, 0x2, 0xff, 0xfd, 0xff,
    0xff, 0xbf, 0xff, 0x5f, 0xff, 0xd0, 0x0, 0x3,
    0xff, 0xfc, 0xff, 0xff, 0xbf, 0xff, 0x4f, 0xff,
    0xf0, 0x0, 0xb, 0xff, 0xf4, 0xff, 0xff, 0xbf,
    0xff, 0x4b, 0xff, 0xf4, 0x0, 0xf, 0xff, 0xf0,
    0xff, 0xff, 0xbf, 0xff, 0x43, 0xff, 0xfc, 0x0,
    0x1f, 0xff, 0xd0, 0xff, 0xff, 0xbf, 0xff, 0x42,
    0xff, 0xfd, 0x0, 0x3f, 0xff, 0xc0, 0xff, 0xff,
    0xbf, 0xff, 0x40, 0xff, 0xff, 0x0, 0x7f, 0xff,
    0x40, 0xff, 0xff, 0xbf, 0xff, 0x40, 0xbf, 0xff,
    0x40, 0xff, 0xff, 0x0, 0xff, 0xff, 0xbf, 0xff,
    0x40, 0x3f, 0xff, 0x81, 0xff, 0xfd, 0x0, 0xff,
    0xff, 0xbf, 0xff, 0x40, 0x2f, 0xff, 0xc3, 0xff,
    0xfc, 0x0, 0xff, 0xff, 0xbf, 0xff, 0x40, 0xf,
    0xff, 0xe3, 0xff, 0xf8, 0x0, 0xff, 0xff, 0xbf,
    0xff, 0x40, 0xb, 0xff, 0xff, 0xff, 0xf0, 0x0,
    0xff, 0xff, 0xbf, 0xff, 0x40, 0x3, 0xff, 0xff,
    0xff, 0xe0, 0x0, 0xff, 0xff, 0xbf, 0xff, 0x40,
    0x3, 0xff, 0xff, 0xff, 0xc0, 0x0, 0xff, 0xff,
    0xbf, 0xff, 0x40, 0x1, 0xff, 0xff, 0xff, 0x80,
    0x0, 0xff, 0xff, 0xbf, 0xff, 0x40, 0x0, 0xff,
    0xff, 0xff, 0x0, 0x0, 0xff, 0xff, 0xbf, 0xff,
    0x40, 0x0, 0x7f, 0xff, 0xfe, 0x0, 0x0, 0xff,
    0xff, 0xbf, 0xff, 0x40, 0x0, 0x3f, 0xff, 0xfc,
    0x0, 0x0, 0xff, 0xff, 0xbf, 0xff, 0x40, 0x0,
    0x1f, 0xff, 0xf8, 0x0, 0x0, 0xff, 0xff, 0xbf,
    0xff, 0x40, 0x0, 0xf, 0xff, 0xf4, 0x0, 0x0,
    0xff, 0xff, 0xbf, 0xff, 0x40, 0x0, 0x7, 0xff,
    0xf0, 0x0, 0x0, 0xff, 0xff, 0xbf, 0xff, 0x40,
    0x0, 0x3, 0xff, 0xd0, 0x0, 0x0, 0xff, 0xff,
    0xbf, 0xff, 0x40, 0x0, 0x0, 0x55, 0x0, 0x0,
    0x0, 0xff, 0xff, 0xbf, 0xff, 0x40, 0x0, 0x0,
    0x0, 0x0, 0x0, 0x0, 0xff, 0xff, 0xbf, 0xff,
    0x40, 0x0, 0x0, 0x0, 0x0, 0x0, 0x0, 0xff,
    0xff, 0xbf, 0xff, 0x40, 0x0, 0x0, 0x0, 0x0,
    0x0, 0x0, 0xff, 0xff, 0xbf, 0xff, 0x40, 0x0,
    0x0, 0x0, 0x0, 0x0, 0x0, 0xff, 0xff, 0xbf,
    0xff, 0x40, 0x0, 0x0, 0x0, 0x0, 0x0, 0x0,
    0xff, 0xff, 0xbf, 0xff, 0x40, 0x0, 0x0, 0x0,
    0x0, 0x0, 0x0, 0xff, 0xff, 0xbf, 0xff, 0x40,
    0x0, 0x0, 0x0, 0x0, 0x0, 0x0, 0xff, 0xff,
    0xbf, 0xff, 0x40, 0x0, 0x0, 0x0, 0x0, 0x0,
    0x0, 0xff, 0xff, 0xbf, 0xff, 0x40, 0x0, 0x0,
    0x0, 0x0, 0x0, 0x0, 0xff, 0xff,

    /* U+004E "N" */
    0x7f, 0xff, 0xc0, 0x0, 0x0, 0x0, 0x0, 0x1f,
    0xff, 0xe7, 0xff, 0xfe, 0x0, 0x0, 0x0, 0x0,
    0x1, 0xff, 0xfe, 0x7f, 0xff, 0xf4, 0x0, 0x0,
    0x0, 0x0, 0x1f, 0xff, 0xe7, 0xff, 0xff, 0xc0,
    0x0, 0x0, 0x0, 0x1, 0xff, 0xfe, 0x7f, 0xff,
    0xfe, 0x0, 0x0, 0x0, 0x0, 0x1f, 0xff, 0xe7,
    0xff, 0xff, 0xf0, 0x0, 0x0, 0x0, 0x1, 0xff,
    0xfe, 0x7f, 0xff, 0xff, 0x80, 0x0, 0x0, 0x0,
    0x1f, 0xff, 0xe7, 0xff, 0xff, 0xfd, 0x0, 0x0,
    0x0, 0x1, 0xff, 0xfe, 0x7f, 0xff, 0xff, 0xf0,
    0x0, 0x0, 0x0, 0x1f, 0xff, 0xe7, 0xff, 0xff,
    0xff, 0x80, 0x0, 0x0, 0x1, 0xff, 0xfe, 0x7f,
    0xff, 0xff, 0xfc, 0x0, 0x0, 0x0, 0x1f, 0xff,
    0xe7, 0xff, 0xff, 0xff, 0xf0, 0x0, 0x0, 0x1,
    0xff, 0xfe, 0x7f, 0xff, 0xff, 0xff, 0x40, 0x0,
    0x0, 0x1f, 0xff, 0xe7, 0xff, 0xff, 0xff, 0xfc,
    0x0, 0x0, 0x1, 0xff, 0xfe, 0x7f, 0xff, 0xff,
    0xff, 0xe0, 0x0, 0x0, 0x1f, 0xff, 0xe7, 0xff,
    0xff, 0xff, 0xff, 0x0, 0x0, 0x1, 0xff, 0xfe,
    0x7f, 0xff, 0xff, 0xff, 0xfc, 0x0, 0x0, 0x1f,
    0xff, 0xe7, 0xff, 0xfc, 0xff, 0xff, 0xd0, 0x0,
    0x1, 0xff, 0xfe, 0x7f, 0xff, 0xcb, 0xff, 0xff,
    0x0, 0x0, 0x1f, 0xff, 0xe7, 0xff, 0xfc, 0x3f,
    0xff, 0xf8, 0x0, 0x1, 0xff, 0xfe, 0x7f, 0xff,
    0xc1, 0xff, 0xff, 0xc0, 0x0, 0x1f, 0xff, 0xe7,
    0xff, 0xfc, 0xb, 0xff, 0xff, 0x0, 0x1, 0xff,
    0xfe, 0x7f, 0xff, 0xc0, 0x3f, 0xff, 0xf4, 0x0,
    0x1f, 0xff, 0xe7, 0xff, 0xfc, 0x2, 0xff, 0xff,
    0xc0, 0x1, 0xff, 0xfe, 0x7f, 0xff, 0xc0, 0xf,
    0xff, 0xfe, 0x0, 0x1f, 0xff, 0xe7, 0xff, 0xfc,
    0x0, 0x7f, 0xff, 0xf0, 0x1, 0xff, 0xfe, 0x7f,
    0xff, 0xc0, 0x2, 0xff, 0xff, 0xc0, 0x1f, 0xff,
    0xe7, 0xff, 0xfc, 0x0, 0xf, 0xff, 0xfd, 0x1,
    0xff, 0xfe, 0x7f, 0xff, 0xc0, 0x0, 0x7f, 0xff,
    0xf0, 0x1f, 0xff, 0xe7, 0xff, 0xfc, 0x0, 0x3,
    0xff, 0xff, 0x81, 0xff, 0xfe, 0x7f, 0xff, 0xc0,
    0x0, 0x1f, 0xff, 0xfd, 0x1f, 0xff, 0xe7, 0xff,
    0xfc, 0x0, 0x0, 0xbf, 0xff, 0xf1, 0xff, 0xfe,
    0x7f, 0xff, 0xc0, 0x0, 0x3, 0xff, 0xff, 0x5f,
    0xff, 0xe7, 0xff, 0xfc, 0x0, 0x0, 0x1f, 0xff,
    0xfe, 0xff, 0xfe, 0x7f, 0xff, 0xc0, 0x0, 0x0,
    0xff, 0xff, 0xff, 0xff, 0xe7, 0xff, 0xfc, 0x0,
    0x0, 0x3, 0xff, 0xff, 0xff, 0xfe, 0x7f, 0xff,
    0xc0, 0x0, 0x0, 0x2f, 0xff, 0xff, 0xff, 0xe7,
    0xff, 0xfc, 0x0, 0x0, 0x0, 0xff, 0xff, 0xff,
    0xfe, 0x7f, 0xff, 0xc0, 0x0, 0x0, 0x7, 0xff,
    0xff, 0xff, 0xe7, 0xff, 0xfc, 0x0, 0x0, 0x0,
    0x3f, 0xff, 0xff, 0xfe, 0x7f, 0xff, 0xc0, 0x0,
    0x0, 0x0, 0xff, 0xff, 0xff, 0xe7, 0xff, 0xfc,
    0x0, 0x0, 0x0, 0xb, 0xff, 0xff, 0xfe, 0x7f,
    0xff, 0xc0, 0x0, 0x0, 0x0, 0x3f, 0xff, 0xff,
    0xe7, 0xff, 0xfc, 0x0, 0x0, 0x0, 0x1, 0xff,
    0xff, 0xfe, 0x7f, 0xff, 0xc0, 0x0, 0x0, 0x0,
    0xf, 0xff, 0xff, 0xe7, 0xff, 0xfc, 0x0, 0x0,
    0x0, 0x0, 0x3f, 0xff, 0xfe, 0x7f, 0xff, 0xc0,
    0x0, 0x0, 0x0, 0x2, 0xff, 0xff, 0xe7, 0xff,
    0xfc, 0x0, 0x0, 0x0, 0x0, 0xf, 0xff, 0xfe,
    0x7f, 0xff, 0xc0, 0x0, 0x0, 0x0, 0x0, 0x7f,
    0xff, 0xe7, 0xff, 0xfc, 0x0, 0x0, 0x0, 0x0,
    0x3, 0xff, 0xfe,

    /* U+004F "O" */
    0x0, 0x0, 0x0, 0x0, 0x0, 0x0, 0x0, 0x0,
    0x0, 0x0, 0x0, 0x1, 0xbf, 0xff, 0xfe, 0x40,
    0x0, 0x0, 0x0, 0x0, 0x6f, 0xff, 0xff, 0xff,
    0xf4, 0x0, 0x0, 0x0, 0x2, 0xff, 0xff, 0xff,
    0xff, 0xff, 0x40, 0x0, 0x0, 0x1f, 0xff, 0xff,
    0xff, 0xff, 0xff, 0xe0, 0x0, 0x0, 0x7f, 0xff,
    0xff, 0xff, 0xff, 0xff, 0xf8, 0x0, 0x0, 0xff,
    0xff, 0xff, 0xff, 0xff, 0xff, 0xfe, 0x0, 0x3,
    0xff, 0xff, 0xff, 0xff, 0xff, 0xff, 0xff, 0x40,
    0x7, 0xff, 0xff, 0xf4, 0x0, 0x6f, 0xff, 0xff,
    0xc0, 0xf, 0xff, 0xff, 0x40, 0x0, 0x2, 0xff,
    0xff, 0xd0, 0x1f, 0xff, 0xfc, 0x0, 0x0, 0x0,
    0xbf, 0xff, 0xf0, 0x2f, 0xff, 0xf0, 0x0, 0x0,
    0x0, 0x2f, 0xff, 0xf0, 0x3f, 0xff, 0xd0, 0x0,
    0x0, 0x0, 0xf, 0xff, 0xf8, 0x7f, 0xff, 0xc0,
    0x0, 0x0, 0x0, 0xb, 0xff, 0xfc, 0x7f, 0xff,
    0xc0, 0x0, 0x0, 0x0, 0x7, 0xff, 0xfc, 0xbf,
    0xff, 0x80, 0x0, 0x0, 0x0, 0x3, 0xff, 0xfc,
    0xff, 0xff, 0x40, 0x0, 0x0, 0x0, 0x3, 0xff,
    0xfc, 0xff, 0xff, 0x0, 0x0, 0x0, 0x0, 0x3,
    0xff, 0xfd, 0xff, 0xff, 0x0, 0x0, 0x0, 0x0,
    0x2, 0xff, 0xfd, 0xff, 0xff, 0x0, 0x0, 0x0,
    0x0, 0x2, 0xff, 0xfd, 0xff, 0xff, 0x0, 0x0,
    0x0, 0x0, 0x2, 0xff, 0xfd, 0xff, 0xff, 0x0,
    0x0, 0x0, 0x0, 0x2, 0xff, 0xfd, 0xff, 0xff,
    0x0, 0x0, 0x0, 0x0, 0x2, 0xff, 0xfd, 0xff,
    0xff, 0x0, 0x0, 0x0, 0x0, 0x2, 0xff, 0xfd,
    0xff, 0xff, 0x0, 0x0, 0x0, 0x0, 0x2, 0xff,
    0xfd, 0xff, 0xff, 0x0, 0x0, 0x0, 0x0, 0x2,
    0xff, 0xfd, 0xff, 0xff, 0x0, 0x0, 0x0, 0x0,
    0x2, 0xff, 0xfd, 0xff, 0xff, 0x0, 0x0, 0x0,
    0x0, 0x2, 0xff, 0xfd, 0xff, 0xff, 0x0, 0x0,
    0x0, 0x0, 0x2, 0xff, 0xfd, 0xff, 0xff, 0x0,
    0x0, 0x0, 0x0, 0x2, 0xff, 0xfd, 0xff, 0xff,
    0x0, 0x0, 0x0, 0x0, 0x2, 0xff, 0xfd, 0xff,
    0xff, 0x0, 0x0, 0x0, 0x0, 0x2, 0xff, 0xfd,
    0xff, 0xff, 0x0, 0x0, 0x0, 0x0, 0x2, 0xff,
    0xfd, 0xff, 0xff, 0x0, 0x0, 0x0, 0x0, 0x2,
    0xff, 0xfd, 0xff, 0xff, 0x0, 0x0, 0x0, 0x0,
    0x2, 0xff, 0xfd, 0xff, 0xff, 0x0, 0x0, 0x0,
    0x0, 0x2, 0xff, 0xfd, 0xff, 0xff, 0x40, 0x0,
    0x0, 0x0, 0x3, 0xff, 0xfc, 0xbf, 0xff, 0x80,
    0x0, 0x0, 0x0, 0x3, 0xff, 0xfc, 0x7f, 0xff,
    0xc0, 0x0, 0x0, 0x0, 0x7, 0xff, 0xfc, 0x7f,
    0xff, 0xc0, 0x0, 0x0, 0x0, 0xb, 0xff, 0xf8,
    0x3f, 0xff, 0xe0, 0x0, 0x0, 0x0, 0xf, 0xff,
    0xf4, 0x2f, 0xff, 0xf0, 0x0, 0x0, 0x0, 0x3f,
    0xff, 0xf0, 0x1f, 0xff, 0xfc, 0x0, 0x0, 0x0,
    0xbf, 0xff, 0xe0, 0xf, 0xff, 0xff, 0x80, 0x0,
    0x7, 0xff, 0xff, 0xd0, 0x7, 0xff, 0xff, 0xfe,
    0x55, 0xbf, 0xff, 0xff, 0x80, 0x3, 0xff, 0xff,
    0xff, 0xff, 0xff, 0xff, 0xff, 0x0, 0x0, 0xff,
    0xff, 0xff, 0xff, 0xff, 0xff, 0xfd, 0x0, 0x0,
    0x3f, 0xff, 0xff, 0xff, 0xff, 0xff, 0xf4, 0x0,
    0x0, 0xf, 0xff, 0xff, 0xff, 0xff, 0xff, 0xd0,
    0x0, 0x0, 0x2, 0xff, 0xff, 0xff, 0xff, 0xfe,
    0x0, 0x0, 0x0, 0x0, 0x2f, 0xff, 0xff, 0xff,
    0xe0, 0x0, 0x0, 0x0, 0x0, 0x1, 0x6f, 0xff,
    0xe9, 0x0, 0x0, 0x0,

    /* U+0050 "P" */
    0x7f, 0xff, 0xff, 0xff, 0xff, 0xfe, 0x40, 0x0,
    0x0, 0x7f, 0xff, 0xff, 0xff, 0xff, 0xff, 0xf9,
    0x0, 0x0, 0x7f, 0xff, 0xff, 0xff, 0xff, 0xff,
    0xff, 0x80, 0x0, 0x7f, 0xff, 0xff, 0xff, 0xff,
    0xff, 0xff, 0xf4, 0x0, 0x7f, 0xff, 0xff, 0xff,
    0xff, 0xff, 0xff, 0xfd, 0x0, 0x7f, 0xff, 0xff,
    0xff, 0xff, 0xff, 0xff, 0xff, 0x0, 0x7f, 0xff,
    0xff, 0xff, 0xff, 0xff, 0xff, 0xff, 0xc0, 0x7f,
    0xff, 0xc0, 0x0, 0x0, 0x6f, 0xff, 0xff, 0xd0,
    0x7f, 0xff, 0xc0, 0x0, 0x0, 0x1, 0xff, 0xff,
    0xf0, 0x7f, 0xff, 0xc0, 0x0, 0x0, 0x0, 0x3f,
    0xff, 0xf4, 0x7f, 0xff, 0xc0, 0x0, 0x0, 0x0,
    0xf, 0xff, 0xf8, 0x7f, 0xff, 0xc0, 0x0, 0x0,
    0x0, 0xb, 0xff, 0xfc, 0x7f, 0xff, 0xc0, 0x0,
    0x0, 0x0, 0x7, 0xff, 0xfc, 0x7f, 0xff, 0xc0,
    0x0, 0x0, 0x0, 0x3, 0xff, 0xfc, 0x7f, 0xff,
    0xc0, 0x0, 0x0, 0x0, 0x3, 0xff, 0xfc, 0x7f,
    0xff, 0xc0, 0x0, 0x0, 0x0, 0x3, 0xff, 0xfc,
    0x7f, 0xff, 0xc0, 0x0, 0x0, 0x0, 0x3, 0xff,
    0xfc, 0x7f, 0xff, 0xc0, 0x0, 0x0, 0x0, 0x3,
    0xff, 0xfc, 0x7f, 0xff, 0xc0, 0x0, 0x0, 0x0,
    0x7, 0xff, 0xfc, 0x7f, 0xff, 0xc0, 0x0, 0x0,
    0x0, 0xf, 0xff, 0xf8, 0x7f, 0xff, 0xc0, 0x0,
    0x0, 0x0, 0x2f, 0xff, 0xf4, 0x7f, 0xff, 0xc0,
    0x0, 0x0, 0x0, 0xbf, 0xff, 0xf0, 0x7f, 0xff,
    0xc0, 0x0, 0x0, 0x1b, 0xff, 0xff, 0xe0, 0x7f,
    0xff, 0xff, 0xff, 0xff, 0xff, 0xff, 0xff, 0xc0,
    0x7f, 0xff, 0xff, 0xff, 0xff, 0xff, 0xff, 0xff,
    0x40, 0x7f, 0xff, 0xff, 0xff, 0xff, 0xff, 0xff,
    0xfd, 0x0, 0x7f, 0xff, 0xff, 0xff, 0xff, 0xff,
    0xff, 0xf4, 0x0, 0x7f, 0xff, 0xff, 0xff, 0xff,
    0xff, 0xff, 0xc0, 0x0, 0x7f, 0xff, 0xff, 0xff,
    0xff, 0xff, 0xfd, 0x0, 0x0, 0x7f, 0xff, 0xff,
    0xff, 0xff, 0xfe, 0x40, 0x0, 0x0, 0x7f, 0xff,
    0xc0, 0x0, 0x0, 0x0, 0x0, 0x0, 0x0, 0x7f,
    0xff, 0xc0, 0x0, 0x0, 0x0, 0x0, 0x0, 0x0,
    0x7f, 0xff, 0xc0, 0x0, 0x0, 0x0, 0x0, 0x0,
    0x0, 0x7f, 0xff, 0xc0, 0x0, 0x0, 0x0, 0x0,
    0x0, 0x0, 0x7f, 0xff, 0xc0, 0x0, 0x0, 0x0,
    0x0, 0x0, 0x0, 0x7f, 0xff, 0xc0, 0x0, 0x0,
    0x0, 0x0, 0x0, 0x0, 0x7f, 0xff, 0xc0, 0x0,
    0x0, 0x0, 0x0, 0x0, 0x0, 0x7f, 0xff, 0xc0,
    0x0, 0x0, 0x0, 0x0, 0x0, 0x0, 0x7f, 0xff,
    0xc0, 0x0, 0x0, 0x0, 0x0, 0x0, 0x0, 0x7f,
    0xff, 0xc0, 0x0, 0x0, 0x0, 0x0, 0x0, 0x0,
    0x7f, 0xff, 0xc0, 0x0, 0x0, 0x0, 0x0, 0x0,
    0x0, 0x7f, 0xff, 0xc0, 0x0, 0x0, 0x0, 0x0,
    0x0, 0x0, 0x7f, 0xff, 0xc0, 0x0, 0x0, 0x0,
    0x0, 0x0, 0x0, 0x7f, 0xff, 0xc0, 0x0, 0x0,
    0x0, 0x0, 0x0, 0x0, 0x7f, 0xff, 0xc0, 0x0,
    0x0, 0x0, 0x0, 0x0, 0x0, 0x7f, 0xff, 0xc0,
    0x0, 0x0, 0x0, 0x0, 0x0, 0x0, 0x7f, 0xff,
    0xc0, 0x0, 0x0, 0x0, 0x0, 0x0, 0x0, 0x7f,
    0xff, 0xc0, 0x0, 0x0, 0x0, 0x0, 0x0, 0x0,
    0x7f, 0xff, 0xc0, 0x0, 0x0, 0x0, 0x0, 0x0,
    0x0, 0x7f, 0xff, 0xc0, 0x0, 0x0, 0x0, 0x0,
    0x0, 0x0,

    /* U+0051 "Q" */
    0x0, 0x0, 0x0, 0x0, 0x0, 0x0, 0x0, 0x0,
    0x0, 0x0, 0x0, 0x1, 0xbf, 0xff, 0xfe, 0x40,
    0x0, 0x0, 0x0, 0x0, 0x6f, 0xff, 0xff, 0xff,
    0xf4, 0x0, 0x0, 0x0, 0x2, 0xff, 0xff, 0xff,
    0xff, 0xff, 0x40, 0x0, 0x0, 0x1f, 0xff, 0xff,
    0xff, 0xff, 0xff, 0xe0, 0x0, 0x0, 0x7f, 0xff,
    0xff, 0xff, 0xff, 0xff, 0xf8, 0x0, 0x0, 0xff,
    0xff, 0xff, 0xff, 0xff, 0xff, 0xfe, 0x0, 0x3,
    0xff, 0xff, 0xff, 0xff, 0xff, 0xff, 0xff, 0x40,
    0x7, 0xff, 0xff, 0xf4, 0x0, 0x6f, 0xff, 0xff,
    0xc0, 0xf, 0xff, 0xff, 0x40, 0x0, 0x2, 0xff,
    0xff, 0xd0, 0x1f, 0xff, 0xfc, 0x0, 0x0, 0x0,
    0xbf, 0xff, 0xf0, 0x2f, 0xff, 0xf0, 0x0, 0x0,
    0x0, 0x2f, 0xff, 0xf0, 0x3f, 0xff, 0xd0, 0x0,
    0x0, 0x0, 0xf, 0xff, 0xf8, 0x7f, 0xff, 0xc0,
    0x0, 0x0, 0x0, 0xb, 0xff, 0xfc, 0x7f, 0xff,
    0xc0, 0x0, 0x0, 0x0, 0x7, 0xff, 0xfc, 0xbf,
    0xff, 0x80, 0x0, 0x0, 0x0, 0x3, 0xff, 0xfc,
    0xff, 0xff, 0x40, 0x0, 0x0, 0x0, 0x3, 0xff,
    0xfc, 0xff, 0xff, 0x0, 0x0, 0x0, 0x0, 0x3,
    0xff, 0xfd, 0xff, 0xff, 0x0, 0x0, 0x0, 0x0,
    0x2, 0xff, 0xfd, 0xff, 0xff, 0x0, 0x0, 0x0,
    0x0, 0x2, 0xff, 0xfd, 0xff, 0xff, 0x0, 0x0,
    0x0, 0x0, 0x2, 0xff, 0xfd, 0xff, 0xff, 0x0,
    0x0, 0x0, 0x0, 0x2, 0xff, 0xfd, 0xff, 0xff,
    0x0, 0x0, 0x0, 0x0, 0x2, 0xff, 0xfd, 0xff,
    0xff, 0x0, 0x0, 0x0, 0x0, 0x2, 0xff, 0xfd,
    0xff, 0xff, 0x0, 0x0, 0x0, 0x0, 0x2, 0xff,
    0xfd, 0xff, 0xff, 0x0, 0x0, 0x0, 0x0, 0x2,
    0xff, 0xfd, 0xff, 0xff, 0x0, 0x0, 0x0, 0x0,
    0x2, 0xff, 0xfd, 0xff, 0xff, 0x0, 0x0, 0x0,
    0x0, 0x2, 0xff, 0xfd, 0xff, 0xff, 0x0, 0x0,
    0x0, 0x0, 0x2, 0xff, 0xfd, 0xff, 0xff, 0x0,
    0x0, 0x0, 0x0, 0x2, 0xff, 0xfd, 0xff, 0xff,
    0x0, 0x0, 0x0, 0x0, 0x2, 0xff, 0xfd, 0xff,
    0xff, 0x0, 0x0, 0x0, 0x0, 0x2, 0xff, 0xfd,
    0xff, 0xff, 0x0, 0x0, 0x0, 0x0, 0x2, 0xff,
    0xfd, 0xff, 0xff, 0x0, 0x0, 0x0, 0x0, 0x2,
    0xff, 0xfd, 0xff, 0xff, 0x0, 0x0, 0x0, 0x0,
    0x2, 0xff, 0xfd, 0xff, 0xff, 0x0, 0x0, 0x0,
    0x0, 0x2, 0xff, 0xfd, 0xff, 0xff, 0x40, 0x0,
    0x0, 0x0, 0x3, 0xff, 0xfc, 0xbf, 0xff, 0x80,
    0x0, 0x0, 0x0, 0x3, 0xff, 0xfc, 0x7f, 0xff,
    0xc0, 0x0, 0x0, 0x0, 0x7, 0xff, 0xfc, 0x7f,
    0xff, 0xc0, 0x0, 0x0, 0x0, 0xb, 0xff, 0xf8,
    0x3f, 0xff, 0xe0, 0x0, 0x0, 0x0, 0xf, 0xff,
    0xf4, 0x2f, 0xff, 0xf0, 0x0, 0x0, 0x0, 0x3f,
    0xff, 0xf0, 0x1f, 0xff, 0xfc, 0x0, 0x0, 0x0,
    0xbf, 0xff, 0xf0, 0xf, 0xff, 0xff, 0x40, 0x0,
    0x7, 0xff, 0xff, 0xd0, 0x7, 0xff, 0xff, 0xf9,
    0x55, 0xbf, 0xff, 0xff, 0xc0, 0x3, 0xff, 0xff,
    0xff, 0xff, 0xff, 0xff, 0xff, 0x0, 0x0, 0xff,
    0xff, 0xff, 0xff, 0xff, 0xff, 0xfd, 0x0, 0x0,
    0x3f, 0xff, 0xff, 0xff, 0xff, 0xff, 0xf4, 0x0,
    0x0, 0xf, 0xff, 0xff, 0xff, 0xff, 0xff, 0xd0,
    0x0, 0x0, 0x2, 0xff, 0xff, 0xff, 0xff, 0xff,
    0x40, 0x0, 0x0, 0x0, 0x2f, 0xff, 0xff, 0xff,
    0xff, 0xc0, 0x0, 0x0, 0x0, 0x1, 0x6f, 0xff,
    0xff, 0xff, 0xd0, 0x0, 0x0, 0x0, 0x0, 0x0,
    0x0, 0xf, 0xff, 0xf0, 0x0, 0x0, 0x0, 0x0,
    0x0, 0x0, 0xb, 0xff, 0xf8, 0x0, 0x0, 0x0,
    0x0, 0x0, 0x0, 0x3, 0xff, 0xfc, 0x0, 0x0,
    0x0, 0x0, 0x0, 0x0, 0x2, 0xff, 0xfe, 0x0,
    0x0, 0x0, 0x0, 0x0, 0x0, 0x0, 0xff, 0xff,
    0x0, 0x0, 0x0, 0x0, 0x0, 0x0, 0x0, 0x7f,
    0xff, 0x80, 0x0, 0x0, 0x0, 0x0, 0x0, 0x0,
    0x3f, 0xff, 0xc0, 0x0, 0x0, 0x0, 0x0, 0x0,
    0x0, 0x1f, 0xff, 0xc0, 0x0, 0x0, 0x0, 0x0,
    0x0, 0x0, 0xf, 0xfd, 0x0, 0x0, 0x0, 0x0,
    0x0, 0x0, 0x0, 0x7, 0xd0, 0x0, 0x0, 0x0,
    0x0, 0x0, 0x0, 0x0, 0x1, 0x0, 0x0,

    /* U+0052 "R" */
    0x7f, 0xff, 0xff, 0xff, 0xff, 0xfe, 0x40, 0x0,
    0x0, 0x1f, 0xff, 0xff, 0xff, 0xff, 0xff, 0xff,
    0x40, 0x0, 0x7, 0xff, 0xff, 0xff, 0xff, 0xff,
    0xff, 0xfc, 0x0, 0x1, 0xff, 0xff, 0xff, 0xff,
    0xff, 0xff, 0xff, 0xd0, 0x0, 0x7f, 0xff, 0xff,
    0xff, 0xff, 0xff, 0xff, 0xfd, 0x0, 0x1f, 0xff,
    0xff, 0xff, 0xff, 0xff, 0xff, 0xff, 0xd0, 0x7,
    0xff, 0xff, 0xff, 0xff, 0xff, 0xff, 0xff, 0xfc,
    0x1, 0xff, 0xff, 0x0, 0x0, 0x1, 0x6f, 0xff,
    0xff, 0x80, 0x7f, 0xff, 0xc0, 0x0, 0x0, 0x0,
    0xff, 0xff, 0xf0, 0x1f, 0xff, 0xf0, 0x0, 0x0,
    0x0, 0xb, 0xff, 0xfd, 0x7, 0xff, 0xfc, 0x0,
    0x0, 0x0, 0x0, 0xff, 0xff, 0x81, 0xff, 0xff,
    0x0, 0x0, 0x0, 0x0, 0x2f, 0xff, 0xf0, 0x7f,
    0xff, 0xc0, 0x0, 0x0, 0x0, 0x3, 0xff, 0xfc,
    0x1f, 0xff, 0xf0, 0x0, 0x0, 0x0, 0x0, 0xff,
    0xff, 0x7, 0xff, 0xfc, 0x0, 0x0, 0x0, 0x0,
    0x3f, 0xff, 0xc1, 0xff, 0xff, 0x0, 0x0, 0x0,
    0x0, 0xf, 0xff, 0xf0, 0x7f, 0xff, 0xc0, 0x0,
    0x0, 0x0, 0x3, 0xff, 0xfc, 0x1f, 0xff, 0xf0,
    0x0, 0x0, 0x0, 0x1, 0xff, 0xff, 0x7, 0xff,
    0xfc, 0x0, 0x0, 0x0, 0x0, 0xff, 0xff, 0x81,
    0xff, 0xff, 0x0, 0x0, 0x0, 0x0, 0x7f, 0xff,
    0xd0, 0x7f, 0xff, 0xc0, 0x0, 0x0, 0x0, 0x7f,
    0xff, 0xf0, 0x1f, 0xff, 0xf0, 0x0, 0x0, 0x1,
    0xff, 0xff, 0xf8, 0x7, 0xff, 0xfe, 0xaa, 0xaa,
    0xbf, 0xff, 0xff, 0xfc, 0x1, 0xff, 0xff, 0xff,
    0xff, 0xff, 0xff, 0xff, 0xfc, 0x0, 0x7f, 0xff,
    0xff, 0xff, 0xff, 0xff, 0xff, 0xfd, 0x0, 0x1f,
    0xff, 0xff, 0xff, 0xff, 0xff, 0xff, 0xfd, 0x0,
    0x7, 0xff, 0xff, 0xff, 0xff, 0xff, 0xff, 0xf8,
    0x0, 0x1, 0xff, 0xff, 0xff, 0xff, 0xff, 0xff,
    0xe0, 0x0, 0x0, 0x7f, 0xff, 0xff, 0xff, 0xff,
    0xff, 0xf0, 0x0, 0x0, 0x1f, 0xff, 0xf0, 0x0,
    0x7, 0xff, 0xfd, 0x0, 0x0, 0x7, 0xff, 0xfc,
    0x0, 0x0, 0xff, 0xff, 0xc0, 0x0, 0x1, 0xff,
    0xff, 0x0, 0x0, 0x1f, 0xff, 0xf4, 0x0, 0x0,
    0x7f, 0xff, 0xc0, 0x0, 0x3, 0xff, 0xff, 0x0,
    0x0, 0x1f, 0xff, 0xf0, 0x0, 0x0, 0x7f, 0xff,
    0xd0, 0x0, 0x7, 0xff, 0xfc, 0x0, 0x0, 0xf,
    0xff, 0xfc, 0x0, 0x1, 0xff, 0xff, 0x0, 0x0,
    0x1, 0xff, 0xff, 0x40, 0x0, 0x7f, 0xff, 0xc0,
    0x0, 0x0, 0x3f, 0xff, 0xf0, 0x0, 0x1f, 0xff,
    0xf0, 0x0, 0x0, 0x7, 0xff, 0xfd, 0x0, 0x7,
    0xff, 0xfc, 0x0, 0x0, 0x0, 0xff, 0xff, 0xc0,
    0x1, 0xff, 0xff, 0x0, 0x0, 0x0, 0x1f, 0xff,
    0xf4, 0x0, 0x7f, 0xff, 0xc0, 0x0, 0x0, 0x3,
    0xff, 0xff, 0x0, 0x1f, 0xff, 0xf0, 0x0, 0x0,
    0x0, 0xbf, 0xff, 0xd0, 0x7, 0xff, 0xfc, 0x0,
    0x0, 0x0, 0xf, 0xff, 0xfc, 0x1, 0xff, 0xff,
    0x0, 0x0, 0x0, 0x2, 0xff, 0xff, 0x80, 0x7f,
    0xff, 0xc0, 0x0, 0x0, 0x0, 0x3f, 0xff, 0xf0,
    0x1f, 0xff, 0xf0, 0x0, 0x0, 0x0, 0xb, 0xff,
    0xfe, 0x7, 0xff, 0xfc, 0x0, 0x0, 0x0, 0x0,
    0xff, 0xff, 0xc1, 0xff, 0xff, 0x0, 0x0, 0x0,
    0x0, 0x2f, 0xff, 0xf8, 0x7f, 0xff, 0xc0, 0x0,
    0x0, 0x0, 0x3, 0xff, 0xff, 0x1f, 0xff, 0xf0,
    0x0, 0x0, 0x0, 0x0, 0xbf, 0xff, 0xe0,

    /* U+0053 "S" */
    0x0, 0x0, 0x0, 0x6f, 0xff, 0xe4, 0x0, 0x0,
    0x0, 0x0, 0x0, 0x7f, 0xff, 0xff, 0xff, 0x40,
    0x0, 0x0, 0x0, 0x1f, 0xff, 0xff, 0xff, 0xff,
    0xc0, 0x0, 0x0, 0x2, 0xff, 0xff, 0xff, 0xff,
    0xff, 0xe0, 0x0, 0x0, 0x3f, 0xff, 0xff, 0xff,
    0xff, 0xff, 0xe0, 0x0, 0x3, 0xff, 0xff, 0xff,
    0xff, 0xff, 0xff, 0xd0, 0x0, 0x2f, 0xff, 0xff,
    0xff, 0xff, 0xff, 0xff, 0xc0, 0x1, 0xff, 0xff,
    0xf4, 0x0, 0x1b, 0xff, 0xff, 0x80, 0xf, 0xff,
    0xfe, 0x0, 0x0, 0x3, 0xff, 0xff, 0x40, 0x3f,
    0xff, 0xd0, 0x0, 0x0, 0x3, 0xff, 0xfe, 0x1,
    0xff, 0xfe, 0x0, 0x0, 0x0, 0x3, 0xff, 0xfc,
    0xb, 0xff, 0xf4, 0x0, 0x0, 0x0, 0xb, 0xff,
    0xf4, 0x3f, 0xff, 0xc0, 0x0, 0x0, 0x0, 0x1f,
    0xff, 0xd0, 0xff, 0xff, 0x0, 0x0, 0x0, 0x0,
    0x3f, 0xff, 0x83, 0xff, 0xfc, 0x0, 0x0, 0x0,
    0x0, 0xff, 0xff, 0xf, 0xff, 0xf0, 0x0, 0x0,
    0x0, 0x3, 0xff, 0xfc, 0x3f, 0xff, 0xc0, 0x0,
    0x0, 0x0, 0x0, 0x0, 0x0, 0xbf, 0xff, 0x80,
    0x0, 0x0, 0x0, 0x0, 0x0, 0x1, 0xff, 0xff,
    0x40, 0x0, 0x0, 0x0, 0x0, 0x0, 0x3, 0xff,
    0xff, 0x80, 0x0, 0x0, 0x0, 0x0, 0x0, 0xf,
    0xff, 0xff, 0xe0, 0x0, 0x0, 0x0, 0x0, 0x0,
    0x1f, 0xff, 0xff, 0xff, 0x94, 0x0, 0x0, 0x0,
    0x0, 0x2f, 0xff, 0xff, 0xff, 0xff, 0x90, 0x0,
    0x0, 0x0, 0x3f, 0xff, 0xff, 0xff, 0xff, 0xfe,
    0x0, 0x0, 0x0, 0x2f, 0xff, 0xff, 0xff, 0xff,
    0xff, 0x80, 0x0, 0x0, 0x1f, 0xff, 0xff, 0xff,
    0xff, 0xff, 0xc0, 0x0, 0x0, 0xb, 0xff, 0xff,
    0xff, 0xff, 0xff, 0xd0, 0x0, 0x0, 0x1, 0xbf,
    0xff, 0xff, 0xff, 0xff, 0xc0, 0x0, 0x0, 0x0,
    0x5, 0xbf, 0xff, 0xff, 0xff, 0xc0, 0x0, 0x0,
    0x0, 0x0, 0x1, 0xbf, 0xff, 0xff, 0x40, 0x0,
    0x0, 0x0, 0x0, 0x0, 0x1f, 0xff, 0xfe, 0x0,
    0x0, 0x0, 0x0, 0x0, 0x0, 0xf, 0xff, 0xfc,
    0x0, 0x0, 0x0, 0x0, 0x0, 0x0, 0x1f, 0xff,
    0xf4, 0x0, 0x0, 0x0, 0x0, 0x0, 0x0, 0x3f,
    0xff, 0xd0, 0x0, 0x0, 0x0, 0x0, 0x0, 0x0,
    0xbf, 0xff, 0xaa, 0xaa, 0x40, 0x0, 0x0, 0x0,
    0x1, 0xff, 0xfe, 0xff, 0xff, 0x0, 0x0, 0x0,
    0x0, 0x7, 0xff, 0xfa, 0xff, 0xfc, 0x0, 0x0,
    0x0, 0x0, 0x1f, 0xff, 0xeb, 0xff, 0xf4, 0x0,
    0x0, 0x0, 0x0, 0xbf, 0xff, 0x5f, 0xff, 0xe0,
    0x0, 0x0, 0x0, 0x3, 0xff, 0xfd, 0x3f, 0xff,
    0xd0, 0x0, 0x0, 0x0, 0x1f, 0xff, 0xf0, 0xff,
    0xff, 0xc0, 0x0, 0x0, 0x0, 0xff, 0xff, 0xc1,
    0xff, 0xff, 0xd0, 0x0, 0x0, 0xf, 0xff, 0xfd,
    0x3, 0xff, 0xff, 0xf5, 0x0, 0x7, 0xff, 0xff,
    0xf0, 0x7, 0xff, 0xff, 0xff, 0xff, 0xff, 0xff,
    0xff, 0x40, 0xb, 0xff, 0xff, 0xff, 0xff, 0xff,
    0xff, 0xf8, 0x0, 0xb, 0xff, 0xff, 0xff, 0xff,
    0xff, 0xff, 0x80, 0x0, 0xb, 0xff, 0xff, 0xff,
    0xff, 0xff, 0xf4, 0x0, 0x0, 0x3, 0xff, 0xff,
    0xff, 0xff, 0xfe, 0x0, 0x0, 0x0, 0x1, 0xff,
    0xff, 0xff, 0xff, 0x80, 0x0, 0x0, 0x0, 0x0,
    0x1b, 0xff, 0xfe, 0x40, 0x0, 0x0, 0x0,

    /* U+0054 "T" */
    0xff, 0xff, 0xff, 0xff, 0xff, 0xff, 0xff, 0xff,
    0xfb, 0xff, 0xff, 0xff, 0xff, 0xff, 0xff, 0xff,
    0xff, 0xef, 0xff, 0xff, 0xff, 0xff, 0xff, 0xff,
    0xff, 0xff, 0xbf, 0xff, 0xff, 0xff, 0xff, 0xff,
    0xff, 0xff, 0xfe, 0xff, 0xff, 0xff, 0xff, 0xff,
    0xff, 0xff, 0xff, 0xfb, 0xff, 0xff, 0xff, 0xff,
    0xff, 0xff, 0xff, 0xff, 0xef, 0xff, 0xff, 0xff,
    0xff, 0xff, 0xff, 0xff, 0xff, 0x80, 0x0, 0x0,
    0xf, 0xff, 0xf8, 0x0, 0x0, 0x0, 0x0, 0x0,
    0x0, 0x2f, 0xff, 0xd0, 0x0, 0x0, 0x0, 0x0,
    0x0, 0x0, 0xbf, 0xff, 0x40, 0x0, 0x0, 0x0,
    0x0, 0x0, 0x2, 0xff, 0xfd, 0x0, 0x0, 0x0,
    0x0, 0x0, 0x0, 0xb, 0xff, 0xf4, 0x0, 0x0,
    0x0, 0x0, 0x0, 0x0, 0x2f, 0xff, 0xd0, 0x0,
    0x0, 0x0, 0x0, 0x0, 0x0, 0xbf, 0xff, 0x40,
    0x0, 0x0, 0x0, 0x0, 0x0, 0x2, 0xff, 0xfd,
    0x0, 0x0, 0x0, 0x0, 0x0, 0x0, 0xb, 0xff,
    0xf4, 0x0, 0x0, 0x0, 0x0, 0x0, 0x0, 0x2f,
    0xff, 0xd0, 0x0, 0x0, 0x0, 0x0, 0x0, 0x0,
    0xbf, 0xff, 0x40, 0x0, 0x0, 0x0, 0x0, 0x0,
    0x2, 0xff, 0xfd, 0x0, 0x0, 0x0, 0x0, 0x0,
    0x0, 0xb, 0xff, 0xf4, 0x0, 0x0, 0x0, 0x0,
    0x0, 0x0, 0x2f, 0xff, 0xd0, 0x0, 0x0, 0x0,
    0x0, 0x0, 0x0, 0xbf, 0xff, 0x40, 0x0, 0x0,
    0x0, 0x0, 0x0, 0x2, 0xff, 0xfd, 0x0, 0x0,
    0x0, 0x0, 0x0, 0x0, 0xb, 0xff, 0xf4, 0x0,
    0x0, 0x0, 0x0, 0x0, 0x0, 0x2f, 0xff, 0xd0,
    0x0, 0x0, 0x0, 0x0, 0x0, 0x0, 0xbf, 0xff,
    0x40, 0x0, 0x0, 0x0, 0x0, 0x0, 0x2, 0xff,
    0xfd, 0x0, 0x0, 0x0, 0x0, 0x0, 0x0, 0xb,
    0xff, 0xf4, 0x0, 0x0, 0x0, 0x0, 0x0, 0x0,
    0x2f, 0xff, 0xd0, 0x0, 0x0, 0x0, 0x0, 0x0,
    0x0, 0xbf, 0xff, 0x40, 0x0, 0x0, 0x0, 0x0,
    0x0, 0x2, 0xff, 0xfd, 0x0, 0x0, 0x0, 0x0,
    0x0, 0x0, 0xb, 0xff, 0xf4, 0x0, 0x0, 0x0,
    0x0, 0x0, 0x0, 0x2f, 0xff, 0xd0, 0x0, 0x0,
    0x0, 0x0, 0x0, 0x0, 0xbf, 0xff, 0x40, 0x0,
    0x0, 0x0, 0x0, 0x0, 0x2, 0xff, 0xfd, 0x0,
    0x0, 0x0, 0x0, 0x0, 0x0, 0xb, 0xff, 0xf4,
    0x0, 0x0, 0x0, 0x0, 0x0, 0x0, 0x2f, 0xff,
    0xd0, 0x0, 0x0, 0x0, 0x0, 0x0, 0x0, 0xbf,
    0xff, 0x40, 0x0, 0x0, 0x0, 0x0, 0x0, 0x2,
    0xff, 0xfd, 0x0, 0x0, 0x0, 0x0, 0x0, 0x0,
    0xb, 0xff, 0xf4, 0x0, 0x0, 0x0, 0x0, 0x0,
    0x0, 0x2f, 0xff, 0xd0, 0x0, 0x0, 0x0, 0x0,
    0x0, 0x0, 0xbf, 0xff, 0x40, 0x0, 0x0, 0x0,
    0x0, 0x0, 0x2, 0xff, 0xfd, 0x0, 0x0, 0x0,
    0x0, 0x0, 0x0, 0xb, 0xff, 0xf4, 0x0, 0x0,
    0x0, 0x0, 0x0, 0x0, 0x2f, 0xff, 0xd0, 0x0,
    0x0, 0x0, 0x0, 0x0, 0x0, 0xbf, 0xff, 0x40,
    0x0, 0x0, 0x0, 0x0, 0x0, 0x2, 0xff, 0xfd,
    0x0, 0x0, 0x0, 0x0, 0x0, 0x0, 0xb, 0xff,
    0xf4, 0x0, 0x0, 0x0, 0x0, 0x0, 0x0, 0x2f,
    0xff, 0xd0, 0x0, 0x0, 0x0, 0x0, 0x0, 0x0,
    0xbf, 0xff, 0x40, 0x0, 0x0, 0x0,

    /* U+0055 "U" */
    0x7f, 0xff, 0xc0, 0x0, 0x0, 0x0, 0x0, 0xff,
    0xff, 0x7f, 0xff, 0xc0, 0x0, 0x0, 0x0, 0x0,
    0xff, 0xff, 0x7f, 0xff, 0xc0, 0x0, 0x0, 0x0,
    0x0, 0xff, 0xff, 0x7f, 0xff, 0xc0, 0x0, 0x0,
    0x0, 0x0, 0xff, 0xff, 0x7f, 0xff, 0xc0, 0x0,
    0x0, 0x0, 0x0, 0xff, 0xff, 0x7f, 0xff, 0xc0,
    0x0, 0x0, 0x0, 0x0, 0xff, 0xff, 0x7f, 0xff,
    0xc0, 0x0, 0x0, 0x0, 0x0, 0xff, 0xff, 0x7f,
    0xff, 0xc0, 0x0, 0x0, 0x0, 0x0, 0xff, 0xff,
    0x7f, 0xff, 0xc0, 0x0, 0x0, 0x0, 0x0, 0xff,
    0xff, 0x7f, 0xff, 0xc0, 0x0, 0x0, 0x0, 0x0,
    0xff, 0xff, 0x7f, 0xff, 0xc0, 0x0, 0x0, 0x0,
    0x0, 0xff, 0xff, 0x7f, 0xff, 0xc0, 0x0, 0x0,
    0x0, 0x0, 0xff, 0xff, 0x7f, 0xff, 0xc0, 0x0,
    0x0, 0x0, 0x0, 0xff, 0xff, 0x7f, 0xff, 0xc0,
    0x0, 0x0, 0x0, 0x0, 0xff, 0xff, 0x7f, 0xff,
    0xc0, 0x0, 0x0, 0x0, 0x0, 0xff, 0xff, 0x7f,
    0xff, 0xc0, 0x0, 0x0, 0x0, 0x0, 0xff, 0xff,
    0x7f, 0xff, 0xc0, 0x0, 0x0, 0x0, 0x0, 0xff,
    0xff, 0x7f, 0xff, 0xc0, 0x0, 0x0, 0x0, 0x0,
    0xff, 0xff, 0x7f, 0xff, 0xc0, 0x0, 0x0, 0x0,
    0x0, 0xff, 0xff, 0x7f, 0xff, 0xc0, 0x0, 0x0,
    0x0, 0x0, 0xff, 0xff, 0x7f, 0xff, 0xc0, 0x0,
    0x0, 0x0, 0x0, 0xff, 0xff, 0x7f, 0xff, 0xc0,
    0x0, 0x0, 0x0, 0x0, 0xff, 0xff, 0x7f, 0xff,
    0xc0, 0x0, 0x0, 0x0, 0x0, 0xff, 0xff, 0x7f,
    0xff, 0xc0, 0x0, 0x0, 0x0, 0x0, 0xff, 0xff,
    0x7f, 0xff, 0xc0, 0x0, 0x0, 0x0, 0x0, 0xff,
    0xff, 0x7f, 0xff, 0xc0, 0x0, 0x0, 0x0, 0x0,
    0xff, 0xff, 0x7f, 0xff, 0xc0, 0x0, 0x0, 0x0,
    0x0, 0xff, 0xff, 0x7f, 0xff, 0xc0, 0x0, 0x0,
    0x0, 0x0, 0xff, 0xff, 0x7f, 0xff, 0xc0, 0x0,
    0x0, 0x0, 0x0, 0xff, 0xff, 0x7f, 0xff, 0xc0,
    0x0, 0x0, 0x0, 0x0, 0xff, 0xff, 0x7f, 0xff,
    0xc0, 0x0, 0x0, 0x0, 0x0, 0xff, 0xff, 0x7f,
    0xff, 0xc0, 0x0, 0x0, 0x0, 0x0, 0xff, 0xff,
    0x7f, 0xff, 0xc0, 0x0, 0x0, 0x0, 0x0, 0xff,
    0xff, 0x7f, 0xff, 0xc0, 0x0, 0x0, 0x0, 0x0,
    0xff, 0xff, 0x3f, 0xff, 0xc0, 0x0, 0x0, 0x0,
    0x1, 0xff, 0xff, 0x3f, 0xff, 0xc0, 0x0, 0x0,
    0x0, 0x1, 0xff, 0xff, 0x3f, 0xff, 0xd0, 0x0,
    0x0, 0x0, 0x2, 0xff, 0xfe, 0x3f, 0xff, 0xe0,
    0x0, 0x0, 0x0, 0x3, 0xff, 0xfd, 0x1f, 0xff,
    0xf0, 0x0, 0x0, 0x0, 0x7, 0xff, 0xfc, 0xf,
    0xff, 0xfc, 0x0, 0x0, 0x0, 0xf, 0xff, 0xfc,
    0xb, 0xff, 0xfe, 0x0, 0x0, 0x0, 0x3f, 0xff,
    0xf4, 0x3, 0xff, 0xff, 0xc0, 0x0, 0x1, 0xff,
    0xff, 0xf0, 0x2, 0xff, 0xff, 0xfd, 0x0, 0x6f,
    0xff, 0xff, 0xc0, 0x0, 0xff, 0xff, 0xff, 0xff,
    0xff, 0xff, 0xff, 0x40, 0x0, 0x3f, 0xff, 0xff,
    0xff, 0xff, 0xff, 0xfe, 0x0, 0x0, 0xf, 0xff,
    0xff, 0xff, 0xff, 0xff, 0xf8, 0x0, 0x0, 0x2,
    0xff, 0xff, 0xff, 0xff, 0xff, 0xd0, 0x0, 0x0,
    0x0, 0x7f, 0xff, 0xff, 0xff, 0xfe, 0x0, 0x0,
    0x0, 0x0, 0x7, 0xff, 0xff, 0xff, 0xe0, 0x0,
    0x0, 0x0, 0x0, 0x0, 0x1b, 0xff, 0xe9, 0x0,
    0x0, 0x0,

    /* U+0056 "V" */
    0x7f, 0xff, 0xc0, 0x0, 0x0, 0x0, 0x0, 0xf,
    0xff, 0xf8, 0xff, 0xff, 0x0, 0x0, 0x0, 0x0,
    0x0, 0x3f, 0xff, 0xd3, 0xff, 0xfd, 0x0, 0x0,
    0x0, 0x0, 0x1, 0xff, 0xff, 0xb, 0xff, 0xfc,
    0x0, 0x0, 0x0, 0x0, 0xb, 0xff, 0xf8, 0xf,
    0xff, 0xf0, 0x0, 0x0, 0x0, 0x0, 0x3f, 0xff,
    0xd0, 0x3f, 0xff, 0xd0, 0x0, 0x0, 0x0, 0x0,
    0xff, 0xff, 0x0, 0xbf, 0xff, 0x80, 0x0, 0x0,
    0x0, 0xb, 0xff, 0xf8, 0x1, 0xff, 0xff, 0x0,
    0x0, 0x0, 0x0, 0x3f, 0xff, 0xd0, 0x3, 0xff,
    0xfc, 0x0, 0x0, 0x0, 0x0, 0xff, 0xff, 0x0,
    0xb, 0xff, 0xf8, 0x0, 0x0, 0x0, 0x7, 0xff,
    0xf8, 0x0, 0x1f, 0xff, 0xf0, 0x0, 0x0, 0x0,
    0x2f, 0xff, 0xd0, 0x0, 0x3f, 0xff, 0xc0, 0x0,
    0x0, 0x0, 0xff, 0xff, 0x0, 0x0, 0xbf, 0xff,
    0x40, 0x0, 0x0, 0x7, 0xff, 0xfc, 0x0, 0x1,
    0xff, 0xfe, 0x0, 0x0, 0x0, 0x2f, 0xff, 0xd0,
    0x0, 0x3, 0xff, 0xfc, 0x0, 0x0, 0x0, 0xff,
    0xff, 0x0, 0x0, 0xb, 0xff, 0xf4, 0x0, 0x0,
    0x3, 0xff, 0xfc, 0x0, 0x0, 0x1f, 0xff, 0xe0,
    0x0, 0x0, 0x1f, 0xff, 0xd0, 0x0, 0x0, 0x3f,
    0xff, 0xc0, 0x0, 0x0, 0xbf, 0xff, 0x0, 0x0,
    0x0, 0xbf, 0xff, 0x0, 0x0, 0x3, 0xff, 0xfc,
    0x0, 0x0, 0x1, 0xff, 0xfd, 0x0, 0x0, 0x1f,
    0xff, 0xe0, 0x0, 0x0, 0x3, 0xff, 0xfc, 0x0,
    0x0, 0xbf, 0xff, 0x0, 0x0, 0x0, 0xf, 0xff,
    0xf0, 0x0, 0x3, 0xff, 0xfc, 0x0, 0x0, 0x0,
    0x1f, 0xff, 0xd0, 0x0, 0xf, 0xff, 0xe0, 0x0,
    0x0, 0x0, 0x3f, 0xff, 0x80, 0x0, 0x7f, 0xff,
    0x0, 0x0, 0x0, 0x0, 0xff, 0xff, 0x0, 0x3,
    0xff, 0xfc, 0x0, 0x0, 0x0, 0x2, 0xff, 0xfd,
    0x0, 0xf, 0xff, 0xe0, 0x0, 0x0, 0x0, 0x3,
    0xff, 0xf8, 0x0, 0x7f, 0xff, 0x40, 0x0, 0x0,
    0x0, 0xf, 0xff, 0xf0, 0x2, 0xff, 0xfc, 0x0,
    0x0, 0x0, 0x0, 0x2f, 0xff, 0xc0, 0xf, 0xff,
    0xe0, 0x0, 0x0, 0x0, 0x0, 0x3f, 0xff, 0x40,
    0x3f, 0xff, 0x40, 0x0, 0x0, 0x0, 0x0, 0xff,
    0xfe, 0x2, 0xff, 0xfc, 0x0, 0x0, 0x0, 0x0,
    0x2, 0xff, 0xfc, 0xf, 0xff, 0xe0, 0x0, 0x0,
    0x0, 0x0, 0x7, 0xff, 0xf4, 0x3f, 0xff, 0x40,
    0x0, 0x0, 0x0, 0x0, 0xf, 0xff, 0xe1, 0xff,
    0xfc, 0x0, 0x0, 0x0, 0x0, 0x0, 0x2f, 0xff,
    0xcb, 0xff, 0xe0, 0x0, 0x0, 0x0, 0x0, 0x0,
    0x7f, 0xff, 0x7f, 0xff, 0x40, 0x0, 0x0, 0x0,
    0x0, 0x0, 0xff, 0xff, 0xff, 0xfc, 0x0, 0x0,
    0x0, 0x0, 0x0, 0x2, 0xff, 0xff, 0xff, 0xf0,
    0x0, 0x0, 0x0, 0x0, 0x0, 0x7, 0xff, 0xff,
    0xff, 0x40, 0x0, 0x0, 0x0, 0x0, 0x0, 0xf,
    0xff, 0xff, 0xfc, 0x0, 0x0, 0x0, 0x0, 0x0,
    0x0, 0x2f, 0xff, 0xff, 0xf0, 0x0, 0x0, 0x0,
    0x0, 0x0, 0x0, 0x7f, 0xff, 0xff, 0x40, 0x0,
    0x0, 0x0, 0x0, 0x0, 0x0, 0xff, 0xff, 0xfc,
    0x0, 0x0, 0x0, 0x0, 0x0, 0x0, 0x3, 0xff,
    0xff, 0xf0, 0x0, 0x0, 0x0, 0x0, 0x0, 0x0,
    0x7, 0xff, 0xff, 0x80, 0x0, 0x0, 0x0, 0x0,
    0x0, 0x0, 0xf, 0xff, 0xfc, 0x0, 0x0, 0x0,
    0x0, 0x0, 0x0, 0x0, 0x3f, 0xff, 0xf0, 0x0,
    0x0, 0x0, 0x0, 0x0, 0x0, 0x0, 0x7f, 0xff,
    0x80, 0x0, 0x0, 0x0, 0x0, 0x0, 0x0, 0x0,
    0xff, 0xfd, 0x0, 0x0, 0x0, 0x0, 0x0, 0x0,
    0x0, 0x3, 0xff, 0xf0, 0x0, 0x0, 0x0, 0x0,

    /* U+0057 "W" */
    0xbf, 0xff, 0x40, 0x0, 0x0, 0x0, 0x7f, 0xff,
    0xfc, 0x0, 0x0, 0x0, 0x3, 0xff, 0xf9, 0xff,
    0xfe, 0x0, 0x0, 0x0, 0x2, 0xff, 0xff, 0xf0,
    0x0, 0x0, 0x0, 0xf, 0xff, 0xd3, 0xff, 0xfc,
    0x0, 0x0, 0x0, 0xf, 0xff, 0xff, 0xd0, 0x0,
    0x0, 0x0, 0x7f, 0xff, 0xf, 0xff, 0xf0, 0x0,
    0x0, 0x0, 0x3f, 0xff, 0xff, 0x80, 0x0, 0x0,
    0x1, 0xff, 0xfc, 0x2f, 0xff, 0xd0, 0x0, 0x0,
    0x0, 0xff, 0xff, 0xff, 0x0, 0x0, 0x0, 0xb,
    0xff, 0xe0, 0x7f, 0xff, 0x80, 0x0, 0x0, 0x7,
    0xff, 0xff, 0xfc, 0x0, 0x0, 0x0, 0x3f, 0xff,
    0x40, 0xff, 0xff, 0x0, 0x0, 0x0, 0x2f, 0xff,
    0xff, 0xf4, 0x0, 0x0, 0x0, 0xff, 0xfc, 0x3,
    0xff, 0xfc, 0x0, 0x0, 0x0, 0xff, 0xff, 0xff,
    0xe0, 0x0, 0x0, 0x7, 0xff, 0xf0, 0xb, 0xff,
    0xf4, 0x0, 0x0, 0x3, 0xff, 0xff, 0xff, 0xc0,
    0x0, 0x0, 0x2f, 0xff, 0x80, 0x1f, 0xff, 0xe0,
    0x0, 0x0, 0x1f, 0xff, 0xff, 0xff, 0x0, 0x0,
    0x0, 0xff, 0xfd, 0x0, 0x3f, 0xff, 0x80, 0x0,
    0x0, 0xbf, 0xff, 0xff, 0xfc, 0x0, 0x0, 0x3,
    0xff, 0xf0, 0x0, 0xff, 0xff, 0x0, 0x0, 0x2,
    0xff, 0xfb, 0xff, 0xf4, 0x0, 0x0, 0xf, 0xff,
    0xc0, 0x2, 0xff, 0xfc, 0x0, 0x0, 0xf, 0xff,
    0xcf, 0xff, 0xe0, 0x0, 0x0, 0x7f, 0xfe, 0x0,
    0x7, 0xff, 0xf4, 0x0, 0x0, 0x3f, 0xff, 0x2f,
    0xff, 0xc0, 0x0, 0x2, 0xff, 0xf4, 0x0, 0xf,
    0xff, 0xe0, 0x0, 0x1, 0xff, 0xf8, 0x7f, 0xff,
    0x0, 0x0, 0xf, 0xff, 0xc0, 0x0, 0x3f, 0xff,
    0xc0, 0x0, 0xb, 0xff, 0xd0, 0xff, 0xfd, 0x0,
    0x0, 0x3f, 0xff, 0x0, 0x0, 0xbf, 0xff, 0x0,
    0x0, 0x3f, 0xff, 0x3, 0xff, 0xf8, 0x0, 0x1,
    0xff, 0xf8, 0x0, 0x1, 0xff, 0xfd, 0x0, 0x0,
    0xff, 0xfc, 0xf, 0xff, 0xf0, 0x0, 0x7, 0xff,
    0xe0, 0x0, 0x3, 0xff, 0xf8, 0x0, 0x3, 0xff,
    0xe0, 0x2f, 0xff, 0xc0, 0x0, 0x2f, 0xff, 0x40,
    0x0, 0xf, 0xff, 0xe0, 0x0, 0x1f, 0xff, 0x80,
    0x7f, 0xff, 0x40, 0x0, 0xff, 0xfc, 0x0, 0x0,
    0x2f, 0xff, 0xc0, 0x0, 0xbf, 0xfd, 0x0, 0xff,
    0xfe, 0x0, 0x3, 0xff, 0xf0, 0x0, 0x0, 0x7f,
    0xff, 0x0, 0x3, 0xff, 0xf0, 0x3, 0xff, 0xf8,
    0x0, 0x1f, 0xff, 0x80, 0x0, 0x0, 0xff, 0xfd,
    0x0, 0xf, 0xff, 0xc0, 0xb, 0xff, 0xf0, 0x0,
    0xbf, 0xfd, 0x0, 0x0, 0x3, 0xff, 0xf8, 0x0,
    0x7f, 0xfe, 0x0, 0x1f, 0xff, 0xc0, 0x2, 0xff,
    0xf0, 0x0, 0x0, 0xb, 0xff, 0xf0, 0x2, 0xff,
    0xf4, 0x0, 0x3f, 0xff, 0x40, 0xf, 0xff, 0xc0,
    0x0, 0x0, 0x1f, 0xff, 0xc0, 0xb, 0xff, 0xc0,
    0x0, 0xff, 0xfe, 0x0, 0x3f, 0xfe, 0x0, 0x0,
    0x0, 0x3f, 0xff, 0x40, 0x3f, 0xff, 0x0, 0x2,
    0xff, 0xfc, 0x1, 0xff, 0xf4, 0x0, 0x0, 0x0,
    0xff, 0xfe, 0x0, 0xff, 0xf8, 0x0, 0x7, 0xff,
    0xf0, 0xb, 0xff, 0xc0, 0x0, 0x0, 0x2, 0xff,
    0xfc, 0x7, 0xff, 0xd0, 0x0, 0xf, 0xff, 0xd0,
    0x3f, 0xff, 0x0, 0x0, 0x0, 0x7, 0xff, 0xf0,
    0x2f, 0xff, 0x0, 0x0, 0x3f, 0xff, 0x80, 0xff,
    0xf8, 0x0, 0x0, 0x0, 0xf, 0xff, 0xc0, 0xff,
    0xfc, 0x0, 0x0, 0xbf, 0xff, 0x3, 0xff, 0xd0,
    0x0, 0x0, 0x0, 0x3f, 0xff, 0x43, 0xff, 0xe0,
    0x0, 0x1, 0xff, 0xfc, 0x1f, 0xff, 0x0, 0x0,
    0x0, 0x0, 0xbf, 0xfe, 0xf, 0xff, 0x40, 0x0,
    0x3, 0xff, 0xf0, 0xbf, 0xfc, 0x0, 0x0, 0x0,
    0x1, 0xff, 0xfc, 0x7f, 0xfc, 0x0, 0x0, 0xf,
    0xff, 0xd3, 0xff, 0xe0, 0x0, 0x0, 0x0, 0x3,
    0xff, 0xf2, 0xff, 0xf0, 0x0, 0x0, 0x2f, 0xff,
    0x8f, 0xff, 0x40, 0x0, 0x0, 0x0, 0xf, 0xff,
    0xdf, 0xff, 0x80, 0x0, 0x0, 0x7f, 0xff, 0x7f,
    0xfc, 0x0, 0x0, 0x0, 0x0, 0x2f, 0xff, 0xbf,
    0xfd, 0x0, 0x0, 0x0, 0xff, 0xfe, 0xff, 0xf0,
    0x0, 0x0, 0x0, 0x0, 0x7f, 0xff, 0xff, 0xf0,
    0x0, 0x0, 0x3, 0xff, 0xff, 0xff, 0x80, 0x0,
    0x0, 0x0, 0x0, 0xff, 0xff, 0xff, 0xc0, 0x0,
    0x0, 0xb, 0xff, 0xff, 0xfd, 0x0, 0x0, 0x0,
    0x0, 0x3, 0xff, 0xff, 0xfe, 0x0, 0x0, 0x0,
    0x1f, 0xff, 0xff, 0xf0, 0x0, 0x0, 0x0, 0x0,
    0xb, 0xff, 0xff, 0xf4, 0x0, 0x0, 0x0, 0x3f,
    0xff, 0xff, 0xc0, 0x0, 0x0, 0x0, 0x0, 0x1f,
    0xff, 0xff, 0xc0, 0x0, 0x0, 0x0, 0xff, 0xff,
    0xfe, 0x0, 0x0, 0x0, 0x0, 0x0, 0x3f, 0xff,
    0xff, 0x0, 0x0, 0x0, 0x2, 0xff, 0xff, 0xf4,
    0x0, 0x0, 0x0, 0x0, 0x0, 0xff, 0xff, 0xf8,
    0x0, 0x0, 0x0, 0x7, 0xff, 0xff, 0xd0, 0x0,
    0x0, 0x0, 0x0, 0x2, 0xff, 0xff, 0xd0, 0x0,
    0x0, 0x0, 0xf, 0xff, 0xff, 0x0, 0x0, 0x0,
    0x0, 0x0, 0x7, 0xff, 0xff, 0x0, 0x0, 0x0,
    0x0, 0x3f, 0xff, 0xfc, 0x0, 0x0, 0x0, 0x0,
    0x0, 0xf, 0xff, 0xfc, 0x0, 0x0, 0x0, 0x0,
    0xbf, 0xff, 0xe0, 0x0, 0x0, 0x0, 0x0, 0x0,
    0x3f, 0xff, 0xe0, 0x0, 0x0, 0x0, 0x1, 0xff,
    0xff, 0x40, 0x0, 0x0, 0x0, 0x0, 0x0, 0xbf,
    0xff, 0x40, 0x0, 0x0, 0x0, 0x3, 0xff, 0xfc,
    0x0, 0x0, 0x0, 0x0, 0x0, 0x1, 0xff, 0xfc,
    0x0, 0x0, 0x0, 0x0, 0xf, 0xff, 0xf0, 0x0,
    0x0, 0x0,

    /* U+0058 "X" */
    0xf, 0xff, 0xfd, 0x0, 0x0, 0x0, 0x0, 0x7,
    0xff, 0xff, 0x0, 0xbf, 0xff, 0xf0, 0x0, 0x0,
    0x0, 0x0, 0xff, 0xff, 0xc0, 0x3, 0xff, 0xff,
    0x80, 0x0, 0x0, 0x0, 0x2f, 0xff, 0xf8, 0x0,
    0x1f, 0xff, 0xfc, 0x0, 0x0, 0x0, 0x3, 0xff,
    0xff, 0x0, 0x0, 0xbf, 0xff, 0xe0, 0x0, 0x0,
    0x0, 0xbf, 0xff, 0xd0, 0x0, 0x3, 0xff, 0xff,
    0x0, 0x0, 0x0, 0xf, 0xff, 0xf8, 0x0, 0x0,
    0x1f, 0xff, 0xfc, 0x0, 0x0, 0x3, 0xff, 0xff,
    0x0, 0x0, 0x0, 0xff, 0xff, 0xd0, 0x0, 0x0,
    0x7f, 0xff, 0xe0, 0x0, 0x0, 0x3, 0xff, 0xff,
    0x0, 0x0, 0xf, 0xff, 0xfc, 0x0, 0x0, 0x0,
    0x2f, 0xff, 0xf8, 0x0, 0x2, 0xff, 0xff, 0x40,
    0x0, 0x0, 0x0, 0xff, 0xff, 0xc0, 0x0, 0x3f,
    0xff, 0xe0, 0x0, 0x0, 0x0, 0x7, 0xff, 0xfe,
    0x0, 0xb, 0xff, 0xfc, 0x0, 0x0, 0x0, 0x0,
    0x3f, 0xff, 0xf0, 0x0, 0xff, 0xff, 0x40, 0x0,
    0x0, 0x0, 0x0, 0xff, 0xff, 0xc0, 0x3f, 0xff,
    0xf0, 0x0, 0x0, 0x0, 0x0, 0xb, 0xff, 0xfd,
    0x7, 0xff, 0xfd, 0x0, 0x0, 0x0, 0x0, 0x0,
    0x3f, 0xff, 0xf0, 0xff, 0xff, 0x80, 0x0, 0x0,
    0x0, 0x0, 0x1, 0xff, 0xff, 0x9f, 0xff, 0xf0,
    0x0, 0x0, 0x0, 0x0, 0x0, 0xb, 0xff, 0xff,
    0xff, 0xfd, 0x0, 0x0, 0x0, 0x0, 0x0, 0x0,
    0x3f, 0xff, 0xff, 0xff, 0xc0, 0x0, 0x0, 0x0,
    0x0, 0x0, 0x1, 0xff, 0xff, 0xff, 0xf0, 0x0,
    0x0, 0x0, 0x0, 0x0, 0x0, 0xf, 0xff, 0xff,
    0xfe, 0x0, 0x0, 0x0, 0x0, 0x0, 0x0, 0x0,
    0x7f, 0xff, 0xff, 0xc0, 0x0, 0x0, 0x0, 0x0,
    0x0, 0x0, 0x2, 0xff, 0xff, 0xf4, 0x0, 0x0,
    0x0, 0x0, 0x0, 0x0, 0x0, 0xf, 0xff, 0xff,
    0x0, 0x0, 0x0, 0x0, 0x0, 0x0, 0x0, 0x0,
    0xff, 0xff, 0xf0, 0x0, 0x0, 0x0, 0x0, 0x0,
    0x0, 0x0, 0x2f, 0xff, 0xff, 0xc0, 0x0, 0x0,
    0x0, 0x0, 0x0, 0x0, 0x7, 0xff, 0xff, 0xfd,
    0x0, 0x0, 0x0, 0x0, 0x0, 0x0, 0x0, 0xff,
    0xff, 0xff, 0xf0, 0x0, 0x0, 0x0, 0x0, 0x0,
    0x0, 0x2f, 0xff, 0xff, 0xff, 0x80, 0x0, 0x0,
    0x0, 0x0, 0x0, 0x3, 0xff, 0xff, 0xff, 0xfc,
    0x0, 0x0, 0x0, 0x0, 0x0, 0x0, 0xbf, 0xff,
    0xff, 0xff, 0xf0, 0x0, 0x0, 0x0, 0x0, 0x0,
    0x1f, 0xff, 0xf5, 0xff, 0xff, 0x40, 0x0, 0x0,
    0x0, 0x0, 0x3, 0xff, 0xfe, 0xf, 0xff, 0xfc,
    0x0, 0x0, 0x0, 0x0, 0x0, 0xbf, 0xff, 0xc0,
    0x7f, 0xff, 0xe0, 0x0, 0x0, 0x0, 0x0, 0xf,
    0xff, 0xf8, 0x3, 0xff, 0xff, 0x40, 0x0, 0x0,
    0x0, 0x3, 0xff, 0xff, 0x0, 0xf, 0xff, 0xfc,
    0x0, 0x0, 0x0, 0x0, 0x7f, 0xff, 0xd0, 0x0,
    0xbf, 0xff, 0xd0, 0x0, 0x0, 0x0, 0xf, 0xff,
    0xfc, 0x0, 0x3, 0xff, 0xff, 0x0, 0x0, 0x0,
    0x2, 0xff, 0xff, 0x0, 0x0, 0x1f, 0xff, 0xf8,
    0x0, 0x0, 0x0, 0x3f, 0xff, 0xe0, 0x0, 0x0,
    0xff, 0xff, 0xd0, 0x0, 0x0, 0xf, 0xff, 0xfc,
    0x0, 0x0, 0x7, 0xff, 0xff, 0x0, 0x0, 0x1,
    0xff, 0xff, 0x40, 0x0, 0x0, 0x3f, 0xff, 0xf8,
    0x0, 0x0, 0x3f, 0xff, 0xf0, 0x0, 0x0, 0x0,
    0xff, 0xff, 0xc0, 0x0, 0xb, 0xff, 0xfd, 0x0,
    0x0, 0x0, 0xb, 0xff, 0xfe, 0x0, 0x1, 0xff,
    0xff, 0x80, 0x0, 0x0, 0x0, 0x3f, 0xff, 0xf4,
    0x0, 0x3f, 0xff, 0xf0, 0x0, 0x0, 0x0, 0x2,
    0xff, 0xff, 0xc0, 0xb, 0xff, 0xfe, 0x0, 0x0,
    0x0, 0x0, 0xf, 0xff, 0xfe, 0x0, 0xff, 0xff,
    0xc0, 0x0, 0x0, 0x0, 0x0, 0x7f, 0xff, 0xf0,
    0x2f, 0xff, 0xf4, 0x0, 0x0, 0x0, 0x0, 0x3,
    0xff, 0xff, 0xc7, 0xff, 0xff, 0x0, 0x0, 0x0,
    0x0, 0x0, 0xf, 0xff, 0xfd,

    /* U+0059 "Y" */
    0x7f, 0xff, 0xd0, 0x0, 0x0, 0x0, 0x0, 0x7f,
    0xff, 0xd3, 0xff, 0xff, 0x0, 0x0, 0x0, 0x0,
    0xf, 0xff, 0xfc, 0x1f, 0xff, 0xf4, 0x0, 0x0,
    0x0, 0x1, 0xff, 0xff, 0x40, 0xff, 0xff, 0x80,
    0x0, 0x0, 0x0, 0x3f, 0xff, 0xf0, 0x7, 0xff,
    0xfc, 0x0, 0x0, 0x0, 0x7, 0xff, 0xfd, 0x0,
    0x3f, 0xff, 0xe0, 0x0, 0x0, 0x0, 0xff, 0xff,
    0xc0, 0x1, 0xff, 0xff, 0x0, 0x0, 0x0, 0xf,
    0xff, 0xf4, 0x0, 0xf, 0xff, 0xf8, 0x0, 0x0,
    0x2, 0xff, 0xff, 0x0, 0x0, 0x7f, 0xff, 0xc0,
    0x0, 0x0, 0x3f, 0xff, 0xd0, 0x0, 0x3, 0xff,
    0xfd, 0x0, 0x0, 0xb, 0xff, 0xfc, 0x0, 0x0,
    0x1f, 0xff, 0xf0, 0x0, 0x0, 0xff, 0xff, 0x40,
    0x0, 0x0, 0xff, 0xff, 0x40, 0x0, 0x2f, 0xff,
    0xf0, 0x0, 0x0, 0x7, 0xff, 0xfc, 0x0, 0x3,
    0xff, 0xfd, 0x0, 0x0, 0x0, 0x3f, 0xff, 0xd0,
    0x0, 0x7f, 0xff, 0xc0, 0x0, 0x0, 0x1, 0xff,
    0xfe, 0x0, 0xf, 0xff, 0xf4, 0x0, 0x0, 0x0,
    0xf, 0xff, 0xf0, 0x1, 0xff, 0xff, 0x0, 0x0,
    0x0, 0x0, 0x7f, 0xff, 0x80, 0x3f, 0xff, 0xd0,
    0x0, 0x0, 0x0, 0x3, 0xff, 0xfc, 0x3, 0xff,
    0xfc, 0x0, 0x0, 0x0, 0x0, 0x1f, 0xff, 0xe0,
    0xbf, 0xff, 0x40, 0x0, 0x0, 0x0, 0x0, 0xff,
    0xff, 0xf, 0xff, 0xf0, 0x0, 0x0, 0x0, 0x0,
    0x7, 0xff, 0xf6, 0xff, 0xfd, 0x0, 0x0, 0x0,
    0x0, 0x0, 0x3f, 0xff, 0xff, 0xff, 0xc0, 0x0,
    0x0, 0x0, 0x0, 0x1, 0xff, 0xff, 0xff, 0xf4,
    0x0, 0x0, 0x0, 0x0, 0x0, 0xf, 0xff, 0xff,
    0xff, 0x0, 0x0, 0x0, 0x0, 0x0, 0x0, 0x7f,
    0xff, 0xff, 0xd0, 0x0, 0x0, 0x0, 0x0, 0x0,
    0x3, 0xff, 0xff, 0xfc, 0x0, 0x0, 0x0, 0x0,
    0x0, 0x0, 0x1f, 0xff, 0xff, 0x40, 0x0, 0x0,
    0x0, 0x0, 0x0, 0x0, 0xff, 0xff, 0xf0, 0x0,
    0x0, 0x0, 0x0, 0x0, 0x0, 0x7, 0xff, 0xfd,
    0x0, 0x0, 0x0, 0x0, 0x0, 0x0, 0x0, 0x3f,
    0xff, 0xc0, 0x0, 0x0, 0x0, 0x0, 0x0, 0x0,
    0x3, 0xff, 0xfc, 0x0, 0x0, 0x0, 0x0, 0x0,
    0x0, 0x0, 0x3f, 0xff, 0xc0, 0x0, 0x0, 0x0,
    0x0, 0x0, 0x0, 0x3, 0xff, 0xfc, 0x0, 0x0,
    0x0, 0x0, 0x0, 0x0, 0x0, 0x3f, 0xff, 0xc0,
    0x0, 0x0, 0x0, 0x0, 0x0, 0x0, 0x3, 0xff,
    0xfc, 0x0, 0x0, 0x0, 0x0, 0x0, 0x0, 0x0,
    0x3f, 0xff, 0xc0, 0x0, 0x0, 0x0, 0x0, 0x0,
    0x0, 0x3, 0xff, 0xfc, 0x0, 0x0, 0x0, 0x0,
    0x0, 0x0, 0x0, 0x3f, 0xff, 0xc0, 0x0, 0x0,
    0x0, 0x0, 0x0, 0x0, 0x3, 0xff, 0xfc, 0x0,
    0x0, 0x0, 0x0, 0x0, 0x0, 0x0, 0x3f, 0xff,
    0xc0, 0x0, 0x0, 0x0, 0x0, 0x0, 0x0, 0x3,
    0xff, 0xfc, 0x0, 0x0, 0x0, 0x0, 0x0, 0x0,
    0x0, 0x3f, 0xff, 0xc0, 0x0, 0x0, 0x0, 0x0,
    0x0, 0x0, 0x3, 0xff, 0xfc, 0x0, 0x0, 0x0,
    0x0, 0x0, 0x0, 0x0, 0x3f, 0xff, 0xc0, 0x0,
    0x0, 0x0, 0x0, 0x0, 0x0, 0x3, 0xff, 0xfc,
    0x0, 0x0, 0x0, 0x0, 0x0, 0x0, 0x0, 0x3f,
    0xff, 0xc0, 0x0, 0x0, 0x0, 0x0, 0x0, 0x0,
    0x3, 0xff, 0xfc, 0x0, 0x0, 0x0, 0x0, 0x0,
    0x0, 0x0, 0x3f, 0xff, 0xc0, 0x0, 0x0, 0x0,
    0x0, 0x0, 0x0, 0x3, 0xff, 0xfc, 0x0, 0x0,
    0x0, 0x0, 0x0, 0x0, 0x0, 0x3f, 0xff, 0xc0,
    0x0, 0x0, 0x0,

    /* U+005A "Z" */
    0x3f, 0xff, 0xff, 0xff, 0xff, 0xff, 0xff, 0xff,
    0xf, 0xff, 0xff, 0xff, 0xff, 0xff, 0xff, 0xff,
    0xc3, 0xff, 0xff, 0xff, 0xff, 0xff, 0xff, 0xff,
    0xf0, 0xff, 0xff, 0xff, 0xff, 0xff, 0xff, 0xff,
    0xfc, 0x3f, 0xff, 0xff, 0xff, 0xff, 0xff, 0xff,
    0xff, 0xf, 0xff, 0xff, 0xff, 0xff, 0xff, 0xff,
    0xff, 0xc3, 0xff, 0xff, 0xff, 0xff, 0xff, 0xff,
    0xff, 0xf0, 0x0, 0x0, 0x0, 0x0, 0x0, 0x1f,
    0xff, 0xf8, 0x0, 0x0, 0x0, 0x0, 0x0, 0xb,
    0xff, 0xfc, 0x0, 0x0, 0x0, 0x0, 0x0, 0x7,
    0xff, 0xfd, 0x0, 0x0, 0x0, 0x0, 0x0, 0x3,
    0xff, 0xff, 0x0, 0x0, 0x0, 0x0, 0x0, 0x2,
    0xff, 0xff, 0x0, 0x0, 0x0, 0x0, 0x0, 0x0,
    0xff, 0xff, 0x80, 0x0, 0x0, 0x0, 0x0, 0x0,
    0xff, 0xff, 0xc0, 0x0, 0x0, 0x0, 0x0, 0x0,
    0xbf, 0xff, 0xd0, 0x0, 0x0, 0x0, 0x0, 0x0,
    0x3f, 0xff, 0xe0, 0x0, 0x0, 0x0, 0x0, 0x0,
    0x3f, 0xff, 0xf0, 0x0, 0x0, 0x0, 0x0, 0x0,
    0x1f, 0xff, 0xf4, 0x0, 0x0, 0x0, 0x0, 0x0,
    0xf, 0xff, 0xf8, 0x0, 0x0, 0x0, 0x0, 0x0,
    0xb, 0xff, 0xfc, 0x0, 0x0, 0x0, 0x0, 0x0,
    0x7, 0xff, 0xfd, 0x0, 0x0, 0x0, 0x0, 0x0,
    0x3, 0xff, 0xff, 0x0, 0x0, 0x0, 0x0, 0x0,
    0x2, 0xff, 0xff, 0x0, 0x0, 0x0, 0x0, 0x0,
    0x1, 0xff, 0xff, 0x80, 0x0, 0x0, 0x0, 0x0,
    0x0, 0xff, 0xff, 0xc0, 0x0, 0x0, 0x0, 0x0,
    0x0, 0xbf, 0xff, 0xd0, 0x0, 0x0, 0x0, 0x0,
    0x0, 0x3f, 0xff, 0xe0, 0x0, 0x0, 0x0, 0x0,
    0x0, 0x3f, 0xff, 0xf0, 0x0, 0x0, 0x0, 0x0,
    0x0, 0x1f, 0xff, 0xf4, 0x0, 0x0, 0x0, 0x0,
    0x0, 0xf, 0xff, 0xf8, 0x0, 0x0, 0x0, 0x0,
    0x0, 0xb, 0xff, 0xfc, 0x0, 0x0, 0x0, 0x0,
    0x0, 0x7, 0xff, 0xfd, 0x0, 0x0, 0x0, 0x0,
    0x0, 0x3, 0xff, 0xff, 0x0, 0x0, 0x0, 0x0,
    0x0, 0x2, 0xff, 0xff, 0x0, 0x0, 0x0, 0x0,
    0x0, 0x1, 0xff, 0xff, 0x80, 0x0, 0x0, 0x0,
    0x0, 0x0, 0xff, 0xff, 0xc0, 0x0, 0x0, 0x0,
    0x0, 0x0, 0xbf, 0xff, 0xd0, 0x0, 0x0, 0x0,
    0x0, 0x0, 0x3f, 0xff, 0xe0, 0x0, 0x0, 0x0,
    0x0, 0x0, 0x3f, 0xff, 0xf0, 0x0, 0x0, 0x0,
    0x0, 0x0, 0x1f, 0xff, 0xf4, 0x0, 0x0, 0x0,
    0x0, 0x0, 0xf, 0xff, 0xf8, 0x0, 0x0, 0x0,
    0x0, 0x0, 0xf, 0xff, 0xfc, 0x0, 0x0, 0x0,
    0x0, 0x0, 0x7, 0xff, 0xfe, 0x0, 0x0, 0x0,
    0x0, 0x0, 0x2, 0xff, 0xff, 0xff, 0xff, 0xff,
    0xff, 0xff, 0xfd, 0xbf, 0xff, 0xff, 0xff, 0xff,
    0xff, 0xff, 0xff, 0x6f, 0xff, 0xff, 0xff, 0xff,
    0xff, 0xff, 0xff, 0xdb, 0xff, 0xff, 0xff, 0xff,
    0xff, 0xff, 0xff, 0xf6, 0xff, 0xff, 0xff, 0xff,
    0xff, 0xff, 0xff, 0xfd, 0xbf, 0xff, 0xff, 0xff,
    0xff, 0xff, 0xff, 0xff, 0x6f, 0xff, 0xff, 0xff,
    0xff, 0xff, 0xff, 0xff, 0xd0,

    /* U+005B "[" */
    0x7f, 0xff, 0xff, 0xf9, 0xff, 0xff, 0xff, 0xe7,
    0xff, 0xff, 0xff, 0x9f, 0xff, 0xff, 0xfe, 0x7f,
    0xff, 0xff, 0xf9, 0xff, 0xff, 0xff, 0xe7, 0xff,
    0xff, 0xff, 0x9f, 0xff, 0xe5, 0x54, 0x7f, 0xff,
    0x40, 0x1, 0xff, 0xfd, 0x0, 0x7, 0xff, 0xf4,
    0x0, 0x1f, 0xff, 0xd0, 0x0, 0x7f, 0xff, 0x40,
    0x1, 0xff, 0xfd, 0x0, 0x7, 0xff, 0xf4, 0x0,
    0x1f, 0xff, 0xd0, 0x0, 0x7f, 0xff, 0x40, 0x1,
    0xff, 0xfd, 0x0, 0x7, 0xff, 0xf4, 0x0, 0x1f,
    0xff, 0xd0, 0x0, 0x7f, 0xff, 0x40, 0x1, 0xff,
    0xfd, 0x0, 0x7, 0xff, 0xf4, 0x0, 0x1f, 0xff,
    0xd0, 0x0, 0x7f, 0xff, 0x40, 0x1, 0xff, 0xfd,
    0x0, 0x7, 0xff, 0xf4, 0x0, 0x1f, 0xff, 0xd0,
    0x0, 0x7f, 0xff, 0x40, 0x1, 0xff, 0xfd, 0x0,
    0x7, 0xff, 0xf4, 0x0, 0x1f, 0xff, 0xd0, 0x0,
    0x7f, 0xff, 0x40, 0x1, 0xff, 0xfd, 0x0, 0x7,
    0xff, 0xf4, 0x0, 0x1f, 0xff, 0xd0, 0x0, 0x7f,
    0xff, 0x40, 0x1, 0xff, 0xfd, 0x0, 0x7, 0xff,
    0xf4, 0x0, 0x1f, 0xff, 0xd0, 0x0, 0x7f, 0xff,
    0x40, 0x1, 0xff, 0xfd, 0x0, 0x7, 0xff, 0xf4,
    0x0, 0x1f, 0xff, 0xd0, 0x0, 0x7f, 0xff, 0x40,
    0x1, 0xff, 0xfd, 0x0, 0x7, 0xff, 0xf4, 0x0,
    0x1f, 0xff, 0xd0, 0x0, 0x7f, 0xff, 0x40, 0x1,
    0xff, 0xfd, 0x0, 0x7, 0xff, 0xf4, 0x0, 0x1f,
    0xff, 0xd0, 0x0, 0x7f, 0xff, 0x40, 0x1, 0xff,
    0xff, 0xff, 0xe7, 0xff, 0xff, 0xff, 0x9f, 0xff,
    0xff, 0xfe, 0x7f, 0xff, 0xff, 0xf9, 0xff, 0xff,
    0xff, 0xe7, 0xff, 0xff, 0xff, 0x9f, 0xff, 0xff,
    0xfe,

    /* U+005C "\\" */
    0x7f, 0xfc, 0x0, 0x0, 0x0, 0x0, 0xff, 0xf4,
    0x0, 0x0, 0x0, 0x2, 0xff, 0xe0, 0x0, 0x0,
    0x0, 0x7, 0xff, 0xc0, 0x0, 0x0, 0x0, 0xf,
    0xff, 0x40, 0x0, 0x0, 0x0, 0x3f, 0xfe, 0x0,
    0x0, 0x0, 0x0, 0x7f, 0xfc, 0x0, 0x0, 0x0,
    0x0, 0xff, 0xf0, 0x0, 0x0, 0x0, 0x3, 0xff,
    0xe0, 0x0, 0x0, 0x0, 0xb, 0xff, 0xc0, 0x0,
    0x0, 0x0, 0x1f, 0xff, 0x0, 0x0, 0x0, 0x0,
    0x3f, 0xfd, 0x0, 0x0, 0x0, 0x0, 0xbf, 0xf8,
    0x0, 0x0, 0x0, 0x1, 0xff, 0xf0, 0x0, 0x0,
    0x0, 0x3, 0xff, 0xd0, 0x0, 0x0, 0x0, 0xb,
    0xff, 0x80, 0x0, 0x0, 0x0, 0x1f, 0xff, 0x0,
    0x0, 0x0, 0x0, 0x3f, 0xfc, 0x0, 0x0, 0x0,
    0x0, 0xff, 0xf8, 0x0, 0x0, 0x0, 0x2, 0xff,
    0xf0, 0x0, 0x0, 0x0, 0x3, 0xff, 0xc0, 0x0,
    0x0, 0x0, 0xf, 0xff, 0x40, 0x0, 0x0, 0x0,
    0x2f, 0xfe, 0x0, 0x0, 0x0, 0x0, 0x7f, 0xfc,
    0x0, 0x0, 0x0, 0x0, 0xff, 0xf4, 0x0, 0x0,
    0x0, 0x2, 0xff, 0xe0, 0x0, 0x0, 0x0, 0x7,
    0xff, 0xc0, 0x0, 0x0, 0x0, 0xf, 0xff, 0x0,
    0x0, 0x0, 0x0, 0x3f, 0xfe, 0x0, 0x0, 0x0,
    0x0, 0xbf, 0xfc, 0x0, 0x0, 0x0, 0x0, 0xff,
    0xf0, 0x0, 0x0, 0x0, 0x3, 0xff, 0xd0, 0x0,
    0x0, 0x0, 0xb, 0xff, 0xc0, 0x0, 0x0, 0x0,
    0x1f, 0xff, 0x0, 0x0, 0x0, 0x0, 0x3f, 0xfd,
    0x0, 0x0, 0x0, 0x0, 0xbf, 0xf8, 0x0, 0x0,
    0x0, 0x1, 0xff, 0xf0, 0x0, 0x0, 0x0, 0x3,
    0xff, 0xd0, 0x0, 0x0, 0x0, 0xf, 0xff, 0x80,
    0x0, 0x0, 0x0, 0x2f, 0xff, 0x0, 0x0, 0x0,
    0x0, 0x3f, 0xfc, 0x0, 0x0, 0x0, 0x0, 0xff,
    0xf4, 0x0, 0x0, 0x0, 0x2, 0xff, 0xf0, 0x0,
    0x0, 0x0, 0x7, 0xff, 0xc0, 0x0, 0x0, 0x0,
    0xf, 0xff, 0x40, 0x0, 0x0, 0x0, 0x2f, 0xfe,
    0x0, 0x0, 0x0, 0x0, 0x7f, 0xfc, 0x0, 0x0,
    0x0, 0x0, 0xff, 0xf4, 0x0, 0x0, 0x0, 0x3,
    0xff, 0xe0, 0x0, 0x0, 0x0, 0xb, 0xff, 0xc0,
    0x0, 0x0, 0x0, 0xf, 0xff, 0x0,

    /* U+005D "]" */
    0x7f, 0xff, 0xff, 0xf9, 0xff, 0xff, 0xff, 0xe7,
    0xff, 0xff, 0xff, 0x9f, 0xff, 0xff, 0xfe, 0x7f,
    0xff, 0xff, 0xf9, 0xff, 0xff, 0xff, 0xe7, 0xff,
    0xff, 0xff, 0x80, 0x1, 0xff, 0xfe, 0x0, 0x3,
    0xff, 0xf8, 0x0, 0xf, 0xff, 0xe0, 0x0, 0x3f,
    0xff, 0x80, 0x0, 0xff, 0xfe, 0x0, 0x3, 0xff,
    0xf8, 0x0, 0xf, 0xff, 0xe0, 0x0, 0x3f, 0xff,
    0x80, 0x0, 0xff, 0xfe, 0x0, 0x3, 0xff, 0xf8,
    0x0, 0xf, 0xff, 0xe0, 0x0, 0x3f, 0xff, 0x80,
    0x0, 0xff, 0xfe, 0x0, 0x3, 0xff, 0xf8, 0x0,
    0xf, 0xff, 0xe0, 0x0, 0x3f, 0xff, 0x80, 0x0,
    0xff, 0xfe, 0x0, 0x3, 0xff, 0xf8, 0x0, 0xf,
    0xff, 0xe0, 0x0, 0x3f, 0xff, 0x80, 0x0, 0xff,
    0xfe, 0x0, 0x3, 0xff, 0xf8, 0x0, 0xf, 0xff,
    0xe0, 0x0, 0x3f, 0xff, 0x80, 0x0, 0xff, 0xfe,
    0x0, 0x3, 0xff, 0xf8, 0x0, 0xf, 0xff, 0xe0,
    0x0, 0x3f, 0xff, 0x80, 0x0, 0xff, 0xfe, 0x0,
    0x3, 0xff, 0xf8, 0x0, 0xf, 0xff, 0xe0, 0x0,
    0x3f, 0xff, 0x80, 0x0, 0xff, 0xfe, 0x0, 0x3,
    0xff, 0xf8, 0x0, 0xf, 0xff, 0xe0, 0x0, 0x3f,
    0xff, 0x80, 0x0, 0xff, 0xfe, 0x0, 0x3, 0xff,
    0xf8, 0x0, 0xf, 0xff, 0xe0, 0x0, 0x3f, 0xff,
    0x80, 0x0, 0xff, 0xfe, 0x0, 0x3, 0xff, 0xf8,
    0x0, 0xf, 0xff, 0xe0, 0x0, 0x3f, 0xff, 0x80,
    0x0, 0xff, 0xfe, 0x0, 0x7, 0xff, 0xf9, 0xff,
    0xff, 0xff, 0xe7, 0xff, 0xff, 0xff, 0x9f, 0xff,
    0xff, 0xfe, 0x7f, 0xff, 0xff, 0xf9, 0xff, 0xff,
    0xff, 0xe7, 0xff, 0xff, 0xff, 0x9f, 0xff, 0xff,
    0xfe,

    /* U+005E "^" */
    0x0, 0x0, 0x0, 0x2a, 0xa8, 0x0, 0x0, 0x0,
    0x0, 0x0, 0x0, 0xff, 0xfd, 0x0, 0x0, 0x0,
    0x0, 0x0, 0x0, 0xff, 0xff, 0x0, 0x0, 0x0,
    0x0, 0x0, 0x2, 0xff, 0xff, 0x40, 0x0, 0x0,
    0x0, 0x0, 0x3, 0xff, 0xff, 0x80, 0x0, 0x0,
    0x0, 0x0, 0x7, 0xff, 0xff, 0xc0, 0x0, 0x0,
    0x0, 0x0, 0xf, 0xff, 0xff, 0xd0, 0x0, 0x0,
    0x0, 0x0, 0xf, 0xff, 0xff, 0xf0, 0x0, 0x0,
    0x0, 0x0, 0x2f, 0xfe, 0xff, 0xf4, 0x0, 0x0,
    0x0, 0x0, 0x3f, 0xfc, 0xbf, 0xf8, 0x0, 0x0,
    0x0, 0x0, 0x7f, 0xfc, 0x3f, 0xfc, 0x0, 0x0,
    0x0, 0x0, 0xff, 0xf4, 0x3f, 0xfe, 0x0, 0x0,
    0x0, 0x0, 0xff, 0xf0, 0x1f, 0xff, 0x0, 0x0,
    0x0, 0x2, 0xff, 0xe0, 0xf, 0xff, 0x40, 0x0,
    0x0, 0x3, 0xff, 0xc0, 0xb, 0xff, 0x80, 0x0,
    0x0, 0x7, 0xff, 0xc0, 0x3, 0xff, 0xc0, 0x0,
    0x0, 0xf, 0xff, 0x40, 0x3, 0xff, 0xe0, 0x0,
    0x0, 0xf, 0xff, 0x0, 0x1, 0xff, 0xf0, 0x0,
    0x0, 0x2f, 0xfe, 0x0, 0x0, 0xff, 0xf4, 0x0,
    0x0, 0x3f, 0xfc, 0x0, 0x0, 0xbf, 0xf8, 0x0,
    0x0, 0x7f, 0xfc, 0x0, 0x0, 0x3f, 0xfc, 0x0,
    0x0, 0xff, 0xf4, 0x0, 0x0, 0x3f, 0xfe, 0x0,
    0x1, 0xff, 0xf0, 0x0, 0x0, 0x1f, 0xff, 0x0,
    0x2, 0xff, 0xe0, 0x0, 0x0, 0xf, 0xff, 0x40,
    0x3, 0xff, 0xd0, 0x0, 0x0, 0xb, 0xff, 0xc0,
    0x7, 0xff, 0xc0, 0x0, 0x0, 0x3, 0xff, 0xc0,
    0xf, 0xff, 0x40, 0x0, 0x0, 0x3, 0xff, 0xe0,
    0x1f, 0xff, 0x0, 0x0, 0x0, 0x1, 0xff, 0xf0,
    0x2f, 0xfe, 0x0, 0x0, 0x0, 0x0, 0xff, 0xf4,
    0x3f, 0xfd, 0x0, 0x0, 0x0, 0x0, 0xbf, 0xfc,
    0x7f, 0xfc, 0x0, 0x0, 0x0, 0x0, 0x3f, 0xfc,

    /* U+005F "_" */
    0x0, 0x0, 0x0, 0x0, 0x0, 0x0, 0x0, 0x0,
    0x3, 0xff, 0xff, 0xff, 0xff, 0xff, 0xff, 0xff,
    0xff, 0xff, 0xff, 0xff, 0xff, 0xff, 0xff, 0xff,
    0xff, 0xff, 0xff, 0xff, 0xff, 0xff, 0xff, 0xff,
    0xff, 0xff, 0xff, 0xff, 0xff, 0xff, 0xff, 0xff,
    0xff, 0xff, 0xff, 0xff, 0xff, 0xff, 0xff, 0xff,
    0xff, 0xff, 0xff, 0xff, 0xf0,

    /* U+0060 "`" */
    0x1a, 0xaa, 0x80, 0x0, 0x7, 0xff, 0xfc, 0x0,
    0x0, 0x7f, 0xff, 0xc0, 0x0, 0x7, 0xff, 0xf8,
    0x0, 0x0, 0x7f, 0xff, 0x40, 0x0, 0x7, 0xff,
    0xf0, 0x0, 0x0, 0x7f, 0xff, 0x0, 0x0, 0x7,
    0xff, 0xf0, 0x0, 0x0, 0x7f, 0xfe, 0x0, 0x0,
    0x7, 0xff, 0xd0,

    /* U+007B "{" */
    0x0, 0x0, 0x6, 0xff, 0xfc, 0x0, 0x1, 0xff,
    0xff, 0xf0, 0x0, 0x1f, 0xff, 0xff, 0xc0, 0x0,
    0xff, 0xff, 0xff, 0x0, 0x7, 0xff, 0xff, 0xfc,
    0x0, 0x2f, 0xff, 0xff, 0xf0, 0x0, 0xff, 0xff,
    0xe5, 0x40, 0x3, 0xff, 0xfc, 0x0, 0x0, 0xf,
    0xff, 0xd0, 0x0, 0x0, 0x3f, 0xff, 0x40, 0x0,
    0x0, 0xff, 0xfd, 0x0, 0x0, 0x3, 0xff, 0xf4,
    0x0, 0x0, 0xf, 0xff, 0xd0, 0x0, 0x0, 0x3f,
    0xff, 0x40, 0x0, 0x0, 0xff, 0xfd, 0x0, 0x0,
    0x3, 0xff, 0xf4, 0x0, 0x0, 0xf, 0xff, 0xd0,
    0x0, 0x0, 0x3f, 0xff, 0x40, 0x0, 0x0, 0xff,
    0xfd, 0x0, 0x0, 0x3, 0xff, 0xf4, 0x0, 0x0,
    0xf, 0xff, 0xc0, 0x0, 0x0, 0x3f, 0xff, 0x0,
    0x0, 0x1, 0xff, 0xfc, 0x0, 0x0, 0xb, 0xff,
    0xf0, 0x0, 0x0, 0x3f, 0xff, 0xc0, 0x0, 0x7,
    0xff, 0xfe, 0x0, 0x7, 0xff, 0xff, 0xf0, 0x0,
    0x1f, 0xff, 0xff, 0x80, 0x0, 0x7f, 0xff, 0xf8,
    0x0, 0x1, 0xff, 0xff, 0x0, 0x0, 0x7, 0xff,
    0xff, 0x40, 0x0, 0x1f, 0xff, 0xff, 0x40, 0x0,
    0x7f, 0xff, 0xff, 0x0, 0x0, 0xb, 0xff, 0xfe,
    0x0, 0x0, 0x3, 0xff, 0xfc, 0x0, 0x0, 0xb,
    0xff, 0xf0, 0x0, 0x0, 0x1f, 0xff, 0xc0, 0x0,
    0x0, 0x3f, 0xff, 0x0, 0x0, 0x0, 0xff, 0xfc,
    0x0, 0x0, 0x3, 0xff, 0xf4, 0x0, 0x0, 0xf,
    0xff, 0xd0, 0x0, 0x0, 0x3f, 0xff, 0x40, 0x0,
    0x0, 0xff, 0xfd, 0x0, 0x0, 0x3, 0xff, 0xf4,
    0x0, 0x0, 0xf, 0xff, 0xd0, 0x0, 0x0, 0x3f,
    0xff, 0x40, 0x0, 0x0, 0xff, 0xfd, 0x0, 0x0,
    0x3, 0xff, 0xf4, 0x0, 0x0, 0xf, 0xff, 0xd0,
    0x0, 0x0, 0x3f, 0xff, 0x40, 0x0, 0x0, 0xff,
    0xfd, 0x0, 0x0, 0x3, 0xff, 0xf4, 0x0, 0x0,
    0xf, 0xff, 0xf0, 0x0, 0x0, 0x3f, 0xff, 0xf5,
    0x50, 0x0, 0xbf, 0xff, 0xff, 0xc0, 0x1, 0xff,
    0xff, 0xff, 0x0, 0x3, 0xff, 0xff, 0xfc, 0x0,
    0x3, 0xff, 0xff, 0xf0, 0x0, 0x3, 0xff, 0xff,
    0xc0, 0x0, 0x1, 0xbf, 0xff,

    /* U+007C "|" */
    0xbf, 0xfd, 0xbf, 0xfd, 0xbf, 0xfd, 0xbf, 0xfd,
    0xbf, 0xfd, 0xbf, 0xfd, 0xbf, 0xfd, 0xbf, 0xfd,
    0xbf, 0xfd, 0xbf, 0xfd, 0xbf, 0xfd, 0xbf, 0xfd,
    0xbf, 0xfd, 0xbf, 0xfd, 0xbf, 0xfd, 0xbf, 0xfd,
    0xbf, 0xfd, 0xbf, 0xfd, 0xbf, 0xfd, 0xbf, 0xfd,
    0xbf, 0xfd, 0xbf, 0xfd, 0xbf, 0xfd, 0xbf, 0xfd,
    0xbf, 0xfd, 0xbf, 0xfd, 0xbf, 0xfd, 0xbf, 0xfd,
    0xbf, 0xfd, 0xbf, 0xfd, 0xbf, 0xfd, 0xbf, 0xfd,
    0xbf, 0xfd, 0xbf, 0xfd, 0xbf, 0xfd, 0xbf, 0xfd,
    0xbf, 0xfd, 0xbf, 0xfd, 0xbf, 0xfd, 0xbf, 0xfd,
    0xbf, 0xfd, 0xbf, 0xfd, 0xbf, 0xfd, 0xbf, 0xfd,
    0xbf, 0xfd, 0xbf, 0xfd, 0xbf, 0xfd, 0xbf, 0xfd,
    0xbf, 0xfd, 0xbf, 0xfd, 0xbf, 0xfd, 0xbf, 0xfd,
    0xbf, 0xfd, 0xbf, 0xfd, 0xbf, 0xfd, 0xbf, 0xfd,
    0xbf, 0xfd, 0xbf, 0xfd, 0xbf, 0xfd, 0xbf, 0xfd,

    /* U+007D "}" */
    0x7f, 0xff, 0x80, 0x0, 0x1, 0xff, 0xff, 0xe0,
    0x0, 0x7, 0xff, 0xff, 0xe0, 0x0, 0x1f, 0xff,
    0xff, 0xd0, 0x0, 0x7f, 0xff, 0xff, 0xc0, 0x1,
    0xff, 0xff, 0xff, 0x0, 0x1, 0x5b, 0xff, 0xfd,
    0x0, 0x0, 0x7, 0xff, 0xf4, 0x0, 0x0, 0xf,
    0xff, 0xe0, 0x0, 0x0, 0x3f, 0xff, 0x80, 0x0,
    0x0, 0xbf, 0xfe, 0x0, 0x0, 0x2, 0xff, 0xf8,
    0x0, 0x0, 0xb, 0xff, 0xe0, 0x0, 0x0, 0x2f,
    0xff, 0x80, 0x0, 0x0, 0xbf, 0xfe, 0x0, 0x0,
    0x2, 0xff, 0xf8, 0x0, 0x0, 0xb, 0xff, 0xe0,
    0x0, 0x0, 0x2f, 0xff, 0x80, 0x0, 0x0, 0xbf,
    0xfe, 0x0, 0x0, 0x2, 0xff, 0xf8, 0x0, 0x0,
    0xb, 0xff, 0xe0, 0x0, 0x0, 0x2f, 0xff, 0x80,
    0x0, 0x0, 0xbf, 0xfe, 0x0, 0x0, 0x2, 0xff,
    0xfc, 0x0, 0x0, 0x7, 0xff, 0xf8, 0x0, 0x0,
    0xf, 0xff, 0xf8, 0x0, 0x0, 0x2f, 0xff, 0xff,
    0x80, 0x0, 0x3f, 0xff, 0xff, 0x0, 0x0, 0x3f,
    0xff, 0xfc, 0x0, 0x0, 0x1f, 0xff, 0xf0, 0x0,
    0x2, 0xff, 0xff, 0xc0, 0x0, 0x3f, 0xff, 0xff,
    0x0, 0x2, 0xff, 0xff, 0xfc, 0x0, 0xf, 0xff,
    0xfd, 0x0, 0x0, 0x7f, 0xff, 0x80, 0x0, 0x1,
    0xff, 0xfc, 0x0, 0x0, 0xb, 0xff, 0xf0, 0x0,
    0x0, 0x2f, 0xff, 0x80, 0x0, 0x0, 0xbf, 0xfe,
    0x0, 0x0, 0x2, 0xff, 0xf8, 0x0, 0x0, 0xb,
    0xff, 0xe0, 0x0, 0x0, 0x2f, 0xff, 0x80, 0x0,
    0x0, 0xbf, 0xfe, 0x0, 0x0, 0x2, 0xff, 0xf8,
    0x0, 0x0, 0xb, 0xff, 0xe0, 0x0, 0x0, 0x2f,
    0xff, 0x80, 0x0, 0x0, 0xbf, 0xfe, 0x0, 0x0,
    0x2, 0xff, 0xf8, 0x0, 0x0, 0xb, 0xff, 0xe0,
    0x0, 0x0, 0x2f, 0xff, 0x80, 0x0, 0x0, 0xff,
    0xfe, 0x0, 0x0, 0x3, 0xff, 0xf8, 0x0, 0x0,
    0x1f, 0xff, 0xd0, 0x0, 0x56, 0xff, 0xff, 0x40,
    0x7, 0xff, 0xff, 0xfc, 0x0, 0x1f, 0xff, 0xff,
    0xf0, 0x0, 0x7f, 0xff, 0xff, 0x40, 0x1, 0xff,
    0xff, 0xf8, 0x0, 0x7, 0xff, 0xff, 0x80, 0x0,
    0x1f, 0xff, 0xe0, 0x0, 0x0,

    /* U+007E "~" */
    0x0, 0x6, 0xff, 0x90, 0x0, 0x0, 0x5, 0x0,
    0x0, 0x3f, 0xff, 0xfd, 0x0, 0x0, 0xf, 0x80,
    0x1, 0xff, 0xff, 0xff, 0x80, 0x0, 0x3f, 0xf4,
    0x7, 0xff, 0xff, 0xff, 0xf4, 0x0, 0xbf, 0xfe,
    0xf, 0xff, 0xff, 0xff, 0xff, 0xab, 0xff, 0xfc,
    0x3f, 0xff, 0xff, 0xff, 0xff, 0xff, 0xff, 0xf8,
    0x7f, 0xff, 0xea, 0xff, 0xff, 0xff, 0xff, 0xf0,
    0xff, 0xfd, 0x0, 0x2f, 0xff, 0xff, 0xff, 0xc0,
    0x2f, 0xf4, 0x0, 0x3, 0xff, 0xff, 0xff, 0x0,
    0x2, 0xe0, 0x0, 0x0, 0x7f, 0xff, 0xf8, 0x0,
    0x0, 0x40, 0x0, 0x0, 0x6, 0xff, 0x80, 0x0
};


/*---------------------
 *  GLYPH DESCRIPTION
 *--------------------*/

static const lv_font_fmt_txt_glyph_dsc_t glyph_dsc[] = {
    {.bitmap_index = 0, .adv_w = 0, .box_w = 0, .box_h = 0, .ofs_x = 0, .ofs_y = 0} /* id = 0 reserved */,
    {.bitmap_index = 0, .adv_w = 282, .box_w = 10, .box_h = 50, .ofs_x = 4, .ofs_y = 0},
    {.bitmap_index = 125, .adv_w = 411, .box_w = 20, .box_h = 21, .ofs_x = 3, .ofs_y = 29},
    {.bitmap_index = 230, .adv_w = 610, .box_w = 36, .box_h = 50, .ofs_x = 1, .ofs_y = 0},
    {.bitmap_index = 680, .adv_w = 560, .box_w = 30, .box_h = 59, .ofs_x = 2, .ofs_y = -4},
    {.bitmap_index = 1123, .adv_w = 1013, .box_w = 59, .box_h = 52, .ofs_x = 2, .ofs_y = -1},
    {.bitmap_index = 1890, .adv_w = 689, .box_w = 37, .box_h = 52, .ofs_x = 3, .ofs_y = 0},
    {.bitmap_index = 2371, .adv_w = 214, .box_w = 8, .box_h = 21, .ofs_x = 3, .ofs_y = 29},
    {.bitmap_index = 2413, .adv_w = 348, .box_w = 16, .box_h = 60, .ofs_x = 3, .ofs_y = -6},
    {.bitmap_index = 2653, .adv_w = 348, .box_w = 16, .box_h = 60, .ofs_x = 3, .ofs_y = -6},
    {.bitmap_index = 2893, .adv_w = 434, .box_w = 21, .box_h = 22, .ofs_x = 3, .ofs_y = 28},
    {.bitmap_index = 3009, .adv_w = 602, .box_w = 32, .box_h = 31, .ofs_x = 3, .ofs_y = 5},
    {.bitmap_index = 3257, .adv_w = 214, .box_w = 8, .box_h = 21, .ofs_x = 3, .ofs_y = -12},
    {.bitmap_index = 3299, .adv_w = 452, .box_w = 21, .box_h = 8, .ofs_x = 4, .ofs_y = 22},
    {.bitmap_index = 3341, .adv_w = 240, .box_w = 9, .box_h = 10, .ofs_x = 3, .ofs_y = 0},
    {.bitmap_index = 3364, .adv_w = 461, .box_w = 23, .box_h = 51, .ofs_x = 3, .ofs_y = -1},
    {.bitmap_index = 3658, .adv_w = 582, .box_w = 29, .box_h = 52, .ofs_x = 4, .ofs_y = 0},
    {.bitmap_index = 4035, .adv_w = 393, .box_w = 18, .box_h = 50, .ofs_x = 2, .ofs_y = 0},
    {.bitmap_index = 4260, .adv_w = 558, .box_w = 29, .box_h = 51, .ofs_x = 3, .ofs_y = 0},
    {.bitmap_index = 4630, .adv_w = 577, .box_w = 30, .box_h = 52, .ofs_x = 3, .ofs_y = 0},
    {.bitmap_index = 5020, .adv_w = 591, .box_w = 33, .box_h = 50, .ofs_x = 2, .ofs_y = 0},
    {.bitmap_index = 5433, .adv_w = 567, .box_w = 28, .box_h = 50, .ofs_x = 4, .ofs_y = 0},
    {.bitmap_index = 5783, .adv_w = 585, .box_w = 31, .box_h = 50, .ofs_x = 3, .ofs_y = 0},
    {.bitmap_index = 6171, .adv_w = 515, .box_w = 28, .box_h = 50, .ofs_x = 2, .ofs_y = 0},
    {.bitmap_index = 6521, .adv_w = 600, .box_w = 30, .box_h = 52, .ofs_x = 4, .ofs_y = 0},
    {.bitmap_index = 6911, .adv_w = 585, .box_w = 31, .box_h = 51, .ofs_x = 3, .ofs_y = 0},
    {.bitmap_index = 7307, .adv_w = 240, .box_w = 9, .box_h = 34, .ofs_x = 3, .ofs_y = 0},
    {.bitmap_index = 7384, .adv_w = 240, .box_w = 9, .box_h = 46, .ofs_x = 3, .ofs_y = -11},
    {.bitmap_index = 7488, .adv_w = 602, .box_w = 31, .box_h = 32, .ofs_x = 3, .ofs_y = 4},
    {.bitmap_index = 7736, .adv_w = 602, .box_w = 31, .box_h = 22, .ofs_x = 3, .ofs_y = 9},
    {.bitmap_index = 7907, .adv_w = 602, .box_w = 31, .box_h = 32, .ofs_x = 3, .ofs_y = 4},
    {.bitmap_index = 8155, .adv_w = 511, .box_w = 28, .box_h = 51, .ofs_x = 2, .ofs_y = 0},
    {.bitmap_index = 8512, .adv_w = 1005, .box_w = 57, .box_h = 61, .ofs_x = 3, .ofs_y = -11},
    {.bitmap_index = 9382, .adv_w = 686, .box_w = 43, .box_h = 50, .ofs_x = 0, .ofs_y = 0},
    {.bitmap_index = 9920, .adv_w = 694, .box_w = 36, .box_h = 50, .ofs_x = 4, .ofs_y = 0},
    {.bitmap_index = 10370, .adv_w = 694, .box_w = 36, .box_h = 52, .ofs_x = 4, .ofs_y = 0},
    {.bitmap_index = 10838, .adv_w = 699, .box_w = 36, .box_h = 50, .ofs_x = 4, .ofs_y = 0},
    {.bitmap_index = 11288, .adv_w = 637, .box_w = 33, .box_h = 50, .ofs_x = 4, .ofs_y = 0},
    {.bitmap_index = 11701, .adv_w = 637, .box_w = 33, .box_h = 50, .ofs_x = 4, .ofs_y = 0},
    {.bitmap_index = 12114, .adv_w = 694, .box_w = 36, .box_h = 52, .ofs_x = 4, .ofs_y = 0},
    {.bitmap_index = 12582, .adv_w = 709, .box_w = 36, .box_h = 50, .ofs_x = 4, .ofs_y = 0},
    {.bitmap_index = 13032, .adv_w = 286, .box_w = 9, .box_h = 50, .ofs_x = 4, .ofs_y = 0},
    {.bitmap_index = 13145, .adv_w = 374, .box_w = 18, .box_h = 50, .ofs_x = 1, .ofs_y = 0},
    {.bitmap_index = 13370, .adv_w = 698, .box_w = 40, .box_h = 50, .ofs_x = 4, .ofs_y = 0},
    {.bitmap_index = 13870, .adv_w = 599, .box_w = 32, .box_h = 50, .ofs_x = 4, .ofs_y = 0},
    {.bitmap_index = 14270, .adv_w = 867, .box_w = 44, .box_h = 50, .ofs_x = 5, .ofs_y = 0},
    {.bitmap_index = 14820, .adv_w = 741, .box_w = 38, .box_h = 50, .ofs_x = 4, .ofs_y = 0},
    {.bitmap_index = 15295, .adv_w = 694, .box_w = 36, .box_h = 52, .ofs_x = 4, .ofs_y = 0},
    {.bitmap_index = 15763, .adv_w = 656, .box_w = 36, .box_h = 50, .ofs_x = 4, .ofs_y = 0},
    {.bitmap_index = 16213, .adv_w = 694, .box_w = 36, .box_h = 63, .ofs_x = 4, .ofs_y = -11},
    {.bitmap_index = 16780, .adv_w = 691, .box_w = 37, .box_h = 50, .ofs_x = 4, .ofs_y = 0},
    {.bitmap_index = 17243, .adv_w = 630, .box_w = 35, .box_h = 51, .ofs_x = 2, .ofs_y = 0},
    {.bitmap_index = 17690, .adv_w = 587, .box_w = 35, .box_h = 50, .ofs_x = 1, .ofs_y = 0},
    {.bitmap_index = 18128, .adv_w = 714, .box_w = 36, .box_h = 50, .ofs_x = 4, .ofs_y = 0},
    {.bitmap_index = 18578, .adv_w = 626, .box_w = 39, .box_h = 50, .ofs_x = 0, .ofs_y = 0},
    {.bitmap_index = 19066, .adv_w = 945, .box_w = 59, .box_h = 50, .ofs_x = 0, .ofs_y = 0},
    {.bitmap_index = 19804, .adv_w = 673, .box_w = 42, .box_h = 50, .ofs_x = 0, .ofs_y = 0},
    {.bitmap_index = 20329, .adv_w = 606, .box_w = 38, .box_h = 50, .ofs_x = 0, .ofs_y = 0},
    {.bitmap_index = 20804, .adv_w = 586, .box_w = 33, .box_h = 50, .ofs_x = 2, .ofs_y = 0},
    {.bitmap_index = 21217, .adv_w = 354, .box_w = 15, .box_h = 60, .ofs_x = 4, .ofs_y = -6},
    {.bitmap_index = 21442, .adv_w = 461, .box_w = 23, .box_h = 51, .ofs_x = 3, .ofs_y = -1},
    {.bitmap_index = 21736, .adv_w = 356, .box_w = 15, .box_h = 60, .ofs_x = 3, .ofs_y = -6},
    {.bitmap_index = 21961, .adv_w = 602, .box_w = 32, .box_h = 31, .ofs_x = 3, .ofs_y = 20},
    {.bitmap_index = 22209, .adv_w = 559, .box_w = 35, .box_h = 6, .ofs_x = 0, .ofs_y = -8},
    {.bitmap_index = 22262, .adv_w = 576, .box_w = 17, .box_h = 10, .ofs_x = 9, .ofs_y = 42},
    {.bitmap_index = 22305, .adv_w = 406, .box_w = 19, .box_h = 60, .ofs_x = 3, .ofs_y = -6},
    {.bitmap_index = 22590, .adv_w = 349, .box_w = 8, .box_h = 60, .ofs_x = 7, .ofs_y = -6},
    {.bitmap_index = 22710, .adv_w = 406, .box_w = 19, .box_h = 60, .ofs_x = 3, .ofs_y = -6},
    {.bitmap_index = 22995, .adv_w = 602, .box_w = 32, .box_h = 11, .ofs_x = 3, .ofs_y = 15}
};

/*---------------------
 *  CHARACTER MAPPING
 *--------------------*/



/*Collect the unicode lists and glyph_id offsets*/
static const lv_font_fmt_txt_cmap_t cmaps[] =
{
    {
        .range_start = 33, .range_length = 64, .glyph_id_start = 1,
        .unicode_list = NULL, .glyph_id_ofs_list = NULL, .list_length = 0, .type = LV_FONT_FMT_TXT_CMAP_FORMAT0_TINY
    },
    {
        .range_start = 123, .range_length = 4, .glyph_id_start = 65,
        .unicode_list = NULL, .glyph_id_ofs_list = NULL, .list_length = 0, .type = LV_FONT_FMT_TXT_CMAP_FORMAT0_TINY
    }
};

/*-----------------
 *    KERNING
 *----------------*/


/*Pair left and right glyphs for kerning*/
static const uint8_t kern_pair_glyph_ids[] =
{
    13, 52,
    13, 54,
    13, 55,
    13, 57,
    16, 23,
    18, 23,
    19, 23,
    20, 23,
    22, 23,
    23, 19,
    23, 20,
    23, 22,
    23, 24,
    23, 25,
    24, 23,
    25, 23,
    33, 12,
    33, 14,
    33, 35,
    33, 39,
    33, 47,
    33, 49,
    33, 52,
    33, 53,
    33, 54,
    33, 55,
    33, 57,
    34, 54,
    34, 55,
    34, 57,
    38, 12,
    38, 14,
    38, 33,
    43, 35,
    43, 39,
    43, 47,
    43, 49,
    44, 13,
    44, 35,
    44, 39,
    44, 47,
    44, 49,
    44, 52,
    44, 53,
    44, 54,
    44, 55,
    44, 57,
    44, 60,
    48, 12,
    48, 14,
    48, 33,
    50, 55,
    51, 57,
    52, 12,
    52, 13,
    52, 14,
    52, 26,
    52, 27,
    52, 33,
    52, 35,
    52, 39,
    52, 47,
    52, 49,
    52, 55,
    53, 12,
    53, 14,
    53, 33,
    54, 12,
    54, 13,
    54, 14,
    54, 26,
    54, 27,
    54, 33,
    54, 35,
    54, 39,
    54, 47,
    54, 49,
    55, 12,
    55, 13,
    55, 14,
    55, 33,
    56, 35,
    56, 39,
    56, 47,
    56, 49
};

/* Kerning between the respective left and right glyphs
 * 4.4 format which needs to scaled with `kern_scale`*/
static const int8_t kern_pair_values[] =
{
    -59, -33, -26, -59, -16, -8, -25, -34,
    -26, -16, -34, -34, -8, -12, -25, -16,
    16, 16, -7, -7, -7, -7, -65, -16,
    -31, -16, -39, -11, -4, -8, -115, -115,
    -57, -21, -21, -21, -21, -109, -33, -33,
    -33, -33, -96, -45, -84, -58, -89, -42,
    -94, -94, -37, 8, -8, -65, -59, -65,
    -33, -33, -65, -25, -25, -25, -25, 16,
    -33, -33, -20, -57, -33, -57, -16, -16,
    -25, -7, -7, -7, -7, -47, -26, -47,
    -16, -14, -14, -14, -14
};

/*Collect the kern pair's data in one place*/
static const lv_font_fmt_txt_kern_pair_t kern_pairs =
{
    .glyph_ids = kern_pair_glyph_ids,
    .values = kern_pair_values,
    .pair_cnt = 85,
    .glyph_ids_size = 0
};

/*--------------------
 *  ALL CUSTOM DATA
 *--------------------*/

#if LVGL_VERSION_MAJOR == 8
/*Store all the custom data of the font*/
static  lv_font_fmt_txt_glyph_cache_t cache;
#endif

#if LVGL_VERSION_MAJOR >= 8
static const lv_font_fmt_txt_dsc_t font_dsc = {
#else
static lv_font_fmt_txt_dsc_t font_dsc = {
#endif
    .glyph_bitmap = glyph_bitmap,
    .glyph_dsc = glyph_dsc,
    .cmaps = cmaps,
    .kern_dsc = &kern_pairs,
    .kern_scale = 22,
    .cmap_num = 2,
    .bpp = 2,
    .kern_classes = 0,
    .bitmap_format = 0,
#if LVGL_VERSION_MAJOR == 8
    .cache = &cache
#endif
};



/*-----------------
 *  PUBLIC FONT
 *----------------*/

/*Initialize a public general font descriptor*/
#if LVGL_VERSION_MAJOR >= 8
const lv_font_t DINish_SemiBold_72 = {
#else
lv_font_t DINish_SemiBold_72 = {
#endif
    .get_glyph_dsc = lv_font_get_glyph_dsc_fmt_txt,    /*Function pointer to get glyph's data*/
    .get_glyph_bitmap = lv_font_get_bitmap_fmt_txt,    /*Function pointer to get glyph's bitmap*/
    .line_height = 67,          /*The maximum line height required by the font*/
    .base_line = 12,             /*Baseline measured from the bottom of the line*/
#if !(LVGL_VERSION_MAJOR == 6 && LVGL_VERSION_MINOR == 0)
    .subpx = LV_FONT_SUBPX_NONE,
#endif
#if LV_VERSION_CHECK(7, 4, 0) || LVGL_VERSION_MAJOR >= 8
    .underline_position = -11,
    .underline_thickness = 4,
#endif
    .dsc = &font_dsc,          /*The custom font data. Will be accessed by `get_glyph_bitmap/dsc` */
#if LV_VERSION_CHECK(8, 2, 0) || LVGL_VERSION_MAJOR >= 9
    .fallback = NULL,
#endif
    .user_data = NULL,
};



#endif /*#if DINISH_SEMIBOLD_72*/

