#include <lvgl.h>
/*******************************************************************************
 * Size: 68 px
 * Bpp: 2
 * Opts: --font ttf/DINish-SemiBold.ttf --bpp 2 --size 68 --no-compress --format lvgl --r 0x21-0x60,0x7B-0x7E -o 68/DINish_SemiBold_68.c
 ******************************************************************************/


#ifndef DINISH_SEMIBOLD_68
#define DINISH_SEMIBOLD_68 1
#endif

#if DINISH_SEMIBOLD_68

/*-----------------
 *    BITMAPS
 *----------------*/

/*Store the image of the glyphs*/
static LV_ATTRIBUTE_LARGE_CONST const uint8_t glyph_bitmap[] = {
    /* U+0021 "!" */
    0xff, 0xff, 0xaf, 0xff, 0xdb, 0xff, 0xf6, 0xff,
    0xfd, 0xbf, 0xff, 0x6f, 0xff, 0xdb, 0xff, 0xf5,
    0xff, 0xfc, 0x7f, 0xff, 0x1f, 0xff, 0xc7, 0xff,
    0xf1, 0xff, 0xfc, 0x7f, 0xff, 0xf, 0xff, 0xc3,
    0xff, 0xf0, 0xff, 0xfc, 0x3f, 0xff, 0xf, 0xff,
    0xc3, 0xff, 0xe0, 0xff, 0xf8, 0x3f, 0xfe, 0xf,
    0xff, 0x83, 0xff, 0xe0, 0xff, 0xf4, 0x2f, 0xfd,
    0xb, 0xff, 0x42, 0xff, 0xd0, 0xbf, 0xf4, 0x2f,
    0xfd, 0x7, 0xff, 0x1, 0xff, 0xc0, 0x7f, 0xf0,
    0x5, 0x54, 0x0, 0x0, 0x0, 0x0, 0x0, 0x0,
    0x0, 0x0, 0x0, 0x0, 0x0, 0x0, 0x0, 0x0,
    0x0, 0x0, 0xbf, 0xff, 0x6f, 0xff, 0xdb, 0xff,
    0xf6, 0xff, 0xfd, 0xbf, 0xff, 0x6f, 0xff, 0xdb,
    0xff, 0xf6, 0xff, 0xfd,

    /* U+0022 "\"" */
    0x3f, 0xff, 0x0, 0x7f, 0xfd, 0x3f, 0xff, 0x0,
    0x7f, 0xfd, 0x3f, 0xff, 0x0, 0x7f, 0xfd, 0x3f,
    0xff, 0x0, 0x7f, 0xfd, 0x3f, 0xff, 0x0, 0x7f,
    0xfd, 0x3f, 0xff, 0x0, 0x7f, 0xfd, 0x3f, 0xff,
    0x0, 0x7f, 0xfd, 0x3f, 0xff, 0x0, 0x7f, 0xfd,
    0x3f, 0xff, 0x0, 0x7f, 0xfd, 0x3f, 0xff, 0x0,
    0x7f, 0xfd, 0x3f, 0xff, 0x0, 0x7f, 0xfd, 0x3f,
    0xff, 0x0, 0x7f, 0xfd, 0x3f, 0xff, 0x0, 0x7f,
    0xfd, 0x3f, 0xff, 0x0, 0x7f, 0xfd, 0x3f, 0xff,
    0x0, 0x7f, 0xfd, 0x3f, 0xff, 0x0, 0x7f, 0xfd,
    0x3f, 0xff, 0x0, 0x7f, 0xfd, 0x3f, 0xff, 0x0,
    0x7f, 0xfd, 0x3f, 0xff, 0x0, 0x7f, 0xfd, 0x0,
    0x0, 0x0, 0x0, 0x0,

    /* U+0023 "#" */
    0x0, 0x0, 0xf, 0xff, 0x0, 0x0, 0xff, 0xf0,
    0x0, 0x0, 0x1, 0xff, 0xe0, 0x0, 0x1f, 0xfe,
    0x0, 0x0, 0x0, 0x1f, 0xfe, 0x0, 0x1, 0xff,
    0xe0, 0x0, 0x0, 0x2, 0xff, 0xd0, 0x0, 0x2f,
    0xfd, 0x0, 0x0, 0x0, 0x2f, 0xfd, 0x0, 0x2,
    0xff, 0xd0, 0x0, 0x0, 0x3, 0xff, 0xc0, 0x0,
    0x3f, 0xfc, 0x0, 0x0, 0x0, 0x3f, 0xfc, 0x0,
    0x3, 0xff, 0xc0, 0x0, 0x0, 0x3, 0xff, 0xc0,
    0x0, 0x3f, 0xfc, 0x0, 0x0, 0x0, 0x3f, 0xfc,
    0x0, 0x3, 0xff, 0xc0, 0x0, 0x0, 0x7, 0xff,
    0x80, 0x0, 0x7f, 0xf8, 0x0, 0x0, 0x0, 0x7f,
    0xf8, 0x0, 0x7, 0xff, 0x80, 0x0, 0x0, 0xb,
    0xff, 0x80, 0x0, 0xbf, 0xf4, 0x0, 0x0, 0x0,
    0xbf, 0xf4, 0x0, 0xb, 0xff, 0x40, 0x0, 0x0,
    0xf, 0xff, 0x40, 0x0, 0xff, 0xf0, 0x0, 0xf,
    0xff, 0xff, 0xff, 0xff, 0xff, 0xff, 0xff, 0xe0,
    0xff, 0xff, 0xff, 0xff, 0xff, 0xff, 0xff, 0xfe,
    0xf, 0xff, 0xff, 0xff, 0xff, 0xff, 0xff, 0xff,
    0xe0, 0xff, 0xff, 0xff, 0xff, 0xff, 0xff, 0xff,
    0xfe, 0xf, 0xff, 0xff, 0xff, 0xff, 0xff, 0xff,
    0xff, 0xe0, 0x6a, 0xbf, 0xfe, 0xaa, 0xab, 0xff,
    0xea, 0xa9, 0x0, 0x2, 0xff, 0xd0, 0x0, 0x3f,
    0xfd, 0x0, 0x0, 0x0, 0x3f, 0xfc, 0x0, 0x3,
    0xff, 0xc0, 0x0, 0x0, 0x3, 0xff, 0xc0, 0x0,
    0x3f, 0xfc, 0x0, 0x0, 0x0, 0x3f, 0xfc, 0x0,
    0x3, 0xff, 0xc0, 0x0, 0x0, 0x3, 0xff, 0xc0,
    0x0, 0x7f, 0xfc, 0x0, 0x0, 0x0, 0x7f, 0xf8,
    0x0, 0x7, 0xff, 0x80, 0x0, 0x0, 0x7, 0xff,
    0x80, 0x0, 0xbf, 0xf8, 0x0, 0x0, 0x0, 0xbf,
    0xf4, 0x0, 0xb, 0xff, 0x40, 0x0, 0xbf, 0xff,
    0xff, 0xff, 0xff, 0xff, 0xff, 0xff, 0xb, 0xff,
    0xff, 0xff, 0xff, 0xff, 0xff, 0xff, 0xf0, 0xbf,
    0xff, 0xff, 0xff, 0xff, 0xff, 0xff, 0xff, 0xb,
    0xff, 0xff, 0xff, 0xff, 0xff, 0xff, 0xff, 0xf0,
    0xbf, 0xff, 0xff, 0xff, 0xff, 0xff, 0xff, 0xff,
    0x6, 0xaa, 0xff, 0xfa, 0xaa, 0xbf, 0xff, 0xaa,
    0x90, 0x0, 0x2f, 0xfd, 0x0, 0x2, 0xff, 0xd0,
    0x0, 0x0, 0x2, 0xff, 0xd0, 0x0, 0x2f, 0xfd,
    0x0, 0x0, 0x0, 0x3f, 0xfc, 0x0, 0x3, 0xff,
    0xc0, 0x0, 0x0, 0x3, 0xff, 0xc0, 0x0, 0x3f,
    0xfc, 0x0, 0x0, 0x0, 0x3f, 0xfc, 0x0, 0x3,
    0xff, 0xc0, 0x0, 0x0, 0x3, 0xff, 0xc0, 0x0,
    0x3f, 0xfc, 0x0, 0x0, 0x0, 0x7f, 0xf8, 0x0,
    0x7, 0xff, 0x80, 0x0, 0x0, 0x7, 0xff, 0x80,
    0x0, 0x7f, 0xf8, 0x0, 0x0, 0x0, 0xbf, 0xf4,
    0x0, 0xb, 0xff, 0x40, 0x0, 0x0, 0xb, 0xff,
    0x40, 0x0, 0xbf, 0xf4, 0x0, 0x0, 0x0, 0xff,
    0xf0, 0x0, 0xf, 0xff, 0x0, 0x0, 0x0, 0xf,
    0xff, 0x0, 0x0, 0xff, 0xf0, 0x0, 0x0, 0x0,
    0xff, 0xf0, 0x0, 0xf, 0xff, 0x0, 0x0, 0x0,
    0xf, 0xff, 0x0, 0x0, 0xff, 0xf0, 0x0, 0x0,

    /* U+0024 "$" */
    0x0, 0x0, 0x3, 0xff, 0xc0, 0x0, 0x0, 0x0,
    0x0, 0x3, 0xff, 0xc0, 0x0, 0x0, 0x0, 0x0,
    0x3, 0xff, 0xc0, 0x0, 0x0, 0x0, 0x0, 0x3,
    0xff, 0xc0, 0x0, 0x0, 0x0, 0x0, 0x3, 0xff,
    0xc0, 0x0, 0x0, 0x0, 0x0, 0x7, 0xff, 0xd0,
    0x0, 0x0, 0x0, 0x1, 0xbf, 0xff, 0xff, 0x40,
    0x0, 0x0, 0xb, 0xff, 0xff, 0xff, 0xf0, 0x0,
    0x0, 0x3f, 0xff, 0xff, 0xff, 0xfd, 0x0, 0x0,
    0xff, 0xff, 0xff, 0xff, 0xff, 0x0, 0x3, 0xff,
    0xff, 0xff, 0xff, 0xff, 0xc0, 0xb, 0xff, 0xff,
    0xaa, 0xff, 0xff, 0xe0, 0xf, 0xff, 0xf0, 0x0,
    0x1f, 0xff, 0xf0, 0x1f, 0xff, 0xc0, 0x0, 0x3,
    0xff, 0xf4, 0x2f, 0xff, 0x80, 0x0, 0x2, 0xff,
    0xf8, 0x3f, 0xff, 0x0, 0x0, 0x0, 0xff, 0xfc,
    0x3f, 0xff, 0x0, 0x0, 0x0, 0xff, 0xfc, 0x3f,
    0xff, 0x0, 0x0, 0x0, 0xbf, 0xfc, 0x3f, 0xff,
    0x0, 0x0, 0x0, 0x0, 0x0, 0x3f, 0xff, 0x80,
    0x0, 0x0, 0x0, 0x0, 0x3f, 0xff, 0xc0, 0x0,
    0x0, 0x0, 0x0, 0x2f, 0xff, 0xf4, 0x0, 0x0,
    0x0, 0x0, 0x1f, 0xff, 0xff, 0x40, 0x0, 0x0,
    0x0, 0xf, 0xff, 0xff, 0xfe, 0x40, 0x0, 0x0,
    0x7, 0xff, 0xff, 0xff, 0xfe, 0x40, 0x0, 0x2,
    0xff, 0xff, 0xff, 0xff, 0xf4, 0x0, 0x0, 0x7f,
    0xff, 0xff, 0xff, 0xfe, 0x0, 0x0, 0xf, 0xff,
    0xff, 0xff, 0xff, 0x80, 0x0, 0x1, 0xbf, 0xff,
    0xff, 0xff, 0xe0, 0x0, 0x0, 0x6, 0xff, 0xff,
    0xff, 0xf0, 0x0, 0x0, 0x0, 0x6, 0xff, 0xff,
    0xf8, 0x0, 0x0, 0x0, 0x0, 0x1f, 0xff, 0xfc,
    0x0, 0x0, 0x0, 0x0, 0x2, 0xff, 0xfd, 0x0,
    0x0, 0x0, 0x0, 0x0, 0xff, 0xfe, 0x0, 0x0,
    0x0, 0x0, 0x0, 0xbf, 0xfe, 0x55, 0x50, 0x0,
    0x0, 0x0, 0x7f, 0xff, 0xff, 0xfc, 0x0, 0x0,
    0x0, 0x7f, 0xff, 0xbf, 0xfc, 0x0, 0x0, 0x0,
    0x7f, 0xfe, 0xbf, 0xfd, 0x0, 0x0, 0x0, 0xbf,
    0xfe, 0x7f, 0xff, 0x0, 0x0, 0x0, 0xff, 0xfd,
    0x3f, 0xff, 0x80, 0x0, 0x1, 0xff, 0xfc, 0x2f,
    0xff, 0xe0, 0x0, 0x7, 0xff, 0xfc, 0xf, 0xff,
    0xfe, 0x55, 0xbf, 0xff, 0xf4, 0xb, 0xff, 0xff,
    0xff, 0xff, 0xff, 0xf0, 0x3, 0xff, 0xff, 0xff,
    0xff, 0xff, 0xc0, 0x0, 0xff, 0xff, 0xff, 0xff,
    0xff, 0x0, 0x0, 0x2f, 0xff, 0xff, 0xff, 0xf8,
    0x0, 0x0, 0x2, 0xff, 0xff, 0xff, 0x80, 0x0,
    0x0, 0x0, 0x1b, 0xff, 0xe4, 0x0, 0x0, 0x0,
    0x0, 0x3, 0xff, 0xc0, 0x0, 0x0, 0x0, 0x0,
    0x3, 0xff, 0xc0, 0x0, 0x0, 0x0, 0x0, 0x3,
    0xff, 0xc0, 0x0, 0x0, 0x0, 0x0, 0x3, 0xff,
    0xc0, 0x0, 0x0, 0x0, 0x0, 0x3, 0xff, 0xc0,
    0x0, 0x0, 0x0, 0x0, 0x3, 0xff, 0xc0, 0x0,
    0x0,

    /* U+0025 "%" */
    0x0, 0x1, 0xa5, 0x0, 0x0, 0x0, 0x0, 0x0,
    0x0, 0x0, 0x0, 0x0, 0x0, 0x0, 0x0, 0x7f,
    0xff, 0xf8, 0x0, 0x0, 0x0, 0x0, 0x0, 0x1f,
    0xfd, 0x0, 0x0, 0x0, 0x2, 0xff, 0xff, 0xff,
    0x0, 0x0, 0x0, 0x0, 0x0, 0x3f, 0xfc, 0x0,
    0x0, 0x0, 0xb, 0xff, 0xff, 0xff, 0xc0, 0x0,
    0x0, 0x0, 0x0, 0xbf, 0xf4, 0x0, 0x0, 0x0,
    0x1f, 0xff, 0xff, 0xff, 0xe0, 0x0, 0x0, 0x0,
    0x0, 0xff, 0xf0, 0x0, 0x0, 0x0, 0x3f, 0xff,
    0xff, 0xff, 0xf0, 0x0, 0x0, 0x0, 0x2, 0xff,
    0xd0, 0x0, 0x0, 0x0, 0x7f, 0xff, 0x2, 0xff,
    0xf8, 0x0, 0x0, 0x0, 0x3, 0xff, 0xc0, 0x0,
    0x0, 0x0, 0xbf, 0xfc, 0x0, 0xff, 0xf8, 0x0,
    0x0, 0x0, 0xb, 0xff, 0x0, 0x0, 0x0, 0x0,
    0xbf, 0xfc, 0x0, 0xbf, 0xfc, 0x0, 0x0, 0x0,
    0xf, 0xfe, 0x0, 0x0, 0x0, 0x0, 0xff, 0xfc,
    0x0, 0xbf, 0xfc, 0x0, 0x0, 0x0, 0x2f, 0xfc,
    0x0, 0x0, 0x0, 0x0, 0xff, 0xf8, 0x0, 0x7f,
    0xfc, 0x0, 0x0, 0x0, 0x7f, 0xf8, 0x0, 0x0,
    0x0, 0x0, 0xff, 0xf8, 0x0, 0x7f, 0xfc, 0x0,
    0x0, 0x0, 0xff, 0xf0, 0x0, 0x0, 0x0, 0x0,
    0xff, 0xf8, 0x0, 0x7f, 0xfc, 0x0, 0x0, 0x1,
    0xff, 0xe0, 0x0, 0x0, 0x0, 0x0, 0xff, 0xf8,
    0x0, 0x7f, 0xfc, 0x0, 0x0, 0x3, 0xff, 0xc0,
    0x0, 0x0, 0x0, 0x0, 0xff, 0xf8, 0x0, 0x7f,
    0xfc, 0x0, 0x0, 0x7, 0xff, 0x40, 0x0, 0x0,
    0x0, 0x0, 0xff, 0xf8, 0x0, 0x7f, 0xfc, 0x0,
    0x0, 0xf, 0xff, 0x0, 0x0, 0x0, 0x0, 0x0,
    0xff, 0xf8, 0x0, 0x7f, 0xfc, 0x0, 0x0, 0x2f,
    0xfd, 0x0, 0x0, 0x0, 0x0, 0x0, 0xff, 0xf8,
    0x0, 0x7f, 0xfc, 0x0, 0x0, 0x3f, 0xfc, 0x0,
    0x0, 0x0, 0x0, 0x0, 0xff, 0xf8, 0x0, 0x7f,
    0xfc, 0x0, 0x0, 0xbf, 0xf4, 0x0, 0x0, 0x0,
    0x0, 0x0, 0xff, 0xf8, 0x0, 0x7f, 0xfc, 0x0,
    0x0, 0xff, 0xf0, 0x0, 0x1, 0x69, 0x40, 0x0,
    0xff, 0xf8, 0x0, 0x7f, 0xfc, 0x0, 0x2, 0xff,
    0xc0, 0x0, 0x2f, 0xff, 0xfd, 0x0, 0xff, 0xf8,
    0x0, 0x7f, 0xfc, 0x0, 0x3, 0xff, 0x80, 0x1,
    0xff, 0xff, 0xff, 0x80, 0xbf, 0xfc, 0x0, 0xbf,
    0xfc, 0x0, 0xf, 0xff, 0x0, 0x7, 0xff, 0xff,
    0xff, 0xe0, 0xbf, 0xfc, 0x0, 0xff, 0xf8, 0x0,
    0x1f, 0xfe, 0x0, 0xf, 0xff, 0xff, 0xff, 0xf4,
    0x7f, 0xfe, 0x1, 0xff, 0xf4, 0x0, 0x3f, 0xfc,
    0x0, 0x1f, 0xff, 0xff, 0xff, 0xf8, 0x3f, 0xff,
    0xab, 0xff, 0xf0, 0x0, 0x7f, 0xf8, 0x0, 0x2f,
    0xff, 0x81, 0xff, 0xfc, 0x2f, 0xff, 0xff, 0xff,
    0xf0, 0x0, 0xff, 0xf0, 0x0, 0x3f, 0xfe, 0x0,
    0x7f, 0xfd, 0xf, 0xff, 0xff, 0xff, 0xd0, 0x1,
    0xff, 0xd0, 0x0, 0x3f, 0xfd, 0x0, 0x3f, 0xfd,
    0x7, 0xff, 0xff, 0xff, 0x80, 0x3, 0xff, 0xc0,
    0x0, 0x3f, 0xfd, 0x0, 0x3f, 0xfd, 0x0, 0xff,
    0xff, 0xfd, 0x0, 0xb, 0xff, 0x40, 0x0, 0x7f,
    0xfc, 0x0, 0x3f, 0xfe, 0x0, 0x1b, 0xff, 0x90,
    0x0, 0xf, 0xff, 0x0, 0x0, 0x7f, 0xfc, 0x0,
    0x3f, 0xfe, 0x0, 0x0, 0x0, 0x0, 0x0, 0x2f,
    0xfd, 0x0, 0x0, 0x7f, 0xfc, 0x0, 0x3f, 0xfe,
    0x0, 0x0, 0x0, 0x0, 0x0, 0x3f, 0xfc, 0x0,
    0x0, 0x7f, 0xfc, 0x0, 0x3f, 0xfe, 0x0, 0x0,
    0x0, 0x0, 0x0, 0xbf, 0xf0, 0x0, 0x0, 0x7f,
    0xfc, 0x0, 0x3f, 0xfe, 0x0, 0x0, 0x0, 0x0,
    0x0, 0xff, 0xe0, 0x0, 0x0, 0x7f, 0xfc, 0x0,
    0x3f, 0xfe, 0x0, 0x0, 0x0, 0x0, 0x3, 0xff,
    0xc0, 0x0, 0x0, 0x7f, 0xfc, 0x0, 0x3f, 0xfe,
    0x0, 0x0, 0x0, 0x0, 0x7, 0xff, 0x80, 0x0,
    0x0, 0x7f, 0xfc, 0x0, 0x3f, 0xfe, 0x0, 0x0,
    0x0, 0x0, 0xf, 0xff, 0x0, 0x0, 0x0, 0x7f,
    0xfc, 0x0, 0x3f, 0xfe, 0x0, 0x0, 0x0, 0x0,
    0x1f, 0xfe, 0x0, 0x0, 0x0, 0x7f, 0xfc, 0x0,
    0x3f, 0xfe, 0x0, 0x0, 0x0, 0x0, 0x3f, 0xfc,
    0x0, 0x0, 0x0, 0x7f, 0xfc, 0x0, 0x3f, 0xfe,
    0x0, 0x0, 0x0, 0x0, 0x7f, 0xf4, 0x0, 0x0,
    0x0, 0x7f, 0xfd, 0x0, 0x3f, 0xfd, 0x0, 0x0,
    0x0, 0x0, 0xff, 0xf0, 0x0, 0x0, 0x0, 0x3f,
    0xfd, 0x0, 0x3f, 0xfd, 0x0, 0x0, 0x0, 0x2,
    0xff, 0xd0, 0x0, 0x0, 0x0, 0x3f, 0xfe, 0x0,
    0x7f, 0xfc, 0x0, 0x0, 0x0, 0x3, 0xff, 0xc0,
    0x0, 0x0, 0x0, 0x3f, 0xff, 0x0, 0xbf, 0xfc,
    0x0, 0x0, 0x0, 0xb, 0xff, 0x40, 0x0, 0x0,
    0x0, 0x2f, 0xff, 0xeb, 0xff, 0xf8, 0x0, 0x0,
    0x0, 0xf, 0xfe, 0x0, 0x0, 0x0, 0x0, 0xf,
    0xff, 0xff, 0xff, 0xf4, 0x0, 0x0, 0x0, 0x2f,
    0xfc, 0x0, 0x0, 0x0, 0x0, 0xb, 0xff, 0xff,
    0xff, 0xf0, 0x0, 0x0, 0x0, 0x3f, 0xf8, 0x0,
    0x0, 0x0, 0x0, 0x3, 0xff, 0xff, 0xff, 0xc0,
    0x0, 0x0, 0x0, 0xff, 0xf0, 0x0, 0x0, 0x0,
    0x0, 0x0, 0xbf, 0xff, 0xff, 0x0, 0x0, 0x0,
    0x0, 0x0, 0x0, 0x0, 0x0, 0x0, 0x0, 0x0,
    0x6, 0xff, 0xe4, 0x0,

    /* U+0026 "&" */
    0x0, 0x0, 0x2, 0xff, 0xe4, 0x0, 0x0, 0x0,
    0x0, 0x0, 0x0, 0xff, 0xff, 0xfd, 0x0, 0x0,
    0x0, 0x0, 0x0, 0x1f, 0xff, 0xff, 0xfe, 0x0,
    0x0, 0x0, 0x0, 0x2, 0xff, 0xff, 0xff, 0xfe,
    0x0, 0x0, 0x0, 0x0, 0x1f, 0xff, 0xff, 0xff,
    0xfe, 0x0, 0x0, 0x0, 0x0, 0xff, 0xff, 0xff,
    0xff, 0xfc, 0x0, 0x0, 0x0, 0x7, 0xff, 0xf4,
    0x3, 0xff, 0xf8, 0x0, 0x0, 0x0, 0x3f, 0xff,
    0x40, 0x3, 0xff, 0xf0, 0x0, 0x0, 0x0, 0xff,
    0xfc, 0x0, 0x7, 0xff, 0xc0, 0x0, 0x0, 0x3,
    0xff, 0xe0, 0x0, 0xf, 0xff, 0x40, 0x0, 0x0,
    0x1f, 0xff, 0x80, 0x0, 0x3f, 0xfd, 0x0, 0x0,
    0x0, 0x7f, 0xfe, 0x0, 0x1, 0xff, 0xf4, 0x0,
    0x0, 0x0, 0xff, 0xfc, 0x0, 0xb, 0xff, 0xd0,
    0x0, 0x0, 0x3, 0xff, 0xf4, 0x0, 0x3f, 0xff,
    0x0, 0x0, 0x0, 0xb, 0xff, 0xf0, 0x2, 0xff,
    0xfc, 0x0, 0x0, 0x0, 0xf, 0xff, 0xd0, 0x1f,
    0xff, 0xd0, 0x0, 0x0, 0x0, 0x2f, 0xff, 0xc1,
    0xff, 0xff, 0x0, 0x0, 0x0, 0x0, 0x3f, 0xff,
    0xef, 0xff, 0xf4, 0x0, 0x0, 0x0, 0x0, 0xbf,
    0xff, 0xff, 0xff, 0x80, 0x0, 0x0, 0x0, 0x0,
    0xff, 0xff, 0xff, 0xf8, 0x0, 0x0, 0x0, 0x0,
    0x1, 0xff, 0xff, 0xff, 0xc0, 0x0, 0x0, 0x0,
    0x0, 0x2, 0xff, 0xff, 0xfc, 0x0, 0x0, 0x0,
    0x0, 0x0, 0x7, 0xff, 0xff, 0x80, 0x0, 0x0,
    0x0, 0x0, 0x0, 0x7f, 0xff, 0xfc, 0x0, 0x0,
    0x0, 0x0, 0x0, 0x7, 0xff, 0xff, 0xf8, 0x0,
    0x0, 0x0, 0x0, 0x0, 0x7f, 0xff, 0xff, 0xf4,
    0x0, 0x0, 0x0, 0x0, 0x7, 0xff, 0xff, 0xff,
    0xf0, 0x0, 0x0, 0x0, 0x0, 0x3f, 0xff, 0xff,
    0xff, 0xe0, 0x0, 0x1c, 0x0, 0x3, 0xff, 0xff,
    0x3f, 0xff, 0xd0, 0x0, 0xfc, 0x0, 0x2f, 0xff,
    0xf0, 0x3f, 0xff, 0xc0, 0xf, 0xfd, 0x0, 0xff,
    0xff, 0x0, 0x7f, 0xff, 0xc0, 0xbf, 0xfd, 0xb,
    0xff, 0xf0, 0x0, 0xbf, 0xff, 0x47, 0xff, 0xf4,
    0x3f, 0xff, 0x40, 0x0, 0xff, 0xff, 0x7f, 0xff,
    0x80, 0xff, 0xfc, 0x0, 0x1, 0xff, 0xff, 0xff,
    0xfc, 0x7, 0xff, 0xe0, 0x0, 0x2, 0xff, 0xff,
    0xff, 0xc0, 0x2f, 0xff, 0x40, 0x0, 0x3, 0xff,
    0xff, 0xfd, 0x0, 0xbf, 0xfd, 0x0, 0x0, 0x3,
    0xff, 0xff, 0xe0, 0x2, 0xff, 0xf4, 0x0, 0x0,
    0xb, 0xff, 0xff, 0x0, 0x7, 0xff, 0xe0, 0x0,
    0x0, 0xf, 0xff, 0xf4, 0x0, 0x1f, 0xff, 0xc0,
    0x0, 0x0, 0xbf, 0xff, 0xf0, 0x0, 0x3f, 0xff,
    0x40, 0x0, 0xb, 0xff, 0xff, 0xe0, 0x0, 0xff,
    0xff, 0x40, 0x0, 0xff, 0xff, 0xff, 0xe0, 0x1,
    0xff, 0xff, 0xd5, 0x7f, 0xff, 0xff, 0xff, 0xf5,
    0x3, 0xff, 0xff, 0xff, 0xff, 0xff, 0xff, 0xff,
    0xfc, 0x7, 0xff, 0xff, 0xff, 0xff, 0xfc, 0x3f,
    0xff, 0xf0, 0xb, 0xff, 0xff, 0xff, 0xff, 0xc0,
    0xbf, 0xff, 0xc0, 0x7, 0xff, 0xff, 0xff, 0xf8,
    0x0, 0xbf, 0xff, 0x0, 0x2, 0xff, 0xff, 0xfe,
    0x0, 0x0, 0xbf, 0xfc, 0x0, 0x0, 0x6f, 0xfe,
    0x40, 0x0, 0x0, 0x7f, 0xf0,

    /* U+0027 "'" */
    0x3f, 0xff, 0x3f, 0xff, 0x3f, 0xff, 0x3f, 0xff,
    0x3f, 0xff, 0x3f, 0xff, 0x3f, 0xff, 0x3f, 0xff,
    0x3f, 0xff, 0x3f, 0xff, 0x3f, 0xff, 0x3f, 0xff,
    0x3f, 0xff, 0x3f, 0xff, 0x3f, 0xff, 0x3f, 0xff,
    0x3f, 0xff, 0x3f, 0xff, 0x3f, 0xff, 0x0, 0x0,

    /* U+0028 "(" */
    0x0, 0x0, 0x3f, 0xf0, 0x0, 0x3, 0xff, 0x80,
    0x0, 0x1f, 0xfc, 0x0, 0x0, 0xff, 0xe0, 0x0,
    0xb, 0xff, 0x40, 0x0, 0x3f, 0xfc, 0x0, 0x2,
    0xff, 0xd0, 0x0, 0xf, 0xff, 0x0, 0x0, 0x7f,
    0xfc, 0x0, 0x3, 0xff, 0xd0, 0x0, 0x1f, 0xff,
    0x0, 0x0, 0xbf, 0xfc, 0x0, 0x3, 0xff, 0xe0,
    0x0, 0x1f, 0xff, 0x40, 0x0, 0xbf, 0xfc, 0x0,
    0x3, 0xff, 0xf0, 0x0, 0xf, 0xff, 0x80, 0x0,
    0x7f, 0xfe, 0x0, 0x2, 0xff, 0xf4, 0x0, 0xf,
    0xff, 0xc0, 0x0, 0x3f, 0xff, 0x0, 0x0, 0xff,
    0xfc, 0x0, 0x3, 0xff, 0xf0, 0x0, 0x1f, 0xff,
    0x80, 0x0, 0x7f, 0xfe, 0x0, 0x2, 0xff, 0xf8,
    0x0, 0xb, 0xff, 0xe0, 0x0, 0x2f, 0xff, 0x80,
    0x0, 0xbf, 0xfe, 0x0, 0x2, 0xff, 0xf8, 0x0,
    0xb, 0xff, 0xe0, 0x0, 0x2f, 0xff, 0x80, 0x0,
    0x7f, 0xfe, 0x0, 0x1, 0xff, 0xf8, 0x0, 0x7,
    0xff, 0xf0, 0x0, 0xf, 0xff, 0xc0, 0x0, 0x3f,
    0xff, 0x0, 0x0, 0xff, 0xfc, 0x0, 0x2, 0xff,
    0xf4, 0x0, 0x7, 0xff, 0xd0, 0x0, 0xf, 0xff,
    0x80, 0x0, 0x3f, 0xff, 0x0, 0x0, 0xbf, 0xfc,
    0x0, 0x1, 0xff, 0xf4, 0x0, 0x3, 0xff, 0xe0,
    0x0, 0xf, 0xff, 0xc0, 0x0, 0x1f, 0xff, 0x0,
    0x0, 0x3f, 0xfd, 0x0, 0x0, 0xbf, 0xfc, 0x0,
    0x0, 0xff, 0xf0, 0x0, 0x2, 0xff, 0xd0, 0x0,
    0x3, 0xff, 0xc0, 0x0, 0xb, 0xff, 0x0, 0x0,
    0xf, 0xfe, 0x0, 0x0, 0x2f, 0xfc, 0x0, 0x0,
    0x3f, 0xf8, 0x0, 0x0, 0x7f, 0xf0,

    /* U+0029 ")" */
    0x7f, 0xe0, 0x0, 0x0, 0xff, 0xd0, 0x0, 0x2,
    0xff, 0xc0, 0x0, 0x3, 0xff, 0x80, 0x0, 0xb,
    0xff, 0x0, 0x0, 0x1f, 0xfe, 0x0, 0x0, 0x3f,
    0xfc, 0x0, 0x0, 0xbf, 0xf8, 0x0, 0x0, 0xff,
    0xf0, 0x0, 0x3, 0xff, 0xe0, 0x0, 0xb, 0xff,
    0xc0, 0x0, 0x1f, 0xff, 0x40, 0x0, 0x3f, 0xfe,
    0x0, 0x0, 0xff, 0xfc, 0x0, 0x2, 0xff, 0xf0,
    0x0, 0x7, 0xff, 0xe0, 0x0, 0xf, 0xff, 0xc0,
    0x0, 0x3f, 0xff, 0x0, 0x0, 0xff, 0xfc, 0x0,
    0x2, 0xff, 0xf4, 0x0, 0x7, 0xff, 0xe0, 0x0,
    0x1f, 0xff, 0x80, 0x0, 0x3f, 0xff, 0x0, 0x0,
    0xff, 0xfc, 0x0, 0x3, 0xff, 0xf0, 0x0, 0xf,
    0xff, 0xc0, 0x0, 0x3f, 0xff, 0x0, 0x0, 0xff,
    0xfc, 0x0, 0x3, 0xff, 0xf0, 0x0, 0xf, 0xff,
    0xc0, 0x0, 0x3f, 0xff, 0x0, 0x0, 0xff, 0xfc,
    0x0, 0x3, 0xff, 0xf0, 0x0, 0xf, 0xff, 0xc0,
    0x0, 0x3f, 0xff, 0x0, 0x1, 0xff, 0xf8, 0x0,
    0x7, 0xff, 0xe0, 0x0, 0x2f, 0xff, 0x40, 0x0,
    0xbf, 0xfc, 0x0, 0x3, 0xff, 0xf0, 0x0, 0xf,
    0xff, 0xc0, 0x0, 0x7f, 0xfe, 0x0, 0x2, 0xff,
    0xf4, 0x0, 0xb, 0xff, 0xc0, 0x0, 0x3f, 0xfe,
    0x0, 0x1, 0xff, 0xf4, 0x0, 0xb, 0xff, 0xc0,
    0x0, 0x3f, 0xfe, 0x0, 0x0, 0xff, 0xf0, 0x0,
    0xb, 0xff, 0x80, 0x0, 0x3f, 0xfd, 0x0, 0x0,
    0xff, 0xf0, 0x0, 0xb, 0xff, 0x40, 0x0, 0x3f,
    0xfc, 0x0, 0x1, 0xff, 0xc0, 0x0, 0xf, 0xfe,
    0x0, 0x0, 0x7f, 0xf0, 0x0, 0x0,

    /* U+002A "*" */
    0x0, 0x0, 0xff, 0x0, 0x0, 0x0, 0x0, 0xff,
    0x0, 0x0, 0x0, 0x0, 0xff, 0x0, 0x0, 0x4,
    0x0, 0xff, 0x0, 0x10, 0x1f, 0x40, 0xff, 0x1,
    0xf0, 0x3f, 0xe0, 0xff, 0x1f, 0xf8, 0x7f, 0xfe,
    0xff, 0xff, 0xfc, 0x1f, 0xff, 0xff, 0xff, 0xe0,
    0x1, 0xff, 0xff, 0xff, 0x40, 0x0, 0x2f, 0xff,
    0xf4, 0x0, 0x0, 0x2f, 0xff, 0xf8, 0x0, 0x2,
    0xff, 0xff, 0xff, 0x40, 0x1f, 0xff, 0xff, 0xff,
    0xf0, 0x7f, 0xfe, 0xff, 0xbf, 0xfc, 0x3f, 0xe0,
    0xff, 0x1f, 0xf8, 0x1f, 0x0, 0xff, 0x1, 0xf0,
    0x4, 0x0, 0xff, 0x0, 0x0, 0x0, 0x0, 0xff,
    0x0, 0x0, 0x0, 0x0, 0xff, 0x0, 0x0, 0x0,
    0x0, 0xff, 0x0, 0x0, 0x0, 0x0, 0x0, 0x0,
    0x0,

    /* U+002B "+" */
    0x0, 0x0, 0x0, 0x0, 0x0, 0x0, 0x0, 0x0,
    0x0, 0x0, 0x2f, 0xff, 0x0, 0x0, 0x0, 0x0,
    0x0, 0x2, 0xff, 0xf0, 0x0, 0x0, 0x0, 0x0,
    0x0, 0x2f, 0xff, 0x0, 0x0, 0x0, 0x0, 0x0,
    0x2, 0xff, 0xf0, 0x0, 0x0, 0x0, 0x0, 0x0,
    0x2f, 0xff, 0x0, 0x0, 0x0, 0x0, 0x0, 0x2,
    0xff, 0xf0, 0x0, 0x0, 0x0, 0x0, 0x0, 0x2f,
    0xff, 0x0, 0x0, 0x0, 0x0, 0x0, 0x2, 0xff,
    0xf0, 0x0, 0x0, 0x0, 0x0, 0x0, 0x2f, 0xff,
    0x0, 0x0, 0x0, 0x0, 0x0, 0x2, 0xff, 0xf0,
    0x0, 0x0, 0x0, 0x0, 0x0, 0x2f, 0xff, 0x0,
    0x0, 0x0, 0xbf, 0xff, 0xff, 0xff, 0xff, 0xff,
    0xff, 0xcb, 0xff, 0xff, 0xff, 0xff, 0xff, 0xff,
    0xfc, 0xbf, 0xff, 0xff, 0xff, 0xff, 0xff, 0xff,
    0xcb, 0xff, 0xff, 0xff, 0xff, 0xff, 0xff, 0xfc,
    0xbf, 0xff, 0xff, 0xff, 0xff, 0xff, 0xff, 0xcb,
    0xff, 0xff, 0xff, 0xff, 0xff, 0xff, 0xfc, 0x7f,
    0xff, 0xff, 0xff, 0xff, 0xff, 0xff, 0xc0, 0x0,
    0x0, 0x2f, 0xff, 0x0, 0x0, 0x0, 0x0, 0x0,
    0x2, 0xff, 0xf0, 0x0, 0x0, 0x0, 0x0, 0x0,
    0x2f, 0xff, 0x0, 0x0, 0x0, 0x0, 0x0, 0x2,
    0xff, 0xf0, 0x0, 0x0, 0x0, 0x0, 0x0, 0x2f,
    0xff, 0x0, 0x0, 0x0, 0x0, 0x0, 0x2, 0xff,
    0xf0, 0x0, 0x0, 0x0, 0x0, 0x0, 0x2f, 0xff,
    0x0, 0x0, 0x0, 0x0, 0x0, 0x2, 0xff, 0xf0,
    0x0, 0x0, 0x0, 0x0, 0x0, 0x2f, 0xff, 0x0,
    0x0, 0x0, 0x0, 0x0, 0x2, 0xff, 0xf0, 0x0,
    0x0, 0x0, 0x0, 0x0, 0x2f, 0xff, 0x0, 0x0,
    0x0,

    /* U+002C "," */
    0x3f, 0xff, 0x3f, 0xff, 0x3f, 0xff, 0x3f, 0xff,
    0x3f, 0xff, 0x3f, 0xff, 0x3f, 0xff, 0x3f, 0xff,
    0x3f, 0xff, 0x3f, 0xff, 0x3f, 0xff, 0x3f, 0xff,
    0x3f, 0xff, 0x3f, 0xfd, 0x3f, 0xf0, 0x3f, 0xc0,
    0x3e, 0x0, 0x38, 0x0, 0x10, 0x0,

    /* U+002D "-" */
    0x3f, 0xff, 0xff, 0xff, 0xfe, 0x3f, 0xff, 0xff,
    0xff, 0xfe, 0x3f, 0xff, 0xff, 0xff, 0xfe, 0x3f,
    0xff, 0xff, 0xff, 0xfe, 0x3f, 0xff, 0xff, 0xff,
    0xfe, 0x3f, 0xff, 0xff, 0xff, 0xfe, 0x3f, 0xff,
    0xff, 0xff, 0xfe,

    /* U+002E "." */
    0x2a, 0xaa, 0x83, 0xff, 0xfc, 0x3f, 0xff, 0xc3,
    0xff, 0xfc, 0x3f, 0xff, 0xc3, 0xff, 0xfc, 0x3f,
    0xff, 0xc3, 0xff, 0xfc, 0x3f, 0xff, 0xc0,

    /* U+002F "/" */
    0x0, 0x0, 0x0, 0x7, 0xff, 0xc0, 0x0, 0x0,
    0x2, 0xff, 0xd0, 0x0, 0x0, 0x0, 0xff, 0xf0,
    0x0, 0x0, 0x0, 0x3f, 0xfc, 0x0, 0x0, 0x0,
    0x2f, 0xfe, 0x0, 0x0, 0x0, 0xf, 0xff, 0x40,
    0x0, 0x0, 0x3, 0xff, 0xc0, 0x0, 0x0, 0x1,
    0xff, 0xe0, 0x0, 0x0, 0x0, 0xbf, 0xf4, 0x0,
    0x0, 0x0, 0x3f, 0xfc, 0x0, 0x0, 0x0, 0x1f,
    0xff, 0x0, 0x0, 0x0, 0xb, 0xff, 0x40, 0x0,
    0x0, 0x3, 0xff, 0xc0, 0x0, 0x0, 0x0, 0xff,
    0xf0, 0x0, 0x0, 0x0, 0xbf, 0xf8, 0x0, 0x0,
    0x0, 0x3f, 0xfd, 0x0, 0x0, 0x0, 0xf, 0xff,
    0x0, 0x0, 0x0, 0x7, 0xff, 0x80, 0x0, 0x0,
    0x2, 0xff, 0xd0, 0x0, 0x0, 0x0, 0xff, 0xf0,
    0x0, 0x0, 0x0, 0x7f, 0xfc, 0x0, 0x0, 0x0,
    0x2f, 0xfd, 0x0, 0x0, 0x0, 0xf, 0xff, 0x0,
    0x0, 0x0, 0x3, 0xff, 0xc0, 0x0, 0x0, 0x1,
    0xff, 0xe0, 0x0, 0x0, 0x0, 0xff, 0xf4, 0x0,
    0x0, 0x0, 0x3f, 0xfc, 0x0, 0x0, 0x0, 0x1f,
    0xfe, 0x0, 0x0, 0x0, 0xb, 0xff, 0x40, 0x0,
    0x0, 0x3, 0xff, 0xc0, 0x0, 0x0, 0x1, 0xff,
    0xf0, 0x0, 0x0, 0x0, 0xbf, 0xf8, 0x0, 0x0,
    0x0, 0x3f, 0xfc, 0x0, 0x0, 0x0, 0xf, 0xff,
    0x0, 0x0, 0x0, 0x7, 0xff, 0x80, 0x0, 0x0,
    0x3, 0xff, 0xd0, 0x0, 0x0, 0x0, 0xff, 0xf0,
    0x0, 0x0, 0x0, 0x7f, 0xf8, 0x0, 0x0, 0x0,
    0x2f, 0xfd, 0x0, 0x0, 0x0, 0xf, 0xff, 0x0,
    0x0, 0x0, 0x3, 0xff, 0xc0, 0x0, 0x0, 0x2,
    0xff, 0xe0, 0x0, 0x0, 0x0, 0xff, 0xf0, 0x0,
    0x0, 0x0, 0x3f, 0xfc, 0x0, 0x0, 0x0, 0x1f,
    0xfe, 0x0, 0x0, 0x0, 0xb, 0xff, 0x40, 0x0,
    0x0, 0x3, 0xff, 0xc0, 0x0, 0x0, 0x1, 0xff,
    0xe0, 0x0, 0x0, 0x0, 0x6a, 0xa4, 0x0, 0x0,
    0x0, 0x0,

    /* U+0030 "0" */
    0x0, 0x0, 0x1b, 0xff, 0xe4, 0x0, 0x0, 0x0,
    0x2, 0xff, 0xff, 0xff, 0xd0, 0x0, 0x0, 0x1f,
    0xff, 0xff, 0xff, 0xf8, 0x0, 0x0, 0x7f, 0xff,
    0xff, 0xff, 0xff, 0x0, 0x0, 0xff, 0xff, 0xff,
    0xff, 0xff, 0x80, 0x3, 0xff, 0xff, 0xff, 0xff,
    0xff, 0xd0, 0x7, 0xff, 0xff, 0xff, 0xff, 0xff,
    0xf0, 0xf, 0xff, 0xfd, 0x0, 0x7f, 0xff, 0xf4,
    0xf, 0xff, 0xf0, 0x0, 0xb, 0xff, 0xf8, 0x2f,
    0xff, 0xd0, 0x0, 0x3, 0xff, 0xfc, 0x2f, 0xff,
    0xc0, 0x0, 0x2, 0xff, 0xfc, 0x3f, 0xff, 0xc0,
    0x0, 0x1, 0xff, 0xfd, 0x3f, 0xff, 0x80, 0x0,
    0x0, 0xff, 0xfd, 0x3f, 0xff, 0x80, 0x0, 0x0,
    0xff, 0xfd, 0x3f, 0xff, 0x40, 0x0, 0x0, 0xff,
    0xfe, 0x3f, 0xff, 0x40, 0x0, 0x0, 0xff, 0xfe,
    0x3f, 0xff, 0x40, 0x0, 0x0, 0xff, 0xfe, 0x3f,
    0xff, 0x40, 0x0, 0x0, 0xff, 0xfe, 0x3f, 0xff,
    0x40, 0x0, 0x0, 0xff, 0xfe, 0x3f, 0xff, 0x40,
    0x0, 0x0, 0xff, 0xfe, 0x3f, 0xff, 0x40, 0x0,
    0x0, 0xff, 0xfe, 0x3f, 0xff, 0x40, 0x0, 0x0,
    0xff, 0xfe, 0x3f, 0xff, 0x40, 0x0, 0x0, 0xff,
    0xfe, 0x3f, 0xff, 0x40, 0x0, 0x0, 0xff, 0xfe,
    0x3f, 0xff, 0x40, 0x0, 0x0, 0xff, 0xfe, 0x3f,
    0xff, 0x40, 0x0, 0x0, 0xff, 0xfe, 0x3f, 0xff,
    0x40, 0x0, 0x0, 0xff, 0xfe, 0x3f, 0xff, 0x40,
    0x0, 0x0, 0xff, 0xfe, 0x3f, 0xff, 0x40, 0x0,
    0x0, 0xff, 0xfe, 0x3f, 0xff, 0x40, 0x0, 0x0,
    0xff, 0xfe, 0x3f, 0xff, 0x40, 0x0, 0x0, 0xff,
    0xfe, 0x3f, 0xff, 0x40, 0x0, 0x0, 0xff, 0xfe,
    0x3f, 0xff, 0x40, 0x0, 0x0, 0xff, 0xfe, 0x3f,
    0xff, 0x40, 0x0, 0x0, 0xff, 0xfe, 0x3f, 0xff,
    0x40, 0x0, 0x0, 0xff, 0xfe, 0x3f, 0xff, 0x80,
    0x0, 0x0, 0xff, 0xfd, 0x3f, 0xff, 0x80, 0x0,
    0x0, 0xff, 0xfd, 0x3f, 0xff, 0xc0, 0x0, 0x1,
    0xff, 0xfd, 0x2f, 0xff, 0xc0, 0x0, 0x2, 0xff,
    0xfc, 0x1f, 0xff, 0xd0, 0x0, 0x3, 0xff, 0xfc,
    0xf, 0xff, 0xf0, 0x0, 0xb, 0xff, 0xf8, 0xf,
    0xff, 0xfd, 0x0, 0x2f, 0xff, 0xf0, 0x7, 0xff,
    0xff, 0xfb, 0xff, 0xff, 0xf0, 0x3, 0xff, 0xff,
    0xff, 0xff, 0xff, 0xd0, 0x1, 0xff, 0xff, 0xff,
    0xff, 0xff, 0x80, 0x0, 0x7f, 0xff, 0xff, 0xff,
    0xfe, 0x0, 0x0, 0x1f, 0xff, 0xff, 0xff, 0xf8,
    0x0, 0x0, 0x2, 0xff, 0xff, 0xff, 0xd0, 0x0,
    0x0, 0x0, 0x1b, 0xff, 0xe4, 0x0, 0x0,

    /* U+0031 "1" */
    0x0, 0x0, 0xff, 0xff, 0x40, 0x1, 0xff, 0xff,
    0xd0, 0x2, 0xff, 0xff, 0xf4, 0x2, 0xff, 0xff,
    0xfd, 0x3, 0xff, 0xff, 0xff, 0x47, 0xff, 0xff,
    0xff, 0xd3, 0xff, 0xff, 0xff, 0xf4, 0xff, 0xff,
    0xff, 0xfd, 0x3f, 0xff, 0xff, 0xff, 0x4f, 0xff,
    0x9f, 0xff, 0xd3, 0xff, 0x43, 0xff, 0xf4, 0xff,
    0x0, 0xff, 0xfd, 0x3e, 0x0, 0x3f, 0xff, 0x4d,
    0x0, 0xf, 0xff, 0xd0, 0x0, 0x3, 0xff, 0xf4,
    0x0, 0x0, 0xff, 0xfd, 0x0, 0x0, 0x3f, 0xff,
    0x40, 0x0, 0xf, 0xff, 0xd0, 0x0, 0x3, 0xff,
    0xf4, 0x0, 0x0, 0xff, 0xfd, 0x0, 0x0, 0x3f,
    0xff, 0x40, 0x0, 0xf, 0xff, 0xd0, 0x0, 0x3,
    0xff, 0xf4, 0x0, 0x0, 0xff, 0xfd, 0x0, 0x0,
    0x3f, 0xff, 0x40, 0x0, 0xf, 0xff, 0xd0, 0x0,
    0x3, 0xff, 0xf4, 0x0, 0x0, 0xff, 0xfd, 0x0,
    0x0, 0x3f, 0xff, 0x40, 0x0, 0xf, 0xff, 0xd0,
    0x0, 0x3, 0xff, 0xf4, 0x0, 0x0, 0xff, 0xfd,
    0x0, 0x0, 0x3f, 0xff, 0x40, 0x0, 0xf, 0xff,
    0xd0, 0x0, 0x3, 0xff, 0xf4, 0x0, 0x0, 0xff,
    0xfd, 0x0, 0x0, 0x3f, 0xff, 0x40, 0x0, 0xf,
    0xff, 0xd0, 0x0, 0x3, 0xff, 0xf4, 0x0, 0x0,
    0xff, 0xfd, 0x0, 0x0, 0x3f, 0xff, 0x40, 0x0,
    0xf, 0xff, 0xd0, 0x0, 0x3, 0xff, 0xf4, 0x0,
    0x0, 0xff, 0xfd, 0x0, 0x0, 0x3f, 0xff, 0x40,
    0x0, 0xf, 0xff, 0xd0, 0x0, 0x3, 0xff, 0xf4,
    0x0, 0x0, 0xff, 0xfd,

    /* U+0032 "2" */
    0x0, 0x0, 0x2b, 0xff, 0x90, 0x0, 0x0, 0x0,
    0x1f, 0xff, 0xff, 0xf8, 0x0, 0x0, 0x2, 0xff,
    0xff, 0xff, 0xfe, 0x0, 0x0, 0x3f, 0xff, 0xff,
    0xff, 0xff, 0x0, 0x3, 0xff, 0xff, 0xff, 0xff,
    0xfe, 0x0, 0x2f, 0xff, 0xff, 0xff, 0xff, 0xfe,
    0x0, 0xff, 0xff, 0xfa, 0xff, 0xff, 0xfc, 0xb,
    0xff, 0xfd, 0x0, 0x2f, 0xff, 0xf8, 0x3f, 0xff,
    0xc0, 0x0, 0x1f, 0xff, 0xf1, 0xff, 0xfd, 0x0,
    0x0, 0x3f, 0xff, 0xd7, 0xff, 0xf0, 0x0, 0x0,
    0x7f, 0xff, 0x6f, 0xff, 0xc0, 0x0, 0x0, 0xff,
    0xfe, 0xbf, 0xff, 0x0, 0x0, 0x3, 0xff, 0xfa,
    0xff, 0xfc, 0x0, 0x0, 0xf, 0xff, 0xe0, 0x0,
    0x0, 0x0, 0x0, 0x3f, 0xff, 0x80, 0x0, 0x0,
    0x0, 0x1, 0xff, 0xfd, 0x0, 0x0, 0x0, 0x0,
    0xb, 0xff, 0xf4, 0x0, 0x0, 0x0, 0x0, 0x3f,
    0xff, 0xc0, 0x0, 0x0, 0x0, 0x1, 0xff, 0xff,
    0x0, 0x0, 0x0, 0x0, 0xf, 0xff, 0xf4, 0x0,
    0x0, 0x0, 0x0, 0xbf, 0xff, 0xc0, 0x0, 0x0,
    0x0, 0x7, 0xff, 0xfd, 0x0, 0x0, 0x0, 0x0,
    0x3f, 0xff, 0xe0, 0x0, 0x0, 0x0, 0x3, 0xff,
    0xff, 0x0, 0x0, 0x0, 0x0, 0x2f, 0xff, 0xf4,
    0x0, 0x0, 0x0, 0x1, 0xff, 0xff, 0x80, 0x0,
    0x0, 0x0, 0xf, 0xff, 0xfc, 0x0, 0x0, 0x0,
    0x0, 0xff, 0xff, 0xc0, 0x0, 0x0, 0x0, 0xb,
    0xff, 0xfd, 0x0, 0x0, 0x0, 0x0, 0x7f, 0xff,
    0xe0, 0x0, 0x0, 0x0, 0x3, 0xff, 0xff, 0x0,
    0x0, 0x0, 0x0, 0x3f, 0xff, 0xf0, 0x0, 0x0,
    0x0, 0x2, 0xff, 0xff, 0x40, 0x0, 0x0, 0x0,
    0x1f, 0xff, 0xf8, 0x0, 0x0, 0x0, 0x0, 0xff,
    0xff, 0xc0, 0x0, 0x0, 0x0, 0xb, 0xff, 0xfd,
    0x0, 0x0, 0x0, 0x0, 0x7f, 0xff, 0xd0, 0x0,
    0x0, 0x0, 0x3, 0xff, 0xfe, 0x0, 0x0, 0x0,
    0x0, 0x3f, 0xff, 0xf0, 0x0, 0x0, 0x0, 0x2,
    0xff, 0xff, 0x40, 0x0, 0x0, 0x0, 0x1f, 0xff,
    0xf8, 0x0, 0x0, 0x0, 0x0, 0xff, 0xff, 0xff,
    0xff, 0xff, 0xff, 0xd7, 0xff, 0xff, 0xff, 0xff,
    0xff, 0xff, 0x9f, 0xff, 0xff, 0xff, 0xff, 0xff,
    0xfe, 0x7f, 0xff, 0xff, 0xff, 0xff, 0xff, 0xf9,
    0xff, 0xff, 0xff, 0xff, 0xff, 0xff, 0xe7, 0xff,
    0xff, 0xff, 0xff, 0xff, 0xff, 0x9f, 0xff, 0xff,
    0xff, 0xff, 0xff, 0xfe,

    /* U+0033 "3" */
    0x0, 0x0, 0x1b, 0xff, 0xe4, 0x0, 0x0, 0x0,
    0x7, 0xff, 0xff, 0xff, 0x40, 0x0, 0x0, 0x2f,
    0xff, 0xff, 0xff, 0xf0, 0x0, 0x0, 0xff, 0xff,
    0xff, 0xff, 0xfd, 0x0, 0x2, 0xff, 0xff, 0xff,
    0xff, 0xff, 0x0, 0x7, 0xff, 0xff, 0xff, 0xff,
    0xff, 0xc0, 0xf, 0xff, 0xff, 0xef, 0xff, 0xff,
    0xd0, 0x1f, 0xff, 0xf4, 0x0, 0x7f, 0xff, 0xe0,
    0x2f, 0xff, 0xc0, 0x0, 0xf, 0xff, 0xf0, 0x3f,
    0xff, 0x40, 0x0, 0xb, 0xff, 0xf4, 0x3f, 0xff,
    0x0, 0x0, 0x3, 0xff, 0xf4, 0x3f, 0xff, 0x0,
    0x0, 0x3, 0xff, 0xf4, 0x3f, 0xff, 0x0, 0x0,
    0x3, 0xff, 0xf8, 0x2a, 0xa9, 0x0, 0x0, 0x3,
    0xff, 0xf8, 0x0, 0x0, 0x0, 0x0, 0x3, 0xff,
    0xf4, 0x0, 0x0, 0x0, 0x0, 0x3, 0xff, 0xf4,
    0x0, 0x0, 0x0, 0x0, 0x3, 0xff, 0xf0, 0x0,
    0x0, 0x0, 0x0, 0xb, 0xff, 0xf0, 0x0, 0x0,
    0x0, 0x0, 0x1f, 0xff, 0xd0, 0x0, 0x0, 0x0,
    0x0, 0x7f, 0xff, 0xc0, 0x0, 0x0, 0x2, 0xab,
    0xff, 0xff, 0x0, 0x0, 0x0, 0x7, 0xff, 0xff,
    0xfc, 0x0, 0x0, 0x0, 0x7, 0xff, 0xff, 0xe0,
    0x0, 0x0, 0x0, 0x7, 0xff, 0xff, 0xe0, 0x0,
    0x0, 0x0, 0x7, 0xff, 0xff, 0xfd, 0x0, 0x0,
    0x0, 0x7, 0xff, 0xff, 0xff, 0x40, 0x0, 0x0,
    0x7, 0xff, 0xff, 0xff, 0xc0, 0x0, 0x0, 0x0,
    0x1, 0xbf, 0xff, 0xf0, 0x0, 0x0, 0x0, 0x0,
    0x1f, 0xff, 0xf4, 0x0, 0x0, 0x0, 0x0, 0x7,
    0xff, 0xf8, 0x0, 0x0, 0x0, 0x0, 0x3, 0xff,
    0xfc, 0x0, 0x0, 0x0, 0x0, 0x1, 0xff, 0xfc,
    0x0, 0x0, 0x0, 0x0, 0x0, 0xff, 0xfc, 0x0,
    0x0, 0x0, 0x0, 0x0, 0xff, 0xfd, 0x0, 0x0,
    0x0, 0x0, 0x0, 0xff, 0xfd, 0x15, 0x54, 0x0,
    0x0, 0x0, 0xff, 0xfd, 0xbf, 0xfe, 0x0, 0x0,
    0x0, 0xff, 0xfc, 0xbf, 0xfe, 0x0, 0x0, 0x1,
    0xff, 0xfc, 0x7f, 0xff, 0x0, 0x0, 0x2, 0xff,
    0xfc, 0x7f, 0xff, 0x0, 0x0, 0x3, 0xff, 0xfc,
    0x3f, 0xff, 0xc0, 0x0, 0xb, 0xff, 0xf4, 0x3f,
    0xff, 0xf0, 0x0, 0x3f, 0xff, 0xf0, 0x1f, 0xff,
    0xff, 0xab, 0xff, 0xff, 0xe0, 0xf, 0xff, 0xff,
    0xff, 0xff, 0xff, 0xc0, 0x7, 0xff, 0xff, 0xff,
    0xff, 0xff, 0x40, 0x1, 0xff, 0xff, 0xff, 0xff,
    0xfd, 0x0, 0x0, 0x3f, 0xff, 0xff, 0xff, 0xf0,
    0x0, 0x0, 0x7, 0xff, 0xff, 0xff, 0x40, 0x0,
    0x0, 0x0, 0x6b, 0xff, 0xe4, 0x0, 0x0,

    /* U+0034 "4" */
    0x0, 0x0, 0x0, 0xf, 0xff, 0xe0, 0x0, 0x0,
    0x0, 0x0, 0x0, 0x7f, 0xff, 0x0, 0x0, 0x0,
    0x0, 0x0, 0x3, 0xff, 0xfc, 0x0, 0x0, 0x0,
    0x0, 0x0, 0xf, 0xff, 0xd0, 0x0, 0x0, 0x0,
    0x0, 0x0, 0xbf, 0xff, 0x0, 0x0, 0x0, 0x0,
    0x0, 0x3, 0xff, 0xf8, 0x0, 0x0, 0x0, 0x0,
    0x0, 0x1f, 0xff, 0xc0, 0x0, 0x0, 0x0, 0x0,
    0x0, 0xff, 0xfe, 0x0, 0x0, 0x0, 0x0, 0x0,
    0x3, 0xff, 0xf4, 0x0, 0x0, 0x0, 0x0, 0x0,
    0x2f, 0xff, 0xc0, 0x0, 0x0, 0x0, 0x0, 0x0,
    0xff, 0xfe, 0x0, 0x0, 0x0, 0x0, 0x0, 0x7,
    0xff, 0xf0, 0x0, 0x0, 0x0, 0x0, 0x0, 0x3f,
    0xff, 0x80, 0x0, 0x0, 0x0, 0x0, 0x1, 0xff,
    0xfd, 0x0, 0x0, 0x0, 0x0, 0x0, 0xb, 0xff,
    0xf0, 0x0, 0x0, 0x0, 0x0, 0x0, 0x3f, 0xff,
    0x40, 0x0, 0x0, 0x0, 0x0, 0x2, 0xff, 0xfc,
    0x0, 0x0, 0x0, 0x0, 0x0, 0xf, 0xff, 0xe0,
    0x0, 0x0, 0x0, 0x0, 0x0, 0x7f, 0xff, 0x0,
    0x0, 0x0, 0x0, 0x0, 0x3, 0xff, 0xfc, 0x0,
    0x0, 0x0, 0x0, 0x0, 0xf, 0xff, 0xd0, 0x0,
    0x0, 0x0, 0x0, 0x0, 0xbf, 0xff, 0x0, 0x1a,
    0xaa, 0x80, 0x0, 0x3, 0xff, 0xf8, 0x0, 0xbf,
    0xff, 0x0, 0x0, 0x1f, 0xff, 0xc0, 0x2, 0xff,
    0xfc, 0x0, 0x0, 0xff, 0xfe, 0x0, 0xb, 0xff,
    0xf0, 0x0, 0x7, 0xff, 0xf4, 0x0, 0x2f, 0xff,
    0xc0, 0x0, 0x2f, 0xff, 0xc0, 0x0, 0xbf, 0xff,
    0x0, 0x0, 0xff, 0xfe, 0x0, 0x2, 0xff, 0xfc,
    0x0, 0x7, 0xff, 0xf0, 0x0, 0xb, 0xff, 0xf0,
    0x0, 0x3f, 0xff, 0x80, 0x0, 0x2f, 0xff, 0xc0,
    0x1, 0xff, 0xfd, 0x0, 0x0, 0xbf, 0xff, 0x0,
    0xb, 0xff, 0xf0, 0x0, 0x2, 0xff, 0xfc, 0x0,
    0x3f, 0xff, 0x40, 0x0, 0xb, 0xff, 0xf0, 0x1,
    0xff, 0xff, 0xff, 0xff, 0xff, 0xff, 0xff, 0xd7,
    0xff, 0xff, 0xff, 0xff, 0xff, 0xff, 0xff, 0x5f,
    0xff, 0xff, 0xff, 0xff, 0xff, 0xff, 0xfd, 0x7f,
    0xff, 0xff, 0xff, 0xff, 0xff, 0xff, 0xf5, 0xff,
    0xff, 0xff, 0xff, 0xff, 0xff, 0xff, 0xd7, 0xff,
    0xff, 0xff, 0xff, 0xff, 0xff, 0xff, 0x5f, 0xff,
    0xff, 0xff, 0xff, 0xff, 0xff, 0xfd, 0x0, 0x0,
    0x0, 0x0, 0xb, 0xff, 0xf0, 0x0, 0x0, 0x0,
    0x0, 0x0, 0x2f, 0xff, 0xc0, 0x0, 0x0, 0x0,
    0x0, 0x0, 0xbf, 0xff, 0x0, 0x0, 0x0, 0x0,
    0x0, 0x2, 0xff, 0xfc, 0x0, 0x0, 0x0, 0x0,
    0x0, 0xb, 0xff, 0xf0, 0x0, 0x0, 0x0, 0x0,
    0x0, 0x2f, 0xff, 0xc0, 0x0, 0x0, 0x0, 0x0,
    0x0, 0xbf, 0xff, 0x0, 0x0, 0x0, 0x0, 0x0,
    0x2, 0xff, 0xfc, 0x0,

    /* U+0035 "5" */
    0x2f, 0xff, 0xff, 0xff, 0xff, 0xff, 0xf0, 0xbf,
    0xff, 0xff, 0xff, 0xff, 0xff, 0xc2, 0xff, 0xff,
    0xff, 0xff, 0xff, 0xff, 0xb, 0xff, 0xff, 0xff,
    0xff, 0xff, 0xfc, 0x2f, 0xff, 0xff, 0xff, 0xff,
    0xff, 0xf0, 0xbf, 0xff, 0xff, 0xff, 0xff, 0xff,
    0xc2, 0xff, 0xfa, 0xaa, 0xaa, 0xaa, 0xaa, 0xb,
    0xff, 0xc0, 0x0, 0x0, 0x0, 0x0, 0x2f, 0xff,
    0x0, 0x0, 0x0, 0x0, 0x0, 0xbf, 0xfc, 0x0,
    0x0, 0x0, 0x0, 0x2, 0xff, 0xf0, 0x0, 0x0,
    0x0, 0x0, 0xb, 0xff, 0xc0, 0x0, 0x0, 0x0,
    0x0, 0x2f, 0xff, 0x0, 0x0, 0x0, 0x0, 0x0,
    0xbf, 0xfc, 0x0, 0x0, 0x0, 0x0, 0x2, 0xff,
    0xf0, 0x0, 0x0, 0x0, 0x0, 0xb, 0xff, 0xc0,
    0x0, 0x0, 0x0, 0x0, 0x2f, 0xff, 0x1, 0xbf,
    0xf9, 0x0, 0x0, 0xbf, 0xfc, 0xbf, 0xff, 0xff,
    0x40, 0x2, 0xff, 0xff, 0xff, 0xff, 0xff, 0x80,
    0xb, 0xff, 0xff, 0xff, 0xff, 0xff, 0x80, 0x2f,
    0xff, 0xff, 0xff, 0xff, 0xff, 0x40, 0xbf, 0xff,
    0xff, 0xff, 0xff, 0xff, 0x2, 0xff, 0xff, 0xfa,
    0xbf, 0xff, 0xfd, 0xb, 0xff, 0xfd, 0x0, 0x1f,
    0xff, 0xfc, 0x2f, 0xff, 0xc0, 0x0, 0xf, 0xff,
    0xf0, 0xbf, 0xfe, 0x0, 0x0, 0x2f, 0xff, 0xd0,
    0x55, 0x50, 0x0, 0x0, 0x3f, 0xff, 0x80, 0x0,
    0x0, 0x0, 0x0, 0xff, 0xfe, 0x0, 0x0, 0x0,
    0x0, 0x3, 0xff, 0xf8, 0x0, 0x0, 0x0, 0x0,
    0xb, 0xff, 0xe0, 0x0, 0x0, 0x0, 0x0, 0x2f,
    0xff, 0xc0, 0x0, 0x0, 0x0, 0x0, 0xbf, 0xff,
    0x0, 0x0, 0x0, 0x0, 0x2, 0xff, 0xfc, 0x0,
    0x0, 0x0, 0x0, 0xb, 0xff, 0xf0, 0x0, 0x0,
    0x0, 0x0, 0x2f, 0xff, 0x85, 0x55, 0x40, 0x0,
    0x0, 0xff, 0xfe, 0x3f, 0xff, 0x0, 0x0, 0x3,
    0xff, 0xf8, 0xff, 0xfc, 0x0, 0x0, 0xf, 0xff,
    0xd3, 0xff, 0xf4, 0x0, 0x0, 0xbf, 0xff, 0x4f,
    0xff, 0xf0, 0x0, 0x3, 0xff, 0xfc, 0x2f, 0xff,
    0xf4, 0x0, 0x7f, 0xff, 0xe0, 0x3f, 0xff, 0xfe,
    0xaf, 0xff, 0xff, 0x0, 0xbf, 0xff, 0xff, 0xff,
    0xff, 0xf8, 0x0, 0xff, 0xff, 0xff, 0xff, 0xff,
    0xc0, 0x0, 0xff, 0xff, 0xff, 0xff, 0xfc, 0x0,
    0x0, 0xff, 0xff, 0xff, 0xff, 0xc0, 0x0, 0x0,
    0x7f, 0xff, 0xff, 0xf4, 0x0, 0x0, 0x0, 0x1a,
    0xff, 0xf9, 0x0, 0x0,

    /* U+0036 "6" */
    0x0, 0x0, 0x0, 0xf, 0xff, 0xf0, 0x0, 0x0,
    0x0, 0x0, 0xb, 0xff, 0xf4, 0x0, 0x0, 0x0,
    0x0, 0x3, 0xff, 0xfc, 0x0, 0x0, 0x0, 0x0,
    0x2, 0xff, 0xfd, 0x0, 0x0, 0x0, 0x0, 0x0,
    0xff, 0xff, 0x0, 0x0, 0x0, 0x0, 0x0, 0xbf,
    0xff, 0x40, 0x0, 0x0, 0x0, 0x0, 0x3f, 0xff,
    0xc0, 0x0, 0x0, 0x0, 0x0, 0x2f, 0xff, 0xd0,
    0x0, 0x0, 0x0, 0x0, 0xf, 0xff, 0xf0, 0x0,
    0x0, 0x0, 0x0, 0xb, 0xff, 0xf4, 0x0, 0x0,
    0x0, 0x0, 0x3, 0xff, 0xfc, 0x0, 0x0, 0x0,
    0x0, 0x2, 0xff, 0xfd, 0x0, 0x0, 0x0, 0x0,
    0x0, 0xff, 0xff, 0x0, 0x0, 0x0, 0x0, 0x0,
    0xbf, 0xff, 0x40, 0x0, 0x0, 0x0, 0x0, 0x3f,
    0xff, 0x80, 0x0, 0x0, 0x0, 0x0, 0x2f, 0xff,
    0xc0, 0x0, 0x0, 0x0, 0x0, 0xf, 0xff, 0xe0,
    0x0, 0x0, 0x0, 0x0, 0xb, 0xff, 0xf0, 0x0,
    0x0, 0x0, 0x0, 0x3, 0xff, 0xf8, 0x69, 0x40,
    0x0, 0x0, 0x2, 0xff, 0xff, 0xff, 0xff, 0x40,
    0x0, 0x0, 0xff, 0xff, 0xff, 0xff, 0xfd, 0x0,
    0x0, 0xbf, 0xff, 0xff, 0xff, 0xff, 0xd0, 0x0,
    0x3f, 0xff, 0xff, 0xff, 0xff, 0xfd, 0x0, 0x2f,
    0xff, 0xff, 0xff, 0xff, 0xff, 0xc0, 0xf, 0xff,
    0xff, 0xff, 0xff, 0xff, 0xf8, 0x7, 0xff, 0xff,
    0x80, 0x1f, 0xff, 0xff, 0x3, 0xff, 0xff, 0x0,
    0x0, 0xbf, 0xff, 0xd0, 0xff, 0xff, 0x0, 0x0,
    0xb, 0xff, 0xf8, 0x3f, 0xff, 0x80, 0x0, 0x0,
    0xff, 0xff, 0x1f, 0xff, 0xd0, 0x0, 0x0, 0x2f,
    0xff, 0xcb, 0xff, 0xf0, 0x0, 0x0, 0x7, 0xff,
    0xf2, 0xff, 0xfc, 0x0, 0x0, 0x1, 0xff, 0xfc,
    0xbf, 0xff, 0x0, 0x0, 0x0, 0x7f, 0xff, 0x2f,
    0xff, 0xc0, 0x0, 0x0, 0x1f, 0xff, 0xcb, 0xff,
    0xf0, 0x0, 0x0, 0x7, 0xff, 0xf2, 0xff, 0xfc,
    0x0, 0x0, 0x1, 0xff, 0xfc, 0x7f, 0xff, 0x40,
    0x0, 0x0, 0xbf, 0xff, 0x1f, 0xff, 0xe0, 0x0,
    0x0, 0x3f, 0xff, 0xc3, 0xff, 0xfc, 0x0, 0x0,
    0x1f, 0xff, 0xe0, 0xff, 0xff, 0x80, 0x0, 0xf,
    0xff, 0xf4, 0x1f, 0xff, 0xfc, 0x0, 0x1f, 0xff,
    0xfc, 0x3, 0xff, 0xff, 0xfa, 0xbf, 0xff, 0xfd,
    0x0, 0x7f, 0xff, 0xff, 0xff, 0xff, 0xff, 0x0,
    0xb, 0xff, 0xff, 0xff, 0xff, 0xff, 0x0, 0x0,
    0xbf, 0xff, 0xff, 0xff, 0xff, 0x0, 0x0, 0x7,
    0xff, 0xff, 0xff, 0xfe, 0x0, 0x0, 0x0, 0x2f,
    0xff, 0xff, 0xfd, 0x0, 0x0, 0x0, 0x0, 0x6f,
    0xff, 0x90, 0x0, 0x0,

    /* U+0037 "7" */
    0xbf, 0xff, 0xff, 0xff, 0xff, 0xff, 0xf2, 0xff,
    0xff, 0xff, 0xff, 0xff, 0xff, 0xcb, 0xff, 0xff,
    0xff, 0xff, 0xff, 0xff, 0x2f, 0xff, 0xff, 0xff,
    0xff, 0xff, 0xfc, 0xbf, 0xff, 0xff, 0xff, 0xff,
    0xff, 0xf2, 0xff, 0xff, 0xff, 0xff, 0xff, 0xff,
    0xcb, 0xff, 0xff, 0xff, 0xff, 0xff, 0xff, 0x0,
    0x0, 0x0, 0x0, 0x1, 0xff, 0xfc, 0x0, 0x0,
    0x0, 0x0, 0xf, 0xff, 0xe0, 0x0, 0x0, 0x0,
    0x0, 0x3f, 0xff, 0x40, 0x0, 0x0, 0x0, 0x1,
    0xff, 0xfc, 0x0, 0x0, 0x0, 0x0, 0xf, 0xff,
    0xe0, 0x0, 0x0, 0x0, 0x0, 0x3f, 0xff, 0x0,
    0x0, 0x0, 0x0, 0x2, 0xff, 0xfc, 0x0, 0x0,
    0x0, 0x0, 0xf, 0xff, 0xd0, 0x0, 0x0, 0x0,
    0x0, 0x7f, 0xff, 0x0, 0x0, 0x0, 0x0, 0x2,
    0xff, 0xfc, 0x0, 0x0, 0x0, 0x0, 0xf, 0xff,
    0xd0, 0x0, 0x0, 0x0, 0x0, 0x7f, 0xff, 0x0,
    0x0, 0x0, 0x0, 0x2, 0xff, 0xf8, 0x0, 0x0,
    0x0, 0x0, 0xf, 0xff, 0xd0, 0x0, 0x0, 0x0,
    0x0, 0x7f, 0xff, 0x0, 0x0, 0x0, 0x0, 0x3,
    0xff, 0xf8, 0x0, 0x0, 0x0, 0x0, 0xf, 0xff,
    0xd0, 0x0, 0x0, 0x0, 0x0, 0xbf, 0xff, 0x0,
    0x0, 0x0, 0x0, 0x3, 0xff, 0xf8, 0x0, 0x0,
    0x0, 0x0, 0x1f, 0xff, 0xc0, 0x0, 0x0, 0x0,
    0x0, 0xbf, 0xff, 0x0, 0x0, 0x0, 0x0, 0x3,
    0xff, 0xf8, 0x0, 0x0, 0x0, 0x0, 0x1f, 0xff,
    0xc0, 0x0, 0x0, 0x0, 0x0, 0xbf, 0xff, 0x0,
    0x0, 0x0, 0x0, 0x3, 0xff, 0xf4, 0x0, 0x0,
    0x0, 0x0, 0x1f, 0xff, 0xc0, 0x0, 0x0, 0x0,
    0x0, 0xff, 0xfe, 0x0, 0x0, 0x0, 0x0, 0x3,
    0xff, 0xf4, 0x0, 0x0, 0x0, 0x0, 0x2f, 0xff,
    0xc0, 0x0, 0x0, 0x0, 0x0, 0xff, 0xfe, 0x0,
    0x0, 0x0, 0x0, 0x3, 0xff, 0xf4, 0x0, 0x0,
    0x0, 0x0, 0x2f, 0xff, 0xc0, 0x0, 0x0, 0x0,
    0x0, 0xff, 0xfe, 0x0, 0x0, 0x0, 0x0, 0x7,
    0xff, 0xf4, 0x0, 0x0, 0x0, 0x0, 0x2f, 0xff,
    0xc0, 0x0, 0x0, 0x0, 0x0, 0xff, 0xfe, 0x0,
    0x0, 0x0, 0x0, 0x7, 0xff, 0xf0, 0x0, 0x0,
    0x0, 0x0, 0x3f, 0xff, 0xc0, 0x0, 0x0, 0x0,
    0x0, 0xff, 0xfd, 0x0, 0x0, 0x0, 0x0, 0x7,
    0xff, 0xf0, 0x0, 0x0, 0x0, 0x0, 0x3f, 0xff,
    0xc0, 0x0, 0x0, 0x0,

    /* U+0038 "8" */
    0x0, 0x0, 0x6, 0xff, 0xe8, 0x0, 0x0, 0x0,
    0x0, 0x2f, 0xff, 0xff, 0xf4, 0x0, 0x0, 0x0,
    0x7f, 0xff, 0xff, 0xff, 0x80, 0x0, 0x0, 0xbf,
    0xff, 0xff, 0xff, 0xfc, 0x0, 0x0, 0x7f, 0xff,
    0xff, 0xff, 0xff, 0xc0, 0x0, 0x3f, 0xff, 0xff,
    0xff, 0xff, 0xf8, 0x0, 0x3f, 0xff, 0xff, 0xaf,
    0xff, 0xff, 0x40, 0x1f, 0xff, 0xf8, 0x0, 0x7f,
    0xff, 0xf0, 0xb, 0xff, 0xf8, 0x0, 0x3, 0xff,
    0xfc, 0x3, 0xff, 0xfc, 0x0, 0x0, 0x7f, 0xff,
    0x40, 0xff, 0xfd, 0x0, 0x0, 0xf, 0xff, 0xe0,
    0x3f, 0xff, 0x0, 0x0, 0x2, 0xff, 0xfc, 0x1f,
    0xff, 0xc0, 0x0, 0x0, 0xbf, 0xff, 0x7, 0xff,
    0xf0, 0x0, 0x0, 0x2f, 0xff, 0xc0, 0xff, 0xfc,
    0x0, 0x0, 0xb, 0xff, 0xf0, 0x3f, 0xff, 0x40,
    0x0, 0x3, 0xff, 0xf8, 0xf, 0xff, 0xe0, 0x0,
    0x0, 0xff, 0xfd, 0x2, 0xff, 0xfc, 0x0, 0x0,
    0xbf, 0xff, 0x0, 0x7f, 0xff, 0xc0, 0x0, 0x7f,
    0xff, 0xc0, 0xf, 0xff, 0xfd, 0x1, 0xbf, 0xff,
    0xc0, 0x0, 0xff, 0xff, 0xff, 0xff, 0xff, 0xe0,
    0x0, 0x1f, 0xff, 0xff, 0xff, 0xff, 0xe0, 0x0,
    0x0, 0xff, 0xff, 0xff, 0xff, 0xd0, 0x0, 0x0,
    0x3f, 0xff, 0xff, 0xff, 0xf4, 0x0, 0x0, 0x7f,
    0xff, 0xff, 0xff, 0xff, 0x80, 0x0, 0x7f, 0xff,
    0xff, 0xff, 0xff, 0xf8, 0x0, 0x3f, 0xff, 0xfe,
    0x6b, 0xff, 0xff, 0x40, 0x2f, 0xff, 0xf4, 0x0,
    0x2f, 0xff, 0xf0, 0xf, 0xff, 0xf0, 0x0, 0x1,
    0xff, 0xfe, 0xb, 0xff, 0xf0, 0x0, 0x0, 0x3f,
    0xff, 0xc3, 0xff, 0xf8, 0x0, 0x0, 0x7, 0xff,
    0xf0, 0xff, 0xfd, 0x0, 0x0, 0x0, 0xff, 0xfd,
    0x3f, 0xff, 0x0, 0x0, 0x0, 0x3f, 0xff, 0x8f,
    0xff, 0xc0, 0x0, 0x0, 0xf, 0xff, 0xe3, 0xff,
    0xf0, 0x0, 0x0, 0x3, 0xff, 0xf8, 0xff, 0xfc,
    0x0, 0x0, 0x0, 0xff, 0xfe, 0x3f, 0xff, 0x40,
    0x0, 0x0, 0x3f, 0xff, 0x8f, 0xff, 0xd0, 0x0,
    0x0, 0xf, 0xff, 0xd3, 0xff, 0xfc, 0x0, 0x0,
    0x7, 0xff, 0xf4, 0xbf, 0xff, 0x40, 0x0, 0x3,
    0xff, 0xfc, 0x1f, 0xff, 0xf0, 0x0, 0x2, 0xff,
    0xfe, 0x3, 0xff, 0xff, 0x40, 0x2, 0xff, 0xff,
    0x40, 0x7f, 0xff, 0xfe, 0xaf, 0xff, 0xff, 0xc0,
    0xb, 0xff, 0xff, 0xff, 0xff, 0xff, 0xc0, 0x0,
    0xff, 0xff, 0xff, 0xff, 0xff, 0xd0, 0x0, 0xf,
    0xff, 0xff, 0xff, 0xff, 0xd0, 0x0, 0x0, 0xbf,
    0xff, 0xff, 0xff, 0xd0, 0x0, 0x0, 0x7, 0xff,
    0xff, 0xff, 0x40, 0x0, 0x0, 0x0, 0x6, 0xff,
    0xf9, 0x0, 0x0, 0x0,

    /* U+0039 "9" */
    0x0, 0x0, 0x1b, 0xff, 0xe4, 0x0, 0x0, 0x0,
    0x0, 0xbf, 0xff, 0xff, 0xf4, 0x0, 0x0, 0x1,
    0xff, 0xff, 0xff, 0xff, 0xc0, 0x0, 0x2, 0xff,
    0xff, 0xff, 0xff, 0xfd, 0x0, 0x1, 0xff, 0xff,
    0xff, 0xff, 0xff, 0xc0, 0x1, 0xff, 0xff, 0xff,
    0xff, 0xff, 0xfc, 0x0, 0xff, 0xff, 0xfe, 0xbf,
    0xff, 0xff, 0x80, 0x7f, 0xff, 0xf0, 0x0, 0x7f,
    0xff, 0xf0, 0x3f, 0xff, 0xe0, 0x0, 0x3, 0xff,
    0xfd, 0xf, 0xff, 0xf0, 0x0, 0x0, 0x7f, 0xff,
    0x87, 0xff, 0xf4, 0x0, 0x0, 0xf, 0xff, 0xf1,
    0xff, 0xfc, 0x0, 0x0, 0x2, 0xff, 0xfc, 0xbf,
    0xff, 0x0, 0x0, 0x0, 0x7f, 0xff, 0x2f, 0xff,
    0xc0, 0x0, 0x0, 0x1f, 0xff, 0xcb, 0xff, 0xf0,
    0x0, 0x0, 0x7, 0xff, 0xf2, 0xff, 0xfc, 0x0,
    0x0, 0x1, 0xff, 0xfc, 0xbf, 0xff, 0x0, 0x0,
    0x0, 0x7f, 0xff, 0x2f, 0xff, 0xc0, 0x0, 0x0,
    0x2f, 0xff, 0xc7, 0xff, 0xf4, 0x0, 0x0, 0xf,
    0xff, 0xf1, 0xff, 0xff, 0x0, 0x0, 0x7, 0xff,
    0xfc, 0x3f, 0xff, 0xe0, 0x0, 0x3, 0xff, 0xfe,
    0xb, 0xff, 0xfe, 0x0, 0x7, 0xff, 0xff, 0x41,
    0xff, 0xff, 0xfa, 0xaf, 0xff, 0xff, 0xc0, 0x3f,
    0xff, 0xff, 0xff, 0xff, 0xff, 0xe0, 0x3, 0xff,
    0xff, 0xff, 0xff, 0xff, 0xf0, 0x0, 0x7f, 0xff,
    0xff, 0xff, 0xff, 0xf8, 0x0, 0x7, 0xff, 0xff,
    0xff, 0xff, 0xfd, 0x0, 0x0, 0x2f, 0xff, 0xff,
    0xff, 0xff, 0x0, 0x0, 0x0, 0x6f, 0xf9, 0xff,
    0xff, 0x40, 0x0, 0x0, 0x0, 0x0, 0x7f, 0xff,
    0xc0, 0x0, 0x0, 0x0, 0x0, 0x3f, 0xff, 0xd0,
    0x0, 0x0, 0x0, 0x0, 0x1f, 0xff, 0xf0, 0x0,
    0x0, 0x0, 0x0, 0xf, 0xff, 0xf4, 0x0, 0x0,
    0x0, 0x0, 0x7, 0xff, 0xfc, 0x0, 0x0, 0x0,
    0x0, 0x3, 0xff, 0xfd, 0x0, 0x0, 0x0, 0x0,
    0x1, 0xff, 0xff, 0x0, 0x0, 0x0, 0x0, 0x0,
    0xff, 0xff, 0x0, 0x0, 0x0, 0x0, 0x0, 0x7f,
    0xff, 0x80, 0x0, 0x0, 0x0, 0x0, 0x3f, 0xff,
    0xc0, 0x0, 0x0, 0x0, 0x0, 0x1f, 0xff, 0xe0,
    0x0, 0x0, 0x0, 0x0, 0xf, 0xff, 0xf0, 0x0,
    0x0, 0x0, 0x0, 0x7, 0xff, 0xf8, 0x0, 0x0,
    0x0, 0x0, 0x3, 0xff, 0xfc, 0x0, 0x0, 0x0,
    0x0, 0x1, 0xff, 0xfe, 0x0, 0x0, 0x0, 0x0,
    0x0, 0xff, 0xff, 0x0, 0x0, 0x0, 0x0, 0x0,
    0x7f, 0xff, 0x80, 0x0, 0x0, 0x0, 0x0, 0x3f,
    0xff, 0xc0, 0x0, 0x0, 0x0, 0x0, 0x1f, 0xff,
    0xe0, 0x0, 0x0, 0x0,

    /* U+003A ":" */
    0x3f, 0xff, 0xc3, 0xff, 0xfc, 0x3f, 0xff, 0xc3,
    0xff, 0xfc, 0x3f, 0xff, 0xc3, 0xff, 0xfc, 0x3f,
    0xff, 0xc3, 0xff, 0xfc, 0x2a, 0xaa, 0x80, 0x0,
    0x0, 0x0, 0x0, 0x0, 0x0, 0x0, 0x0, 0x0,
    0x0, 0x0, 0x0, 0x0, 0x0, 0x0, 0x0, 0x0,
    0x0, 0x0, 0x0, 0x0, 0x0, 0x0, 0x0, 0x0,
    0x0, 0x0, 0x0, 0x0, 0x0, 0x0, 0x0, 0x0,
    0x0, 0x2, 0xaa, 0xa8, 0x3f, 0xff, 0xc3, 0xff,
    0xfc, 0x3f, 0xff, 0xc3, 0xff, 0xfc, 0x3f, 0xff,
    0xc3, 0xff, 0xfc, 0x3f, 0xff, 0xc3, 0xff, 0xfc,

    /* U+003B ";" */
    0x2a, 0xaa, 0x83, 0xff, 0xfc, 0x3f, 0xff, 0xc3,
    0xff, 0xfc, 0x3f, 0xff, 0xc3, 0xff, 0xfc, 0x3f,
    0xff, 0xc3, 0xff, 0xfc, 0x3f, 0xff, 0xc0, 0x0,
    0x0, 0x0, 0x0, 0x0, 0x0, 0x0, 0x0, 0x0,
    0x0, 0x0, 0x0, 0x0, 0x0, 0x0, 0x0, 0x0,
    0x0, 0x0, 0x0, 0x0, 0x0, 0x0, 0x0, 0x0,
    0x0, 0x0, 0x0, 0x0, 0x0, 0x0, 0x0, 0x0,
    0x0, 0x0, 0x0, 0x0, 0xb, 0xff, 0xc0, 0xbf,
    0xfc, 0xb, 0xff, 0xc0, 0xbf, 0xfc, 0xb, 0xff,
    0xc0, 0xbf, 0xfc, 0xb, 0xff, 0xc0, 0xbf, 0xfc,
    0xb, 0xff, 0xc0, 0xbf, 0xfc, 0xb, 0xff, 0xc0,
    0xbf, 0xfc, 0xb, 0xff, 0xc0, 0xbf, 0xf8, 0xb,
    0xfd, 0x0, 0xbf, 0x40, 0xb, 0xc0, 0x0, 0xb0,
    0x0, 0x4, 0x0, 0x0,

    /* U+003C "<" */
    0x0, 0x0, 0x0, 0x0, 0x0, 0x0, 0x0, 0x40,
    0x0, 0x0, 0x0, 0x0, 0x0, 0x0, 0x7c, 0x0,
    0x0, 0x0, 0x0, 0x0, 0x1, 0xbf, 0xc0, 0x0,
    0x0, 0x0, 0x0, 0x1, 0xff, 0xfc, 0x0, 0x0,
    0x0, 0x0, 0x2, 0xff, 0xff, 0xc0, 0x0, 0x0,
    0x0, 0x7, 0xff, 0xff, 0xfc, 0x0, 0x0, 0x0,
    0xb, 0xff, 0xff, 0xff, 0xc0, 0x0, 0x0, 0x1f,
    0xff, 0xff, 0xff, 0xf8, 0x0, 0x0, 0x2f, 0xff,
    0xff, 0xff, 0xf4, 0x0, 0x0, 0x7f, 0xff, 0xff,
    0xff, 0xe0, 0x0, 0x0, 0xbf, 0xff, 0xff, 0xff,
    0xd0, 0x0, 0x1, 0xff, 0xff, 0xff, 0xff, 0x80,
    0x0, 0x0, 0xbf, 0xff, 0xff, 0xfe, 0x40, 0x0,
    0x0, 0xb, 0xff, 0xff, 0xfd, 0x0, 0x0, 0x0,
    0x0, 0xbf, 0xff, 0xf9, 0x0, 0x0, 0x0, 0x0,
    0xb, 0xff, 0xff, 0x80, 0x0, 0x0, 0x0, 0x0,
    0xbf, 0xff, 0xff, 0xd0, 0x0, 0x0, 0x0, 0xb,
    0xff, 0xff, 0xff, 0xe0, 0x0, 0x0, 0x0, 0x2f,
    0xff, 0xff, 0xff, 0xf4, 0x0, 0x0, 0x0, 0x1f,
    0xff, 0xff, 0xff, 0xf9, 0x0, 0x0, 0x0, 0xb,
    0xff, 0xff, 0xff, 0xfd, 0x0, 0x0, 0x0, 0x7,
    0xff, 0xff, 0xff, 0xfe, 0x40, 0x0, 0x0, 0x2,
    0xff, 0xff, 0xff, 0xff, 0x80, 0x0, 0x0, 0x1,
    0xff, 0xff, 0xff, 0xfc, 0x0, 0x0, 0x0, 0x0,
    0xbf, 0xff, 0xff, 0xc0, 0x0, 0x0, 0x0, 0x0,
    0x7f, 0xff, 0xfc, 0x0, 0x0, 0x0, 0x0, 0x0,
    0x2f, 0xff, 0xc0, 0x0, 0x0, 0x0, 0x0, 0x0,
    0x1f, 0xfc, 0x0, 0x0, 0x0, 0x0, 0x0, 0x0,
    0xb, 0xc0, 0x0, 0x0, 0x0, 0x0, 0x0, 0x0,
    0x4,

    /* U+003D "=" */
    0x6a, 0xaa, 0xaa, 0xaa, 0xaa, 0xaa, 0xaa, 0x8b,
    0xff, 0xff, 0xff, 0xff, 0xff, 0xff, 0xfc, 0xbf,
    0xff, 0xff, 0xff, 0xff, 0xff, 0xff, 0xcb, 0xff,
    0xff, 0xff, 0xff, 0xff, 0xff, 0xfc, 0xbf, 0xff,
    0xff, 0xff, 0xff, 0xff, 0xff, 0xcb, 0xff, 0xff,
    0xff, 0xff, 0xff, 0xff, 0xfc, 0xbf, 0xff, 0xff,
    0xff, 0xff, 0xff, 0xff, 0xc0, 0x0, 0x0, 0x0,
    0x0, 0x0, 0x0, 0x0, 0x0, 0x0, 0x0, 0x0,
    0x0, 0x0, 0x0, 0x0, 0x0, 0x0, 0x0, 0x0,
    0x0, 0x0, 0x0, 0x0, 0x0, 0x0, 0x0, 0x0,
    0x0, 0x0, 0x0, 0x0, 0x0, 0x0, 0x0, 0x0,
    0x0, 0x0, 0x0, 0x0, 0x0, 0x0, 0x0, 0x0,
    0x0, 0x0, 0x0, 0x0, 0x0, 0x0, 0x0, 0x0,
    0x0, 0x6a, 0xaa, 0xaa, 0xaa, 0xaa, 0xaa, 0xaa,
    0x8b, 0xff, 0xff, 0xff, 0xff, 0xff, 0xff, 0xfc,
    0xbf, 0xff, 0xff, 0xff, 0xff, 0xff, 0xff, 0xcb,
    0xff, 0xff, 0xff, 0xff, 0xff, 0xff, 0xfc, 0xbf,
    0xff, 0xff, 0xff, 0xff, 0xff, 0xff, 0xcb, 0xff,
    0xff, 0xff, 0xff, 0xff, 0xff, 0xfc, 0xbf, 0xff,
    0xff, 0xff, 0xff, 0xff, 0xff, 0xc0,

    /* U+003E ">" */
    0x0, 0x0, 0x0, 0x0, 0x0, 0x0, 0x0, 0xb,
    0x90, 0x0, 0x0, 0x0, 0x0, 0x0, 0x0, 0xbf,
    0xd0, 0x0, 0x0, 0x0, 0x0, 0x0, 0xb, 0xff,
    0xe4, 0x0, 0x0, 0x0, 0x0, 0x0, 0xbf, 0xff,
    0xf4, 0x0, 0x0, 0x0, 0x0, 0xb, 0xff, 0xff,
    0xf9, 0x0, 0x0, 0x0, 0x0, 0xbf, 0xff, 0xff,
    0xfd, 0x0, 0x0, 0x0, 0x7, 0xff, 0xff, 0xff,
    0xfe, 0x0, 0x0, 0x0, 0x2, 0xff, 0xff, 0xff,
    0xff, 0x40, 0x0, 0x0, 0x1, 0xff, 0xff, 0xff,
    0xff, 0x80, 0x0, 0x0, 0x0, 0xbf, 0xff, 0xff,
    0xff, 0xd0, 0x0, 0x0, 0x0, 0x6f, 0xff, 0xff,
    0xff, 0xe0, 0x0, 0x0, 0x0, 0x2f, 0xff, 0xff,
    0xff, 0xc0, 0x0, 0x0, 0x0, 0x1b, 0xff, 0xff,
    0xfc, 0x0, 0x0, 0x0, 0x0, 0x7, 0xff, 0xff,
    0xc0, 0x0, 0x0, 0x0, 0x0, 0x7f, 0xff, 0xfc,
    0x0, 0x0, 0x0, 0x0, 0xbf, 0xff, 0xff, 0xc0,
    0x0, 0x0, 0x1, 0xff, 0xff, 0xff, 0xfc, 0x0,
    0x0, 0x2, 0xff, 0xff, 0xff, 0xff, 0x40, 0x0,
    0x7, 0xff, 0xff, 0xff, 0xfe, 0x0, 0x0, 0x1b,
    0xff, 0xff, 0xff, 0xfd, 0x0, 0x0, 0x1f, 0xff,
    0xff, 0xff, 0xf8, 0x0, 0x0, 0x2f, 0xff, 0xff,
    0xff, 0xf4, 0x0, 0x0, 0xb, 0xff, 0xff, 0xff,
    0xe0, 0x0, 0x0, 0x0, 0xbf, 0xff, 0xff, 0xd0,
    0x0, 0x0, 0x0, 0xb, 0xff, 0xff, 0x80, 0x0,
    0x0, 0x0, 0x0, 0xbf, 0xff, 0x40, 0x0, 0x0,
    0x0, 0x0, 0xb, 0xfe, 0x0, 0x0, 0x0, 0x0,
    0x0, 0x0, 0xbd, 0x0, 0x0, 0x0, 0x0, 0x0,
    0x0, 0x4, 0x0, 0x0, 0x0, 0x0, 0x0, 0x0,
    0x0,

    /* U+003F "?" */
    0x0, 0x0, 0x6f, 0xff, 0x90, 0x0, 0x0, 0x0,
    0xbf, 0xff, 0xff, 0xd0, 0x0, 0x0, 0x7f, 0xff,
    0xff, 0xff, 0xc0, 0x0, 0x2f, 0xff, 0xff, 0xff,
    0xff, 0x0, 0x7, 0xff, 0xff, 0xff, 0xff, 0xfc,
    0x0, 0xff, 0xff, 0xff, 0xff, 0xff, 0xf0, 0x2f,
    0xff, 0xff, 0xbf, 0xff, 0xff, 0x43, 0xff, 0xfe,
    0x0, 0x1f, 0xff, 0xfc, 0x7f, 0xff, 0x40, 0x0,
    0x3f, 0xff, 0xcb, 0xff, 0xf0, 0x0, 0x1, 0xff,
    0xfd, 0xbf, 0xfe, 0x0, 0x0, 0xf, 0xff, 0xdf,
    0xff, 0xd0, 0x0, 0x0, 0xff, 0xfe, 0xbf, 0xfc,
    0x0, 0x0, 0xf, 0xff, 0xe0, 0x0, 0x0, 0x0,
    0x0, 0xff, 0xfd, 0x0, 0x0, 0x0, 0x0, 0x1f,
    0xff, 0xd0, 0x0, 0x0, 0x0, 0x2, 0xff, 0xfc,
    0x0, 0x0, 0x0, 0x0, 0x3f, 0xff, 0x80, 0x0,
    0x0, 0x0, 0xf, 0xff, 0xf0, 0x0, 0x0, 0x0,
    0x2, 0xff, 0xfe, 0x0, 0x0, 0x0, 0x0, 0x7f,
    0xff, 0xc0, 0x0, 0x0, 0x0, 0xf, 0xff, 0xf4,
    0x0, 0x0, 0x0, 0x3, 0xff, 0xff, 0x0, 0x0,
    0x0, 0x0, 0xbf, 0xff, 0xc0, 0x0, 0x0, 0x0,
    0x1f, 0xff, 0xf4, 0x0, 0x0, 0x0, 0x3, 0xff,
    0xfe, 0x0, 0x0, 0x0, 0x0, 0xbf, 0xff, 0xc0,
    0x0, 0x0, 0x0, 0xf, 0xff, 0xf0, 0x0, 0x0,
    0x0, 0x2, 0xff, 0xfd, 0x0, 0x0, 0x0, 0x0,
    0x3f, 0xff, 0xc0, 0x0, 0x0, 0x0, 0x3, 0xff,
    0xf8, 0x0, 0x0, 0x0, 0x0, 0x3f, 0xff, 0x40,
    0x0, 0x0, 0x0, 0x3, 0xff, 0xf4, 0x0, 0x0,
    0x0, 0x0, 0x3f, 0xff, 0x40, 0x0, 0x0, 0x0,
    0x3, 0xff, 0xf4, 0x0, 0x0, 0x0, 0x0, 0x3f,
    0xff, 0x40, 0x0, 0x0, 0x0, 0x0, 0x0, 0x0,
    0x0, 0x0, 0x0, 0x0, 0x0, 0x0, 0x0, 0x0,
    0x0, 0x0, 0x0, 0x0, 0x0, 0x0, 0x0, 0x0,
    0x0, 0x0, 0x0, 0x0, 0x0, 0x0, 0x0, 0x0,
    0x0, 0x0, 0x0, 0x0, 0x0, 0x0, 0x7f, 0xff,
    0x80, 0x0, 0x0, 0x0, 0x7, 0xff, 0xf8, 0x0,
    0x0, 0x0, 0x0, 0x7f, 0xff, 0x80, 0x0, 0x0,
    0x0, 0x7, 0xff, 0xf8, 0x0, 0x0, 0x0, 0x0,
    0x7f, 0xff, 0x80, 0x0, 0x0, 0x0, 0x7, 0xff,
    0xf8, 0x0, 0x0, 0x0, 0x0, 0x7f, 0xff, 0x80,
    0x0, 0x0, 0x0, 0x7, 0xff, 0xf8, 0x0, 0x0,

    /* U+0040 "@" */
    0x0, 0x0, 0x0, 0x0, 0x0, 0x6b, 0xff, 0xfa,
    0x40, 0x0, 0x0, 0x0, 0x0, 0x0, 0x0, 0x0,
    0x0, 0xb, 0xff, 0xff, 0xff, 0xff, 0x90, 0x0,
    0x0, 0x0, 0x0, 0x0, 0x0, 0x0, 0x7f, 0xff,
    0xff, 0xff, 0xff, 0xff, 0x80, 0x0, 0x0, 0x0,
    0x0, 0x0, 0x1, 0xff, 0xff, 0xff, 0xff, 0xff,
    0xff, 0xfe, 0x0, 0x0, 0x0, 0x0, 0x0, 0x2,
    0xff, 0xff, 0xff, 0xff, 0xff, 0xff, 0xff, 0xf0,
    0x0, 0x0, 0x0, 0x0, 0x3, 0xff, 0xff, 0xff,
    0xff, 0xff, 0xff, 0xff, 0xff, 0x80, 0x0, 0x0,
    0x0, 0x7, 0xff, 0xff, 0xfe, 0x50, 0x0, 0x6b,
    0xff, 0xff, 0xf8, 0x0, 0x0, 0x0, 0x7, 0xff,
    0xff, 0xd0, 0x0, 0x0, 0x0, 0x1f, 0xff, 0xff,
    0x80, 0x0, 0x0, 0x7, 0xff, 0xff, 0x40, 0x0,
    0x0, 0x0, 0x0, 0x3f, 0xff, 0xf8, 0x0, 0x0,
    0x3, 0xff, 0xfe, 0x0, 0x0, 0x0, 0x0, 0x0,
    0x1, 0xff, 0xff, 0x80, 0x0, 0x3, 0xff, 0xfd,
    0x0, 0x0, 0x0, 0x0, 0x0, 0x0, 0xf, 0xff,
    0xf4, 0x0, 0x2, 0xff, 0xfd, 0x0, 0x0, 0x0,
    0x0, 0x0, 0x0, 0x0, 0xff, 0xff, 0x0, 0x0,
    0xff, 0xfd, 0x0, 0x0, 0x0, 0x0, 0x0, 0x0,
    0x0, 0xf, 0xff, 0xe0, 0x0, 0xbf, 0xfe, 0x0,
    0x0, 0x5, 0xa9, 0x0, 0x0, 0x0, 0x1, 0xff,
    0xfc, 0x0, 0x3f, 0xff, 0x0, 0x0, 0x1f, 0xff,
    0xfd, 0xf, 0xff, 0x0, 0x2f, 0xff, 0x80, 0x2f,
    0xff, 0x40, 0x0, 0x3f, 0xff, 0xff, 0xe7, 0xff,
    0xc0, 0x3, 0xff, 0xf0, 0xf, 0xff, 0xc0, 0x0,
    0x3f, 0xff, 0xff, 0xfe, 0xff, 0xf0, 0x0, 0xbf,
    0xfd, 0x7, 0xff, 0xe0, 0x0, 0x2f, 0xff, 0xff,
    0xff, 0xff, 0xfc, 0x0, 0xf, 0xff, 0xc2, 0xff,
    0xf0, 0x0, 0xf, 0xff, 0xff, 0xff, 0xff, 0xff,
    0x0, 0x3, 0xff, 0xf0, 0xff, 0xfc, 0x0, 0x7,
    0xff, 0xfd, 0x1, 0xff, 0xff, 0xc0, 0x0, 0xbf,
    0xfd, 0x3f, 0xfe, 0x0, 0x3, 0xff, 0xf8, 0x0,
    0xf, 0xff, 0xf0, 0x0, 0x1f, 0xff, 0x9f, 0xff,
    0x40, 0x0, 0xff, 0xfc, 0x0, 0x0, 0xff, 0xfc,
    0x0, 0x3, 0xff, 0xe7, 0xff, 0xd0, 0x0, 0x3f,
    0xfe, 0x0, 0x0, 0x3f, 0xff, 0x0, 0x0, 0xff,
    0xfd, 0xff, 0xf0, 0x0, 0x1f, 0xff, 0x40, 0x0,
    0xb, 0xff, 0xc0, 0x0, 0x3f, 0xff, 0xbf, 0xfc,
    0x0, 0x7, 0xff, 0xd0, 0x0, 0x1, 0xff, 0xf0,
    0x0, 0xf, 0xff, 0xef, 0xff, 0x0, 0x1, 0xff,
    0xf0, 0x0, 0x0, 0x7f, 0xfc, 0x0, 0x2, 0xff,
    0xfb, 0xff, 0xc0, 0x0, 0x7f, 0xfc, 0x0, 0x0,
    0x1f, 0xff, 0x0, 0x0, 0xbf, 0xfe, 0xff, 0xf0,
    0x0, 0x1f, 0xff, 0x0, 0x0, 0x7, 0xff, 0xc0,
    0x0, 0x2f, 0xff, 0xbf, 0xfc, 0x0, 0x7, 0xff,
    0xc0, 0x0, 0x1, 0xff, 0xf0, 0x0, 0xb, 0xff,
    0xef, 0xff, 0x0, 0x1, 0xff, 0xf0, 0x0, 0x0,
    0x7f, 0xfc, 0x0, 0x2, 0xff, 0xfb, 0xff, 0xc0,
    0x0, 0x7f, 0xfc, 0x0, 0x0, 0x1f, 0xff, 0x0,
    0x0, 0xbf, 0xfe, 0xff, 0xf0, 0x0, 0x1f, 0xff,
    0x0, 0x0, 0x7, 0xff, 0xc0, 0x0, 0x3f, 0xff,
    0xbf, 0xfc, 0x0, 0x7, 0xff, 0xd0, 0x0, 0x1,
    0xff, 0xf0, 0x0, 0xf, 0xff, 0xdf, 0xff, 0x0,
    0x1, 0xff, 0xf4, 0x0, 0x0, 0xbf, 0xfc, 0x0,
    0x3, 0xff, 0xf7, 0xff, 0xd0, 0x0, 0x3f, 0xfe,
    0x0, 0x0, 0x3f, 0xff, 0x0, 0x0, 0xff, 0xf9,
    0xff, 0xf8, 0x0, 0xf, 0xff, 0xc0, 0x0, 0xf,
    0xff, 0xd0, 0x0, 0x7f, 0xfd, 0x3f, 0xfe, 0x0,
    0x3, 0xff, 0xf4, 0x0, 0xb, 0xff, 0xfc, 0x0,
    0x3f, 0xff, 0xf, 0xff, 0xc0, 0x0, 0xbf, 0xff,
    0x40, 0xb, 0xff, 0xff, 0x80, 0x2f, 0xff, 0x82,
    0xff, 0xf4, 0x0, 0xf, 0xff, 0xfe, 0xaf, 0xff,
    0xff, 0xfe, 0xbf, 0xff, 0xd0, 0x7f, 0xfe, 0x0,
    0x2, 0xff, 0xff, 0xff, 0xff, 0xff, 0xff, 0xff,
    0xff, 0xe0, 0xf, 0xff, 0xc0, 0x0, 0x3f, 0xff,
    0xff, 0xff, 0xcb, 0xff, 0xff, 0xff, 0xf0, 0x2,
    0xff, 0xf8, 0x0, 0x7, 0xff, 0xff, 0xff, 0xc0,
    0xff, 0xff, 0xff, 0xf0, 0x0, 0x3f, 0xff, 0x0,
    0x0, 0x3f, 0xff, 0xff, 0x80, 0xb, 0xff, 0xff,
    0xd0, 0x0, 0xf, 0xff, 0xf0, 0x0, 0x1, 0xbf,
    0xfe, 0x0, 0x0, 0x2f, 0xfe, 0x40, 0x0, 0x1,
    0xff, 0xfe, 0x0, 0x0, 0x0, 0x0, 0x0, 0x0,
    0x0, 0x0, 0x0, 0x0, 0x0, 0x2f, 0xff, 0xd0,
    0x0, 0x0, 0x0, 0x0, 0x0, 0x0, 0x0, 0x0,
    0x0, 0x0, 0x3, 0xff, 0xfe, 0x0, 0x0, 0x0,
    0x0, 0x0, 0x0, 0x0, 0x0, 0x0, 0x0, 0x0,
    0x7f, 0xff, 0xe0, 0x0, 0x0, 0x0, 0x0, 0x0,
    0x1, 0x0, 0x0, 0x0, 0x0, 0x7, 0xff, 0xff,
    0x40, 0x0, 0x0, 0x0, 0x0, 0x7, 0xd0, 0x0,
    0x0, 0x0, 0x0, 0x7f, 0xff, 0xfd, 0x0, 0x0,
    0x0, 0x0, 0x6f, 0xfc, 0x0, 0x0, 0x0, 0x0,
    0x7, 0xff, 0xff, 0xfe, 0x40, 0x0, 0x1a, 0xff,
    0xff, 0x40, 0x0, 0x0, 0x0, 0x0, 0x7f, 0xff,
    0xff, 0xff, 0xff, 0xff, 0xff, 0xff, 0xf0, 0x0,
    0x0, 0x0, 0x0, 0x2, 0xff, 0xff, 0xff, 0xff,
    0xff, 0xff, 0xff, 0xfd, 0x0, 0x0, 0x0, 0x0,
    0x0, 0x1f, 0xff, 0xff, 0xff, 0xff, 0xff, 0xff,
    0xfd, 0x0, 0x0, 0x0, 0x0, 0x0, 0x0, 0x7f,
    0xff, 0xff, 0xff, 0xff, 0xff, 0xe4, 0x0, 0x0,
    0x0, 0x0, 0x0, 0x0, 0x1, 0xbf, 0xff, 0xff,
    0xff, 0xff, 0x40, 0x0, 0x0, 0x0, 0x0, 0x0,
    0x0, 0x0, 0x0, 0x6f, 0xff, 0xff, 0x94, 0x0,
    0x0, 0x0, 0x0, 0x0, 0x0, 0x0, 0x0, 0x0,
    0x0, 0x0, 0x0, 0x0, 0x0, 0x0, 0x0, 0x0,
    0x0,

    /* U+0041 "A" */
    0x0, 0x0, 0x0, 0x0, 0x3f, 0xfe, 0x0, 0x0,
    0x0, 0x0, 0x0, 0x0, 0x0, 0x0, 0x1f, 0xff,
    0xc0, 0x0, 0x0, 0x0, 0x0, 0x0, 0x0, 0x0,
    0xb, 0xff, 0xf0, 0x0, 0x0, 0x0, 0x0, 0x0,
    0x0, 0x0, 0x3, 0xff, 0xfe, 0x0, 0x0, 0x0,
    0x0, 0x0, 0x0, 0x0, 0x1, 0xff, 0xff, 0xc0,
    0x0, 0x0, 0x0, 0x0, 0x0, 0x0, 0x0, 0xff,
    0xff, 0xf4, 0x0, 0x0, 0x0, 0x0, 0x0, 0x0,
    0x0, 0x3f, 0xff, 0xfe, 0x0, 0x0, 0x0, 0x0,
    0x0, 0x0, 0x0, 0x1f, 0xff, 0xff, 0xc0, 0x0,
    0x0, 0x0, 0x0, 0x0, 0x0, 0xf, 0xff, 0xff,
    0xf4, 0x0, 0x0, 0x0, 0x0, 0x0, 0x0, 0x3,
    0xff, 0xff, 0xfe, 0x0, 0x0, 0x0, 0x0, 0x0,
    0x0, 0x2, 0xff, 0xff, 0xff, 0xc0, 0x0, 0x0,
    0x0, 0x0, 0x0, 0x0, 0xff, 0xfe, 0xff, 0xf4,
    0x0, 0x0, 0x0, 0x0, 0x0, 0x0, 0x3f, 0xfe,
    0x7f, 0xfe, 0x0, 0x0, 0x0, 0x0, 0x0, 0x0,
    0x2f, 0xff, 0x4f, 0xff, 0xc0, 0x0, 0x0, 0x0,
    0x0, 0x0, 0xf, 0xff, 0xc2, 0xff, 0xf4, 0x0,
    0x0, 0x0, 0x0, 0x0, 0x7, 0xff, 0xe0, 0x7f,
    0xff, 0x0, 0x0, 0x0, 0x0, 0x0, 0x2, 0xff,
    0xf4, 0xf, 0xff, 0xc0, 0x0, 0x0, 0x0, 0x0,
    0x0, 0xff, 0xfc, 0x2, 0xff, 0xf4, 0x0, 0x0,
    0x0, 0x0, 0x0, 0x7f, 0xff, 0x0, 0x7f, 0xff,
    0x0, 0x0, 0x0, 0x0, 0x0, 0x2f, 0xff, 0x40,
    0xf, 0xff, 0xc0, 0x0, 0x0, 0x0, 0x0, 0xf,
    0xff, 0xc0, 0x2, 0xff, 0xf8, 0x0, 0x0, 0x0,
    0x0, 0x7, 0xff, 0xf0, 0x0, 0x7f, 0xff, 0x0,
    0x0, 0x0, 0x0, 0x2, 0xff, 0xf4, 0x0, 0xf,
    0xff, 0xc0, 0x0, 0x0, 0x0, 0x0, 0xff, 0xfc,
    0x0, 0x2, 0xff, 0xf8, 0x0, 0x0, 0x0, 0x0,
    0x7f, 0xff, 0x0, 0x0, 0x7f, 0xff, 0x0, 0x0,
    0x0, 0x0, 0x3f, 0xff, 0x80, 0x0, 0xf, 0xff,
    0xd0, 0x0, 0x0, 0x0, 0xf, 0xff, 0xc0, 0x0,
    0x2, 0xff, 0xf8, 0x0, 0x0, 0x0, 0x7, 0xff,
    0xf0, 0x0, 0x0, 0x7f, 0xff, 0x0, 0x0, 0x0,
    0x3, 0xff, 0xf8, 0x0, 0x0, 0xf, 0xff, 0xd0,
    0x0, 0x0, 0x0, 0xff, 0xfd, 0x0, 0x0, 0x3,
    0xff, 0xf8, 0x0, 0x0, 0x0, 0xbf, 0xff, 0x0,
    0x0, 0x0, 0x7f, 0xff, 0x0, 0x0, 0x0, 0x3f,
    0xff, 0xd5, 0x55, 0x55, 0x6f, 0xff, 0xd0, 0x0,
    0x0, 0xf, 0xff, 0xff, 0xff, 0xff, 0xff, 0xff,
    0xf8, 0x0, 0x0, 0xb, 0xff, 0xff, 0xff, 0xff,
    0xff, 0xff, 0xff, 0x0, 0x0, 0x3, 0xff, 0xff,
    0xff, 0xff, 0xff, 0xff, 0xff, 0xd0, 0x0, 0x1,
    0xff, 0xff, 0xff, 0xff, 0xff, 0xff, 0xff, 0xfc,
    0x0, 0x0, 0xbf, 0xff, 0xff, 0xff, 0xff, 0xff,
    0xff, 0xff, 0x0, 0x0, 0x3f, 0xff, 0xff, 0xff,
    0xff, 0xff, 0xff, 0xff, 0xd0, 0x0, 0x1f, 0xff,
    0xd0, 0x0, 0x0, 0x0, 0x3, 0xff, 0xfc, 0x0,
    0xb, 0xff, 0xf0, 0x0, 0x0, 0x0, 0x0, 0xbf,
    0xff, 0x0, 0x3, 0xff, 0xf8, 0x0, 0x0, 0x0,
    0x0, 0x1f, 0xff, 0xe0, 0x1, 0xff, 0xfd, 0x0,
    0x0, 0x0, 0x0, 0x3, 0xff, 0xfc, 0x0, 0xbf,
    0xff, 0x0, 0x0, 0x0, 0x0, 0x0, 0xbf, 0xff,
    0x0, 0x3f, 0xff, 0xc0, 0x0, 0x0, 0x0, 0x0,
    0x1f, 0xff, 0xe0, 0x1f, 0xff, 0xd0, 0x0, 0x0,
    0x0, 0x0, 0x3, 0xff, 0xfc, 0xf, 0xff, 0xf0,
    0x0, 0x0, 0x0, 0x0, 0x0, 0xbf, 0xff, 0x43,
    0xff, 0xfc, 0x0, 0x0, 0x0, 0x0, 0x0, 0x1f,
    0xff, 0xe1, 0xff, 0xfd, 0x0, 0x0, 0x0, 0x0,
    0x0, 0x3, 0xff, 0xfc,

    /* U+0042 "B" */
    0xbf, 0xff, 0xff, 0xff, 0xff, 0xf9, 0x0, 0x0,
    0xb, 0xff, 0xff, 0xff, 0xff, 0xff, 0xfe, 0x0,
    0x0, 0xbf, 0xff, 0xff, 0xff, 0xff, 0xff, 0xfe,
    0x0, 0xb, 0xff, 0xff, 0xff, 0xff, 0xff, 0xff,
    0xfc, 0x0, 0xbf, 0xff, 0xff, 0xff, 0xff, 0xff,
    0xff, 0xe0, 0xb, 0xff, 0xff, 0xff, 0xff, 0xff,
    0xff, 0xff, 0x80, 0xbf, 0xff, 0xaa, 0xaa, 0xaf,
    0xff, 0xff, 0xfc, 0xb, 0xff, 0xf0, 0x0, 0x0,
    0x1, 0xff, 0xff, 0xe0, 0xbf, 0xff, 0x0, 0x0,
    0x0, 0x3, 0xff, 0xff, 0xb, 0xff, 0xf0, 0x0,
    0x0, 0x0, 0xf, 0xff, 0xf0, 0xbf, 0xff, 0x0,
    0x0, 0x0, 0x0, 0xbf, 0xff, 0x4b, 0xff, 0xf0,
    0x0, 0x0, 0x0, 0x7, 0xff, 0xf4, 0xbf, 0xff,
    0x0, 0x0, 0x0, 0x0, 0x3f, 0xff, 0x8b, 0xff,
    0xf0, 0x0, 0x0, 0x0, 0x3, 0xff, 0xf8, 0xbf,
    0xff, 0x0, 0x0, 0x0, 0x0, 0x3f, 0xff, 0x8b,
    0xff, 0xf0, 0x0, 0x0, 0x0, 0x7, 0xff, 0xf4,
    0xbf, 0xff, 0x0, 0x0, 0x0, 0x0, 0xbf, 0xff,
    0xb, 0xff, 0xf0, 0x0, 0x0, 0x0, 0xf, 0xff,
    0xf0, 0xbf, 0xff, 0x0, 0x0, 0x0, 0x3, 0xff,
    0xfd, 0xb, 0xff, 0xf0, 0x0, 0x0, 0x1, 0xff,
    0xff, 0xc0, 0xbf, 0xff, 0xaa, 0xaa, 0xaf, 0xff,
    0xff, 0xf0, 0xb, 0xff, 0xff, 0xff, 0xff, 0xff,
    0xff, 0xfc, 0x0, 0xbf, 0xff, 0xff, 0xff, 0xff,
    0xff, 0xfe, 0x0, 0xb, 0xff, 0xff, 0xff, 0xff,
    0xff, 0xff, 0x80, 0x0, 0xbf, 0xff, 0xff, 0xff,
    0xff, 0xff, 0xff, 0x40, 0xb, 0xff, 0xff, 0xff,
    0xff, 0xff, 0xff, 0xfe, 0x0, 0xbf, 0xff, 0xff,
    0xff, 0xff, 0xff, 0xff, 0xf8, 0xb, 0xff, 0xf0,
    0x0, 0x0, 0x1, 0xff, 0xff, 0xd0, 0xbf, 0xff,
    0x0, 0x0, 0x0, 0x2, 0xff, 0xff, 0xb, 0xff,
    0xf0, 0x0, 0x0, 0x0, 0xb, 0xff, 0xf4, 0xbf,
    0xff, 0x0, 0x0, 0x0, 0x0, 0x3f, 0xff, 0x8b,
    0xff, 0xf0, 0x0, 0x0, 0x0, 0x2, 0xff, 0xfc,
    0xbf, 0xff, 0x0, 0x0, 0x0, 0x0, 0x1f, 0xff,
    0xcb, 0xff, 0xf0, 0x0, 0x0, 0x0, 0x1, 0xff,
    0xfc, 0xbf, 0xff, 0x0, 0x0, 0x0, 0x0, 0x1f,
    0xff, 0xcb, 0xff, 0xf0, 0x0, 0x0, 0x0, 0x1,
    0xff, 0xfc, 0xbf, 0xff, 0x0, 0x0, 0x0, 0x0,
    0x2f, 0xff, 0xcb, 0xff, 0xf0, 0x0, 0x0, 0x0,
    0x3, 0xff, 0xfc, 0xbf, 0xff, 0x0, 0x0, 0x0,
    0x0, 0xbf, 0xff, 0x8b, 0xff, 0xf0, 0x0, 0x0,
    0x0, 0x1f, 0xff, 0xf4, 0xbf, 0xff, 0x0, 0x0,
    0x0, 0x1b, 0xff, 0xff, 0xb, 0xff, 0xfe, 0xaa,
    0xaa, 0xff, 0xff, 0xff, 0xe0, 0xbf, 0xff, 0xff,
    0xff, 0xff, 0xff, 0xff, 0xfc, 0xb, 0xff, 0xff,
    0xff, 0xff, 0xff, 0xff, 0xff, 0x0, 0xbf, 0xff,
    0xff, 0xff, 0xff, 0xff, 0xff, 0xd0, 0xb, 0xff,
    0xff, 0xff, 0xff, 0xff, 0xff, 0xf0, 0x0, 0xbf,
    0xff, 0xff, 0xff, 0xff, 0xff, 0xf4, 0x0, 0xb,
    0xff, 0xff, 0xff, 0xff, 0xff, 0x90, 0x0, 0x0,

    /* U+0043 "C" */
    0x0, 0x0, 0x0, 0x5b, 0xff, 0xa4, 0x0, 0x0,
    0x0, 0x0, 0x0, 0x6f, 0xff, 0xff, 0xff, 0x40,
    0x0, 0x0, 0x0, 0xf, 0xff, 0xff, 0xff, 0xff,
    0xd0, 0x0, 0x0, 0x1, 0xff, 0xff, 0xff, 0xff,
    0xff, 0xe0, 0x0, 0x0, 0x2f, 0xff, 0xff, 0xff,
    0xff, 0xff, 0xf0, 0x0, 0x1, 0xff, 0xff, 0xff,
    0xff, 0xff, 0xff, 0xf0, 0x0, 0xf, 0xff, 0xff,
    0xff, 0xff, 0xff, 0xff, 0xe0, 0x0, 0xff, 0xff,
    0xfd, 0x0, 0x1b, 0xff, 0xff, 0xd0, 0x7, 0xff,
    0xff, 0x40, 0x0, 0x2, 0xff, 0xff, 0xc0, 0x2f,
    0xff, 0xf0, 0x0, 0x0, 0x2, 0xff, 0xff, 0x0,
    0xff, 0xff, 0x0, 0x0, 0x0, 0x2, 0xff, 0xfe,
    0x7, 0xff, 0xf8, 0x0, 0x0, 0x0, 0x3, 0xff,
    0xfc, 0x2f, 0xff, 0xd0, 0x0, 0x0, 0x0, 0xb,
    0xff, 0xf0, 0xff, 0xff, 0x0, 0x0, 0x0, 0x0,
    0x1f, 0xff, 0xc3, 0xff, 0xfc, 0x0, 0x0, 0x0,
    0x0, 0x7f, 0xff, 0xf, 0xff, 0xe0, 0x0, 0x0,
    0x0, 0x0, 0x55, 0x54, 0x3f, 0xff, 0x40, 0x0,
    0x0, 0x0, 0x0, 0x0, 0x0, 0xff, 0xfd, 0x0,
    0x0, 0x0, 0x0, 0x0, 0x0, 0x3, 0xff, 0xf4,
    0x0, 0x0, 0x0, 0x0, 0x0, 0x0, 0xf, 0xff,
    0xd0, 0x0, 0x0, 0x0, 0x0, 0x0, 0x0, 0x3f,
    0xff, 0x40, 0x0, 0x0, 0x0, 0x0, 0x0, 0x0,
    0xff, 0xfd, 0x0, 0x0, 0x0, 0x0, 0x0, 0x0,
    0x3, 0xff, 0xf4, 0x0, 0x0, 0x0, 0x0, 0x0,
    0x0, 0xf, 0xff, 0xd0, 0x0, 0x0, 0x0, 0x0,
    0x0, 0x0, 0x3f, 0xff, 0x40, 0x0, 0x0, 0x0,
    0x0, 0x0, 0x0, 0xff, 0xfd, 0x0, 0x0, 0x0,
    0x0, 0x0, 0x0, 0x3, 0xff, 0xf4, 0x0, 0x0,
    0x0, 0x0, 0x0, 0x0, 0xf, 0xff, 0xd0, 0x0,
    0x0, 0x0, 0x0, 0x0, 0x0, 0x3f, 0xff, 0x40,
    0x0, 0x0, 0x0, 0x0, 0x0, 0x0, 0xff, 0xfd,
    0x0, 0x0, 0x0, 0x0, 0x0, 0x0, 0x3, 0xff,
    0xf4, 0x0, 0x0, 0x0, 0x0, 0x0, 0x0, 0xf,
    0xff, 0xd0, 0x0, 0x0, 0x0, 0x0, 0x0, 0x0,
    0x3f, 0xff, 0x40, 0x0, 0x0, 0x0, 0x0, 0x0,
    0x0, 0xff, 0xfe, 0x0, 0x0, 0x0, 0x0, 0x0,
    0x0, 0x3, 0xff, 0xf8, 0x0, 0x0, 0x0, 0x0,
    0x7f, 0xff, 0xf, 0xff, 0xf0, 0x0, 0x0, 0x0,
    0x1, 0xff, 0xfc, 0x2f, 0xff, 0xd0, 0x0, 0x0,
    0x0, 0xb, 0xff, 0xf0, 0x7f, 0xff, 0x80, 0x0,
    0x0, 0x0, 0x3f, 0xff, 0xc0, 0xff, 0xff, 0x0,
    0x0, 0x0, 0x2, 0xff, 0xfe, 0x3, 0xff, 0xff,
    0x0, 0x0, 0x0, 0x1f, 0xff, 0xf4, 0x7, 0xff,
    0xff, 0x0, 0x0, 0x2, 0xff, 0xff, 0xc0, 0xf,
    0xff, 0xff, 0x90, 0x0, 0x7f, 0xff, 0xfe, 0x0,
    0x1f, 0xff, 0xff, 0xff, 0xff, 0xff, 0xff, 0xf0,
    0x0, 0x2f, 0xff, 0xff, 0xff, 0xff, 0xff, 0xff,
    0x0, 0x0, 0x3f, 0xff, 0xff, 0xff, 0xff, 0xff,
    0xf4, 0x0, 0x0, 0x2f, 0xff, 0xff, 0xff, 0xff,
    0xff, 0x40, 0x0, 0x0, 0x1f, 0xff, 0xff, 0xff,
    0xff, 0xe0, 0x0, 0x0, 0x0, 0x7, 0xff, 0xff,
    0xff, 0xf8, 0x0, 0x0, 0x0, 0x0, 0x0, 0x6f,
    0xff, 0xe9, 0x0, 0x0, 0x0,

    /* U+0044 "D" */
    0xbf, 0xff, 0xff, 0xff, 0xff, 0xa4, 0x0, 0x0,
    0xb, 0xff, 0xff, 0xff, 0xff, 0xff, 0xf8, 0x0,
    0x0, 0xbf, 0xff, 0xff, 0xff, 0xff, 0xff, 0xf8,
    0x0, 0xb, 0xff, 0xff, 0xff, 0xff, 0xff, 0xff,
    0xf0, 0x0, 0xbf, 0xff, 0xff, 0xff, 0xff, 0xff,
    0xff, 0xc0, 0xb, 0xff, 0xff, 0xff, 0xff, 0xff,
    0xff, 0xff, 0x0, 0xbf, 0xff, 0xff, 0xff, 0xff,
    0xff, 0xff, 0xf8, 0xb, 0xff, 0xf0, 0x0, 0x0,
    0x7, 0xff, 0xff, 0xc0, 0xbf, 0xff, 0x0, 0x0,
    0x0, 0xb, 0xff, 0xfe, 0xb, 0xff, 0xf0, 0x0,
    0x0, 0x0, 0x2f, 0xff, 0xf0, 0xbf, 0xff, 0x0,
    0x0, 0x0, 0x0, 0xff, 0xff, 0x4b, 0xff, 0xf0,
    0x0, 0x0, 0x0, 0x7, 0xff, 0xf8, 0xbf, 0xff,
    0x0, 0x0, 0x0, 0x0, 0x3f, 0xff, 0xcb, 0xff,
    0xf0, 0x0, 0x0, 0x0, 0x2, 0xff, 0xfc, 0xbf,
    0xff, 0x0, 0x0, 0x0, 0x0, 0x2f, 0xff, 0xdb,
    0xff, 0xf0, 0x0, 0x0, 0x0, 0x1, 0xff, 0xfd,
    0xbf, 0xff, 0x0, 0x0, 0x0, 0x0, 0xf, 0xff,
    0xdb, 0xff, 0xf0, 0x0, 0x0, 0x0, 0x0, 0xff,
    0xfd, 0xbf, 0xff, 0x0, 0x0, 0x0, 0x0, 0xf,
    0xff, 0xeb, 0xff, 0xf0, 0x0, 0x0, 0x0, 0x0,
    0xff, 0xfe, 0xbf, 0xff, 0x0, 0x0, 0x0, 0x0,
    0xf, 0xff, 0xeb, 0xff, 0xf0, 0x0, 0x0, 0x0,
    0x0, 0xff, 0xfe, 0xbf, 0xff, 0x0, 0x0, 0x0,
    0x0, 0xf, 0xff, 0xeb, 0xff, 0xf0, 0x0, 0x0,
    0x0, 0x0, 0xff, 0xfe, 0xbf, 0xff, 0x0, 0x0,
    0x0, 0x0, 0xf, 0xff, 0xeb, 0xff, 0xf0, 0x0,
    0x0, 0x0, 0x0, 0xff, 0xfe, 0xbf, 0xff, 0x0,
    0x0, 0x0, 0x0, 0xf, 0xff, 0xeb, 0xff, 0xf0,
    0x0, 0x0, 0x0, 0x0, 0xff, 0xfe, 0xbf, 0xff,
    0x0, 0x0, 0x0, 0x0, 0xf, 0xff, 0xeb, 0xff,
    0xf0, 0x0, 0x0, 0x0, 0x0, 0xff, 0xfe, 0xbf,
    0xff, 0x0, 0x0, 0x0, 0x0, 0xf, 0xff, 0xdb,
    0xff, 0xf0, 0x0, 0x0, 0x0, 0x0, 0xff, 0xfd,
    0xbf, 0xff, 0x0, 0x0, 0x0, 0x0, 0x1f, 0xff,
    0xdb, 0xff, 0xf0, 0x0, 0x0, 0x0, 0x2, 0xff,
    0xfd, 0xbf, 0xff, 0x0, 0x0, 0x0, 0x0, 0x2f,
    0xff, 0xcb, 0xff, 0xf0, 0x0, 0x0, 0x0, 0x3,
    0xff, 0xfc, 0xbf, 0xff, 0x0, 0x0, 0x0, 0x0,
    0x7f, 0xff, 0x8b, 0xff, 0xf0, 0x0, 0x0, 0x0,
    0xf, 0xff, 0xf4, 0xbf, 0xff, 0x0, 0x0, 0x0,
    0x2, 0xff, 0xff, 0xb, 0xff, 0xf0, 0x0, 0x0,
    0x0, 0xbf, 0xff, 0xe0, 0xbf, 0xff, 0x0, 0x0,
    0x0, 0x7f, 0xff, 0xfc, 0xb, 0xff, 0xff, 0xff,
    0xff, 0xff, 0xff, 0xff, 0x80, 0xbf, 0xff, 0xff,
    0xff, 0xff, 0xff, 0xff, 0xf0, 0xb, 0xff, 0xff,
    0xff, 0xff, 0xff, 0xff, 0xfc, 0x0, 0xbf, 0xff,
    0xff, 0xff, 0xff, 0xff, 0xff, 0x0, 0xb, 0xff,
    0xff, 0xff, 0xff, 0xff, 0xff, 0x40, 0x0, 0xbf,
    0xff, 0xff, 0xff, 0xff, 0xff, 0x80, 0x0, 0xb,
    0xff, 0xff, 0xff, 0xff, 0xf9, 0x0, 0x0, 0x0,

    /* U+0045 "E" */
    0xbf, 0xff, 0xff, 0xff, 0xff, 0xff, 0xff, 0xfa,
    0xff, 0xff, 0xff, 0xff, 0xff, 0xff, 0xff, 0xeb,
    0xff, 0xff, 0xff, 0xff, 0xff, 0xff, 0xff, 0xaf,
    0xff, 0xff, 0xff, 0xff, 0xff, 0xff, 0xfe, 0xbf,
    0xff, 0xff, 0xff, 0xff, 0xff, 0xff, 0xfa, 0xff,
    0xff, 0xff, 0xff, 0xff, 0xff, 0xff, 0xeb, 0xff,
    0xff, 0xff, 0xff, 0xff, 0xff, 0xff, 0xaf, 0xff,
    0xc0, 0x0, 0x0, 0x0, 0x0, 0x0, 0xbf, 0xff,
    0x0, 0x0, 0x0, 0x0, 0x0, 0x2, 0xff, 0xfc,
    0x0, 0x0, 0x0, 0x0, 0x0, 0xb, 0xff, 0xf0,
    0x0, 0x0, 0x0, 0x0, 0x0, 0x2f, 0xff, 0xc0,
    0x0, 0x0, 0x0, 0x0, 0x0, 0xbf, 0xff, 0x0,
    0x0, 0x0, 0x0, 0x0, 0x2, 0xff, 0xfc, 0x0,
    0x0, 0x0, 0x0, 0x0, 0xb, 0xff, 0xf0, 0x0,
    0x0, 0x0, 0x0, 0x0, 0x2f, 0xff, 0xc0, 0x0,
    0x0, 0x0, 0x0, 0x0, 0xbf, 0xff, 0x0, 0x0,
    0x0, 0x0, 0x0, 0x2, 0xff, 0xfc, 0x0, 0x0,
    0x0, 0x0, 0x0, 0xb, 0xff, 0xf0, 0x0, 0x0,
    0x0, 0x0, 0x0, 0x2f, 0xff, 0xc0, 0x0, 0x0,
    0x0, 0x0, 0x0, 0xbf, 0xff, 0xff, 0xff, 0xff,
    0xff, 0xfd, 0x2, 0xff, 0xff, 0xff, 0xff, 0xff,
    0xff, 0xf8, 0xb, 0xff, 0xff, 0xff, 0xff, 0xff,
    0xff, 0xe0, 0x2f, 0xff, 0xff, 0xff, 0xff, 0xff,
    0xff, 0x80, 0xbf, 0xff, 0xff, 0xff, 0xff, 0xff,
    0xfe, 0x2, 0xff, 0xff, 0xff, 0xff, 0xff, 0xff,
    0xf8, 0xb, 0xff, 0xff, 0xff, 0xff, 0xff, 0xff,
    0xe0, 0x2f, 0xff, 0xc0, 0x0, 0x0, 0x0, 0x0,
    0x0, 0xbf, 0xff, 0x0, 0x0, 0x0, 0x0, 0x0,
    0x2, 0xff, 0xfc, 0x0, 0x0, 0x0, 0x0, 0x0,
    0xb, 0xff, 0xf0, 0x0, 0x0, 0x0, 0x0, 0x0,
    0x2f, 0xff, 0xc0, 0x0, 0x0, 0x0, 0x0, 0x0,
    0xbf, 0xff, 0x0, 0x0, 0x0, 0x0, 0x0, 0x2,
    0xff, 0xfc, 0x0, 0x0, 0x0, 0x0, 0x0, 0xb,
    0xff, 0xf0, 0x0, 0x0, 0x0, 0x0, 0x0, 0x2f,
    0xff, 0xc0, 0x0, 0x0, 0x0, 0x0, 0x0, 0xbf,
    0xff, 0x0, 0x0, 0x0, 0x0, 0x0, 0x2, 0xff,
    0xfc, 0x0, 0x0, 0x0, 0x0, 0x0, 0xb, 0xff,
    0xf0, 0x0, 0x0, 0x0, 0x0, 0x0, 0x2f, 0xff,
    0xc0, 0x0, 0x0, 0x0, 0x0, 0x0, 0xbf, 0xff,
    0x0, 0x0, 0x0, 0x0, 0x0, 0x2, 0xff, 0xff,
    0xff, 0xff, 0xff, 0xff, 0xff, 0xeb, 0xff, 0xff,
    0xff, 0xff, 0xff, 0xff, 0xff, 0xaf, 0xff, 0xff,
    0xff, 0xff, 0xff, 0xff, 0xfe, 0xbf, 0xff, 0xff,
    0xff, 0xff, 0xff, 0xff, 0xfa, 0xff, 0xff, 0xff,
    0xff, 0xff, 0xff, 0xff, 0xeb, 0xff, 0xff, 0xff,
    0xff, 0xff, 0xff, 0xff, 0xaf, 0xff, 0xff, 0xff,
    0xff, 0xff, 0xff, 0xfe,

    /* U+0046 "F" */
    0xbf, 0xff, 0xff, 0xff, 0xff, 0xff, 0xff, 0xfa,
    0xff, 0xff, 0xff, 0xff, 0xff, 0xff, 0xff, 0xeb,
    0xff, 0xff, 0xff, 0xff, 0xff, 0xff, 0xff, 0xaf,
    0xff, 0xff, 0xff, 0xff, 0xff, 0xff, 0xfe, 0xbf,
    0xff, 0xff, 0xff, 0xff, 0xff, 0xff, 0xfa, 0xff,
    0xff, 0xff, 0xff, 0xff, 0xff, 0xff, 0xeb, 0xff,
    0xff, 0xff, 0xff, 0xff, 0xff, 0xff, 0xaf, 0xff,
    0xc0, 0x0, 0x0, 0x0, 0x0, 0x0, 0xbf, 0xff,
    0x0, 0x0, 0x0, 0x0, 0x0, 0x2, 0xff, 0xfc,
    0x0, 0x0, 0x0, 0x0, 0x0, 0xb, 0xff, 0xf0,
    0x0, 0x0, 0x0, 0x0, 0x0, 0x2f, 0xff, 0xc0,
    0x0, 0x0, 0x0, 0x0, 0x0, 0xbf, 0xff, 0x0,
    0x0, 0x0, 0x0, 0x0, 0x2, 0xff, 0xfc, 0x0,
    0x0, 0x0, 0x0, 0x0, 0xb, 0xff, 0xf0, 0x0,
    0x0, 0x0, 0x0, 0x0, 0x2f, 0xff, 0xc0, 0x0,
    0x0, 0x0, 0x0, 0x0, 0xbf, 0xff, 0x0, 0x0,
    0x0, 0x0, 0x0, 0x2, 0xff, 0xfc, 0x0, 0x0,
    0x0, 0x0, 0x0, 0xb, 0xff, 0xf0, 0x0, 0x0,
    0x0, 0x0, 0x0, 0x2f, 0xff, 0xc0, 0x0, 0x0,
    0x0, 0x0, 0x0, 0xbf, 0xff, 0x0, 0x0, 0x0,
    0x0, 0x0, 0x2, 0xff, 0xff, 0xff, 0xff, 0xff,
    0xff, 0xf8, 0xb, 0xff, 0xff, 0xff, 0xff, 0xff,
    0xff, 0xe0, 0x2f, 0xff, 0xff, 0xff, 0xff, 0xff,
    0xff, 0x80, 0xbf, 0xff, 0xff, 0xff, 0xff, 0xff,
    0xfe, 0x2, 0xff, 0xff, 0xff, 0xff, 0xff, 0xff,
    0xf8, 0xb, 0xff, 0xff, 0xff, 0xff, 0xff, 0xff,
    0xe0, 0x2f, 0xff, 0xea, 0xaa, 0xaa, 0xaa, 0xaa,
    0x40, 0xbf, 0xff, 0x0, 0x0, 0x0, 0x0, 0x0,
    0x2, 0xff, 0xfc, 0x0, 0x0, 0x0, 0x0, 0x0,
    0xb, 0xff, 0xf0, 0x0, 0x0, 0x0, 0x0, 0x0,
    0x2f, 0xff, 0xc0, 0x0, 0x0, 0x0, 0x0, 0x0,
    0xbf, 0xff, 0x0, 0x0, 0x0, 0x0, 0x0, 0x2,
    0xff, 0xfc, 0x0, 0x0, 0x0, 0x0, 0x0, 0xb,
    0xff, 0xf0, 0x0, 0x0, 0x0, 0x0, 0x0, 0x2f,
    0xff, 0xc0, 0x0, 0x0, 0x0, 0x0, 0x0, 0xbf,
    0xff, 0x0, 0x0, 0x0, 0x0, 0x0, 0x2, 0xff,
    0xfc, 0x0, 0x0, 0x0, 0x0, 0x0, 0xb, 0xff,
    0xf0, 0x0, 0x0, 0x0, 0x0, 0x0, 0x2f, 0xff,
    0xc0, 0x0, 0x0, 0x0, 0x0, 0x0, 0xbf, 0xff,
    0x0, 0x0, 0x0, 0x0, 0x0, 0x2, 0xff, 0xfc,
    0x0, 0x0, 0x0, 0x0, 0x0, 0xb, 0xff, 0xf0,
    0x0, 0x0, 0x0, 0x0, 0x0, 0x2f, 0xff, 0xc0,
    0x0, 0x0, 0x0, 0x0, 0x0, 0xbf, 0xff, 0x0,
    0x0, 0x0, 0x0, 0x0, 0x2, 0xff, 0xfc, 0x0,
    0x0, 0x0, 0x0, 0x0, 0xb, 0xff, 0xf0, 0x0,
    0x0, 0x0, 0x0, 0x0, 0x2f, 0xff, 0xc0, 0x0,
    0x0, 0x0, 0x0, 0x0,

    /* U+0047 "G" */
    0x0, 0x0, 0x0, 0x6b, 0xff, 0xa4, 0x0, 0x0,
    0x0, 0x0, 0x0, 0x6f, 0xff, 0xff, 0xff, 0x40,
    0x0, 0x0, 0x0, 0xf, 0xff, 0xff, 0xff, 0xff,
    0xd0, 0x0, 0x0, 0x1, 0xff, 0xff, 0xff, 0xff,
    0xff, 0xe0, 0x0, 0x0, 0x2f, 0xff, 0xff, 0xff,
    0xff, 0xff, 0xf0, 0x0, 0x1, 0xff, 0xff, 0xff,
    0xff, 0xff, 0xff, 0xf0, 0x0, 0xf, 0xff, 0xff,
    0xff, 0xff, 0xff, 0xff, 0xe0, 0x0, 0xff, 0xff,
    0xfd, 0x0, 0x1b, 0xff, 0xff, 0xc0, 0x7, 0xff,
    0xff, 0x40, 0x0, 0x2, 0xff, 0xff, 0x80, 0x2f,
    0xff, 0xf0, 0x0, 0x0, 0x2, 0xff, 0xff, 0x0,
    0xff, 0xff, 0x40, 0x0, 0x0, 0x2, 0xff, 0xfd,
    0x7, 0xff, 0xf8, 0x0, 0x0, 0x0, 0x3, 0xff,
    0xf8, 0x2f, 0xff, 0xd0, 0x0, 0x0, 0x0, 0xf,
    0xff, 0xf0, 0xff, 0xff, 0x0, 0x0, 0x0, 0x0,
    0x2f, 0xff, 0xc3, 0xff, 0xfc, 0x0, 0x0, 0x0,
    0x0, 0x7f, 0xff, 0xf, 0xff, 0xe0, 0x0, 0x0,
    0x0, 0x0, 0x55, 0x54, 0x3f, 0xff, 0x40, 0x0,
    0x0, 0x0, 0x0, 0x0, 0x0, 0xff, 0xfd, 0x0,
    0x0, 0x0, 0x0, 0x0, 0x0, 0x3, 0xff, 0xf4,
    0x0, 0x0, 0x0, 0x0, 0x0, 0x0, 0xf, 0xff,
    0xd0, 0x0, 0x0, 0x0, 0x0, 0x0, 0x0, 0x3f,
    0xff, 0x40, 0x0, 0x0, 0x0, 0x0, 0x0, 0x0,
    0xff, 0xfd, 0x0, 0x0, 0x0, 0x0, 0x0, 0x0,
    0x3, 0xff, 0xf4, 0x0, 0x0, 0x0, 0x0, 0x0,
    0x0, 0xf, 0xff, 0xd0, 0x0, 0x7, 0xff, 0xff,
    0xff, 0xfd, 0x3f, 0xff, 0x40, 0x0, 0x1f, 0xff,
    0xff, 0xff, 0xf4, 0xff, 0xfd, 0x0, 0x0, 0x7f,
    0xff, 0xff, 0xff, 0xd3, 0xff, 0xf4, 0x0, 0x1,
    0xff, 0xff, 0xff, 0xff, 0x4f, 0xff, 0xd0, 0x0,
    0x7, 0xff, 0xff, 0xff, 0xfd, 0x3f, 0xff, 0x40,
    0x0, 0x1f, 0xff, 0xff, 0xff, 0xf4, 0xff, 0xfd,
    0x0, 0x0, 0x15, 0x55, 0x6f, 0xff, 0xd3, 0xff,
    0xf4, 0x0, 0x0, 0x0, 0x0, 0x3f, 0xff, 0xf,
    0xff, 0xd0, 0x0, 0x0, 0x0, 0x0, 0xff, 0xfc,
    0x3f, 0xff, 0x40, 0x0, 0x0, 0x0, 0x3, 0xff,
    0xf0, 0xff, 0xfe, 0x0, 0x0, 0x0, 0x0, 0x1f,
    0xff, 0xc3, 0xff, 0xf8, 0x0, 0x0, 0x0, 0x0,
    0x7f, 0xff, 0xf, 0xff, 0xf0, 0x0, 0x0, 0x0,
    0x2, 0xff, 0xfc, 0x2f, 0xff, 0xd0, 0x0, 0x0,
    0x0, 0xf, 0xff, 0xe0, 0x7f, 0xff, 0x80, 0x0,
    0x0, 0x0, 0x3f, 0xff, 0x80, 0xff, 0xff, 0x0,
    0x0, 0x0, 0x2, 0xff, 0xfd, 0x3, 0xff, 0xff,
    0x0, 0x0, 0x0, 0x1f, 0xff, 0xf0, 0x7, 0xff,
    0xff, 0x40, 0x0, 0x1, 0xff, 0xff, 0x80, 0xf,
    0xff, 0xff, 0x90, 0x0, 0x7f, 0xff, 0xfc, 0x0,
    0x1f, 0xff, 0xff, 0xff, 0xff, 0xff, 0xff, 0xe0,
    0x0, 0x2f, 0xff, 0xff, 0xff, 0xff, 0xff, 0xff,
    0x0, 0x0, 0x3f, 0xff, 0xff, 0xff, 0xff, 0xff,
    0xf0, 0x0, 0x0, 0x2f, 0xff, 0xff, 0xff, 0xff,
    0xff, 0x0, 0x0, 0x0, 0x1f, 0xff, 0xff, 0xff,
    0xff, 0xe0, 0x0, 0x0, 0x0, 0x7, 0xff, 0xff,
    0xff, 0xf8, 0x0, 0x0, 0x0, 0x0, 0x0, 0x6f,
    0xff, 0xe9, 0x0, 0x0, 0x0,

    /* U+0048 "H" */
    0xbf, 0xff, 0x0, 0x0, 0x0, 0x0, 0x1f, 0xff,
    0xdb, 0xff, 0xf0, 0x0, 0x0, 0x0, 0x1, 0xff,
    0xfd, 0xbf, 0xff, 0x0, 0x0, 0x0, 0x0, 0x1f,
    0xff, 0xdb, 0xff, 0xf0, 0x0, 0x0, 0x0, 0x1,
    0xff, 0xfd, 0xbf, 0xff, 0x0, 0x0, 0x0, 0x0,
    0x1f, 0xff, 0xdb, 0xff, 0xf0, 0x0, 0x0, 0x0,
    0x1, 0xff, 0xfd, 0xbf, 0xff, 0x0, 0x0, 0x0,
    0x0, 0x1f, 0xff, 0xdb, 0xff, 0xf0, 0x0, 0x0,
    0x0, 0x1, 0xff, 0xfd, 0xbf, 0xff, 0x0, 0x0,
    0x0, 0x0, 0x1f, 0xff, 0xdb, 0xff, 0xf0, 0x0,
    0x0, 0x0, 0x1, 0xff, 0xfd, 0xbf, 0xff, 0x0,
    0x0, 0x0, 0x0, 0x1f, 0xff, 0xdb, 0xff, 0xf0,
    0x0, 0x0, 0x0, 0x1, 0xff, 0xfd, 0xbf, 0xff,
    0x0, 0x0, 0x0, 0x0, 0x1f, 0xff, 0xdb, 0xff,
    0xf0, 0x0, 0x0, 0x0, 0x1, 0xff, 0xfd, 0xbf,
    0xff, 0x0, 0x0, 0x0, 0x0, 0x1f, 0xff, 0xdb,
    0xff, 0xf0, 0x0, 0x0, 0x0, 0x1, 0xff, 0xfd,
    0xbf, 0xff, 0x0, 0x0, 0x0, 0x0, 0x1f, 0xff,
    0xdb, 0xff, 0xf0, 0x0, 0x0, 0x0, 0x1, 0xff,
    0xfd, 0xbf, 0xff, 0x0, 0x0, 0x0, 0x0, 0x1f,
    0xff, 0xdb, 0xff, 0xf0, 0x0, 0x0, 0x0, 0x1,
    0xff, 0xfd, 0xbf, 0xff, 0xaa, 0xaa, 0xaa, 0xaa,
    0xbf, 0xff, 0xdb, 0xff, 0xff, 0xff, 0xff, 0xff,
    0xff, 0xff, 0xfd, 0xbf, 0xff, 0xff, 0xff, 0xff,
    0xff, 0xff, 0xff, 0xdb, 0xff, 0xff, 0xff, 0xff,
    0xff, 0xff, 0xff, 0xfd, 0xbf, 0xff, 0xff, 0xff,
    0xff, 0xff, 0xff, 0xff, 0xdb, 0xff, 0xff, 0xff,
    0xff, 0xff, 0xff, 0xff, 0xfd, 0xbf, 0xff, 0xff,
    0xff, 0xff, 0xff, 0xff, 0xff, 0xdb, 0xff, 0xf0,
    0x0, 0x0, 0x0, 0x1, 0xff, 0xfd, 0xbf, 0xff,
    0x0, 0x0, 0x0, 0x0, 0x1f, 0xff, 0xdb, 0xff,
    0xf0, 0x0, 0x0, 0x0, 0x1, 0xff, 0xfd, 0xbf,
    0xff, 0x0, 0x0, 0x0, 0x0, 0x1f, 0xff, 0xdb,
    0xff, 0xf0, 0x0, 0x0, 0x0, 0x1, 0xff, 0xfd,
    0xbf, 0xff, 0x0, 0x0, 0x0, 0x0, 0x1f, 0xff,
    0xdb, 0xff, 0xf0, 0x0, 0x0, 0x0, 0x1, 0xff,
    0xfd, 0xbf, 0xff, 0x0, 0x0, 0x0, 0x0, 0x1f,
    0xff, 0xdb, 0xff, 0xf0, 0x0, 0x0, 0x0, 0x1,
    0xff, 0xfd, 0xbf, 0xff, 0x0, 0x0, 0x0, 0x0,
    0x1f, 0xff, 0xdb, 0xff, 0xf0, 0x0, 0x0, 0x0,
    0x1, 0xff, 0xfd, 0xbf, 0xff, 0x0, 0x0, 0x0,
    0x0, 0x1f, 0xff, 0xdb, 0xff, 0xf0, 0x0, 0x0,
    0x0, 0x1, 0xff, 0xfd, 0xbf, 0xff, 0x0, 0x0,
    0x0, 0x0, 0x1f, 0xff, 0xdb, 0xff, 0xf0, 0x0,
    0x0, 0x0, 0x1, 0xff, 0xfd, 0xbf, 0xff, 0x0,
    0x0, 0x0, 0x0, 0x1f, 0xff, 0xdb, 0xff, 0xf0,
    0x0, 0x0, 0x0, 0x1, 0xff, 0xfd, 0xbf, 0xff,
    0x0, 0x0, 0x0, 0x0, 0x1f, 0xff, 0xdb, 0xff,
    0xf0, 0x0, 0x0, 0x0, 0x1, 0xff, 0xfd, 0xbf,
    0xff, 0x0, 0x0, 0x0, 0x0, 0x1f, 0xff, 0xdb,
    0xff, 0xf0, 0x0, 0x0, 0x0, 0x1, 0xff, 0xfd,

    /* U+0049 "I" */
    0x7f, 0xff, 0x1f, 0xff, 0xc7, 0xff, 0xf1, 0xff,
    0xfc, 0x7f, 0xff, 0x1f, 0xff, 0xc7, 0xff, 0xf1,
    0xff, 0xfc, 0x7f, 0xff, 0x1f, 0xff, 0xc7, 0xff,
    0xf1, 0xff, 0xfc, 0x7f, 0xff, 0x1f, 0xff, 0xc7,
    0xff, 0xf1, 0xff, 0xfc, 0x7f, 0xff, 0x1f, 0xff,
    0xc7, 0xff, 0xf1, 0xff, 0xfc, 0x7f, 0xff, 0x1f,
    0xff, 0xc7, 0xff, 0xf1, 0xff, 0xfc, 0x7f, 0xff,
    0x1f, 0xff, 0xc7, 0xff, 0xf1, 0xff, 0xfc, 0x7f,
    0xff, 0x1f, 0xff, 0xc7, 0xff, 0xf1, 0xff, 0xfc,
    0x7f, 0xff, 0x1f, 0xff, 0xc7, 0xff, 0xf1, 0xff,
    0xfc, 0x7f, 0xff, 0x1f, 0xff, 0xc7, 0xff, 0xf1,
    0xff, 0xfc, 0x7f, 0xff, 0x1f, 0xff, 0xc7, 0xff,
    0xf1, 0xff, 0xfc, 0x7f, 0xff, 0x1f, 0xff, 0xc7,
    0xff, 0xf1, 0xff, 0xfc,

    /* U+004A "J" */
    0x0, 0x0, 0xbf, 0xff, 0x0, 0x0, 0x2f, 0xff,
    0xc0, 0x0, 0xb, 0xff, 0xf0, 0x0, 0x2, 0xff,
    0xfc, 0x0, 0x0, 0xbf, 0xff, 0x0, 0x0, 0x2f,
    0xff, 0xc0, 0x0, 0xb, 0xff, 0xf0, 0x0, 0x2,
    0xff, 0xfc, 0x0, 0x0, 0xbf, 0xff, 0x0, 0x0,
    0x2f, 0xff, 0xc0, 0x0, 0xb, 0xff, 0xf0, 0x0,
    0x2, 0xff, 0xfc, 0x0, 0x0, 0xbf, 0xff, 0x0,
    0x0, 0x2f, 0xff, 0xc0, 0x0, 0xb, 0xff, 0xf0,
    0x0, 0x2, 0xff, 0xfc, 0x0, 0x0, 0xbf, 0xff,
    0x0, 0x0, 0x2f, 0xff, 0xc0, 0x0, 0xb, 0xff,
    0xf0, 0x0, 0x2, 0xff, 0xfc, 0x0, 0x0, 0xbf,
    0xff, 0x0, 0x0, 0x2f, 0xff, 0xc0, 0x0, 0xb,
    0xff, 0xf0, 0x0, 0x2, 0xff, 0xfc, 0x0, 0x0,
    0xbf, 0xff, 0x0, 0x0, 0x2f, 0xff, 0xc0, 0x0,
    0xb, 0xff, 0xf0, 0x0, 0x2, 0xff, 0xfc, 0x0,
    0x0, 0xbf, 0xff, 0x0, 0x0, 0x2f, 0xff, 0xc0,
    0x0, 0xb, 0xff, 0xf0, 0x0, 0x2, 0xff, 0xfc,
    0x0, 0x0, 0xbf, 0xff, 0x0, 0x0, 0x2f, 0xff,
    0xc0, 0x0, 0xb, 0xff, 0xf0, 0x0, 0x2, 0xff,
    0xfc, 0x0, 0x0, 0xbf, 0xff, 0x0, 0x0, 0x2f,
    0xff, 0xc0, 0x0, 0xb, 0xff, 0xf0, 0x0, 0x3,
    0xff, 0xfc, 0x0, 0x3, 0xff, 0xff, 0xf, 0xff,
    0xff, 0xff, 0x83, 0xff, 0xff, 0xff, 0xd0, 0xff,
    0xff, 0xff, 0xf0, 0x3f, 0xff, 0xff, 0xf0, 0xf,
    0xff, 0xff, 0xf4, 0x3, 0xff, 0xff, 0xf0, 0x0,
    0xff, 0xff, 0x90, 0x0,

    /* U+004B "K" */
    0xbf, 0xff, 0x0, 0x0, 0x0, 0x0, 0xf, 0xff,
    0xfc, 0x2f, 0xff, 0xc0, 0x0, 0x0, 0x0, 0xf,
    0xff, 0xfc, 0xb, 0xff, 0xf0, 0x0, 0x0, 0x0,
    0xb, 0xff, 0xfd, 0x2, 0xff, 0xfc, 0x0, 0x0,
    0x0, 0x7, 0xff, 0xfe, 0x0, 0xbf, 0xff, 0x0,
    0x0, 0x0, 0x3, 0xff, 0xfe, 0x0, 0x2f, 0xff,
    0xc0, 0x0, 0x0, 0x3, 0xff, 0xff, 0x0, 0xb,
    0xff, 0xf0, 0x0, 0x0, 0x2, 0xff, 0xff, 0x0,
    0x2, 0xff, 0xfc, 0x0, 0x0, 0x1, 0xff, 0xff,
    0x40, 0x0, 0xbf, 0xff, 0x0, 0x0, 0x0, 0xff,
    0xff, 0x80, 0x0, 0x2f, 0xff, 0xc0, 0x0, 0x0,
    0xff, 0xff, 0xc0, 0x0, 0xb, 0xff, 0xf0, 0x0,
    0x0, 0xbf, 0xff, 0xc0, 0x0, 0x2, 0xff, 0xfc,
    0x0, 0x0, 0x7f, 0xff, 0xd0, 0x0, 0x0, 0xbf,
    0xff, 0x0, 0x0, 0x3f, 0xff, 0xd0, 0x0, 0x0,
    0x2f, 0xff, 0xc0, 0x0, 0x3f, 0xff, 0xe0, 0x0,
    0x0, 0xb, 0xff, 0xf0, 0x0, 0x2f, 0xff, 0xf0,
    0x0, 0x0, 0x2, 0xff, 0xfc, 0x0, 0x1f, 0xff,
    0xf0, 0x0, 0x0, 0x0, 0xbf, 0xff, 0x0, 0xf,
    0xff, 0xf4, 0x0, 0x0, 0x0, 0x2f, 0xff, 0xc0,
    0xf, 0xff, 0xf8, 0x0, 0x0, 0x0, 0xb, 0xff,
    0xf0, 0xb, 0xff, 0xf8, 0x0, 0x0, 0x0, 0x2,
    0xff, 0xfc, 0x7, 0xff, 0xfe, 0x0, 0x0, 0x0,
    0x0, 0xbf, 0xff, 0x3, 0xff, 0xff, 0xc0, 0x0,
    0x0, 0x0, 0x2f, 0xff, 0xc3, 0xff, 0xff, 0xf8,
    0x0, 0x0, 0x0, 0xb, 0xff, 0xf2, 0xff, 0xff,
    0xff, 0x40, 0x0, 0x0, 0x2, 0xff, 0xfd, 0xff,
    0xff, 0xff, 0xf0, 0x0, 0x0, 0x0, 0xbf, 0xff,
    0xff, 0xff, 0xff, 0xfd, 0x0, 0x0, 0x0, 0x2f,
    0xff, 0xff, 0xff, 0xbf, 0xff, 0xc0, 0x0, 0x0,
    0xb, 0xff, 0xff, 0xff, 0x4f, 0xff, 0xf8, 0x0,
    0x0, 0x2, 0xff, 0xff, 0xff, 0x81, 0xff, 0xff,
    0x0, 0x0, 0x0, 0xbf, 0xff, 0xff, 0xc0, 0x3f,
    0xff, 0xe0, 0x0, 0x0, 0x2f, 0xff, 0xff, 0xc0,
    0x7, 0xff, 0xfc, 0x0, 0x0, 0xb, 0xff, 0xff,
    0xd0, 0x0, 0xbf, 0xff, 0xc0, 0x0, 0x2, 0xff,
    0xff, 0xe0, 0x0, 0xf, 0xff, 0xf4, 0x0, 0x0,
    0xbf, 0xff, 0xe0, 0x0, 0x2, 0xff, 0xff, 0x0,
    0x0, 0x2f, 0xff, 0xf0, 0x0, 0x0, 0x3f, 0xff,
    0xd0, 0x0, 0xb, 0xff, 0xf0, 0x0, 0x0, 0xb,
    0xff, 0xfc, 0x0, 0x2, 0xff, 0xfc, 0x0, 0x0,
    0x0, 0xff, 0xff, 0x80, 0x0, 0xbf, 0xff, 0x0,
    0x0, 0x0, 0x1f, 0xff, 0xf0, 0x0, 0x2f, 0xff,
    0xc0, 0x0, 0x0, 0x3, 0xff, 0xff, 0x0, 0xb,
    0xff, 0xf0, 0x0, 0x0, 0x0, 0x7f, 0xff, 0xd0,
    0x2, 0xff, 0xfc, 0x0, 0x0, 0x0, 0xf, 0xff,
    0xfc, 0x0, 0xbf, 0xff, 0x0, 0x0, 0x0, 0x0,
    0xff, 0xff, 0x40, 0x2f, 0xff, 0xc0, 0x0, 0x0,
    0x0, 0x2f, 0xff, 0xf0, 0xb, 0xff, 0xf0, 0x0,
    0x0, 0x0, 0x3, 0xff, 0xfe, 0x2, 0xff, 0xfc,
    0x0, 0x0, 0x0, 0x0, 0xbf, 0xff, 0xc0, 0xbf,
    0xff, 0x0, 0x0, 0x0, 0x0, 0xf, 0xff, 0xf8,
    0x2f, 0xff, 0xc0, 0x0, 0x0, 0x0, 0x1, 0xff,
    0xff, 0x4b, 0xff, 0xf0, 0x0, 0x0, 0x0, 0x0,
    0x3f, 0xff, 0xf2, 0xff, 0xfc, 0x0, 0x0, 0x0,
    0x0, 0x7, 0xff, 0xfd,

    /* U+004C "L" */
    0xbf, 0xff, 0x0, 0x0, 0x0, 0x0, 0x0, 0xb,
    0xff, 0xf0, 0x0, 0x0, 0x0, 0x0, 0x0, 0xbf,
    0xff, 0x0, 0x0, 0x0, 0x0, 0x0, 0xb, 0xff,
    0xf0, 0x0, 0x0, 0x0, 0x0, 0x0, 0xbf, 0xff,
    0x0, 0x0, 0x0, 0x0, 0x0, 0xb, 0xff, 0xf0,
    0x0, 0x0, 0x0, 0x0, 0x0, 0xbf, 0xff, 0x0,
    0x0, 0x0, 0x0, 0x0, 0xb, 0xff, 0xf0, 0x0,
    0x0, 0x0, 0x0, 0x0, 0xbf, 0xff, 0x0, 0x0,
    0x0, 0x0, 0x0, 0xb, 0xff, 0xf0, 0x0, 0x0,
    0x0, 0x0, 0x0, 0xbf, 0xff, 0x0, 0x0, 0x0,
    0x0, 0x0, 0xb, 0xff, 0xf0, 0x0, 0x0, 0x0,
    0x0, 0x0, 0xbf, 0xff, 0x0, 0x0, 0x0, 0x0,
    0x0, 0xb, 0xff, 0xf0, 0x0, 0x0, 0x0, 0x0,
    0x0, 0xbf, 0xff, 0x0, 0x0, 0x0, 0x0, 0x0,
    0xb, 0xff, 0xf0, 0x0, 0x0, 0x0, 0x0, 0x0,
    0xbf, 0xff, 0x0, 0x0, 0x0, 0x0, 0x0, 0xb,
    0xff, 0xf0, 0x0, 0x0, 0x0, 0x0, 0x0, 0xbf,
    0xff, 0x0, 0x0, 0x0, 0x0, 0x0, 0xb, 0xff,
    0xf0, 0x0, 0x0, 0x0, 0x0, 0x0, 0xbf, 0xff,
    0x0, 0x0, 0x0, 0x0, 0x0, 0xb, 0xff, 0xf0,
    0x0, 0x0, 0x0, 0x0, 0x0, 0xbf, 0xff, 0x0,
    0x0, 0x0, 0x0, 0x0, 0xb, 0xff, 0xf0, 0x0,
    0x0, 0x0, 0x0, 0x0, 0xbf, 0xff, 0x0, 0x0,
    0x0, 0x0, 0x0, 0xb, 0xff, 0xf0, 0x0, 0x0,
    0x0, 0x0, 0x0, 0xbf, 0xff, 0x0, 0x0, 0x0,
    0x0, 0x0, 0xb, 0xff, 0xf0, 0x0, 0x0, 0x0,
    0x0, 0x0, 0xbf, 0xff, 0x0, 0x0, 0x0, 0x0,
    0x0, 0xb, 0xff, 0xf0, 0x0, 0x0, 0x0, 0x0,
    0x0, 0xbf, 0xff, 0x0, 0x0, 0x0, 0x0, 0x0,
    0xb, 0xff, 0xf0, 0x0, 0x0, 0x0, 0x0, 0x0,
    0xbf, 0xff, 0x0, 0x0, 0x0, 0x0, 0x0, 0xb,
    0xff, 0xf0, 0x0, 0x0, 0x0, 0x0, 0x0, 0xbf,
    0xff, 0x0, 0x0, 0x0, 0x0, 0x0, 0xb, 0xff,
    0xf0, 0x0, 0x0, 0x0, 0x0, 0x0, 0xbf, 0xff,
    0x0, 0x0, 0x0, 0x0, 0x0, 0xb, 0xff, 0xf0,
    0x0, 0x0, 0x0, 0x0, 0x0, 0xbf, 0xff, 0x0,
    0x0, 0x0, 0x0, 0x0, 0xb, 0xff, 0xf0, 0x0,
    0x0, 0x0, 0x0, 0x0, 0xbf, 0xff, 0x0, 0x0,
    0x0, 0x0, 0x0, 0xb, 0xff, 0xff, 0xff, 0xff,
    0xff, 0xff, 0xfd, 0xbf, 0xff, 0xff, 0xff, 0xff,
    0xff, 0xff, 0xeb, 0xff, 0xff, 0xff, 0xff, 0xff,
    0xff, 0xfe, 0xbf, 0xff, 0xff, 0xff, 0xff, 0xff,
    0xff, 0xeb, 0xff, 0xff, 0xff, 0xff, 0xff, 0xff,
    0xfe, 0xbf, 0xff, 0xff, 0xff, 0xff, 0xff, 0xff,
    0xeb, 0xff, 0xff, 0xff, 0xff, 0xff, 0xff, 0xfe,

    /* U+004D "M" */
    0x3f, 0xff, 0xc0, 0x0, 0x0, 0x0, 0x0, 0x0,
    0xb, 0xff, 0xf0, 0xff, 0xff, 0x40, 0x0, 0x0,
    0x0, 0x0, 0x0, 0x3f, 0xff, 0xc3, 0xff, 0xff,
    0x0, 0x0, 0x0, 0x0, 0x0, 0x1, 0xff, 0xff,
    0xf, 0xff, 0xfc, 0x0, 0x0, 0x0, 0x0, 0x0,
    0xf, 0xff, 0xfc, 0x3f, 0xff, 0xf8, 0x0, 0x0,
    0x0, 0x0, 0x0, 0x7f, 0xff, 0xf0, 0xff, 0xff,
    0xf0, 0x0, 0x0, 0x0, 0x0, 0x3, 0xff, 0xff,
    0xc3, 0xff, 0xff, 0xe0, 0x0, 0x0, 0x0, 0x0,
    0x1f, 0xff, 0xff, 0xf, 0xff, 0xff, 0xc0, 0x0,
    0x0, 0x0, 0x0, 0xff, 0xff, 0xfc, 0x3f, 0xff,
    0xff, 0x80, 0x0, 0x0, 0x0, 0x3, 0xff, 0xff,
    0xf0, 0xff, 0xff, 0xff, 0x0, 0x0, 0x0, 0x0,
    0x2f, 0xff, 0xff, 0xc3, 0xff, 0xff, 0xfd, 0x0,
    0x0, 0x0, 0x0, 0xff, 0xff, 0xff, 0xf, 0xff,
    0xff, 0xfc, 0x0, 0x0, 0x0, 0xb, 0xff, 0xff,
    0xfc, 0x3f, 0xff, 0xff, 0xf4, 0x0, 0x0, 0x0,
    0x3f, 0xff, 0xff, 0xf0, 0xff, 0xff, 0xff, 0xf0,
    0x0, 0x0, 0x1, 0xff, 0xff, 0xff, 0xc3, 0xff,
    0xff, 0xff, 0xd0, 0x0, 0x0, 0xf, 0xff, 0xff,
    0xff, 0xf, 0xff, 0xff, 0xff, 0x80, 0x0, 0x0,
    0x7f, 0xff, 0xff, 0xfc, 0x3f, 0xff, 0xff, 0xff,
    0x0, 0x0, 0x3, 0xff, 0xff, 0xff, 0xf0, 0xff,
    0xfe, 0xff, 0xfe, 0x0, 0x0, 0x1f, 0xff, 0xef,
    0xff, 0xc3, 0xff, 0xf9, 0xff, 0xfc, 0x0, 0x0,
    0xff, 0xfe, 0x7f, 0xff, 0xf, 0xff, 0xe3, 0xff,
    0xf8, 0x0, 0x3, 0xff, 0xf5, 0xff, 0xfc, 0x3f,
    0xff, 0x87, 0xff, 0xf0, 0x0, 0x2f, 0xff, 0xc7,
    0xff, 0xf0, 0xff, 0xfe, 0xf, 0xff, 0xd0, 0x0,
    0xff, 0xfd, 0x1f, 0xff, 0xc3, 0xff, 0xf8, 0x2f,
    0xff, 0xc0, 0xb, 0xff, 0xf0, 0x7f, 0xff, 0xf,
    0xff, 0xe0, 0x3f, 0xff, 0x40, 0x3f, 0xff, 0x41,
    0xff, 0xfc, 0x3f, 0xff, 0x80, 0xbf, 0xff, 0x1,
    0xff, 0xfc, 0x7, 0xff, 0xf0, 0xff, 0xfe, 0x0,
    0xff, 0xfd, 0xf, 0xff, 0xd0, 0x1f, 0xff, 0xc3,
    0xff, 0xf8, 0x2, 0xff, 0xfc, 0x7f, 0xff, 0x0,
    0x7f, 0xff, 0xf, 0xff, 0xe0, 0x3, 0xff, 0xf3,
    0xff, 0xf8, 0x1, 0xff, 0xfc, 0x3f, 0xff, 0x80,
    0xb, 0xff, 0xff, 0xff, 0xc0, 0x7, 0xff, 0xf0,
    0xff, 0xfe, 0x0, 0xf, 0xff, 0xff, 0xfe, 0x0,
    0x1f, 0xff, 0xc3, 0xff, 0xf8, 0x0, 0x3f, 0xff,
    0xff, 0xf0, 0x0, 0x7f, 0xff, 0xf, 0xff, 0xe0,
    0x0, 0x7f, 0xff, 0xff, 0x80, 0x1, 0xff, 0xfc,
    0x3f, 0xff, 0x80, 0x0, 0xff, 0xff, 0xfc, 0x0,
    0x7, 0xff, 0xf0, 0xff, 0xfe, 0x0, 0x1, 0xff,
    0xff, 0xe0, 0x0, 0x1f, 0xff, 0xc3, 0xff, 0xf8,
    0x0, 0x3, 0xff, 0xff, 0x0, 0x0, 0x7f, 0xff,
    0xf, 0xff, 0xe0, 0x0, 0x7, 0xff, 0xfc, 0x0,
    0x1, 0xff, 0xfc, 0x3f, 0xff, 0x80, 0x0, 0xf,
    0xff, 0xd0, 0x0, 0x7, 0xff, 0xf0, 0xff, 0xfe,
    0x0, 0x0, 0x1f, 0xff, 0x0, 0x0, 0x1f, 0xff,
    0xc3, 0xff, 0xf8, 0x0, 0x0, 0x2a, 0xa4, 0x0,
    0x0, 0x7f, 0xff, 0xf, 0xff, 0xe0, 0x0, 0x0,
    0x0, 0x0, 0x0, 0x1, 0xff, 0xfc, 0x3f, 0xff,
    0x80, 0x0, 0x0, 0x0, 0x0, 0x0, 0x7, 0xff,
    0xf0, 0xff, 0xfe, 0x0, 0x0, 0x0, 0x0, 0x0,
    0x0, 0x1f, 0xff, 0xc3, 0xff, 0xf8, 0x0, 0x0,
    0x0, 0x0, 0x0, 0x0, 0x7f, 0xff, 0xf, 0xff,
    0xe0, 0x0, 0x0, 0x0, 0x0, 0x0, 0x1, 0xff,
    0xfc, 0x3f, 0xff, 0x80, 0x0, 0x0, 0x0, 0x0,
    0x0, 0x7, 0xff, 0xf0, 0xff, 0xfe, 0x0, 0x0,
    0x0, 0x0, 0x0, 0x0, 0x1f, 0xff, 0xc3, 0xff,
    0xf8, 0x0, 0x0, 0x0, 0x0, 0x0, 0x0, 0x7f,
    0xff, 0xf, 0xff, 0xe0, 0x0, 0x0, 0x0, 0x0,
    0x0, 0x1, 0xff, 0xfc,

    /* U+004E "N" */
    0xbf, 0xff, 0x40, 0x0, 0x0, 0x0, 0x1, 0xff,
    0xfd, 0xbf, 0xff, 0xc0, 0x0, 0x0, 0x0, 0x1,
    0xff, 0xfd, 0xbf, 0xff, 0xe0, 0x0, 0x0, 0x0,
    0x1, 0xff, 0xfd, 0xbf, 0xff, 0xf0, 0x0, 0x0,
    0x0, 0x1, 0xff, 0xfd, 0xbf, 0xff, 0xfc, 0x0,
    0x0, 0x0, 0x1, 0xff, 0xfd, 0xbf, 0xff, 0xfd,
    0x0, 0x0, 0x0, 0x1, 0xff, 0xfd, 0xbf, 0xff,
    0xff, 0x0, 0x0, 0x0, 0x1, 0xff, 0xfd, 0xbf,
    0xff, 0xff, 0x80, 0x0, 0x0, 0x1, 0xff, 0xfd,
    0xbf, 0xff, 0xff, 0xc0, 0x0, 0x0, 0x1, 0xff,
    0xfd, 0xbf, 0xff, 0xff, 0xe0, 0x0, 0x0, 0x1,
    0xff, 0xfd, 0xbf, 0xff, 0xff, 0xf4, 0x0, 0x0,
    0x1, 0xff, 0xfd, 0xbf, 0xff, 0xff, 0xfc, 0x0,
    0x0, 0x1, 0xff, 0xfd, 0xbf, 0xff, 0xff, 0xfe,
    0x0, 0x0, 0x1, 0xff, 0xfd, 0xbf, 0xff, 0xff,
    0xff, 0x0, 0x0, 0x1, 0xff, 0xfd, 0xbf, 0xff,
    0xff, 0xff, 0x80, 0x0, 0x1, 0xff, 0xfd, 0xbf,
    0xff, 0xff, 0xff, 0xd0, 0x0, 0x1, 0xff, 0xfd,
    0xbf, 0xff, 0x3f, 0xff, 0xf0, 0x0, 0x1, 0xff,
    0xfd, 0xbf, 0xff, 0x2f, 0xff, 0xf8, 0x0, 0x1,
    0xff, 0xfd, 0xbf, 0xff, 0xf, 0xff, 0xfc, 0x0,
    0x1, 0xff, 0xfd, 0xbf, 0xff, 0x7, 0xff, 0xfe,
    0x0, 0x1, 0xff, 0xfd, 0xbf, 0xff, 0x2, 0xff,
    0xff, 0x40, 0x1, 0xff, 0xfd, 0xbf, 0xff, 0x0,
    0xff, 0xff, 0xc0, 0x1, 0xff, 0xfd, 0xbf, 0xff,
    0x0, 0xbf, 0xff, 0xd0, 0x1, 0xff, 0xfd, 0xbf,
    0xff, 0x0, 0x3f, 0xff, 0xf0, 0x1, 0xff, 0xfd,
    0xbf, 0xff, 0x0, 0x1f, 0xff, 0xf8, 0x1, 0xff,
    0xfd, 0xbf, 0xff, 0x0, 0xb, 0xff, 0xfd, 0x1,
    0xff, 0xfd, 0xbf, 0xff, 0x0, 0x3, 0xff, 0xff,
    0x1, 0xff, 0xfd, 0xbf, 0xff, 0x0, 0x2, 0xff,
    0xff, 0x41, 0xff, 0xfd, 0xbf, 0xff, 0x0, 0x0,
    0xff, 0xff, 0xc1, 0xff, 0xfd, 0xbf, 0xff, 0x0,
    0x0, 0x7f, 0xff, 0xe1, 0xff, 0xfd, 0xbf, 0xff,
    0x0, 0x0, 0x3f, 0xff, 0xf1, 0xff, 0xfd, 0xbf,
    0xff, 0x0, 0x0, 0xf, 0xff, 0xfd, 0xff, 0xfd,
    0xbf, 0xff, 0x0, 0x0, 0xb, 0xff, 0xfe, 0xff,
    0xfd, 0xbf, 0xff, 0x0, 0x0, 0x3, 0xff, 0xff,
    0xff, 0xfd, 0xbf, 0xff, 0x0, 0x0, 0x1, 0xff,
    0xff, 0xff, 0xfd, 0xbf, 0xff, 0x0, 0x0, 0x0,
    0xff, 0xff, 0xff, 0xfd, 0xbf, 0xff, 0x0, 0x0,
    0x0, 0x3f, 0xff, 0xff, 0xfd, 0xbf, 0xff, 0x0,
    0x0, 0x0, 0x2f, 0xff, 0xff, 0xfd, 0xbf, 0xff,
    0x0, 0x0, 0x0, 0xf, 0xff, 0xff, 0xfd, 0xbf,
    0xff, 0x0, 0x0, 0x0, 0x7, 0xff, 0xff, 0xfd,
    0xbf, 0xff, 0x0, 0x0, 0x0, 0x3, 0xff, 0xff,
    0xfd, 0xbf, 0xff, 0x0, 0x0, 0x0, 0x0, 0xff,
    0xff, 0xfd, 0xbf, 0xff, 0x0, 0x0, 0x0, 0x0,
    0xbf, 0xff, 0xfd, 0xbf, 0xff, 0x0, 0x0, 0x0,
    0x0, 0x3f, 0xff, 0xfd, 0xbf, 0xff, 0x0, 0x0,
    0x0, 0x0, 0x1f, 0xff, 0xfd, 0xbf, 0xff, 0x0,
    0x0, 0x0, 0x0, 0xf, 0xff, 0xfd, 0xbf, 0xff,
    0x0, 0x0, 0x0, 0x0, 0x3, 0xff, 0xfd, 0xbf,
    0xff, 0x0, 0x0, 0x0, 0x0, 0x2, 0xff, 0xfd,

    /* U+004F "O" */
    0x0, 0x0, 0x0, 0x6b, 0xff, 0xa4, 0x0, 0x0,
    0x0, 0x0, 0x0, 0x6f, 0xff, 0xff, 0xfe, 0x40,
    0x0, 0x0, 0x0, 0xf, 0xff, 0xff, 0xff, 0xff,
    0xc0, 0x0, 0x0, 0x1, 0xff, 0xff, 0xff, 0xff,
    0xff, 0xe0, 0x0, 0x0, 0x2f, 0xff, 0xff, 0xff,
    0xff, 0xff, 0xe0, 0x0, 0x1, 0xff, 0xff, 0xff,
    0xff, 0xff, 0xff, 0xe0, 0x0, 0xf, 0xff, 0xff,
    0xff, 0xff, 0xff, 0xff, 0xd0, 0x0, 0xff, 0xff,
    0xf9, 0x0, 0x1b, 0xff, 0xff, 0xc0, 0x7, 0xff,
    0xff, 0x40, 0x0, 0x7, 0xff, 0xff, 0x40, 0x2f,
    0xff, 0xf0, 0x0, 0x0, 0x3, 0xff, 0xff, 0x0,
    0xff, 0xff, 0x0, 0x0, 0x0, 0x7, 0xff, 0xfc,
    0x7, 0xff, 0xf8, 0x0, 0x0, 0x0, 0xb, 0xff,
    0xf4, 0x2f, 0xff, 0xd0, 0x0, 0x0, 0x0, 0x1f,
    0xff, 0xe0, 0xff, 0xff, 0x0, 0x0, 0x0, 0x0,
    0x3f, 0xff, 0xc3, 0xff, 0xfc, 0x0, 0x0, 0x0,
    0x0, 0xff, 0xff, 0xf, 0xff, 0xe0, 0x0, 0x0,
    0x0, 0x2, 0xff, 0xfc, 0x3f, 0xff, 0x40, 0x0,
    0x0, 0x0, 0x7, 0xff, 0xf0, 0xff, 0xfd, 0x0,
    0x0, 0x0, 0x0, 0x1f, 0xff, 0xc3, 0xff, 0xf4,
    0x0, 0x0, 0x0, 0x0, 0x7f, 0xff, 0xf, 0xff,
    0xd0, 0x0, 0x0, 0x0, 0x1, 0xff, 0xfd, 0x3f,
    0xff, 0x40, 0x0, 0x0, 0x0, 0x7, 0xff, 0xf4,
    0xff, 0xfd, 0x0, 0x0, 0x0, 0x0, 0x1f, 0xff,
    0xd3, 0xff, 0xf4, 0x0, 0x0, 0x0, 0x0, 0x7f,
    0xff, 0x4f, 0xff, 0xd0, 0x0, 0x0, 0x0, 0x1,
    0xff, 0xfd, 0x3f, 0xff, 0x40, 0x0, 0x0, 0x0,
    0x7, 0xff, 0xf4, 0xff, 0xfd, 0x0, 0x0, 0x0,
    0x0, 0x1f, 0xff, 0xd3, 0xff, 0xf4, 0x0, 0x0,
    0x0, 0x0, 0x7f, 0xff, 0x4f, 0xff, 0xd0, 0x0,
    0x0, 0x0, 0x1, 0xff, 0xfd, 0x3f, 0xff, 0x40,
    0x0, 0x0, 0x0, 0x7, 0xff, 0xf4, 0xff, 0xfd,
    0x0, 0x0, 0x0, 0x0, 0x1f, 0xff, 0xd3, 0xff,
    0xf4, 0x0, 0x0, 0x0, 0x0, 0x7f, 0xff, 0xf,
    0xff, 0xd0, 0x0, 0x0, 0x0, 0x1, 0xff, 0xfc,
    0x3f, 0xff, 0x40, 0x0, 0x0, 0x0, 0x7, 0xff,
    0xf0, 0xff, 0xfe, 0x0, 0x0, 0x0, 0x0, 0x2f,
    0xff, 0xc3, 0xff, 0xf8, 0x0, 0x0, 0x0, 0x0,
    0xbf, 0xff, 0xf, 0xff, 0xf0, 0x0, 0x0, 0x0,
    0x3, 0xff, 0xfc, 0x2f, 0xff, 0xc0, 0x0, 0x0,
    0x0, 0xf, 0xff, 0xe0, 0x7f, 0xff, 0x80, 0x0,
    0x0, 0x0, 0xbf, 0xff, 0x40, 0xff, 0xff, 0x0,
    0x0, 0x0, 0x3, 0xff, 0xfc, 0x3, 0xff, 0xff,
    0x0, 0x0, 0x0, 0x3f, 0xff, 0xf0, 0x7, 0xff,
    0xff, 0x0, 0x0, 0x3, 0xff, 0xff, 0x40, 0xf,
    0xff, 0xff, 0x90, 0x1, 0xbf, 0xff, 0xfc, 0x0,
    0x1f, 0xff, 0xff, 0xff, 0xff, 0xff, 0xff, 0xd0,
    0x0, 0x2f, 0xff, 0xff, 0xff, 0xff, 0xff, 0xfe,
    0x0, 0x0, 0x3f, 0xff, 0xff, 0xff, 0xff, 0xff,
    0xe0, 0x0, 0x0, 0x2f, 0xff, 0xff, 0xff, 0xff,
    0xfe, 0x0, 0x0, 0x0, 0x1f, 0xff, 0xff, 0xff,
    0xff, 0xd0, 0x0, 0x0, 0x0, 0xb, 0xff, 0xff,
    0xff, 0xf4, 0x0, 0x0, 0x0, 0x0, 0x0, 0x6f,
    0xff, 0xe4, 0x0, 0x0, 0x0,

    /* U+0050 "P" */
    0xbf, 0xff, 0xff, 0xff, 0xff, 0xe4, 0x0, 0x0,
    0x2f, 0xff, 0xff, 0xff, 0xff, 0xff, 0xf4, 0x0,
    0xb, 0xff, 0xff, 0xff, 0xff, 0xff, 0xff, 0xc0,
    0x2, 0xff, 0xff, 0xff, 0xff, 0xff, 0xff, 0xfd,
    0x0, 0xbf, 0xff, 0xff, 0xff, 0xff, 0xff, 0xff,
    0xd0, 0x2f, 0xff, 0xff, 0xff, 0xff, 0xff, 0xff,
    0xfc, 0xb, 0xff, 0xff, 0xff, 0xff, 0xff, 0xff,
    0xff, 0xc2, 0xff, 0xfc, 0x0, 0x0, 0x1, 0xbf,
    0xff, 0xf4, 0xbf, 0xff, 0x0, 0x0, 0x0, 0x7,
    0xff, 0xff, 0x2f, 0xff, 0xc0, 0x0, 0x0, 0x0,
    0x7f, 0xff, 0xcb, 0xff, 0xf0, 0x0, 0x0, 0x0,
    0xb, 0xff, 0xf6, 0xff, 0xfc, 0x0, 0x0, 0x0,
    0x0, 0xff, 0xfe, 0xbf, 0xff, 0x0, 0x0, 0x0,
    0x0, 0x3f, 0xff, 0xef, 0xff, 0xc0, 0x0, 0x0,
    0x0, 0xf, 0xff, 0xfb, 0xff, 0xf0, 0x0, 0x0,
    0x0, 0x2, 0xff, 0xfe, 0xff, 0xfc, 0x0, 0x0,
    0x0, 0x0, 0xbf, 0xff, 0xbf, 0xff, 0x0, 0x0,
    0x0, 0x0, 0x2f, 0xff, 0xef, 0xff, 0xc0, 0x0,
    0x0, 0x0, 0xf, 0xff, 0xfb, 0xff, 0xf0, 0x0,
    0x0, 0x0, 0x3, 0xff, 0xfa, 0xff, 0xfc, 0x0,
    0x0, 0x0, 0x2, 0xff, 0xfd, 0xbf, 0xff, 0x0,
    0x0, 0x0, 0x1, 0xff, 0xff, 0x2f, 0xff, 0xc0,
    0x0, 0x0, 0x1, 0xff, 0xff, 0xcb, 0xff, 0xf0,
    0x0, 0x0, 0x7, 0xff, 0xff, 0xd2, 0xff, 0xff,
    0xff, 0xff, 0xff, 0xff, 0xff, 0xf0, 0xbf, 0xff,
    0xff, 0xff, 0xff, 0xff, 0xff, 0xf0, 0x2f, 0xff,
    0xff, 0xff, 0xff, 0xff, 0xff, 0xf0, 0xb, 0xff,
    0xff, 0xff, 0xff, 0xff, 0xff, 0xf0, 0x2, 0xff,
    0xff, 0xff, 0xff, 0xff, 0xff, 0xe0, 0x0, 0xbf,
    0xff, 0xff, 0xff, 0xff, 0xff, 0x80, 0x0, 0x2f,
    0xff, 0xff, 0xff, 0xff, 0xa4, 0x0, 0x0, 0xb,
    0xff, 0xf0, 0x0, 0x0, 0x0, 0x0, 0x0, 0x2,
    0xff, 0xfc, 0x0, 0x0, 0x0, 0x0, 0x0, 0x0,
    0xbf, 0xff, 0x0, 0x0, 0x0, 0x0, 0x0, 0x0,
    0x2f, 0xff, 0xc0, 0x0, 0x0, 0x0, 0x0, 0x0,
    0xb, 0xff, 0xf0, 0x0, 0x0, 0x0, 0x0, 0x0,
    0x2, 0xff, 0xfc, 0x0, 0x0, 0x0, 0x0, 0x0,
    0x0, 0xbf, 0xff, 0x0, 0x0, 0x0, 0x0, 0x0,
    0x0, 0x2f, 0xff, 0xc0, 0x0, 0x0, 0x0, 0x0,
    0x0, 0xb, 0xff, 0xf0, 0x0, 0x0, 0x0, 0x0,
    0x0, 0x2, 0xff, 0xfc, 0x0, 0x0, 0x0, 0x0,
    0x0, 0x0, 0xbf, 0xff, 0x0, 0x0, 0x0, 0x0,
    0x0, 0x0, 0x2f, 0xff, 0xc0, 0x0, 0x0, 0x0,
    0x0, 0x0, 0xb, 0xff, 0xf0, 0x0, 0x0, 0x0,
    0x0, 0x0, 0x2, 0xff, 0xfc, 0x0, 0x0, 0x0,
    0x0, 0x0, 0x0, 0xbf, 0xff, 0x0, 0x0, 0x0,
    0x0, 0x0, 0x0, 0x2f, 0xff, 0xc0, 0x0, 0x0,
    0x0, 0x0, 0x0, 0xb, 0xff, 0xf0, 0x0, 0x0,
    0x0, 0x0, 0x0, 0x2, 0xff, 0xfc, 0x0, 0x0,
    0x0, 0x0, 0x0, 0x0,

    /* U+0051 "Q" */
    0x0, 0x0, 0x0, 0x6b, 0xff, 0xa4, 0x0, 0x0,
    0x0, 0x0, 0x0, 0x6f, 0xff, 0xff, 0xfe, 0x40,
    0x0, 0x0, 0x0, 0xf, 0xff, 0xff, 0xff, 0xff,
    0xc0, 0x0, 0x0, 0x1, 0xff, 0xff, 0xff, 0xff,
    0xff, 0xe0, 0x0, 0x0, 0x2f, 0xff, 0xff, 0xff,
    0xff, 0xff, 0xe0, 0x0, 0x1, 0xff, 0xff, 0xff,
    0xff, 0xff, 0xff, 0xe0, 0x0, 0xf, 0xff, 0xff,
    0xff, 0xff, 0xff, 0xff, 0xd0, 0x0, 0xff, 0xff,
    0xf9, 0x0, 0x1b, 0xff, 0xff, 0xc0, 0x7, 0xff,
    0xff, 0x40, 0x0, 0x7, 0xff, 0xff, 0x40, 0x2f,
    0xff, 0xf0, 0x0, 0x0, 0x3, 0xff, 0xff, 0x0,
    0xff, 0xff, 0x0, 0x0, 0x0, 0x7, 0xff, 0xfc,
    0x7, 0xff, 0xf8, 0x0, 0x0, 0x0, 0xb, 0xff,
    0xf4, 0x2f, 0xff, 0xd0, 0x0, 0x0, 0x0, 0x1f,
    0xff, 0xe0, 0xff, 0xff, 0x0, 0x0, 0x0, 0x0,
    0x3f, 0xff, 0xc3, 0xff, 0xfc, 0x0, 0x0, 0x0,
    0x0, 0xff, 0xff, 0xf, 0xff, 0xe0, 0x0, 0x0,
    0x0, 0x2, 0xff, 0xfc, 0x3f, 0xff, 0x40, 0x0,
    0x0, 0x0, 0x7, 0xff, 0xf0, 0xff, 0xfd, 0x0,
    0x0, 0x0, 0x0, 0x1f, 0xff, 0xc3, 0xff, 0xf4,
    0x0, 0x0, 0x0, 0x0, 0x7f, 0xff, 0xf, 0xff,
    0xd0, 0x0, 0x0, 0x0, 0x1, 0xff, 0xfd, 0x3f,
    0xff, 0x40, 0x0, 0x0, 0x0, 0x7, 0xff, 0xf4,
    0xff, 0xfd, 0x0, 0x0, 0x0, 0x0, 0x1f, 0xff,
    0xd3, 0xff, 0xf4, 0x0, 0x0, 0x0, 0x0, 0x7f,
    0xff, 0x4f, 0xff, 0xd0, 0x0, 0x0, 0x0, 0x1,
    0xff, 0xfd, 0x3f, 0xff, 0x40, 0x0, 0x0, 0x0,
    0x7, 0xff, 0xf4, 0xff, 0xfd, 0x0, 0x0, 0x0,
    0x0, 0x1f, 0xff, 0xd3, 0xff, 0xf4, 0x0, 0x0,
    0x0, 0x0, 0x7f, 0xff, 0x4f, 0xff, 0xd0, 0x0,
    0x0, 0x0, 0x1, 0xff, 0xfd, 0x3f, 0xff, 0x40,
    0x0, 0x0, 0x0, 0x7, 0xff, 0xf4, 0xff, 0xfd,
    0x0, 0x0, 0x0, 0x0, 0x1f, 0xff, 0xd3, 0xff,
    0xf4, 0x0, 0x0, 0x0, 0x0, 0x7f, 0xff, 0xf,
    0xff, 0xd0, 0x0, 0x0, 0x0, 0x1, 0xff, 0xfc,
    0x3f, 0xff, 0x40, 0x0, 0x0, 0x0, 0x7, 0xff,
    0xf0, 0xff, 0xfe, 0x0, 0x0, 0x0, 0x0, 0x2f,
    0xff, 0xc3, 0xff, 0xf8, 0x0, 0x0, 0x0, 0x0,
    0xbf, 0xff, 0xf, 0xff, 0xf0, 0x0, 0x0, 0x0,
    0x3, 0xff, 0xfc, 0x2f, 0xff, 0xc0, 0x0, 0x0,
    0x0, 0xf, 0xff, 0xe0, 0x7f, 0xff, 0x80, 0x0,
    0x0, 0x0, 0xbf, 0xff, 0x40, 0xff, 0xff, 0x0,
    0x0, 0x0, 0x3, 0xff, 0xfc, 0x3, 0xff, 0xfe,
    0x0, 0x0, 0x0, 0x3f, 0xff, 0xf0, 0x7, 0xff,
    0xff, 0x0, 0x0, 0x3, 0xff, 0xff, 0x40, 0xf,
    0xff, 0xff, 0x90, 0x1, 0xbf, 0xff, 0xfc, 0x0,
    0x1f, 0xff, 0xff, 0xff, 0xff, 0xff, 0xff, 0xd0,
    0x0, 0x2f, 0xff, 0xff, 0xff, 0xff, 0xff, 0xfe,
    0x0, 0x0, 0x3f, 0xff, 0xff, 0xff, 0xff, 0xff,
    0xe0, 0x0, 0x0, 0x2f, 0xff, 0xff, 0xff, 0xff,
    0xfe, 0x0, 0x0, 0x0, 0x1f, 0xff, 0xff, 0xff,
    0xff, 0xe0, 0x0, 0x0, 0x0, 0xb, 0xff, 0xff,
    0xff, 0xff, 0xc0, 0x0, 0x0, 0x0, 0x0, 0x6f,
    0xff, 0xff, 0xff, 0x80, 0x0, 0x0, 0x0, 0x0,
    0x0, 0x0, 0xbf, 0xff, 0x0, 0x0, 0x0, 0x0,
    0x0, 0x0, 0x0, 0xff, 0xfe, 0x0, 0x0, 0x0,
    0x0, 0x0, 0x0, 0x1, 0xff, 0xfc, 0x0, 0x0,
    0x0, 0x0, 0x0, 0x0, 0x3, 0xff, 0xf8, 0x0,
    0x0, 0x0, 0x0, 0x0, 0x0, 0x7, 0xff, 0xf0,
    0x0, 0x0, 0x0, 0x0, 0x0, 0x0, 0xf, 0xff,
    0xf0, 0x0, 0x0, 0x0, 0x0, 0x0, 0x0, 0x1f,
    0xff, 0xd0, 0x0, 0x0, 0x0, 0x0, 0x0, 0x0,
    0x3f, 0xfd, 0x0, 0x0, 0x0, 0x0, 0x0, 0x0,
    0x0, 0x3f, 0x40, 0x0, 0x0, 0x0, 0x0, 0x0,
    0x0, 0x0, 0xa0, 0x0, 0x0, 0x0, 0x0, 0x0,
    0x0, 0x0, 0x0, 0x0, 0x0,

    /* U+0052 "R" */
    0xbf, 0xff, 0xff, 0xff, 0xff, 0xe5, 0x0, 0x0,
    0x2, 0xff, 0xff, 0xff, 0xff, 0xff, 0xff, 0x40,
    0x0, 0xb, 0xff, 0xff, 0xff, 0xff, 0xff, 0xff,
    0xd0, 0x0, 0x2f, 0xff, 0xff, 0xff, 0xff, 0xff,
    0xff, 0xe0, 0x0, 0xbf, 0xff, 0xff, 0xff, 0xff,
    0xff, 0xff, 0xe0, 0x2, 0xff, 0xff, 0xff, 0xff,
    0xff, 0xff, 0xff, 0xd0, 0xb, 0xff, 0xff, 0xff,
    0xff, 0xff, 0xff, 0xff, 0xc0, 0x2f, 0xff, 0xc0,
    0x0, 0x0, 0xb, 0xff, 0xff, 0x80, 0xbf, 0xff,
    0x0, 0x0, 0x0, 0x3, 0xff, 0xff, 0x2, 0xff,
    0xfc, 0x0, 0x0, 0x0, 0x3, 0xff, 0xfd, 0xb,
    0xff, 0xf0, 0x0, 0x0, 0x0, 0x7, 0xff, 0xf8,
    0x2f, 0xff, 0xc0, 0x0, 0x0, 0x0, 0xf, 0xff,
    0xe0, 0xbf, 0xff, 0x0, 0x0, 0x0, 0x0, 0x3f,
    0xff, 0xc2, 0xff, 0xfc, 0x0, 0x0, 0x0, 0x0,
    0xff, 0xff, 0xb, 0xff, 0xf0, 0x0, 0x0, 0x0,
    0x3, 0xff, 0xfc, 0x2f, 0xff, 0xc0, 0x0, 0x0,
    0x0, 0xf, 0xff, 0xf0, 0xbf, 0xff, 0x0, 0x0,
    0x0, 0x0, 0x3f, 0xff, 0x82, 0xff, 0xfc, 0x0,
    0x0, 0x0, 0x1, 0xff, 0xfe, 0xb, 0xff, 0xf0,
    0x0, 0x0, 0x0, 0xf, 0xff, 0xf4, 0x2f, 0xff,
    0xc0, 0x0, 0x0, 0x0, 0xbf, 0xff, 0xc0, 0xbf,
    0xff, 0x0, 0x0, 0x0, 0xb, 0xff, 0xfe, 0x2,
    0xff, 0xfd, 0x55, 0x55, 0x5b, 0xff, 0xff, 0xf0,
    0xb, 0xff, 0xff, 0xff, 0xff, 0xff, 0xff, 0xff,
    0x40, 0x2f, 0xff, 0xff, 0xff, 0xff, 0xff, 0xff,
    0xf8, 0x0, 0xbf, 0xff, 0xff, 0xff, 0xff, 0xff,
    0xff, 0x40, 0x2, 0xff, 0xff, 0xff, 0xff, 0xff,
    0xff, 0xf4, 0x0, 0xb, 0xff, 0xff, 0xff, 0xff,
    0xff, 0xfd, 0x0, 0x0, 0x2f, 0xff, 0xff, 0xff,
    0xff, 0xff, 0xd0, 0x0, 0x0, 0xbf, 0xff, 0x0,
    0x0, 0x7f, 0xff, 0xc0, 0x0, 0x2, 0xff, 0xfc,
    0x0, 0x0, 0xff, 0xff, 0x40, 0x0, 0xb, 0xff,
    0xf0, 0x0, 0x1, 0xff, 0xff, 0x0, 0x0, 0x2f,
    0xff, 0xc0, 0x0, 0x3, 0xff, 0xfd, 0x0, 0x0,
    0xbf, 0xff, 0x0, 0x0, 0xb, 0xff, 0xfc, 0x0,
    0x2, 0xff, 0xfc, 0x0, 0x0, 0xf, 0xff, 0xf4,
    0x0, 0xb, 0xff, 0xf0, 0x0, 0x0, 0x2f, 0xff,
    0xf0, 0x0, 0x2f, 0xff, 0xc0, 0x0, 0x0, 0x3f,
    0xff, 0xd0, 0x0, 0xbf, 0xff, 0x0, 0x0, 0x0,
    0xbf, 0xff, 0xc0, 0x2, 0xff, 0xfc, 0x0, 0x0,
    0x0, 0xff, 0xff, 0x40, 0xb, 0xff, 0xf0, 0x0,
    0x0, 0x2, 0xff, 0xff, 0x0, 0x2f, 0xff, 0xc0,
    0x0, 0x0, 0x7, 0xff, 0xfd, 0x0, 0xbf, 0xff,
    0x0, 0x0, 0x0, 0xf, 0xff, 0xfc, 0x2, 0xff,
    0xfc, 0x0, 0x0, 0x0, 0x1f, 0xff, 0xf4, 0xb,
    0xff, 0xf0, 0x0, 0x0, 0x0, 0x3f, 0xff, 0xf0,
    0x2f, 0xff, 0xc0, 0x0, 0x0, 0x0, 0x7f, 0xff,
    0xd0, 0xbf, 0xff, 0x0, 0x0, 0x0, 0x0, 0xff,
    0xff, 0xc2, 0xff, 0xfc, 0x0, 0x0, 0x0, 0x1,
    0xff, 0xff, 0x4b, 0xff, 0xf0, 0x0, 0x0, 0x0,
    0x3, 0xff, 0xff, 0x2f, 0xff, 0xc0, 0x0, 0x0,
    0x0, 0x7, 0xff, 0xfd,

    /* U+0053 "S" */
    0x0, 0x0, 0x0, 0x5, 0x55, 0x40, 0x0, 0x0,
    0x0, 0x0, 0x0, 0x6f, 0xff, 0xff, 0xe0, 0x0,
    0x0, 0x0, 0x0, 0x7f, 0xff, 0xff, 0xff, 0xe0,
    0x0, 0x0, 0x0, 0x2f, 0xff, 0xff, 0xff, 0xff,
    0xd0, 0x0, 0x0, 0xf, 0xff, 0xff, 0xff, 0xff,
    0xff, 0x80, 0x0, 0x3, 0xff, 0xff, 0xff, 0xff,
    0xff, 0xfd, 0x0, 0x0, 0xff, 0xff, 0xff, 0xff,
    0xff, 0xff, 0xf0, 0x0, 0x2f, 0xff, 0xfe, 0x40,
    0x7, 0xff, 0xff, 0xc0, 0x3, 0xff, 0xfe, 0x0,
    0x0, 0x7, 0xff, 0xfd, 0x0, 0x7f, 0xff, 0x80,
    0x0, 0x0, 0x1f, 0xff, 0xe0, 0xb, 0xff, 0xf0,
    0x0, 0x0, 0x0, 0xbf, 0xff, 0x0, 0xff, 0xfe,
    0x0, 0x0, 0x0, 0x3, 0xff, 0xf4, 0xf, 0xff,
    0xd0, 0x0, 0x0, 0x0, 0x3f, 0xff, 0x80, 0xff,
    0xfd, 0x0, 0x0, 0x0, 0x2, 0xff, 0xf8, 0xf,
    0xff, 0xd0, 0x0, 0x0, 0x0, 0x2f, 0xff, 0xc0,
    0xff, 0xfd, 0x0, 0x0, 0x0, 0x1, 0xaa, 0xa8,
    0xf, 0xff, 0xe0, 0x0, 0x0, 0x0, 0x0, 0x0,
    0x0, 0xff, 0xff, 0x40, 0x0, 0x0, 0x0, 0x0,
    0x0, 0xb, 0xff, 0xfd, 0x0, 0x0, 0x0, 0x0,
    0x0, 0x0, 0x7f, 0xff, 0xf8, 0x0, 0x0, 0x0,
    0x0, 0x0, 0x3, 0xff, 0xff, 0xfe, 0x40, 0x0,
    0x0, 0x0, 0x0, 0x1f, 0xff, 0xff, 0xff, 0xf9,
    0x40, 0x0, 0x0, 0x0, 0x7f, 0xff, 0xff, 0xff,
    0xff, 0x90, 0x0, 0x0, 0x2, 0xff, 0xff, 0xff,
    0xff, 0xff, 0xd0, 0x0, 0x0, 0x7, 0xff, 0xff,
    0xff, 0xff, 0xff, 0xc0, 0x0, 0x0, 0xb, 0xff,
    0xff, 0xff, 0xff, 0xff, 0x0, 0x0, 0x0, 0x6,
    0xff, 0xff, 0xff, 0xff, 0xfc, 0x0, 0x0, 0x0,
    0x0, 0x6f, 0xff, 0xff, 0xff, 0xf0, 0x0, 0x0,
    0x0, 0x0, 0x1, 0xbf, 0xff, 0xff, 0x40, 0x0,
    0x0, 0x0, 0x0, 0x0, 0x3f, 0xff, 0xf8, 0x0,
    0x0, 0x0, 0x0, 0x0, 0x0, 0xbf, 0xff, 0xc0,
    0x0, 0x0, 0x0, 0x0, 0x0, 0x3, 0xff, 0xfd,
    0x0, 0x0, 0x0, 0x0, 0x0, 0x0, 0x1f, 0xff,
    0xd0, 0x0, 0x0, 0x0, 0x0, 0x0, 0x0, 0xff,
    0xfe, 0x3f, 0xff, 0x0, 0x0, 0x0, 0x0, 0xf,
    0xff, 0xe3, 0xff, 0xf4, 0x0, 0x0, 0x0, 0x0,
    0xff, 0xfe, 0x3f, 0xff, 0x80, 0x0, 0x0, 0x0,
    0xf, 0xff, 0xe2, 0xff, 0xfc, 0x0, 0x0, 0x0,
    0x0, 0xff, 0xfd, 0x1f, 0xff, 0xd0, 0x0, 0x0,
    0x0, 0x2f, 0xff, 0xc0, 0xff, 0xff, 0x0, 0x0,
    0x0, 0x3, 0xff, 0xfc, 0xf, 0xff, 0xfc, 0x0,
    0x0, 0x0, 0xff, 0xff, 0x80, 0x7f, 0xff, 0xf8,
    0x0, 0x0, 0xbf, 0xff, 0xf0, 0x2, 0xff, 0xff,
    0xfe, 0xaa, 0xff, 0xff, 0xfe, 0x0, 0xf, 0xff,
    0xff, 0xff, 0xff, 0xff, 0xff, 0xc0, 0x0, 0x3f,
    0xff, 0xff, 0xff, 0xff, 0xff, 0xf0, 0x0, 0x0,
    0xff, 0xff, 0xff, 0xff, 0xff, 0xf8, 0x0, 0x0,
    0x2, 0xff, 0xff, 0xff, 0xff, 0xfd, 0x0, 0x0,
    0x0, 0x2, 0xff, 0xff, 0xff, 0xfd, 0x0, 0x0,
    0x0, 0x0, 0x1, 0xaf, 0xff, 0xe4, 0x0, 0x0,
    0x0,

    /* U+0054 "T" */
    0xff, 0xff, 0xff, 0xff, 0xff, 0xff, 0xff, 0xff,
    0xbf, 0xff, 0xff, 0xff, 0xff, 0xff, 0xff, 0xff,
    0xef, 0xff, 0xff, 0xff, 0xff, 0xff, 0xff, 0xff,
    0xfb, 0xff, 0xff, 0xff, 0xff, 0xff, 0xff, 0xff,
    0xfe, 0xff, 0xff, 0xff, 0xff, 0xff, 0xff, 0xff,
    0xff, 0xbf, 0xff, 0xff, 0xff, 0xff, 0xff, 0xff,
    0xff, 0xeb, 0xff, 0xff, 0xff, 0xff, 0xff, 0xff,
    0xff, 0xf4, 0x0, 0x0, 0x2, 0xff, 0xfc, 0x0,
    0x0, 0x0, 0x0, 0x0, 0x0, 0xbf, 0xff, 0x0,
    0x0, 0x0, 0x0, 0x0, 0x0, 0x2f, 0xff, 0xc0,
    0x0, 0x0, 0x0, 0x0, 0x0, 0xb, 0xff, 0xf0,
    0x0, 0x0, 0x0, 0x0, 0x0, 0x2, 0xff, 0xfc,
    0x0, 0x0, 0x0, 0x0, 0x0, 0x0, 0xbf, 0xff,
    0x0, 0x0, 0x0, 0x0, 0x0, 0x0, 0x2f, 0xff,
    0xc0, 0x0, 0x0, 0x0, 0x0, 0x0, 0xb, 0xff,
    0xf0, 0x0, 0x0, 0x0, 0x0, 0x0, 0x2, 0xff,
    0xfc, 0x0, 0x0, 0x0, 0x0, 0x0, 0x0, 0xbf,
    0xff, 0x0, 0x0, 0x0, 0x0, 0x0, 0x0, 0x2f,
    0xff, 0xc0, 0x0, 0x0, 0x0, 0x0, 0x0, 0xb,
    0xff, 0xf0, 0x0, 0x0, 0x0, 0x0, 0x0, 0x2,
    0xff, 0xfc, 0x0, 0x0, 0x0, 0x0, 0x0, 0x0,
    0xbf, 0xff, 0x0, 0x0, 0x0, 0x0, 0x0, 0x0,
    0x2f, 0xff, 0xc0, 0x0, 0x0, 0x0, 0x0, 0x0,
    0xb, 0xff, 0xf0, 0x0, 0x0, 0x0, 0x0, 0x0,
    0x2, 0xff, 0xfc, 0x0, 0x0, 0x0, 0x0, 0x0,
    0x0, 0xbf, 0xff, 0x0, 0x0, 0x0, 0x0, 0x0,
    0x0, 0x2f, 0xff, 0xc0, 0x0, 0x0, 0x0, 0x0,
    0x0, 0xb, 0xff, 0xf0, 0x0, 0x0, 0x0, 0x0,
    0x0, 0x2, 0xff, 0xfc, 0x0, 0x0, 0x0, 0x0,
    0x0, 0x0, 0xbf, 0xff, 0x0, 0x0, 0x0, 0x0,
    0x0, 0x0, 0x2f, 0xff, 0xc0, 0x0, 0x0, 0x0,
    0x0, 0x0, 0xb, 0xff, 0xf0, 0x0, 0x0, 0x0,
    0x0, 0x0, 0x2, 0xff, 0xfc, 0x0, 0x0, 0x0,
    0x0, 0x0, 0x0, 0xbf, 0xff, 0x0, 0x0, 0x0,
    0x0, 0x0, 0x0, 0x2f, 0xff, 0xc0, 0x0, 0x0,
    0x0, 0x0, 0x0, 0xb, 0xff, 0xf0, 0x0, 0x0,
    0x0, 0x0, 0x0, 0x2, 0xff, 0xfc, 0x0, 0x0,
    0x0, 0x0, 0x0, 0x0, 0xbf, 0xff, 0x0, 0x0,
    0x0, 0x0, 0x0, 0x0, 0x2f, 0xff, 0xc0, 0x0,
    0x0, 0x0, 0x0, 0x0, 0xb, 0xff, 0xf0, 0x0,
    0x0, 0x0, 0x0, 0x0, 0x2, 0xff, 0xfc, 0x0,
    0x0, 0x0, 0x0, 0x0, 0x0, 0xbf, 0xff, 0x0,
    0x0, 0x0, 0x0, 0x0, 0x0, 0x2f, 0xff, 0xc0,
    0x0, 0x0, 0x0, 0x0, 0x0, 0xb, 0xff, 0xf0,
    0x0, 0x0, 0x0, 0x0, 0x0, 0x2, 0xff, 0xfc,
    0x0, 0x0, 0x0, 0x0, 0x0, 0x0, 0xbf, 0xff,
    0x0, 0x0, 0x0, 0x0, 0x0, 0x0, 0x2f, 0xff,
    0xc0, 0x0, 0x0, 0x0, 0x0, 0x0, 0xb, 0xff,
    0xf0, 0x0, 0x0, 0x0, 0x0, 0x0, 0x2, 0xff,
    0xfc, 0x0, 0x0, 0x0,

    /* U+0055 "U" */
    0xbf, 0xff, 0x0, 0x0, 0x0, 0x0, 0xf, 0xff,
    0xeb, 0xff, 0xf0, 0x0, 0x0, 0x0, 0x0, 0xff,
    0xfe, 0xbf, 0xff, 0x0, 0x0, 0x0, 0x0, 0xf,
    0xff, 0xeb, 0xff, 0xf0, 0x0, 0x0, 0x0, 0x0,
    0xff, 0xfe, 0xbf, 0xff, 0x0, 0x0, 0x0, 0x0,
    0xf, 0xff, 0xeb, 0xff, 0xf0, 0x0, 0x0, 0x0,
    0x0, 0xff, 0xfe, 0xbf, 0xff, 0x0, 0x0, 0x0,
    0x0, 0xf, 0xff, 0xeb, 0xff, 0xf0, 0x0, 0x0,
    0x0, 0x0, 0xff, 0xfe, 0xbf, 0xff, 0x0, 0x0,
    0x0, 0x0, 0xf, 0xff, 0xeb, 0xff, 0xf0, 0x0,
    0x0, 0x0, 0x0, 0xff, 0xfe, 0xbf, 0xff, 0x0,
    0x0, 0x0, 0x0, 0xf, 0xff, 0xeb, 0xff, 0xf0,
    0x0, 0x0, 0x0, 0x0, 0xff, 0xfe, 0xbf, 0xff,
    0x0, 0x0, 0x0, 0x0, 0xf, 0xff, 0xeb, 0xff,
    0xf0, 0x0, 0x0, 0x0, 0x0, 0xff, 0xfe, 0xbf,
    0xff, 0x0, 0x0, 0x0, 0x0, 0xf, 0xff, 0xeb,
    0xff, 0xf0, 0x0, 0x0, 0x0, 0x0, 0xff, 0xfe,
    0xbf, 0xff, 0x0, 0x0, 0x0, 0x0, 0xf, 0xff,
    0xeb, 0xff, 0xf0, 0x0, 0x0, 0x0, 0x0, 0xff,
    0xfe, 0xbf, 0xff, 0x0, 0x0, 0x0, 0x0, 0xf,
    0xff, 0xeb, 0xff, 0xf0, 0x0, 0x0, 0x0, 0x0,
    0xff, 0xfe, 0xbf, 0xff, 0x0, 0x0, 0x0, 0x0,
    0xf, 0xff, 0xeb, 0xff, 0xf0, 0x0, 0x0, 0x0,
    0x0, 0xff, 0xfe, 0xbf, 0xff, 0x0, 0x0, 0x0,
    0x0, 0xf, 0xff, 0xeb, 0xff, 0xf0, 0x0, 0x0,
    0x0, 0x0, 0xff, 0xfe, 0xbf, 0xff, 0x0, 0x0,
    0x0, 0x0, 0xf, 0xff, 0xeb, 0xff, 0xf0, 0x0,
    0x0, 0x0, 0x0, 0xff, 0xfe, 0xbf, 0xff, 0x0,
    0x0, 0x0, 0x0, 0xf, 0xff, 0xeb, 0xff, 0xf0,
    0x0, 0x0, 0x0, 0x0, 0xff, 0xfe, 0xbf, 0xff,
    0x0, 0x0, 0x0, 0x0, 0xf, 0xff, 0xeb, 0xff,
    0xf0, 0x0, 0x0, 0x0, 0x0, 0xff, 0xfe, 0xbf,
    0xff, 0x0, 0x0, 0x0, 0x0, 0xf, 0xff, 0xeb,
    0xff, 0xf0, 0x0, 0x0, 0x0, 0x0, 0xff, 0xfe,
    0xbf, 0xff, 0x0, 0x0, 0x0, 0x0, 0xf, 0xff,
    0xe7, 0xff, 0xf4, 0x0, 0x0, 0x0, 0x0, 0xff,
    0xfe, 0x7f, 0xff, 0x40, 0x0, 0x0, 0x0, 0x1f,
    0xff, 0xe3, 0xff, 0xf8, 0x0, 0x0, 0x0, 0x2,
    0xff, 0xfd, 0x3f, 0xff, 0xc0, 0x0, 0x0, 0x0,
    0x3f, 0xff, 0xc2, 0xff, 0xfe, 0x0, 0x0, 0x0,
    0x7, 0xff, 0xfc, 0xf, 0xff, 0xf4, 0x0, 0x0,
    0x0, 0xff, 0xff, 0x40, 0xff, 0xff, 0xd0, 0x0,
    0x0, 0x7f, 0xff, 0xf0, 0x3, 0xff, 0xff, 0xd0,
    0x0, 0x6f, 0xff, 0xfd, 0x0, 0x2f, 0xff, 0xff,
    0xff, 0xff, 0xff, 0xff, 0x80, 0x0, 0xbf, 0xff,
    0xff, 0xff, 0xff, 0xff, 0xf0, 0x0, 0x2, 0xff,
    0xff, 0xff, 0xff, 0xff, 0xfc, 0x0, 0x0, 0xb,
    0xff, 0xff, 0xff, 0xff, 0xfe, 0x0, 0x0, 0x0,
    0x1f, 0xff, 0xff, 0xff, 0xff, 0x40, 0x0, 0x0,
    0x0, 0x1f, 0xff, 0xff, 0xff, 0x40, 0x0, 0x0,
    0x0, 0x0, 0x6, 0xff, 0xf9, 0x0, 0x0, 0x0,

    /* U+0056 "V" */
    0xbf, 0xff, 0x40, 0x0, 0x0, 0x0, 0x0, 0x7f,
    0xff, 0x4f, 0xff, 0xe0, 0x0, 0x0, 0x0, 0x0,
    0x2f, 0xff, 0xc3, 0xff, 0xfc, 0x0, 0x0, 0x0,
    0x0, 0xf, 0xff, 0xf0, 0xbf, 0xff, 0x40, 0x0,
    0x0, 0x0, 0x7, 0xff, 0xf4, 0x1f, 0xff, 0xe0,
    0x0, 0x0, 0x0, 0x2, 0xff, 0xfc, 0x3, 0xff,
    0xfc, 0x0, 0x0, 0x0, 0x0, 0xff, 0xff, 0x0,
    0xbf, 0xff, 0x0, 0x0, 0x0, 0x0, 0x3f, 0xff,
    0x80, 0x1f, 0xff, 0xd0, 0x0, 0x0, 0x0, 0x1f,
    0xff, 0xc0, 0x3, 0xff, 0xf8, 0x0, 0x0, 0x0,
    0xf, 0xff, 0xf0, 0x0, 0xbf, 0xff, 0x0, 0x0,
    0x0, 0x3, 0xff, 0xf8, 0x0, 0x1f, 0xff, 0xd0,
    0x0, 0x0, 0x1, 0xff, 0xfd, 0x0, 0x3, 0xff,
    0xf8, 0x0, 0x0, 0x0, 0xbf, 0xff, 0x0, 0x0,
    0xbf, 0xff, 0x0, 0x0, 0x0, 0x3f, 0xff, 0x80,
    0x0, 0x1f, 0xff, 0xc0, 0x0, 0x0, 0xf, 0xff,
    0xd0, 0x0, 0x3, 0xff, 0xf4, 0x0, 0x0, 0x7,
    0xff, 0xf0, 0x0, 0x0, 0xff, 0xfe, 0x0, 0x0,
    0x3, 0xff, 0xf8, 0x0, 0x0, 0x1f, 0xff, 0xc0,
    0x0, 0x0, 0xff, 0xfd, 0x0, 0x0, 0x3, 0xff,
    0xf4, 0x0, 0x0, 0x7f, 0xff, 0x0, 0x0, 0x0,
    0xff, 0xfe, 0x0, 0x0, 0x2f, 0xff, 0xc0, 0x0,
    0x0, 0x2f, 0xff, 0xc0, 0x0, 0xf, 0xff, 0xd0,
    0x0, 0x0, 0x3, 0xff, 0xf0, 0x0, 0x3, 0xff,
    0xf0, 0x0, 0x0, 0x0, 0xff, 0xfd, 0x0, 0x1,
    0xff, 0xfc, 0x0, 0x0, 0x0, 0x2f, 0xff, 0xc0,
    0x0, 0xff, 0xfe, 0x0, 0x0, 0x0, 0x7, 0xff,
    0xf0, 0x0, 0x3f, 0xff, 0x0, 0x0, 0x0, 0x0,
    0xff, 0xfd, 0x0, 0x1f, 0xff, 0xc0, 0x0, 0x0,
    0x0, 0x2f, 0xff, 0x80, 0xb, 0xff, 0xe0, 0x0,
    0x0, 0x0, 0x7, 0xff, 0xf0, 0x3, 0xff, 0xf4,
    0x0, 0x0, 0x0, 0x0, 0xff, 0xfc, 0x0, 0xff,
    0xfc, 0x0, 0x0, 0x0, 0x0, 0x2f, 0xff, 0x80,
    0x7f, 0xfe, 0x0, 0x0, 0x0, 0x0, 0x7, 0xff,
    0xf0, 0x3f, 0xff, 0x40, 0x0, 0x0, 0x0, 0x0,
    0xff, 0xfc, 0xf, 0xff, 0xc0, 0x0, 0x0, 0x0,
    0x0, 0x3f, 0xff, 0x47, 0xff, 0xe0, 0x0, 0x0,
    0x0, 0x0, 0x7, 0xff, 0xe2, 0xff, 0xf4, 0x0,
    0x0, 0x0, 0x0, 0x0, 0xff, 0xfc, 0xff, 0xfc,
    0x0, 0x0, 0x0, 0x0, 0x0, 0x3f, 0xff, 0x7f,
    0xff, 0x0, 0x0, 0x0, 0x0, 0x0, 0xb, 0xff,
    0xff, 0xff, 0x40, 0x0, 0x0, 0x0, 0x0, 0x0,
    0xff, 0xff, 0xff, 0xc0, 0x0, 0x0, 0x0, 0x0,
    0x0, 0x3f, 0xff, 0xff, 0xf0, 0x0, 0x0, 0x0,
    0x0, 0x0, 0xb, 0xff, 0xff, 0xf4, 0x0, 0x0,
    0x0, 0x0, 0x0, 0x1, 0xff, 0xff, 0xfc, 0x0,
    0x0, 0x0, 0x0, 0x0, 0x0, 0x3f, 0xff, 0xff,
    0x0, 0x0, 0x0, 0x0, 0x0, 0x0, 0xb, 0xff,
    0xff, 0x80, 0x0, 0x0, 0x0, 0x0, 0x0, 0x1,
    0xff, 0xff, 0xc0, 0x0, 0x0, 0x0, 0x0, 0x0,
    0x0, 0x3f, 0xff, 0xf0, 0x0, 0x0, 0x0, 0x0,
    0x0, 0x0, 0xb, 0xff, 0xf8, 0x0, 0x0, 0x0,
    0x0, 0x0, 0x0, 0x1, 0xff, 0xfd, 0x0, 0x0,
    0x0, 0x0, 0x0, 0x0, 0x0, 0x3f, 0xff, 0x0,
    0x0, 0x0, 0x0, 0x0, 0x0, 0x0, 0xf, 0xff,
    0x80, 0x0, 0x0, 0x0,

    /* U+0057 "W" */
    0xbf, 0xff, 0x0, 0x0, 0x0, 0x2, 0xff, 0xff,
    0xc0, 0x0, 0x0, 0x0, 0xbf, 0xfd, 0x7f, 0xff,
    0x0, 0x0, 0x0, 0x3, 0xff, 0xff, 0xd0, 0x0,
    0x0, 0x0, 0xff, 0xfc, 0x3f, 0xff, 0x40, 0x0,
    0x0, 0x3, 0xff, 0xff, 0xd0, 0x0, 0x0, 0x0,
    0xff, 0xfc, 0x3f, 0xff, 0x80, 0x0, 0x0, 0x7,
    0xff, 0xff, 0xe0, 0x0, 0x0, 0x1, 0xff, 0xf8,
    0x2f, 0xff, 0xc0, 0x0, 0x0, 0xb, 0xff, 0xff,
    0xf0, 0x0, 0x0, 0x2, 0xff, 0xf4, 0x1f, 0xff,
    0xc0, 0x0, 0x0, 0xf, 0xff, 0xff, 0xf0, 0x0,
    0x0, 0x2, 0xff, 0xf0, 0xf, 0xff, 0xd0, 0x0,
    0x0, 0xf, 0xff, 0xff, 0xf4, 0x0, 0x0, 0x3,
    0xff, 0xf0, 0xf, 0xff, 0xe0, 0x0, 0x0, 0xf,
    0xff, 0xff, 0xf8, 0x0, 0x0, 0x3, 0xff, 0xe0,
    0xb, 0xff, 0xf0, 0x0, 0x0, 0x1f, 0xff, 0xff,
    0xfc, 0x0, 0x0, 0x7, 0xff, 0xd0, 0x7, 0xff,
    0xf0, 0x0, 0x0, 0x2f, 0xff, 0xff, 0xfc, 0x0,
    0x0, 0xb, 0xff, 0xc0, 0x3, 0xff, 0xf0, 0x0,
    0x0, 0x3f, 0xff, 0xff, 0xfd, 0x0, 0x0, 0xf,
    0xff, 0xc0, 0x3, 0xff, 0xf4, 0x0, 0x0, 0x3f,
    0xfe, 0xff, 0xfd, 0x0, 0x0, 0xf, 0xff, 0x80,
    0x2, 0xff, 0xf8, 0x0, 0x0, 0x7f, 0xfd, 0xbf,
    0xfe, 0x0, 0x0, 0xf, 0xff, 0x40, 0x1, 0xff,
    0xfc, 0x0, 0x0, 0x7f, 0xfc, 0x7f, 0xff, 0x0,
    0x0, 0x1f, 0xff, 0x40, 0x0, 0xff, 0xfc, 0x0,
    0x0, 0xbf, 0xfc, 0x3f, 0xff, 0x0, 0x0, 0x2f,
    0xff, 0x0, 0x0, 0xff, 0xfd, 0x0, 0x0, 0xff,
    0xf8, 0x3f, 0xff, 0x40, 0x0, 0x3f, 0xff, 0x0,
    0x0, 0xbf, 0xfe, 0x0, 0x0, 0xff, 0xf4, 0x2f,
    0xff, 0x80, 0x0, 0x3f, 0xfe, 0x0, 0x0, 0x7f,
    0xff, 0x0, 0x1, 0xff, 0xf4, 0x1f, 0xff, 0xc0,
    0x0, 0x7f, 0xfd, 0x0, 0x0, 0x3f, 0xff, 0x0,
    0x2, 0xff, 0xf0, 0xf, 0xff, 0xc0, 0x0, 0x7f,
    0xfc, 0x0, 0x0, 0x3f, 0xff, 0x0, 0x2, 0xff,
    0xf0, 0xf, 0xff, 0xd0, 0x0, 0xbf, 0xfc, 0x0,
    0x0, 0x2f, 0xff, 0x40, 0x3, 0xff, 0xe0, 0xb,
    0xff, 0xd0, 0x0, 0xff, 0xf8, 0x0, 0x0, 0x1f,
    0xff, 0x80, 0x3, 0xff, 0xd0, 0x7, 0xff, 0xe0,
    0x0, 0xff, 0xf4, 0x0, 0x0, 0xf, 0xff, 0xc0,
    0x7, 0xff, 0xc0, 0x3, 0xff, 0xf0, 0x1, 0xff,
    0xf0, 0x0, 0x0, 0xf, 0xff, 0xc0, 0xb, 0xff,
    0xc0, 0x3, 0xff, 0xf0, 0x2, 0xff, 0xf0, 0x0,
    0x0, 0xb, 0xff, 0xd0, 0xf, 0xff, 0x80, 0x2,
    0xff, 0xf4, 0x2, 0xff, 0xe0, 0x0, 0x0, 0x7,
    0xff, 0xe0, 0xf, 0xff, 0x40, 0x1, 0xff, 0xf8,
    0x3, 0xff, 0xd0, 0x0, 0x0, 0x3, 0xff, 0xf0,
    0xf, 0xff, 0x0, 0x0, 0xff, 0xfc, 0x3, 0xff,
    0xc0, 0x0, 0x0, 0x3, 0xff, 0xf0, 0x1f, 0xff,
    0x0, 0x0, 0xff, 0xfc, 0x7, 0xff, 0xc0, 0x0,
    0x0, 0x2, 0xff, 0xf0, 0x2f, 0xfe, 0x0, 0x0,
    0xbf, 0xfd, 0xb, 0xff, 0x80, 0x0, 0x0, 0x1,
    0xff, 0xf4, 0x3f, 0xfd, 0x0, 0x0, 0x7f, 0xfd,
    0xf, 0xff, 0x40, 0x0, 0x0, 0x0, 0xff, 0xf8,
    0x3f, 0xfc, 0x0, 0x0, 0x3f, 0xfe, 0xf, 0xff,
    0x0, 0x0, 0x0, 0x0, 0xff, 0xfc, 0x7f, 0xfc,
    0x0, 0x0, 0x3f, 0xff, 0xf, 0xff, 0x0, 0x0,
    0x0, 0x0, 0xff, 0xfc, 0x7f, 0xf8, 0x0, 0x0,
    0x2f, 0xff, 0x1f, 0xff, 0x0, 0x0, 0x0, 0x0,
    0xbf, 0xfd, 0xbf, 0xf4, 0x0, 0x0, 0x1f, 0xff,
    0x6f, 0xfe, 0x0, 0x0, 0x0, 0x0, 0x7f, 0xfe,
    0xff, 0xf0, 0x0, 0x0, 0xf, 0xff, 0xbf, 0xfd,
    0x0, 0x0, 0x0, 0x0, 0x3f, 0xff, 0xff, 0xf0,
    0x0, 0x0, 0xf, 0xff, 0xff, 0xfc, 0x0, 0x0,
    0x0, 0x0, 0x3f, 0xff, 0xff, 0xe0, 0x0, 0x0,
    0xb, 0xff, 0xff, 0xfc, 0x0, 0x0, 0x0, 0x0,
    0x2f, 0xff, 0xff, 0xd0, 0x0, 0x0, 0x7, 0xff,
    0xff, 0xf8, 0x0, 0x0, 0x0, 0x0, 0x1f, 0xff,
    0xff, 0xc0, 0x0, 0x0, 0x3, 0xff, 0xff, 0xf4,
    0x0, 0x0, 0x0, 0x0, 0xf, 0xff, 0xff, 0xc0,
    0x0, 0x0, 0x3, 0xff, 0xff, 0xf0, 0x0, 0x0,
    0x0, 0x0, 0xf, 0xff, 0xff, 0x80, 0x0, 0x0,
    0x2, 0xff, 0xff, 0xf0, 0x0, 0x0, 0x0, 0x0,
    0xb, 0xff, 0xff, 0x40, 0x0, 0x0, 0x1, 0xff,
    0xff, 0xe0, 0x0, 0x0, 0x0, 0x0, 0x7, 0xff,
    0xff, 0x0, 0x0, 0x0, 0x0, 0xff, 0xff, 0xd0,
    0x0, 0x0, 0x0, 0x0, 0x3, 0xff, 0xff, 0x0,
    0x0, 0x0, 0x0, 0xff, 0xff, 0xc0, 0x0, 0x0,
    0x0, 0x0, 0x3, 0xff, 0xff, 0x0, 0x0, 0x0,
    0x0, 0xbf, 0xff, 0xc0, 0x0, 0x0, 0x0, 0x0,
    0x2, 0xff, 0xfe, 0x0, 0x0, 0x0, 0x0, 0x7f,
    0xff, 0x80, 0x0, 0x0, 0x0, 0x0, 0x1, 0xff,
    0xfd, 0x0, 0x0, 0x0, 0x0, 0x3f, 0xff, 0x40,
    0x0, 0x0, 0x0, 0x0, 0x0, 0xff, 0xfc, 0x0,
    0x0, 0x0, 0x0, 0x3f, 0xff, 0x0, 0x0, 0x0,

    /* U+0058 "X" */
    0xf, 0xff, 0xfc, 0x0, 0x0, 0x0, 0x0, 0x3f,
    0xff, 0xe0, 0xb, 0xff, 0xfd, 0x0, 0x0, 0x0,
    0x0, 0xbf, 0xff, 0xc0, 0x3, 0xff, 0xff, 0x0,
    0x0, 0x0, 0x0, 0xff, 0xff, 0x40, 0x1, 0xff,
    0xff, 0x40, 0x0, 0x0, 0x3, 0xff, 0xff, 0x0,
    0x0, 0xff, 0xff, 0xc0, 0x0, 0x0, 0x7, 0xff,
    0xfc, 0x0, 0x0, 0x3f, 0xff, 0xe0, 0x0, 0x0,
    0xf, 0xff, 0xf8, 0x0, 0x0, 0x2f, 0xff, 0xf0,
    0x0, 0x0, 0x1f, 0xff, 0xf0, 0x0, 0x0, 0xf,
    0xff, 0xf8, 0x0, 0x0, 0x3f, 0xff, 0xd0, 0x0,
    0x0, 0x7, 0xff, 0xfd, 0x0, 0x0, 0xbf, 0xff,
    0xc0, 0x0, 0x0, 0x3, 0xff, 0xff, 0x0, 0x0,
    0xff, 0xff, 0x0, 0x0, 0x0, 0x0, 0xff, 0xff,
    0x40, 0x2, 0xff, 0xfe, 0x0, 0x0, 0x0, 0x0,
    0xbf, 0xff, 0xc0, 0x3, 0xff, 0xfc, 0x0, 0x0,
    0x0, 0x0, 0x3f, 0xff, 0xe0, 0xf, 0xff, 0xf4,
    0x0, 0x0, 0x0, 0x0, 0x1f, 0xff, 0xf0, 0x1f,
    0xff, 0xf0, 0x0, 0x0, 0x0, 0x0, 0xf, 0xff,
    0xf8, 0x3f, 0xff, 0xc0, 0x0, 0x0, 0x0, 0x0,
    0x3, 0xff, 0xfc, 0x7f, 0xff, 0x80, 0x0, 0x0,
    0x0, 0x0, 0x2, 0xff, 0xff, 0xff, 0xff, 0x0,
    0x0, 0x0, 0x0, 0x0, 0x0, 0xff, 0xff, 0xff,
    0xfd, 0x0, 0x0, 0x0, 0x0, 0x0, 0x0, 0x7f,
    0xff, 0xff, 0xfc, 0x0, 0x0, 0x0, 0x0, 0x0,
    0x0, 0x3f, 0xff, 0xff, 0xf0, 0x0, 0x0, 0x0,
    0x0, 0x0, 0x0, 0xf, 0xff, 0xff, 0xe0, 0x0,
    0x0, 0x0, 0x0, 0x0, 0x0, 0xb, 0xff, 0xff,
    0xc0, 0x0, 0x0, 0x0, 0x0, 0x0, 0x0, 0x3,
    0xff, 0xff, 0x40, 0x0, 0x0, 0x0, 0x0, 0x0,
    0x0, 0x3, 0xff, 0xff, 0x80, 0x0, 0x0, 0x0,
    0x0, 0x0, 0x0, 0xb, 0xff, 0xff, 0xd0, 0x0,
    0x0, 0x0, 0x0, 0x0, 0x0, 0xf, 0xff, 0xff,
    0xf0, 0x0, 0x0, 0x0, 0x0, 0x0, 0x0, 0x2f,
    0xff, 0xff, 0xf4, 0x0, 0x0, 0x0, 0x0, 0x0,
    0x0, 0x7f, 0xff, 0xff, 0xfc, 0x0, 0x0, 0x0,
    0x0, 0x0, 0x0, 0xff, 0xff, 0xff, 0xfe, 0x0,
    0x0, 0x0, 0x0, 0x0, 0x2, 0xff, 0xfe, 0xff,
    0xff, 0x40, 0x0, 0x0, 0x0, 0x0, 0x3, 0xff,
    0xfc, 0xbf, 0xff, 0xc0, 0x0, 0x0, 0x0, 0x0,
    0xf, 0xff, 0xf4, 0x3f, 0xff, 0xd0, 0x0, 0x0,
    0x0, 0x0, 0x1f, 0xff, 0xf0, 0x1f, 0xff, 0xf0,
    0x0, 0x0, 0x0, 0x0, 0x3f, 0xff, 0xd0, 0xf,
    0xff, 0xf8, 0x0, 0x0, 0x0, 0x0, 0xbf, 0xff,
    0x80, 0x7, 0xff, 0xfd, 0x0, 0x0, 0x0, 0x0,
    0xff, 0xff, 0x0, 0x2, 0xff, 0xff, 0x0, 0x0,
    0x0, 0x3, 0xff, 0xfe, 0x0, 0x0, 0xff, 0xff,
    0x40, 0x0, 0x0, 0x7, 0xff, 0xfc, 0x0, 0x0,
    0xbf, 0xff, 0xc0, 0x0, 0x0, 0xf, 0xff, 0xf4,
    0x0, 0x0, 0x3f, 0xff, 0xe0, 0x0, 0x0, 0x2f,
    0xff, 0xf0, 0x0, 0x0, 0x1f, 0xff, 0xf4, 0x0,
    0x0, 0x3f, 0xff, 0xd0, 0x0, 0x0, 0xf, 0xff,
    0xfc, 0x0, 0x0, 0xff, 0xff, 0x80, 0x0, 0x0,
    0x7, 0xff, 0xfd, 0x0, 0x1, 0xff, 0xff, 0x0,
    0x0, 0x0, 0x3, 0xff, 0xff, 0x0, 0x3, 0xff,
    0xfe, 0x0, 0x0, 0x0, 0x0, 0xff, 0xff, 0x80,
    0xb, 0xff, 0xfc, 0x0, 0x0, 0x0, 0x0, 0xbf,
    0xff, 0xd0, 0xf, 0xff, 0xf4, 0x0, 0x0, 0x0,
    0x0, 0x3f, 0xff, 0xf0, 0x3f, 0xff, 0xf0, 0x0,
    0x0, 0x0, 0x0, 0x2f, 0xff, 0xf4, 0x7f, 0xff,
    0xd0, 0x0, 0x0, 0x0, 0x0, 0xf, 0xff, 0xfc,

    /* U+0059 "Y" */
    0x7f, 0xff, 0xc0, 0x0, 0x0, 0x0, 0x3, 0xff,
    0xfd, 0x3f, 0xff, 0xd0, 0x0, 0x0, 0x0, 0xb,
    0xff, 0xfc, 0x1f, 0xff, 0xf0, 0x0, 0x0, 0x0,
    0xf, 0xff, 0xf4, 0xf, 0xff, 0xf0, 0x0, 0x0,
    0x0, 0x1f, 0xff, 0xf0, 0x7, 0xff, 0xf8, 0x0,
    0x0, 0x0, 0x3f, 0xff, 0xd0, 0x3, 0xff, 0xfc,
    0x0, 0x0, 0x0, 0x7f, 0xff, 0xc0, 0x1, 0xff,
    0xfe, 0x0, 0x0, 0x0, 0xff, 0xff, 0x40, 0x0,
    0xff, 0xff, 0x0, 0x0, 0x0, 0xff, 0xff, 0x0,
    0x0, 0xbf, 0xff, 0x40, 0x0, 0x2, 0xff, 0xfd,
    0x0, 0x0, 0x3f, 0xff, 0xc0, 0x0, 0x3, 0xff,
    0xfc, 0x0, 0x0, 0x2f, 0xff, 0xd0, 0x0, 0xb,
    0xff, 0xf4, 0x0, 0x0, 0xf, 0xff, 0xf0, 0x0,
    0xf, 0xff, 0xf0, 0x0, 0x0, 0xb, 0xff, 0xf0,
    0x0, 0x1f, 0xff, 0xd0, 0x0, 0x0, 0x3, 0xff,
    0xf8, 0x0, 0x3f, 0xff, 0xc0, 0x0, 0x0, 0x2,
    0xff, 0xfc, 0x0, 0x7f, 0xff, 0x40, 0x0, 0x0,
    0x0, 0xff, 0xfe, 0x0, 0xff, 0xff, 0x0, 0x0,
    0x0, 0x0, 0xbf, 0xff, 0x1, 0xff, 0xfd, 0x0,
    0x0, 0x0, 0x0, 0x3f, 0xff, 0x42, 0xff, 0xfc,
    0x0, 0x0, 0x0, 0x0, 0x2f, 0xff, 0xc3, 0xff,
    0xf4, 0x0, 0x0, 0x0, 0x0, 0xf, 0xff, 0xdb,
    0xff, 0xf0, 0x0, 0x0, 0x0, 0x0, 0xb, 0xff,
    0xff, 0xff, 0xd0, 0x0, 0x0, 0x0, 0x0, 0x3,
    0xff, 0xff, 0xff, 0xc0, 0x0, 0x0, 0x0, 0x0,
    0x2, 0xff, 0xff, 0xff, 0x40, 0x0, 0x0, 0x0,
    0x0, 0x0, 0xff, 0xff, 0xff, 0x0, 0x0, 0x0,
    0x0, 0x0, 0x0, 0xbf, 0xff, 0xfd, 0x0, 0x0,
    0x0, 0x0, 0x0, 0x0, 0x3f, 0xff, 0xfc, 0x0,
    0x0, 0x0, 0x0, 0x0, 0x0, 0x2f, 0xff, 0xf8,
    0x0, 0x0, 0x0, 0x0, 0x0, 0x0, 0xf, 0xff,
    0xf0, 0x0, 0x0, 0x0, 0x0, 0x0, 0x0, 0xf,
    0xff, 0xe0, 0x0, 0x0, 0x0, 0x0, 0x0, 0x0,
    0xf, 0xff, 0xe0, 0x0, 0x0, 0x0, 0x0, 0x0,
    0x0, 0xf, 0xff, 0xe0, 0x0, 0x0, 0x0, 0x0,
    0x0, 0x0, 0xf, 0xff, 0xe0, 0x0, 0x0, 0x0,
    0x0, 0x0, 0x0, 0xf, 0xff, 0xe0, 0x0, 0x0,
    0x0, 0x0, 0x0, 0x0, 0xf, 0xff, 0xe0, 0x0,
    0x0, 0x0, 0x0, 0x0, 0x0, 0xf, 0xff, 0xe0,
    0x0, 0x0, 0x0, 0x0, 0x0, 0x0, 0xf, 0xff,
    0xe0, 0x0, 0x0, 0x0, 0x0, 0x0, 0x0, 0xf,
    0xff, 0xe0, 0x0, 0x0, 0x0, 0x0, 0x0, 0x0,
    0xf, 0xff, 0xe0, 0x0, 0x0, 0x0, 0x0, 0x0,
    0x0, 0xf, 0xff, 0xe0, 0x0, 0x0, 0x0, 0x0,
    0x0, 0x0, 0xf, 0xff, 0xe0, 0x0, 0x0, 0x0,
    0x0, 0x0, 0x0, 0xf, 0xff, 0xe0, 0x0, 0x0,
    0x0, 0x0, 0x0, 0x0, 0xf, 0xff, 0xe0, 0x0,
    0x0, 0x0, 0x0, 0x0, 0x0, 0xf, 0xff, 0xe0,
    0x0, 0x0, 0x0, 0x0, 0x0, 0x0, 0xf, 0xff,
    0xe0, 0x0, 0x0, 0x0, 0x0, 0x0, 0x0, 0xf,
    0xff, 0xe0, 0x0, 0x0, 0x0, 0x0, 0x0, 0x0,
    0xf, 0xff, 0xe0, 0x0, 0x0, 0x0, 0x0, 0x0,
    0x0, 0xf, 0xff, 0xe0, 0x0, 0x0, 0x0, 0x0,
    0x0, 0x0, 0xf, 0xff, 0xe0, 0x0, 0x0, 0x0,

    /* U+005A "Z" */
    0x3f, 0xff, 0xff, 0xff, 0xff, 0xff, 0xff, 0xf0,
    0xff, 0xff, 0xff, 0xff, 0xff, 0xff, 0xff, 0xc3,
    0xff, 0xff, 0xff, 0xff, 0xff, 0xff, 0xff, 0xf,
    0xff, 0xff, 0xff, 0xff, 0xff, 0xff, 0xfc, 0x3f,
    0xff, 0xff, 0xff, 0xff, 0xff, 0xff, 0xf0, 0xff,
    0xff, 0xff, 0xff, 0xff, 0xff, 0xff, 0xc3, 0xff,
    0xff, 0xff, 0xff, 0xff, 0xff, 0xff, 0x0, 0x0,
    0x0, 0x0, 0x0, 0xb, 0xff, 0xf8, 0x0, 0x0,
    0x0, 0x0, 0x0, 0x7f, 0xff, 0xc0, 0x0, 0x0,
    0x0, 0x0, 0x3, 0xff, 0xfd, 0x0, 0x0, 0x0,
    0x0, 0x0, 0x2f, 0xff, 0xf0, 0x0, 0x0, 0x0,
    0x0, 0x0, 0xff, 0xff, 0x0, 0x0, 0x0, 0x0,
    0x0, 0xf, 0xff, 0xf8, 0x0, 0x0, 0x0, 0x0,
    0x0, 0x7f, 0xff, 0xc0, 0x0, 0x0, 0x0, 0x0,
    0x3, 0xff, 0xfd, 0x0, 0x0, 0x0, 0x0, 0x0,
    0x2f, 0xff, 0xe0, 0x0, 0x0, 0x0, 0x0, 0x1,
    0xff, 0xff, 0x0, 0x0, 0x0, 0x0, 0x0, 0xf,
    0xff, 0xf4, 0x0, 0x0, 0x0, 0x0, 0x0, 0xbf,
    0xff, 0xc0, 0x0, 0x0, 0x0, 0x0, 0x3, 0xff,
    0xfc, 0x0, 0x0, 0x0, 0x0, 0x0, 0x3f, 0xff,
    0xe0, 0x0, 0x0, 0x0, 0x0, 0x1, 0xff, 0xff,
    0x0, 0x0, 0x0, 0x0, 0x0, 0xf, 0xff, 0xf4,
    0x0, 0x0, 0x0, 0x0, 0x0, 0xbf, 0xff, 0x80,
    0x0, 0x0, 0x0, 0x0, 0x7, 0xff, 0xfc, 0x0,
    0x0, 0x0, 0x0, 0x0, 0x3f, 0xff, 0xd0, 0x0,
    0x0, 0x0, 0x0, 0x2, 0xff, 0xff, 0x0, 0x0,
    0x0, 0x0, 0x0, 0xf, 0xff, 0xf0, 0x0, 0x0,
    0x0, 0x0, 0x0, 0xff, 0xff, 0x80, 0x0, 0x0,
    0x0, 0x0, 0x7, 0xff, 0xfc, 0x0, 0x0, 0x0,
    0x0, 0x0, 0x3f, 0xff, 0xd0, 0x0, 0x0, 0x0,
    0x0, 0x2, 0xff, 0xfe, 0x0, 0x0, 0x0, 0x0,
    0x0, 0x1f, 0xff, 0xf0, 0x0, 0x0, 0x0, 0x0,
    0x0, 0xff, 0xff, 0x40, 0x0, 0x0, 0x0, 0x0,
    0xb, 0xff, 0xfc, 0x0, 0x0, 0x0, 0x0, 0x0,
    0x3f, 0xff, 0xc0, 0x0, 0x0, 0x0, 0x0, 0x3,
    0xff, 0xfe, 0x0, 0x0, 0x0, 0x0, 0x0, 0x1f,
    0xff, 0xf0, 0x0, 0x0, 0x0, 0x0, 0x0, 0xff,
    0xff, 0x40, 0x0, 0x0, 0x0, 0x0, 0xb, 0xff,
    0xf8, 0x0, 0x0, 0x0, 0x0, 0x0, 0x7f, 0xff,
    0xc0, 0x0, 0x0, 0x0, 0x0, 0x2, 0xff, 0xff,
    0xff, 0xff, 0xff, 0xff, 0xff, 0xdb, 0xff, 0xff,
    0xff, 0xff, 0xff, 0xff, 0xff, 0xaf, 0xff, 0xff,
    0xff, 0xff, 0xff, 0xff, 0xfe, 0xbf, 0xff, 0xff,
    0xff, 0xff, 0xff, 0xff, 0xfa, 0xff, 0xff, 0xff,
    0xff, 0xff, 0xff, 0xff, 0xeb, 0xff, 0xff, 0xff,
    0xff, 0xff, 0xff, 0xff, 0xaf, 0xff, 0xff, 0xff,
    0xff, 0xff, 0xff, 0xfe,

    /* U+005B "[" */
    0x7f, 0xff, 0xff, 0xeb, 0xff, 0xff, 0xfe, 0xbf,
    0xff, 0xff, 0xeb, 0xff, 0xff, 0xfe, 0xbf, 0xff,
    0xff, 0xeb, 0xff, 0xff, 0xfe, 0xbf, 0xff, 0xff,
    0xeb, 0xff, 0xe0, 0x0, 0xbf, 0xfe, 0x0, 0xb,
    0xff, 0xe0, 0x0, 0xbf, 0xfe, 0x0, 0xb, 0xff,
    0xe0, 0x0, 0xbf, 0xfe, 0x0, 0xb, 0xff, 0xe0,
    0x0, 0xbf, 0xfe, 0x0, 0xb, 0xff, 0xe0, 0x0,
    0xbf, 0xfe, 0x0, 0xb, 0xff, 0xe0, 0x0, 0xbf,
    0xfe, 0x0, 0xb, 0xff, 0xe0, 0x0, 0xbf, 0xfe,
    0x0, 0xb, 0xff, 0xe0, 0x0, 0xbf, 0xfe, 0x0,
    0xb, 0xff, 0xe0, 0x0, 0xbf, 0xfe, 0x0, 0xb,
    0xff, 0xe0, 0x0, 0xbf, 0xfe, 0x0, 0xb, 0xff,
    0xe0, 0x0, 0xbf, 0xfe, 0x0, 0xb, 0xff, 0xe0,
    0x0, 0xbf, 0xfe, 0x0, 0xb, 0xff, 0xe0, 0x0,
    0xbf, 0xfe, 0x0, 0xb, 0xff, 0xe0, 0x0, 0xbf,
    0xfe, 0x0, 0xb, 0xff, 0xe0, 0x0, 0xbf, 0xfe,
    0x0, 0xb, 0xff, 0xe0, 0x0, 0xbf, 0xfe, 0x0,
    0xb, 0xff, 0xe0, 0x0, 0xbf, 0xfe, 0x0, 0xb,
    0xff, 0xe0, 0x0, 0xbf, 0xfe, 0x0, 0xb, 0xff,
    0xe0, 0x0, 0xbf, 0xfe, 0x0, 0xb, 0xff, 0xe0,
    0x0, 0xbf, 0xfe, 0x0, 0xb, 0xff, 0xe0, 0x0,
    0xbf, 0xfe, 0x0, 0xb, 0xff, 0xe0, 0x0, 0xbf,
    0xff, 0xff, 0xdb, 0xff, 0xff, 0xfe, 0xbf, 0xff,
    0xff, 0xeb, 0xff, 0xff, 0xfe, 0xbf, 0xff, 0xff,
    0xeb, 0xff, 0xff, 0xfe, 0xbf, 0xff, 0xff, 0xe0,

    /* U+005C "\\" */
    0x7f, 0xf8, 0x0, 0x0, 0x0, 0xf, 0xff, 0x0,
    0x0, 0x0, 0x3, 0xff, 0xc0, 0x0, 0x0, 0x0,
    0xbf, 0xf4, 0x0, 0x0, 0x0, 0x1f, 0xff, 0x0,
    0x0, 0x0, 0x3, 0xff, 0xc0, 0x0, 0x0, 0x0,
    0xbf, 0xf4, 0x0, 0x0, 0x0, 0x1f, 0xfe, 0x0,
    0x0, 0x0, 0x3, 0xff, 0xc0, 0x0, 0x0, 0x0,
    0xff, 0xf4, 0x0, 0x0, 0x0, 0x1f, 0xfe, 0x0,
    0x0, 0x0, 0x3, 0xff, 0xc0, 0x0, 0x0, 0x0,
    0xff, 0xf0, 0x0, 0x0, 0x0, 0x2f, 0xfd, 0x0,
    0x0, 0x0, 0x7, 0xff, 0xc0, 0x0, 0x0, 0x0,
    0xff, 0xf0, 0x0, 0x0, 0x0, 0x2f, 0xfd, 0x0,
    0x0, 0x0, 0x7, 0xff, 0x80, 0x0, 0x0, 0x0,
    0xff, 0xf0, 0x0, 0x0, 0x0, 0x3f, 0xfd, 0x0,
    0x0, 0x0, 0x7, 0xff, 0x80, 0x0, 0x0, 0x0,
    0xff, 0xf0, 0x0, 0x0, 0x0, 0x3f, 0xfc, 0x0,
    0x0, 0x0, 0xb, 0xff, 0x40, 0x0, 0x0, 0x1,
    0xff, 0xe0, 0x0, 0x0, 0x0, 0x3f, 0xfc, 0x0,
    0x0, 0x0, 0xb, 0xff, 0x40, 0x0, 0x0, 0x1,
    0xff, 0xe0, 0x0, 0x0, 0x0, 0x3f, 0xfc, 0x0,
    0x0, 0x0, 0xf, 0xff, 0x0, 0x0, 0x0, 0x2,
    0xff, 0xe0, 0x0, 0x0, 0x0, 0x3f, 0xfc, 0x0,
    0x0, 0x0, 0xf, 0xff, 0x0, 0x0, 0x0, 0x2,
    0xff, 0xd0, 0x0, 0x0, 0x0, 0x7f, 0xf8, 0x0,
    0x0, 0x0, 0xf, 0xff, 0x0, 0x0, 0x0, 0x2,
    0xff, 0xd0, 0x0, 0x0, 0x0, 0x7f, 0xf8, 0x0,
    0x0, 0x0, 0xf, 0xff, 0x0, 0x0, 0x0, 0x3,
    0xff, 0xc0, 0x0, 0x0, 0x0, 0xbf, 0xf8, 0x0,
    0x0, 0x0, 0xf, 0xff, 0x0, 0x0, 0x0, 0x3,
    0xff, 0xc0, 0x0, 0x0, 0x0, 0xbf, 0xf4, 0x0,
    0x0, 0x0, 0x1f, 0xfe, 0x0, 0x0, 0x0, 0x3,
    0xff, 0xc0, 0x0, 0x0, 0x0, 0xbf, 0xf4, 0x0,
    0x0, 0x0, 0x1f, 0xfe, 0x0, 0x0, 0x0, 0x2,
    0xaa, 0x40,

    /* U+005D "]" */
    0x7f, 0xff, 0xff, 0xdb, 0xff, 0xff, 0xfe, 0xbf,
    0xff, 0xff, 0xeb, 0xff, 0xff, 0xfe, 0xbf, 0xff,
    0xff, 0xeb, 0xff, 0xff, 0xfe, 0xbf, 0xff, 0xff,
    0xe0, 0x0, 0xbf, 0xfe, 0x0, 0xb, 0xff, 0xe0,
    0x0, 0xbf, 0xfe, 0x0, 0xb, 0xff, 0xe0, 0x0,
    0xbf, 0xfe, 0x0, 0xb, 0xff, 0xe0, 0x0, 0xbf,
    0xfe, 0x0, 0xb, 0xff, 0xe0, 0x0, 0xbf, 0xfe,
    0x0, 0xb, 0xff, 0xe0, 0x0, 0xbf, 0xfe, 0x0,
    0xb, 0xff, 0xe0, 0x0, 0xbf, 0xfe, 0x0, 0xb,
    0xff, 0xe0, 0x0, 0xbf, 0xfe, 0x0, 0xb, 0xff,
    0xe0, 0x0, 0xbf, 0xfe, 0x0, 0xb, 0xff, 0xe0,
    0x0, 0xbf, 0xfe, 0x0, 0xb, 0xff, 0xe0, 0x0,
    0xbf, 0xfe, 0x0, 0xb, 0xff, 0xe0, 0x0, 0xbf,
    0xfe, 0x0, 0xb, 0xff, 0xe0, 0x0, 0xbf, 0xfe,
    0x0, 0xb, 0xff, 0xe0, 0x0, 0xbf, 0xfe, 0x0,
    0xb, 0xff, 0xe0, 0x0, 0xbf, 0xfe, 0x0, 0xb,
    0xff, 0xe0, 0x0, 0xbf, 0xfe, 0x0, 0xb, 0xff,
    0xe0, 0x0, 0xbf, 0xfe, 0x0, 0xb, 0xff, 0xe0,
    0x0, 0xbf, 0xfe, 0x0, 0xb, 0xff, 0xe0, 0x0,
    0xbf, 0xfe, 0x0, 0xb, 0xff, 0xe0, 0x0, 0xbf,
    0xfe, 0x0, 0xb, 0xff, 0xe0, 0x0, 0xbf, 0xfe,
    0x0, 0xb, 0xff, 0xe0, 0x0, 0xbf, 0xfe, 0x7f,
    0xff, 0xff, 0xeb, 0xff, 0xff, 0xfe, 0xbf, 0xff,
    0xff, 0xeb, 0xff, 0xff, 0xfe, 0xbf, 0xff, 0xff,
    0xeb, 0xff, 0xff, 0xfe, 0xbf, 0xff, 0xff, 0xe0,

    /* U+005E "^" */
    0x0, 0x0, 0x0, 0xaa, 0x90, 0x0, 0x0, 0x0,
    0x0, 0x0, 0x2f, 0xff, 0x40, 0x0, 0x0, 0x0,
    0x0, 0x3, 0xff, 0xf8, 0x0, 0x0, 0x0, 0x0,
    0x0, 0x7f, 0xff, 0xc0, 0x0, 0x0, 0x0, 0x0,
    0xf, 0xff, 0xfd, 0x0, 0x0, 0x0, 0x0, 0x1,
    0xff, 0xff, 0xf0, 0x0, 0x0, 0x0, 0x0, 0x2f,
    0xff, 0xff, 0x40, 0x0, 0x0, 0x0, 0x3, 0xff,
    0xff, 0xf8, 0x0, 0x0, 0x0, 0x0, 0xbf, 0xf7,
    0xff, 0xc0, 0x0, 0x0, 0x0, 0xf, 0xff, 0x1f,
    0xfe, 0x0, 0x0, 0x0, 0x1, 0xff, 0xe0, 0xff,
    0xf0, 0x0, 0x0, 0x0, 0x2f, 0xfc, 0xb, 0xff,
    0x40, 0x0, 0x0, 0x3, 0xff, 0x80, 0x3f, 0xf8,
    0x0, 0x0, 0x0, 0xbf, 0xf4, 0x3, 0xff, 0xc0,
    0x0, 0x0, 0xf, 0xff, 0x0, 0x1f, 0xfe, 0x0,
    0x0, 0x1, 0xff, 0xe0, 0x0, 0xff, 0xf0, 0x0,
    0x0, 0x3f, 0xfc, 0x0, 0xb, 0xff, 0x40, 0x0,
    0x3, 0xff, 0x80, 0x0, 0x3f, 0xfc, 0x0, 0x0,
    0xbf, 0xf4, 0x0, 0x3, 0xff, 0xc0, 0x0, 0xf,
    0xff, 0x0, 0x0, 0x1f, 0xfe, 0x0, 0x1, 0xff,
    0xe0, 0x0, 0x0, 0xff, 0xf0, 0x0, 0x3f, 0xfc,
    0x0, 0x0, 0xb, 0xff, 0x40, 0x3, 0xff, 0xc0,
    0x0, 0x0, 0x3f, 0xfc, 0x0, 0xbf, 0xf4, 0x0,
    0x0, 0x3, 0xff, 0xc0, 0xf, 0xff, 0x0, 0x0,
    0x0, 0x1f, 0xfe, 0x1, 0xff, 0xe0, 0x0, 0x0,
    0x0, 0xff, 0xf0, 0x3f, 0xfc, 0x0, 0x0, 0x0,
    0xb, 0xff, 0x47, 0xff, 0xc0, 0x0, 0x0, 0x0,
    0x3f, 0xfc, 0xbf, 0xf4, 0x0, 0x0, 0x0, 0x3,
    0xff, 0xd0,

    /* U+005F "_" */
    0xff, 0xff, 0xff, 0xff, 0xff, 0xff, 0xff, 0xff,
    0xff, 0xff, 0xff, 0xff, 0xff, 0xff, 0xff, 0xff,
    0xff, 0xff, 0xff, 0xff, 0xff, 0xff, 0xff, 0xff,
    0xff, 0xff, 0xff, 0xff, 0xff, 0xff, 0xff, 0xff,
    0xff, 0xff, 0xff, 0xff, 0xff, 0xff, 0xff, 0xff,
    0xff, 0xc0,

    /* U+0060 "`" */
    0x7f, 0xff, 0x80, 0x0, 0x1f, 0xff, 0xd0, 0x0,
    0x7, 0xff, 0xf0, 0x0, 0x1, 0xff, 0xfc, 0x0,
    0x0, 0x7f, 0xff, 0x0, 0x0, 0x1f, 0xff, 0x80,
    0x0, 0x7, 0xff, 0xd0, 0x0, 0x1, 0xff, 0xf0,
    0x0, 0x0, 0x7f, 0xfc,

    /* U+007B "{" */
    0x0, 0x0, 0x1b, 0xff, 0xe0, 0x0, 0xf, 0xff,
    0xfe, 0x0, 0x3, 0xff, 0xff, 0xe0, 0x0, 0xbf,
    0xff, 0xfe, 0x0, 0xf, 0xff, 0xff, 0xe0, 0x1,
    0xff, 0xff, 0xfe, 0x0, 0x1f, 0xff, 0xe0, 0x0,
    0x2, 0xff, 0xf8, 0x0, 0x0, 0x2f, 0xff, 0x40,
    0x0, 0x2, 0xff, 0xf4, 0x0, 0x0, 0x2f, 0xff,
    0x40, 0x0, 0x2, 0xff, 0xf4, 0x0, 0x0, 0x2f,
    0xff, 0x40, 0x0, 0x2, 0xff, 0xf4, 0x0, 0x0,
    0x2f, 0xff, 0x40, 0x0, 0x2, 0xff, 0xf4, 0x0,
    0x0, 0x2f, 0xff, 0x40, 0x0, 0x2, 0xff, 0xf4,
    0x0, 0x0, 0x2f, 0xff, 0x40, 0x0, 0x2, 0xff,
    0xf4, 0x0, 0x0, 0x2f, 0xff, 0x40, 0x0, 0x2,
    0xff, 0xf4, 0x0, 0x0, 0x3f, 0xff, 0x0, 0x0,
    0x3, 0xff, 0xf0, 0x0, 0x0, 0xff, 0xff, 0x0,
    0x1, 0xbf, 0xff, 0xd0, 0x0, 0xbf, 0xff, 0xfc,
    0x0, 0xb, 0xff, 0xff, 0x0, 0x0, 0xbf, 0xff,
    0x40, 0x0, 0xb, 0xff, 0xfd, 0x0, 0x0, 0xbf,
    0xff, 0xf8, 0x0, 0xb, 0xff, 0xff, 0xd0, 0x0,
    0x6, 0xff, 0xfe, 0x0, 0x0, 0xb, 0xff, 0xf0,
    0x0, 0x0, 0x3f, 0xff, 0x0, 0x0, 0x2, 0xff,
    0xf4, 0x0, 0x0, 0x2f, 0xff, 0x40, 0x0, 0x2,
    0xff, 0xf4, 0x0, 0x0, 0x2f, 0xff, 0x40, 0x0,
    0x2, 0xff, 0xf4, 0x0, 0x0, 0x2f, 0xff, 0x40,
    0x0, 0x2, 0xff, 0xf4, 0x0, 0x0, 0x2f, 0xff,
    0x40, 0x0, 0x2, 0xff, 0xf4, 0x0, 0x0, 0x2f,
    0xff, 0x40, 0x0, 0x2, 0xff, 0xf4, 0x0, 0x0,
    0x2f, 0xff, 0x40, 0x0, 0x2, 0xff, 0xf4, 0x0,
    0x0, 0x2f, 0xff, 0x40, 0x0, 0x2, 0xff, 0xf8,
    0x0, 0x0, 0x1f, 0xff, 0xd0, 0x0, 0x1, 0xff,
    0xff, 0xfe, 0x0, 0xf, 0xff, 0xff, 0xe0, 0x0,
    0xbf, 0xff, 0xfe, 0x0, 0x3, 0xff, 0xff, 0xe0,
    0x0, 0xf, 0xff, 0xfe, 0x0, 0x0, 0x1b, 0xff,
    0xe0,

    /* U+007C "|" */
    0x3f, 0xfe, 0x3f, 0xfe, 0x3f, 0xfe, 0x3f, 0xfe,
    0x3f, 0xfe, 0x3f, 0xfe, 0x3f, 0xfe, 0x3f, 0xfe,
    0x3f, 0xfe, 0x3f, 0xfe, 0x3f, 0xfe, 0x3f, 0xfe,
    0x3f, 0xfe, 0x3f, 0xfe, 0x3f, 0xfe, 0x3f, 0xfe,
    0x3f, 0xfe, 0x3f, 0xfe, 0x3f, 0xfe, 0x3f, 0xfe,
    0x3f, 0xfe, 0x3f, 0xfe, 0x3f, 0xfe, 0x3f, 0xfe,
    0x3f, 0xfe, 0x3f, 0xfe, 0x3f, 0xfe, 0x3f, 0xfe,
    0x3f, 0xfe, 0x3f, 0xfe, 0x3f, 0xfe, 0x3f, 0xfe,
    0x3f, 0xfe, 0x3f, 0xfe, 0x3f, 0xfe, 0x3f, 0xfe,
    0x3f, 0xfe, 0x3f, 0xfe, 0x3f, 0xfe, 0x3f, 0xfe,
    0x3f, 0xfe, 0x3f, 0xfe, 0x3f, 0xfe, 0x3f, 0xfe,
    0x3f, 0xfe, 0x3f, 0xfe, 0x3f, 0xfe, 0x3f, 0xfe,
    0x3f, 0xfe, 0x3f, 0xfe, 0x3f, 0xfe, 0x3f, 0xfe,
    0x3f, 0xfe, 0x3f, 0xfe, 0x3f, 0xfe, 0x3f, 0xfe,
    0x3f, 0xfe,

    /* U+007D "}" */
    0xbf, 0xfe, 0x40, 0x0, 0xb, 0xff, 0xff, 0x0,
    0x0, 0xbf, 0xff, 0xfc, 0x0, 0xb, 0xff, 0xff,
    0xe0, 0x0, 0xbf, 0xff, 0xff, 0x0, 0xb, 0xff,
    0xff, 0xf4, 0x0, 0x0, 0xbf, 0xff, 0x40, 0x0,
    0x2, 0xff, 0xf8, 0x0, 0x0, 0x1f, 0xff, 0x80,
    0x0, 0x0, 0xff, 0xf8, 0x0, 0x0, 0xf, 0xff,
    0x80, 0x0, 0x0, 0xff, 0xf8, 0x0, 0x0, 0xf,
    0xff, 0x80, 0x0, 0x0, 0xff, 0xf8, 0x0, 0x0,
    0xf, 0xff, 0x80, 0x0, 0x0, 0xff, 0xf8, 0x0,
    0x0, 0xf, 0xff, 0x80, 0x0, 0x0, 0xff, 0xf8,
    0x0, 0x0, 0xf, 0xff, 0x80, 0x0, 0x0, 0xff,
    0xf8, 0x0, 0x0, 0xf, 0xff, 0x80, 0x0, 0x0,
    0xff, 0xf8, 0x0, 0x0, 0xf, 0xff, 0xc0, 0x0,
    0x0, 0xff, 0xfd, 0x0, 0x0, 0xb, 0xff, 0xf0,
    0x0, 0x0, 0x7f, 0xff, 0xe5, 0x0, 0x3, 0xff,
    0xff, 0xe0, 0x0, 0xf, 0xff, 0xfe, 0x0, 0x0,
    0x1f, 0xff, 0xe0, 0x0, 0x7, 0xff, 0xfe, 0x0,
    0x1, 0xff, 0xff, 0xe0, 0x0, 0x3f, 0xff, 0xfe,
    0x0, 0xb, 0xff, 0xf9, 0x0, 0x0, 0xff, 0xfe,
    0x0, 0x0, 0xf, 0xff, 0xc0, 0x0, 0x0, 0xff,
    0xfc, 0x0, 0x0, 0xf, 0xff, 0x80, 0x0, 0x0,
    0xff, 0xf8, 0x0, 0x0, 0xf, 0xff, 0x80, 0x0,
    0x0, 0xff, 0xf8, 0x0, 0x0, 0xf, 0xff, 0x80,
    0x0, 0x0, 0xff, 0xf8, 0x0, 0x0, 0xf, 0xff,
    0x80, 0x0, 0x0, 0xff, 0xf8, 0x0, 0x0, 0xf,
    0xff, 0x80, 0x0, 0x0, 0xff, 0xf8, 0x0, 0x0,
    0xf, 0xff, 0x80, 0x0, 0x0, 0xff, 0xf8, 0x0,
    0x0, 0x1f, 0xff, 0x80, 0x0, 0x2, 0xff, 0xf8,
    0x0, 0x0, 0x7f, 0xff, 0x40, 0xb, 0xff, 0xff,
    0xf4, 0x0, 0xbf, 0xff, 0xff, 0x0, 0xb, 0xff,
    0xff, 0xe0, 0x0, 0xbf, 0xff, 0xfc, 0x0, 0xb,
    0xff, 0xff, 0x0, 0x0, 0xbf, 0xfe, 0x40, 0x0,
    0x0,

    /* U+007E "~" */
    0x0, 0x0, 0x0, 0x0, 0x0, 0x0, 0x0, 0x0,
    0x0, 0x1b, 0xff, 0x80, 0x0, 0x0, 0x70, 0x0,
    0x2, 0xff, 0xff, 0xe0, 0x0, 0x3, 0xf8, 0x0,
    0x3f, 0xff, 0xff, 0xf4, 0x0, 0x2f, 0xfd, 0x3,
    0xff, 0xff, 0xff, 0xfe, 0x47, 0xff, 0xf4, 0x3f,
    0xff, 0xff, 0xff, 0xff, 0xff, 0xff, 0xc1, 0xff,
    0xff, 0xff, 0xff, 0xff, 0xff, 0xfd, 0xf, 0xff,
    0xd0, 0x1f, 0xff, 0xff, 0xff, 0xe0, 0x1f, 0xfc,
    0x0, 0xb, 0xff, 0xff, 0xfe, 0x0, 0xb, 0xd0,
    0x0, 0x2, 0xff, 0xff, 0xd0, 0x0, 0x2, 0x0,
    0x0, 0x0, 0xbf, 0xe4, 0x0, 0x0
};


/*---------------------
 *  GLYPH DESCRIPTION
 *--------------------*/

static const lv_font_fmt_txt_glyph_dsc_t glyph_dsc[] = {
    {.bitmap_index = 0, .adv_w = 0, .box_w = 0, .box_h = 0, .ofs_x = 0, .ofs_y = 0} /* id = 0 reserved */,
    {.bitmap_index = 0, .adv_w = 267, .box_w = 9, .box_h = 48, .ofs_x = 4, .ofs_y = 0},
    {.bitmap_index = 108, .adv_w = 388, .box_w = 20, .box_h = 20, .ofs_x = 2, .ofs_y = 28},
    {.bitmap_index = 208, .adv_w = 576, .box_w = 34, .box_h = 48, .ofs_x = 1, .ofs_y = 0},
    {.bitmap_index = 616, .adv_w = 529, .box_w = 28, .box_h = 55, .ofs_x = 2, .ofs_y = -4},
    {.bitmap_index = 1001, .adv_w = 956, .box_w = 56, .box_h = 50, .ofs_x = 2, .ofs_y = -1},
    {.bitmap_index = 1701, .adv_w = 650, .box_w = 35, .box_h = 49, .ofs_x = 3, .ofs_y = 0},
    {.bitmap_index = 2130, .adv_w = 202, .box_w = 8, .box_h = 20, .ofs_x = 2, .ofs_y = 28},
    {.bitmap_index = 2170, .adv_w = 328, .box_w = 15, .box_h = 57, .ofs_x = 3, .ofs_y = -6},
    {.bitmap_index = 2384, .adv_w = 328, .box_w = 15, .box_h = 57, .ofs_x = 3, .ofs_y = -6},
    {.bitmap_index = 2598, .adv_w = 410, .box_w = 20, .box_h = 21, .ofs_x = 3, .ofs_y = 27},
    {.bitmap_index = 2703, .adv_w = 568, .box_w = 30, .box_h = 30, .ofs_x = 3, .ofs_y = 4},
    {.bitmap_index = 2928, .adv_w = 202, .box_w = 8, .box_h = 19, .ofs_x = 2, .ofs_y = -11},
    {.bitmap_index = 2966, .adv_w = 427, .box_w = 20, .box_h = 7, .ofs_x = 3, .ofs_y = 20},
    {.bitmap_index = 3001, .adv_w = 226, .box_w = 10, .box_h = 9, .ofs_x = 2, .ofs_y = 0},
    {.bitmap_index = 3024, .adv_w = 436, .box_w = 21, .box_h = 49, .ofs_x = 3, .ofs_y = -1},
    {.bitmap_index = 3282, .adv_w = 549, .box_w = 28, .box_h = 49, .ofs_x = 3, .ofs_y = 0},
    {.bitmap_index = 3625, .adv_w = 371, .box_w = 17, .box_h = 48, .ofs_x = 2, .ofs_y = 0},
    {.bitmap_index = 3829, .adv_w = 527, .box_w = 27, .box_h = 48, .ofs_x = 3, .ofs_y = 0},
    {.bitmap_index = 4153, .adv_w = 545, .box_w = 28, .box_h = 49, .ofs_x = 3, .ofs_y = 0},
    {.bitmap_index = 4496, .adv_w = 558, .box_w = 31, .box_h = 48, .ofs_x = 2, .ofs_y = 0},
    {.bitmap_index = 4868, .adv_w = 536, .box_w = 27, .box_h = 48, .ofs_x = 3, .ofs_y = 0},
    {.bitmap_index = 5192, .adv_w = 553, .box_w = 29, .box_h = 48, .ofs_x = 3, .ofs_y = 0},
    {.bitmap_index = 5540, .adv_w = 487, .box_w = 27, .box_h = 48, .ofs_x = 2, .ofs_y = 0},
    {.bitmap_index = 5864, .adv_w = 566, .box_w = 29, .box_h = 49, .ofs_x = 3, .ofs_y = 0},
    {.bitmap_index = 6220, .adv_w = 553, .box_w = 29, .box_h = 48, .ofs_x = 3, .ofs_y = 0},
    {.bitmap_index = 6568, .adv_w = 226, .box_w = 10, .box_h = 32, .ofs_x = 2, .ofs_y = 0},
    {.bitmap_index = 6648, .adv_w = 226, .box_w = 10, .box_h = 43, .ofs_x = 2, .ofs_y = -11},
    {.bitmap_index = 6756, .adv_w = 568, .box_w = 30, .box_h = 30, .ofs_x = 3, .ofs_y = 4},
    {.bitmap_index = 6981, .adv_w = 568, .box_w = 30, .box_h = 21, .ofs_x = 3, .ofs_y = 9},
    {.bitmap_index = 7139, .adv_w = 568, .box_w = 30, .box_h = 30, .ofs_x = 3, .ofs_y = 4},
    {.bitmap_index = 7364, .adv_w = 482, .box_w = 26, .box_h = 48, .ofs_x = 2, .ofs_y = 0},
    {.bitmap_index = 7676, .adv_w = 949, .box_w = 53, .box_h = 58, .ofs_x = 3, .ofs_y = -10},
    {.bitmap_index = 8445, .adv_w = 648, .box_w = 41, .box_h = 48, .ofs_x = 0, .ofs_y = 0},
    {.bitmap_index = 8937, .adv_w = 656, .box_w = 34, .box_h = 48, .ofs_x = 4, .ofs_y = 0},
    {.bitmap_index = 9345, .adv_w = 656, .box_w = 35, .box_h = 49, .ofs_x = 3, .ofs_y = 0},
    {.bitmap_index = 9774, .adv_w = 660, .box_w = 34, .box_h = 48, .ofs_x = 4, .ofs_y = 0},
    {.bitmap_index = 10182, .adv_w = 601, .box_w = 31, .box_h = 48, .ofs_x = 4, .ofs_y = 0},
    {.bitmap_index = 10554, .adv_w = 601, .box_w = 31, .box_h = 48, .ofs_x = 4, .ofs_y = 0},
    {.bitmap_index = 10926, .adv_w = 656, .box_w = 35, .box_h = 49, .ofs_x = 3, .ofs_y = 0},
    {.bitmap_index = 11355, .adv_w = 669, .box_w = 34, .box_h = 48, .ofs_x = 4, .ofs_y = 0},
    {.bitmap_index = 11763, .adv_w = 270, .box_w = 9, .box_h = 48, .ofs_x = 4, .ofs_y = 0},
    {.bitmap_index = 11871, .adv_w = 353, .box_w = 17, .box_h = 48, .ofs_x = 1, .ofs_y = 0},
    {.bitmap_index = 12075, .adv_w = 659, .box_w = 37, .box_h = 48, .ofs_x = 4, .ofs_y = 0},
    {.bitmap_index = 12519, .adv_w = 565, .box_w = 30, .box_h = 48, .ofs_x = 4, .ofs_y = 0},
    {.bitmap_index = 12879, .adv_w = 819, .box_w = 43, .box_h = 48, .ofs_x = 4, .ofs_y = 0},
    {.bitmap_index = 13395, .adv_w = 700, .box_w = 36, .box_h = 48, .ofs_x = 4, .ofs_y = 0},
    {.bitmap_index = 13827, .adv_w = 656, .box_w = 35, .box_h = 49, .ofs_x = 3, .ofs_y = 0},
    {.bitmap_index = 14256, .adv_w = 619, .box_w = 33, .box_h = 48, .ofs_x = 4, .ofs_y = 0},
    {.bitmap_index = 14652, .adv_w = 656, .box_w = 35, .box_h = 60, .ofs_x = 3, .ofs_y = -11},
    {.bitmap_index = 15177, .adv_w = 652, .box_w = 35, .box_h = 48, .ofs_x = 4, .ofs_y = 0},
    {.bitmap_index = 15597, .adv_w = 595, .box_w = 34, .box_h = 49, .ofs_x = 1, .ofs_y = 0},
    {.bitmap_index = 16014, .adv_w = 555, .box_w = 33, .box_h = 48, .ofs_x = 1, .ofs_y = 0},
    {.bitmap_index = 16410, .adv_w = 675, .box_w = 34, .box_h = 48, .ofs_x = 4, .ofs_y = 0},
    {.bitmap_index = 16818, .adv_w = 591, .box_w = 37, .box_h = 48, .ofs_x = 0, .ofs_y = 0},
    {.bitmap_index = 17262, .adv_w = 893, .box_w = 56, .box_h = 48, .ofs_x = 0, .ofs_y = 0},
    {.bitmap_index = 17934, .adv_w = 635, .box_w = 40, .box_h = 48, .ofs_x = 0, .ofs_y = 0},
    {.bitmap_index = 18414, .adv_w = 573, .box_w = 36, .box_h = 48, .ofs_x = 0, .ofs_y = 0},
    {.bitmap_index = 18846, .adv_w = 554, .box_w = 31, .box_h = 48, .ofs_x = 2, .ofs_y = 0},
    {.bitmap_index = 19218, .adv_w = 335, .box_w = 14, .box_h = 57, .ofs_x = 4, .ofs_y = -6},
    {.bitmap_index = 19418, .adv_w = 436, .box_w = 21, .box_h = 49, .ofs_x = 3, .ofs_y = -1},
    {.bitmap_index = 19676, .adv_w = 336, .box_w = 14, .box_h = 57, .ofs_x = 3, .ofs_y = -6},
    {.bitmap_index = 19876, .adv_w = 568, .box_w = 30, .box_h = 29, .ofs_x = 3, .ofs_y = 19},
    {.bitmap_index = 20094, .adv_w = 528, .box_w = 33, .box_h = 5, .ofs_x = 0, .ofs_y = -8},
    {.bitmap_index = 20136, .adv_w = 544, .box_w = 16, .box_h = 9, .ofs_x = 9, .ofs_y = 40},
    {.bitmap_index = 20172, .adv_w = 384, .box_w = 18, .box_h = 57, .ofs_x = 3, .ofs_y = -6},
    {.bitmap_index = 20429, .adv_w = 329, .box_w = 8, .box_h = 57, .ofs_x = 6, .ofs_y = -6},
    {.bitmap_index = 20543, .adv_w = 384, .box_w = 18, .box_h = 57, .ofs_x = 3, .ofs_y = -6},
    {.bitmap_index = 20800, .adv_w = 568, .box_w = 31, .box_h = 11, .ofs_x = 2, .ofs_y = 14}
};

/*---------------------
 *  CHARACTER MAPPING
 *--------------------*/



/*Collect the unicode lists and glyph_id offsets*/
static const lv_font_fmt_txt_cmap_t cmaps[] =
{
    {
        .range_start = 33, .range_length = 64, .glyph_id_start = 1,
        .unicode_list = NULL, .glyph_id_ofs_list = NULL, .list_length = 0, .type = LV_FONT_FMT_TXT_CMAP_FORMAT0_TINY
    },
    {
        .range_start = 123, .range_length = 4, .glyph_id_start = 65,
        .unicode_list = NULL, .glyph_id_ofs_list = NULL, .list_length = 0, .type = LV_FONT_FMT_TXT_CMAP_FORMAT0_TINY
    }
};

/*-----------------
 *    KERNING
 *----------------*/


/*Pair left and right glyphs for kerning*/
static const uint8_t kern_pair_glyph_ids[] =
{
    13, 52,
    13, 54,
    13, 55,
    13, 57,
    16, 23,
    18, 23,
    19, 23,
    20, 23,
    22, 23,
    23, 19,
    23, 20,
    23, 22,
    23, 24,
    23, 25,
    24, 23,
    25, 23,
    33, 12,
    33, 14,
    33, 35,
    33, 39,
    33, 47,
    33, 49,
    33, 52,
    33, 53,
    33, 54,
    33, 55,
    33, 57,
    34, 54,
    34, 55,
    34, 57,
    38, 12,
    38, 14,
    38, 33,
    43, 35,
    43, 39,
    43, 47,
    43, 49,
    44, 13,
    44, 35,
    44, 39,
    44, 47,
    44, 49,
    44, 52,
    44, 53,
    44, 54,
    44, 55,
    44, 57,
    44, 60,
    48, 12,
    48, 14,
    48, 33,
    50, 55,
    51, 57,
    52, 12,
    52, 13,
    52, 14,
    52, 26,
    52, 27,
    52, 33,
    52, 35,
    52, 39,
    52, 47,
    52, 49,
    52, 55,
    53, 12,
    53, 14,
    53, 33,
    54, 12,
    54, 13,
    54, 14,
    54, 26,
    54, 27,
    54, 33,
    54, 35,
    54, 39,
    54, 47,
    54, 49,
    55, 12,
    55, 13,
    55, 14,
    55, 33,
    56, 35,
    56, 39,
    56, 47,
    56, 49
};

/* Kerning between the respective left and right glyphs
 * 4.4 format which needs to scaled with `kern_scale`*/
static const int8_t kern_pair_values[] =
{
    -61, -34, -27, -61, -17, -8, -26, -35,
    -27, -17, -35, -35, -8, -13, -26, -17,
    17, 17, -8, -8, -8, -8, -67, -16,
    -32, -16, -41, -12, -4, -8, -120, -120,
    -59, -22, -22, -22, -22, -113, -34, -34,
    -34, -34, -99, -47, -88, -60, -93, -43,
    -98, -98, -38, 9, -8, -68, -61, -68,
    -34, -34, -67, -26, -26, -26, -26, 17,
    -34, -34, -21, -59, -34, -59, -16, -16,
    -26, -8, -8, -8, -8, -48, -27, -48,
    -16, -14, -14, -14, -14
};

/*Collect the kern pair's data in one place*/
static const lv_font_fmt_txt_kern_pair_t kern_pairs =
{
    .glyph_ids = kern_pair_glyph_ids,
    .values = kern_pair_values,
    .pair_cnt = 85,
    .glyph_ids_size = 0
};

/*--------------------
 *  ALL CUSTOM DATA
 *--------------------*/

#if LVGL_VERSION_MAJOR == 8
/*Store all the custom data of the font*/
static  lv_font_fmt_txt_glyph_cache_t cache;
#endif

#if LVGL_VERSION_MAJOR >= 8
static const lv_font_fmt_txt_dsc_t font_dsc = {
#else
static lv_font_fmt_txt_dsc_t font_dsc = {
#endif
    .glyph_bitmap = glyph_bitmap,
    .glyph_dsc = glyph_dsc,
    .cmaps = cmaps,
    .kern_dsc = &kern_pairs,
    .kern_scale = 20,
    .cmap_num = 2,
    .bpp = 2,
    .kern_classes = 0,
    .bitmap_format = 0,
#if LVGL_VERSION_MAJOR == 8
    .cache = &cache
#endif
};



/*-----------------
 *  PUBLIC FONT
 *----------------*/

/*Initialize a public general font descriptor*/
#if LVGL_VERSION_MAJOR >= 8
const lv_font_t DINish_SemiBold_68 = {
#else
lv_font_t DINish_SemiBold_68 = {
#endif
    .get_glyph_dsc = lv_font_get_glyph_dsc_fmt_txt,    /*Function pointer to get glyph's data*/
    .get_glyph_bitmap = lv_font_get_bitmap_fmt_txt,    /*Function pointer to get glyph's bitmap*/
    .line_height = 62,          /*The maximum line height required by the font*/
    .base_line = 11,             /*Baseline measured from the bottom of the line*/
#if !(LVGL_VERSION_MAJOR == 6 && LVGL_VERSION_MINOR == 0)
    .subpx = LV_FONT_SUBPX_NONE,
#endif
#if LV_VERSION_CHECK(7, 4, 0) || LVGL_VERSION_MAJOR >= 8
    .underline_position = -10,
    .underline_thickness = 3,
#endif
    .dsc = &font_dsc,          /*The custom font data. Will be accessed by `get_glyph_bitmap/dsc` */
#if LV_VERSION_CHECK(8, 2, 0) || LVGL_VERSION_MAJOR >= 9
    .fallback = NULL,
#endif
    .user_data = NULL,
};



#endif /*#if DINISH_SEMIBOLD_68*/

