#include <lvgl.h>
/*******************************************************************************
 * Size: 65 px
 * Bpp: 2
 * Opts: --font ttf/DINish-SemiBold.ttf --bpp 2 --size 65 --no-compress --format lvgl --r 0x21-0x60,0x7B-0x7E -o 65/DINish_SemiBold_65.c
 ******************************************************************************/


#ifndef DINISH_SEMIBOLD_65
#define DINISH_SEMIBOLD_65 1
#endif

#if DINISH_SEMIBOLD_65

/*-----------------
 *    BITMAPS
 *----------------*/

/*Store the image of the glyphs*/
static LV_ATTRIBUTE_LARGE_CONST const uint8_t glyph_bitmap[] = {
    /* U+0021 "!" */
    0xff, 0xff, 0xff, 0xff, 0xff, 0xff, 0xff, 0xff,
    0xff, 0xff, 0xff, 0xfe, 0xbf, 0xfe, 0xbf, 0xfe,
    0xbf, 0xfe, 0xbf, 0xfe, 0xbf, 0xfe, 0x7f, 0xfd,
    0x7f, 0xfd, 0x7f, 0xfd, 0x7f, 0xfd, 0x7f, 0xfd,
    0x7f, 0xfc, 0x3f, 0xfc, 0x3f, 0xfc, 0x3f, 0xfc,
    0x3f, 0xfc, 0x3f, 0xfc, 0x3f, 0xfc, 0x3f, 0xfc,
    0x3f, 0xfc, 0x3f, 0xfc, 0x3f, 0xfc, 0x3f, 0xf8,
    0x2f, 0xf8, 0x2f, 0xf8, 0x1a, 0xa4, 0x0, 0x0,
    0x0, 0x0, 0x0, 0x0, 0x0, 0x0, 0x0, 0x0,
    0x0, 0x0, 0xaa, 0xaa, 0xff, 0xff, 0xff, 0xff,
    0xff, 0xff, 0xff, 0xff, 0xff, 0xff, 0xff, 0xff,
    0xff, 0xff,

    /* U+0022 "\"" */
    0x3f, 0xfd, 0x0, 0xff, 0xf4, 0xff, 0xf4, 0x3,
    0xff, 0xd3, 0xff, 0xd0, 0xf, 0xff, 0x4f, 0xff,
    0x40, 0x3f, 0xfd, 0x3f, 0xfd, 0x0, 0xff, 0xf4,
    0xff, 0xf4, 0x3, 0xff, 0xd3, 0xff, 0xd0, 0xf,
    0xff, 0x4f, 0xff, 0x40, 0x3f, 0xfd, 0x3f, 0xfd,
    0x0, 0xff, 0xf4, 0xff, 0xf4, 0x3, 0xff, 0xd3,
    0xff, 0xd0, 0xf, 0xff, 0x4f, 0xff, 0x40, 0x3f,
    0xfd, 0x3f, 0xfd, 0x0, 0xff, 0xf4, 0xff, 0xf4,
    0x3, 0xff, 0xd3, 0xff, 0xd0, 0xf, 0xff, 0x4f,
    0xff, 0x40, 0x3f, 0xfd, 0x3f, 0xfd, 0x0, 0xff,
    0xf4, 0xff, 0xf4, 0x3, 0xff, 0xd0,

    /* U+0023 "#" */
    0x0, 0x0, 0x2f, 0xfc, 0x0, 0x7, 0xff, 0x40,
    0x0, 0x0, 0xf, 0xff, 0x0, 0x1, 0xff, 0xd0,
    0x0, 0x0, 0x3, 0xff, 0xc0, 0x0, 0xbf, 0xf0,
    0x0, 0x0, 0x0, 0xff, 0xe0, 0x0, 0x2f, 0xfc,
    0x0, 0x0, 0x0, 0x3f, 0xf8, 0x0, 0xf, 0xff,
    0x0, 0x0, 0x0, 0x1f, 0xfd, 0x0, 0x3, 0xff,
    0xc0, 0x0, 0x0, 0x7, 0xff, 0x40, 0x0, 0xff,
    0xe0, 0x0, 0x0, 0x2, 0xff, 0xc0, 0x0, 0x3f,
    0xf8, 0x0, 0x0, 0x0, 0xbf, 0xf0, 0x0, 0x1f,
    0xfd, 0x0, 0x0, 0x0, 0x3f, 0xfc, 0x0, 0x7,
    0xff, 0x40, 0x0, 0x0, 0xf, 0xff, 0x0, 0x2,
    0xff, 0xc0, 0x0, 0x0, 0x3, 0xff, 0x80, 0x0,
    0xbf, 0xf0, 0x0, 0x0, 0x1, 0xff, 0xe0, 0x0,
    0x3f, 0xfc, 0x0, 0x3, 0xff, 0xff, 0xff, 0xff,
    0xff, 0xff, 0xff, 0xc0, 0xff, 0xff, 0xff, 0xff,
    0xff, 0xff, 0xff, 0xf0, 0x3f, 0xff, 0xff, 0xff,
    0xff, 0xff, 0xff, 0xfc, 0xf, 0xff, 0xff, 0xff,
    0xff, 0xff, 0xff, 0xff, 0x3, 0xff, 0xff, 0xff,
    0xff, 0xff, 0xff, 0xff, 0xc0, 0x0, 0x3f, 0xfc,
    0x0, 0xb, 0xff, 0x0, 0x0, 0x0, 0xf, 0xfe,
    0x0, 0x3, 0xff, 0xc0, 0x0, 0x0, 0x7, 0xff,
    0x80, 0x0, 0xff, 0xf0, 0x0, 0x0, 0x1, 0xff,
    0xd0, 0x0, 0x3f, 0xf8, 0x0, 0x0, 0x0, 0xbf,
    0xf0, 0x0, 0xf, 0xfe, 0x0, 0x0, 0x0, 0x2f,
    0xfc, 0x0, 0x7, 0xff, 0x40, 0x0, 0x0, 0xf,
    0xff, 0x0, 0x1, 0xff, 0xd0, 0x0, 0x0, 0x3,
    0xff, 0xc0, 0x0, 0xbf, 0xf0, 0x0, 0xb, 0xff,
    0xff, 0xff, 0xff, 0xff, 0xff, 0xff, 0x42, 0xff,
    0xff, 0xff, 0xff, 0xff, 0xff, 0xff, 0xd0, 0xbf,
    0xff, 0xff, 0xff, 0xff, 0xff, 0xff, 0xf4, 0x2f,
    0xff, 0xff, 0xff, 0xff, 0xff, 0xff, 0xfd, 0xb,
    0xff, 0xff, 0xff, 0xff, 0xff, 0xff, 0xff, 0x40,
    0x0, 0xff, 0xf0, 0x0, 0x2f, 0xfe, 0x0, 0x0,
    0x0, 0x3f, 0xfc, 0x0, 0xb, 0xff, 0x40, 0x0,
    0x0, 0xf, 0xff, 0x0, 0x2, 0xff, 0xc0, 0x0,
    0x0, 0x3, 0xff, 0x80, 0x0, 0xff, 0xf0, 0x0,
    0x0, 0x1, 0xff, 0xe0, 0x0, 0x3f, 0xfc, 0x0,
    0x0, 0x0, 0x7f, 0xf4, 0x0, 0xf, 0xff, 0x0,
    0x0, 0x0, 0x2f, 0xfc, 0x0, 0x3, 0xff, 0x80,
    0x0, 0x0, 0xb, 0xff, 0x0, 0x1, 0xff, 0xe0,
    0x0, 0x0, 0x3, 0xff, 0xc0, 0x0, 0x7f, 0xf4,
    0x0, 0x0, 0x0, 0xff, 0xf0, 0x0, 0x2f, 0xfd,
    0x0, 0x0, 0x0, 0x3f, 0xf8, 0x0, 0xb, 0xff,
    0x0, 0x0, 0x0, 0xf, 0xfe, 0x0, 0x3, 0xff,
    0xc0, 0x0, 0x0, 0x7, 0xff, 0x40, 0x0, 0xff,
    0xf0, 0x0, 0x0, 0x1, 0xff, 0xd0, 0x0, 0x3f,
    0xf8, 0x0, 0x0, 0x0,

    /* U+0024 "$" */
    0x0, 0x0, 0x1, 0xff, 0xd0, 0x0, 0x0, 0x0,
    0x0, 0x1, 0xff, 0xd0, 0x0, 0x0, 0x0, 0x0,
    0x1, 0xff, 0xd0, 0x0, 0x0, 0x0, 0x0, 0x1,
    0xff, 0xd0, 0x0, 0x0, 0x0, 0x0, 0x1, 0xff,
    0xd0, 0x0, 0x0, 0x0, 0x0, 0xb, 0xff, 0xf4,
    0x0, 0x0, 0x0, 0x1, 0xff, 0xff, 0xff, 0x80,
    0x0, 0x0, 0xb, 0xff, 0xff, 0xff, 0xf4, 0x0,
    0x0, 0x3f, 0xff, 0xff, 0xff, 0xfe, 0x0, 0x0,
    0xff, 0xff, 0xff, 0xff, 0xff, 0x40, 0x2, 0xff,
    0xff, 0xff, 0xff, 0xff, 0xc0, 0x3, 0xff, 0xfd,
    0x0, 0x6f, 0xff, 0xe0, 0x7, 0xff, 0xf0, 0x0,
    0x7, 0xff, 0xf0, 0xb, 0xff, 0xc0, 0x0, 0x2,
    0xff, 0xf4, 0xf, 0xff, 0xc0, 0x0, 0x0, 0xff,
    0xf8, 0xf, 0xff, 0x80, 0x0, 0x0, 0xff, 0xfc,
    0xf, 0xff, 0x80, 0x0, 0x0, 0xbf, 0xf8, 0xf,
    0xff, 0x80, 0x0, 0x0, 0x0, 0x0, 0xf, 0xff,
    0xc0, 0x0, 0x0, 0x0, 0x0, 0xf, 0xff, 0xe0,
    0x0, 0x0, 0x0, 0x0, 0xb, 0xff, 0xfc, 0x0,
    0x0, 0x0, 0x0, 0x7, 0xff, 0xff, 0x90, 0x0,
    0x0, 0x0, 0x3, 0xff, 0xff, 0xff, 0x94, 0x0,
    0x0, 0x1, 0xff, 0xff, 0xff, 0xff, 0x90, 0x0,
    0x0, 0x7f, 0xff, 0xff, 0xff, 0xf8, 0x0, 0x0,
    0x1f, 0xff, 0xff, 0xff, 0xff, 0x0, 0x0, 0x2,
    0xff, 0xff, 0xff, 0xff, 0xc0, 0x0, 0x0, 0x1b,
    0xff, 0xff, 0xff, 0xe0, 0x0, 0x0, 0x0, 0x1b,
    0xff, 0xff, 0xf4, 0x0, 0x0, 0x0, 0x0, 0x2f,
    0xff, 0xf8, 0x0, 0x0, 0x0, 0x0, 0x3, 0xff,
    0xfc, 0x0, 0x0, 0x0, 0x0, 0x0, 0xff, 0xfd,
    0x0, 0x0, 0x0, 0x0, 0x0, 0xbf, 0xfd, 0x0,
    0x0, 0x0, 0x0, 0x0, 0x7f, 0xfd, 0x3f, 0xfe,
    0x0, 0x0, 0x0, 0x7f, 0xfd, 0x3f, 0xfe, 0x0,
    0x0, 0x0, 0x7f, 0xfd, 0x2f, 0xff, 0x0, 0x0,
    0x0, 0xbf, 0xfd, 0x1f, 0xff, 0x80, 0x0, 0x0,
    0xff, 0xfc, 0xf, 0xff, 0xd0, 0x0, 0x2, 0xff,
    0xfc, 0xb, 0xff, 0xf4, 0x0, 0xb, 0xff, 0xf4,
    0x3, 0xff, 0xff, 0xea, 0xff, 0xff, 0xf0, 0x2,
    0xff, 0xff, 0xff, 0xff, 0xff, 0xd0, 0x0, 0xbf,
    0xff, 0xff, 0xff, 0xff, 0x40, 0x0, 0x2f, 0xff,
    0xff, 0xff, 0xfd, 0x0, 0x0, 0x7, 0xff, 0xff,
    0xff, 0xe0, 0x0, 0x0, 0x0, 0x6f, 0xff, 0xf9,
    0x0, 0x0, 0x0, 0x0, 0x1, 0xff, 0xd0, 0x0,
    0x0, 0x0, 0x0, 0x1, 0xff, 0xd0, 0x0, 0x0,
    0x0, 0x0, 0x1, 0xff, 0xd0, 0x0, 0x0, 0x0,
    0x0, 0x1, 0xff, 0xd0, 0x0, 0x0, 0x0, 0x0,
    0x1, 0xff, 0xd0, 0x0, 0x0, 0x0, 0x0, 0x1,
    0xff, 0xd0, 0x0, 0x0,

    /* U+0025 "%" */
    0x0, 0x2f, 0xfe, 0x40, 0x0, 0x0, 0x0, 0x0,
    0x0, 0x0, 0x0, 0x0, 0x0, 0x0, 0x7f, 0xff,
    0xfe, 0x0, 0x0, 0x0, 0x0, 0x0, 0x3f, 0xf4,
    0x0, 0x0, 0x0, 0xbf, 0xff, 0xff, 0xf0, 0x0,
    0x0, 0x0, 0x0, 0x2f, 0xfc, 0x0, 0x0, 0x0,
    0x7f, 0xff, 0xff, 0xfe, 0x0, 0x0, 0x0, 0x0,
    0x1f, 0xfd, 0x0, 0x0, 0x0, 0x3f, 0xff, 0xff,
    0xff, 0xc0, 0x0, 0x0, 0x0, 0xf, 0xff, 0x0,
    0x0, 0x0, 0x1f, 0xff, 0x96, 0xff, 0xf8, 0x0,
    0x0, 0x0, 0x7, 0xff, 0x40, 0x0, 0x0, 0xb,
    0xff, 0xc0, 0x2f, 0xff, 0x0, 0x0, 0x0, 0x3,
    0xff, 0x80, 0x0, 0x0, 0x2, 0xff, 0xe0, 0x7,
    0xff, 0xc0, 0x0, 0x0, 0x1, 0xff, 0xc0, 0x0,
    0x0, 0x0, 0xff, 0xf4, 0x0, 0xff, 0xf0, 0x0,
    0x0, 0x0, 0xff, 0xe0, 0x0, 0x0, 0x0, 0x3f,
    0xfd, 0x0, 0x3f, 0xfc, 0x0, 0x0, 0x0, 0xbf,
    0xf0, 0x0, 0x0, 0x0, 0xf, 0xff, 0x40, 0xf,
    0xff, 0x0, 0x0, 0x0, 0x3f, 0xf8, 0x0, 0x0,
    0x0, 0x3, 0xff, 0xd0, 0x3, 0xff, 0xc0, 0x0,
    0x0, 0x2f, 0xfc, 0x0, 0x0, 0x0, 0x0, 0xff,
    0xf4, 0x0, 0xff, 0xf0, 0x0, 0x0, 0xf, 0xfd,
    0x0, 0x0, 0x0, 0x0, 0x3f, 0xfd, 0x0, 0x3f,
    0xfc, 0x0, 0x0, 0xf, 0xff, 0x0, 0x0, 0x0,
    0x0, 0xf, 0xff, 0x40, 0xf, 0xff, 0x0, 0x0,
    0x7, 0xff, 0x40, 0x0, 0x0, 0x0, 0x3, 0xff,
    0xd0, 0x3, 0xff, 0xc0, 0x0, 0x3, 0xff, 0xc0,
    0x0, 0x0, 0x0, 0x0, 0xff, 0xf4, 0x0, 0xff,
    0xf0, 0x0, 0x1, 0xff, 0xc0, 0x0, 0x0, 0x0,
    0x0, 0x3f, 0xfd, 0x0, 0x3f, 0xfc, 0x0, 0x0,
    0xff, 0xe0, 0x0, 0x0, 0x0, 0x0, 0xf, 0xff,
    0x40, 0xf, 0xff, 0x0, 0x0, 0xbf, 0xf0, 0x0,
    0xb, 0xff, 0x90, 0x3, 0xff, 0xd0, 0x3, 0xff,
    0xc0, 0x0, 0x3f, 0xf8, 0x0, 0x2f, 0xff, 0xff,
    0x80, 0xff, 0xf4, 0x0, 0xff, 0xf0, 0x0, 0x2f,
    0xfc, 0x0, 0x2f, 0xff, 0xff, 0xf8, 0x3f, 0xfd,
    0x0, 0x7f, 0xfc, 0x0, 0xf, 0xfd, 0x0, 0x1f,
    0xff, 0xff, 0xff, 0x8b, 0xff, 0xc0, 0x2f, 0xfe,
    0x0, 0xb, 0xff, 0x0, 0xf, 0xff, 0xff, 0xff,
    0xf1, 0xff, 0xf4, 0x1f, 0xff, 0x40, 0x7, 0xff,
    0x40, 0x7, 0xff, 0xe5, 0xbf, 0xfd, 0x3f, 0xff,
    0xff, 0xff, 0xc0, 0x3, 0xff, 0xc0, 0x2, 0xff,
    0xf0, 0xf, 0xff, 0x8b, 0xff, 0xff, 0xff, 0xe0,
    0x1, 0xff, 0xd0, 0x0, 0xff, 0xf4, 0x1, 0xff,
    0xf0, 0xff, 0xff, 0xff, 0xf0, 0x0, 0xff, 0xe0,
    0x0, 0x3f, 0xfd, 0x0, 0x7f, 0xfc, 0xb, 0xff,
    0xff, 0xf0, 0x0, 0x7f, 0xf0, 0x0, 0xf, 0xff,
    0x0, 0xf, 0xff, 0x0, 0x2f, 0xff, 0xd0, 0x0,
    0x3f, 0xf8, 0x0, 0x3, 0xff, 0xc0, 0x3, 0xff,
    0xc0, 0x0, 0x0, 0x0, 0x0, 0x2f, 0xfc, 0x0,
    0x0, 0xff, 0xf0, 0x0, 0xff, 0xf0, 0x0, 0x0,
    0x0, 0x0, 0xf, 0xfe, 0x0, 0x0, 0x3f, 0xfc,
    0x0, 0x3f, 0xfc, 0x0, 0x0, 0x0, 0x0, 0xb,
    0xff, 0x0, 0x0, 0xf, 0xff, 0x0, 0xf, 0xff,
    0x0, 0x0, 0x0, 0x0, 0x3, 0xff, 0x40, 0x0,
    0x3, 0xff, 0xc0, 0x3, 0xff, 0xc0, 0x0, 0x0,
    0x0, 0x3, 0xff, 0xc0, 0x0, 0x0, 0xff, 0xf0,
    0x0, 0xff, 0xf0, 0x0, 0x0, 0x0, 0x1, 0xff,
    0xd0, 0x0, 0x0, 0x3f, 0xfc, 0x0, 0x3f, 0xfc,
    0x0, 0x0, 0x0, 0x0, 0xff, 0xf0, 0x0, 0x0,
    0xf, 0xff, 0x0, 0xf, 0xff, 0x0, 0x0, 0x0,
    0x0, 0x7f, 0xf0, 0x0, 0x0, 0x3, 0xff, 0xc0,
    0x3, 0xff, 0xc0, 0x0, 0x0, 0x0, 0x3f, 0xf8,
    0x0, 0x0, 0x0, 0xff, 0xf0, 0x0, 0xff, 0xf0,
    0x0, 0x0, 0x0, 0x2f, 0xfc, 0x0, 0x0, 0x0,
    0x3f, 0xfd, 0x0, 0x3f, 0xfc, 0x0, 0x0, 0x0,
    0xf, 0xfe, 0x0, 0x0, 0x0, 0xf, 0xff, 0x40,
    0x1f, 0xff, 0x0, 0x0, 0x0, 0xb, 0xff, 0x0,
    0x0, 0x0, 0x2, 0xff, 0xe0, 0xb, 0xff, 0x80,
    0x0, 0x0, 0x3, 0xff, 0x40, 0x0, 0x0, 0x0,
    0x7f, 0xfd, 0x7, 0xff, 0xd0, 0x0, 0x0, 0x2,
    0xff, 0xc0, 0x0, 0x0, 0x0, 0xf, 0xff, 0xff,
    0xff, 0xf0, 0x0, 0x0, 0x1, 0xff, 0xd0, 0x0,
    0x0, 0x0, 0x2, 0xff, 0xff, 0xff, 0xf8, 0x0,
    0x0, 0x0, 0xff, 0xf0, 0x0, 0x0, 0x0, 0x0,
    0x3f, 0xff, 0xff, 0xfc, 0x0, 0x0, 0x0, 0x7f,
    0xf4, 0x0, 0x0, 0x0, 0x0, 0x2, 0xff, 0xff,
    0xfc, 0x0, 0x0, 0x0, 0x0, 0x0, 0x0, 0x0,
    0x0, 0x0, 0x0, 0x1b, 0xff, 0xf4, 0x0, 0x0,
    0x0, 0x0, 0x0, 0x0, 0x0, 0x0, 0x0, 0x0,
    0x0, 0x0, 0x0, 0x0,

    /* U+0026 "&" */
    0x0, 0x0, 0x0, 0x55, 0x0, 0x0, 0x0, 0x0,
    0x0, 0x0, 0xb, 0xff, 0xfd, 0x0, 0x0, 0x0,
    0x0, 0x0, 0x1f, 0xff, 0xff, 0xf0, 0x0, 0x0,
    0x0, 0x0, 0x2f, 0xff, 0xff, 0xff, 0x40, 0x0,
    0x0, 0x0, 0x1f, 0xff, 0xff, 0xff, 0xf0, 0x0,
    0x0, 0x0, 0xf, 0xff, 0xff, 0xff, 0xff, 0x0,
    0x0, 0x0, 0xb, 0xff, 0xf4, 0x1f, 0xff, 0xd0,
    0x0, 0x0, 0x3, 0xff, 0xf0, 0x0, 0xff, 0xf8,
    0x0, 0x0, 0x1, 0xff, 0xf4, 0x0, 0x1f, 0xff,
    0x0, 0x0, 0x0, 0xbf, 0xfc, 0x0, 0x3, 0xff,
    0xc0, 0x0, 0x0, 0x2f, 0xff, 0x0, 0x0, 0xff,
    0xf0, 0x0, 0x0, 0xb, 0xff, 0xc0, 0x0, 0x7f,
    0xfc, 0x0, 0x0, 0x1, 0xff, 0xf4, 0x0, 0x2f,
    0xff, 0x0, 0x0, 0x0, 0x3f, 0xff, 0x0, 0xf,
    0xff, 0xc0, 0x0, 0x0, 0xf, 0xff, 0xd0, 0xb,
    0xff, 0xe0, 0x0, 0x0, 0x1, 0xff, 0xfc, 0xb,
    0xff, 0xf0, 0x0, 0x0, 0x0, 0x3f, 0xff, 0x8b,
    0xff, 0xf8, 0x0, 0x0, 0x0, 0x7, 0xff, 0xff,
    0xff, 0xfc, 0x0, 0x0, 0x0, 0x0, 0xbf, 0xff,
    0xff, 0xfc, 0x0, 0x0, 0x0, 0x0, 0xf, 0xff,
    0xff, 0xfd, 0x0, 0x0, 0x0, 0x0, 0x1, 0xff,
    0xff, 0xfd, 0x0, 0x0, 0x0, 0x0, 0x0, 0x3f,
    0xff, 0xfd, 0x0, 0x0, 0x0, 0x0, 0x0, 0x1f,
    0xff, 0xfc, 0x0, 0x0, 0x0, 0x0, 0x0, 0x2f,
    0xff, 0xff, 0x40, 0x0, 0x0, 0x0, 0x0, 0x2f,
    0xff, 0xff, 0xf0, 0x0, 0x0, 0x0, 0x0, 0x2f,
    0xff, 0xff, 0xff, 0x0, 0x0, 0x0, 0x0, 0x1f,
    0xff, 0xff, 0xff, 0xe0, 0x0, 0x24, 0x0, 0xf,
    0xff, 0xf6, 0xff, 0xfd, 0x0, 0x1f, 0x80, 0xf,
    0xff, 0xf4, 0x3f, 0xff, 0xc0, 0xf, 0xf8, 0x7,
    0xff, 0xf4, 0x3, 0xff, 0xf8, 0xf, 0xff, 0x83,
    0xff, 0xf8, 0x0, 0x7f, 0xff, 0x4b, 0xff, 0xf0,
    0xff, 0xfc, 0x0, 0xb, 0xff, 0xfb, 0xff, 0xf0,
    0x7f, 0xfd, 0x0, 0x0, 0xff, 0xff, 0xff, 0xf4,
    0x2f, 0xff, 0x0, 0x0, 0x1f, 0xff, 0xff, 0xf4,
    0xb, 0xff, 0xc0, 0x0, 0x2, 0xff, 0xff, 0xf8,
    0x2, 0xff, 0xf0, 0x0, 0x0, 0x3f, 0xff, 0xfc,
    0x0, 0xbf, 0xfc, 0x0, 0x0, 0x7, 0xff, 0xfc,
    0x0, 0x2f, 0xff, 0x0, 0x0, 0x0, 0xff, 0xff,
    0x40, 0x7, 0xff, 0xe0, 0x0, 0x0, 0xff, 0xff,
    0xf0, 0x0, 0xff, 0xfd, 0x0, 0x1, 0xff, 0xff,
    0xfe, 0x0, 0x3f, 0xff, 0xe4, 0x6, 0xff, 0xff,
    0xff, 0xf0, 0x7, 0xff, 0xff, 0xff, 0xff, 0xff,
    0xff, 0xff, 0xe0, 0xbf, 0xff, 0xff, 0xff, 0xff,
    0x2f, 0xff, 0xf8, 0xf, 0xff, 0xff, 0xff, 0xff,
    0x3, 0xff, 0xfe, 0x0, 0xff, 0xff, 0xff, 0xfe,
    0x0, 0x3f, 0xff, 0x80, 0x7, 0xff, 0xff, 0xfd,
    0x0, 0x7, 0xff, 0xe0, 0x0, 0x1b, 0xff, 0xe0,
    0x0, 0x0, 0x2f, 0xf8,

    /* U+0027 "'" */
    0x3f, 0xfd, 0x3f, 0xfd, 0x3f, 0xfd, 0x3f, 0xfd,
    0x3f, 0xfd, 0x3f, 0xfd, 0x3f, 0xfd, 0x3f, 0xfd,
    0x3f, 0xfd, 0x3f, 0xfd, 0x3f, 0xfd, 0x3f, 0xfd,
    0x3f, 0xfd, 0x3f, 0xfd, 0x3f, 0xfd, 0x3f, 0xfd,
    0x3f, 0xfd, 0x3f, 0xfd,

    /* U+0028 "(" */
    0x0, 0x0, 0xaa, 0x80, 0x0, 0x1f, 0xfc, 0x0,
    0x3, 0xff, 0x40, 0x0, 0xbf, 0xf0, 0x0, 0xf,
    0xfe, 0x0, 0x2, 0xff, 0xc0, 0x0, 0x3f, 0xfc,
    0x0, 0xb, 0xff, 0x40, 0x0, 0xff, 0xf0, 0x0,
    0x1f, 0xfe, 0x0, 0x3, 0xff, 0xd0, 0x0, 0x3f,
    0xfc, 0x0, 0x7, 0xff, 0xc0, 0x0, 0xff, 0xf8,
    0x0, 0xf, 0xff, 0x40, 0x1, 0xff, 0xf0, 0x0,
    0x2f, 0xff, 0x0, 0x3, 0xff, 0xf0, 0x0, 0x3f,
    0xfe, 0x0, 0x3, 0xff, 0xe0, 0x0, 0x7f, 0xfd,
    0x0, 0x7, 0xff, 0xd0, 0x0, 0xbf, 0xfc, 0x0,
    0xb, 0xff, 0xc0, 0x0, 0xbf, 0xfc, 0x0, 0xb,
    0xff, 0xc0, 0x0, 0xbf, 0xfc, 0x0, 0xf, 0xff,
    0xc0, 0x0, 0xbf, 0xfc, 0x0, 0xb, 0xff, 0xc0,
    0x0, 0xbf, 0xfc, 0x0, 0xb, 0xff, 0xc0, 0x0,
    0x7f, 0xfd, 0x0, 0x7, 0xff, 0xd0, 0x0, 0x3f,
    0xfe, 0x0, 0x3, 0xff, 0xe0, 0x0, 0x3f, 0xff,
    0x0, 0x2, 0xff, 0xf0, 0x0, 0x1f, 0xff, 0x0,
    0x0, 0xff, 0xf4, 0x0, 0xf, 0xff, 0x80, 0x0,
    0xbf, 0xfc, 0x0, 0x7, 0xff, 0xc0, 0x0, 0x3f,
    0xfd, 0x0, 0x2, 0xff, 0xe0, 0x0, 0xf, 0xff,
    0x0, 0x0, 0xbf, 0xf4, 0x0, 0x7, 0xff, 0x80,
    0x0, 0x3f, 0xfc, 0x0, 0x1, 0xff, 0xd0, 0x0,
    0xb, 0xff, 0x0, 0x0, 0x3f, 0xf4, 0x0, 0x2,
    0xff, 0x80, 0x0, 0xf, 0xfc,

    /* U+0029 ")" */
    0x6a, 0x90, 0x0, 0x3, 0xff, 0x0, 0x0, 0x3f,
    0xf8, 0x0, 0x1, 0xff, 0xc0, 0x0, 0xf, 0xfe,
    0x0, 0x0, 0x7f, 0xf0, 0x0, 0x3, 0xff, 0xc0,
    0x0, 0x2f, 0xfc, 0x0, 0x1, 0xff, 0xe0, 0x0,
    0xf, 0xff, 0x0, 0x0, 0xff, 0xf4, 0x0, 0xb,
    0xff, 0xc0, 0x0, 0x3f, 0xfc, 0x0, 0x3, 0xff,
    0xd0, 0x0, 0x3f, 0xfe, 0x0, 0x2, 0xff, 0xf0,
    0x0, 0x1f, 0xff, 0x40, 0x0, 0xff, 0xf4, 0x0,
    0xf, 0xff, 0x80, 0x0, 0xff, 0xfc, 0x0, 0xb,
    0xff, 0xc0, 0x0, 0xbf, 0xfc, 0x0, 0xb, 0xff,
    0xc0, 0x0, 0x7f, 0xfd, 0x0, 0x7, 0xff, 0xd0,
    0x0, 0x7f, 0xfd, 0x0, 0x7, 0xff, 0xd0, 0x0,
    0x7f, 0xfd, 0x0, 0x7, 0xff, 0xd0, 0x0, 0x7f,
    0xfd, 0x0, 0x7, 0xff, 0xd0, 0x0, 0xbf, 0xfc,
    0x0, 0xb, 0xff, 0xc0, 0x0, 0xbf, 0xfc, 0x0,
    0xf, 0xff, 0xc0, 0x0, 0xff, 0xf8, 0x0, 0xf,
    0xff, 0x80, 0x1, 0xff, 0xf4, 0x0, 0x2f, 0xff,
    0x0, 0x2, 0xff, 0xf0, 0x0, 0x3f, 0xfe, 0x0,
    0x3, 0xff, 0xc0, 0x0, 0x7f, 0xfc, 0x0, 0xb,
    0xff, 0x80, 0x0, 0xff, 0xf0, 0x0, 0x1f, 0xff,
    0x0, 0x2, 0xff, 0xd0, 0x0, 0x3f, 0xfc, 0x0,
    0x7, 0xff, 0x40, 0x0, 0xff, 0xf0, 0x0, 0xf,
    0xfd, 0x0, 0x2, 0xff, 0xc0, 0x0, 0x3f, 0xf0,
    0x0, 0xb, 0xfe, 0x0, 0x0,

    /* U+002A "*" */
    0x0, 0x2, 0xfc, 0x0, 0x0, 0x0, 0xb, 0xf0,
    0x0, 0x0, 0x0, 0x2f, 0xc0, 0x0, 0x1, 0x0,
    0xbf, 0x0, 0x10, 0x2f, 0x42, 0xfc, 0xb, 0xc1,
    0xff, 0xcb, 0xf5, 0xff, 0xc7, 0xff, 0xff, 0xff,
    0xfe, 0x2, 0xff, 0xff, 0xff, 0xd0, 0x0, 0xff,
    0xff, 0xf4, 0x0, 0x0, 0xff, 0xff, 0x40, 0x0,
    0x1f, 0xff, 0xff, 0x80, 0x3, 0xff, 0xff, 0xff,
    0xe0, 0x7f, 0xff, 0xff, 0xff, 0xf0, 0xff, 0x8b,
    0xf1, 0xff, 0x82, 0xf0, 0x2f, 0xc0, 0xbc, 0x1,
    0x0, 0xbf, 0x0, 0x10, 0x0, 0x2, 0xfc, 0x0,
    0x0, 0x0, 0xb, 0xf0, 0x0, 0x0, 0x0, 0x2f,
    0xc0, 0x0, 0x0, 0x0, 0x0, 0x0, 0x0,

    /* U+002B "+" */
    0x0, 0x0, 0x2, 0xaa, 0x80, 0x0, 0x0, 0x0,
    0x0, 0x3, 0xff, 0xd0, 0x0, 0x0, 0x0, 0x0,
    0x3, 0xff, 0xd0, 0x0, 0x0, 0x0, 0x0, 0x3,
    0xff, 0xd0, 0x0, 0x0, 0x0, 0x0, 0x3, 0xff,
    0xd0, 0x0, 0x0, 0x0, 0x0, 0x3, 0xff, 0xd0,
    0x0, 0x0, 0x0, 0x0, 0x3, 0xff, 0xd0, 0x0,
    0x0, 0x0, 0x0, 0x3, 0xff, 0xd0, 0x0, 0x0,
    0x0, 0x0, 0x3, 0xff, 0xd0, 0x0, 0x0, 0x0,
    0x0, 0x3, 0xff, 0xd0, 0x0, 0x0, 0x0, 0x0,
    0x3, 0xff, 0xd0, 0x0, 0x0, 0xbf, 0xff, 0xff,
    0xff, 0xff, 0xff, 0xfe, 0xbf, 0xff, 0xff, 0xff,
    0xff, 0xff, 0xfe, 0xbf, 0xff, 0xff, 0xff, 0xff,
    0xff, 0xfe, 0xbf, 0xff, 0xff, 0xff, 0xff, 0xff,
    0xfe, 0xbf, 0xff, 0xff, 0xff, 0xff, 0xff, 0xfe,
    0xbf, 0xff, 0xff, 0xff, 0xff, 0xff, 0xfe, 0x55,
    0x55, 0x5b, 0xff, 0xe5, 0x55, 0x55, 0x0, 0x0,
    0x3, 0xff, 0xd0, 0x0, 0x0, 0x0, 0x0, 0x3,
    0xff, 0xd0, 0x0, 0x0, 0x0, 0x0, 0x3, 0xff,
    0xd0, 0x0, 0x0, 0x0, 0x0, 0x3, 0xff, 0xd0,
    0x0, 0x0, 0x0, 0x0, 0x3, 0xff, 0xd0, 0x0,
    0x0, 0x0, 0x0, 0x3, 0xff, 0xd0, 0x0, 0x0,
    0x0, 0x0, 0x3, 0xff, 0xd0, 0x0, 0x0, 0x0,
    0x0, 0x3, 0xff, 0xd0, 0x0, 0x0, 0x0, 0x0,
    0x3, 0xff, 0xd0, 0x0, 0x0, 0x0, 0x0, 0x3,
    0xff, 0xd0, 0x0, 0x0,

    /* U+002C "," */
    0x3f, 0xfd, 0x3f, 0xfd, 0x3f, 0xfd, 0x3f, 0xfd,
    0x3f, 0xfd, 0x3f, 0xfd, 0x3f, 0xfd, 0x3f, 0xfd,
    0x3f, 0xfd, 0x3f, 0xfd, 0x3f, 0xfd, 0x3f, 0xfd,
    0x3f, 0xfc, 0x3f, 0xf0, 0x3f, 0x80, 0x3e, 0x0,
    0x34, 0x0, 0x10, 0x0,

    /* U+002D "-" */
    0x15, 0x55, 0x55, 0x55, 0x54, 0xff, 0xff, 0xff,
    0xff, 0xe3, 0xff, 0xff, 0xff, 0xff, 0x8f, 0xff,
    0xff, 0xff, 0xfe, 0x3f, 0xff, 0xff, 0xff, 0xf8,
    0xff, 0xff, 0xff, 0xff, 0xe3, 0xff, 0xff, 0xff,
    0xff, 0x80,

    /* U+002E "." */
    0x0, 0x0, 0xf, 0xff, 0xe3, 0xff, 0xf8, 0xff,
    0xfe, 0x3f, 0xff, 0x8f, 0xff, 0xe3, 0xff, 0xf8,
    0xff, 0xfe, 0x3f, 0xff, 0x80,

    /* U+002F "/" */
    0x0, 0x0, 0x0, 0xf, 0xfe, 0x0, 0x0, 0x0,
    0x1f, 0xfd, 0x0, 0x0, 0x0, 0x2f, 0xfc, 0x0,
    0x0, 0x0, 0x3f, 0xfc, 0x0, 0x0, 0x0, 0x7f,
    0xf8, 0x0, 0x0, 0x0, 0xbf, 0xf0, 0x0, 0x0,
    0x0, 0xff, 0xf0, 0x0, 0x0, 0x0, 0xff, 0xe0,
    0x0, 0x0, 0x2, 0xff, 0xd0, 0x0, 0x0, 0x3,
    0xff, 0xc0, 0x0, 0x0, 0x3, 0xff, 0x80, 0x0,
    0x0, 0x7, 0xff, 0x40, 0x0, 0x0, 0xb, 0xff,
    0x0, 0x0, 0x0, 0xf, 0xff, 0x0, 0x0, 0x0,
    0x1f, 0xfd, 0x0, 0x0, 0x0, 0x2f, 0xfc, 0x0,
    0x0, 0x0, 0x3f, 0xfc, 0x0, 0x0, 0x0, 0x3f,
    0xf8, 0x0, 0x0, 0x0, 0xbf, 0xf4, 0x0, 0x0,
    0x0, 0xff, 0xf0, 0x0, 0x0, 0x0, 0xff, 0xe0,
    0x0, 0x0, 0x1, 0xff, 0xd0, 0x0, 0x0, 0x2,
    0xff, 0xc0, 0x0, 0x0, 0x3, 0xff, 0xc0, 0x0,
    0x0, 0x7, 0xff, 0x40, 0x0, 0x0, 0xb, 0xff,
    0x0, 0x0, 0x0, 0xf, 0xff, 0x0, 0x0, 0x0,
    0xf, 0xfe, 0x0, 0x0, 0x0, 0x2f, 0xfd, 0x0,
    0x0, 0x0, 0x3f, 0xfc, 0x0, 0x0, 0x0, 0x3f,
    0xf8, 0x0, 0x0, 0x0, 0x7f, 0xf4, 0x0, 0x0,
    0x0, 0xbf, 0xf0, 0x0, 0x0, 0x0, 0xff, 0xf0,
    0x0, 0x0, 0x1, 0xff, 0xd0, 0x0, 0x0, 0x2,
    0xff, 0xc0, 0x0, 0x0, 0x3, 0xff, 0xc0, 0x0,
    0x0, 0x3, 0xff, 0x80, 0x0, 0x0, 0xb, 0xff,
    0x40, 0x0, 0x0, 0xf, 0xff, 0x0, 0x0, 0x0,
    0xf, 0xfe, 0x0, 0x0, 0x0, 0x1f, 0xfd, 0x0,
    0x0, 0x0, 0x2f, 0xfc, 0x0, 0x0, 0x0, 0x3f,
    0xfc, 0x0, 0x0, 0x0, 0x7f, 0xf4, 0x0, 0x0,
    0x0, 0xbf, 0xf0, 0x0, 0x0, 0x0,

    /* U+0030 "0" */
    0x0, 0x0, 0x1, 0x55, 0x0, 0x0, 0x0, 0x0,
    0x6, 0xff, 0xff, 0xe4, 0x0, 0x0, 0x0, 0xff,
    0xff, 0xff, 0xfd, 0x0, 0x0, 0x1f, 0xff, 0xff,
    0xff, 0xfd, 0x0, 0x1, 0xff, 0xff, 0xff, 0xff,
    0xfd, 0x0, 0xf, 0xff, 0xff, 0xff, 0xff, 0xfc,
    0x0, 0xbf, 0xff, 0xff, 0xff, 0xff, 0xf8, 0x3,
    0xff, 0xfe, 0x40, 0x7f, 0xff, 0xf0, 0x1f, 0xff,
    0xe0, 0x0, 0x2f, 0xff, 0xd0, 0xbf, 0xff, 0x0,
    0x0, 0x3f, 0xff, 0x83, 0xff, 0xf8, 0x0, 0x0,
    0xbf, 0xff, 0xf, 0xff, 0xd0, 0x0, 0x1, 0xff,
    0xfc, 0x3f, 0xff, 0x0, 0x0, 0x3, 0xff, 0xf1,
    0xff, 0xfc, 0x0, 0x0, 0xf, 0xff, 0xc7, 0xff,
    0xf0, 0x0, 0x0, 0x3f, 0xff, 0x1f, 0xff, 0xc0,
    0x0, 0x0, 0xff, 0xfd, 0x7f, 0xff, 0x0, 0x0,
    0x3, 0xff, 0xf5, 0xff, 0xfc, 0x0, 0x0, 0xf,
    0xff, 0xd7, 0xff, 0xf0, 0x0, 0x0, 0x3f, 0xff,
    0x5f, 0xff, 0xc0, 0x0, 0x0, 0xff, 0xfd, 0x7f,
    0xff, 0x0, 0x0, 0x3, 0xff, 0xf5, 0xff, 0xfc,
    0x0, 0x0, 0xf, 0xff, 0xd7, 0xff, 0xf0, 0x0,
    0x0, 0x3f, 0xff, 0x5f, 0xff, 0xc0, 0x0, 0x0,
    0xff, 0xfd, 0x7f, 0xff, 0x0, 0x0, 0x3, 0xff,
    0xf5, 0xff, 0xfc, 0x0, 0x0, 0xf, 0xff, 0xd7,
    0xff, 0xf0, 0x0, 0x0, 0x3f, 0xff, 0x5f, 0xff,
    0xc0, 0x0, 0x0, 0xff, 0xfd, 0x7f, 0xff, 0x0,
    0x0, 0x3, 0xff, 0xf5, 0xff, 0xfc, 0x0, 0x0,
    0xf, 0xff, 0xd7, 0xff, 0xf0, 0x0, 0x0, 0x3f,
    0xff, 0x5f, 0xff, 0xc0, 0x0, 0x0, 0xff, 0xfd,
    0x7f, 0xff, 0x0, 0x0, 0x3, 0xff, 0xf1, 0xff,
    0xfc, 0x0, 0x0, 0xf, 0xff, 0xc3, 0xff, 0xf0,
    0x0, 0x0, 0x3f, 0xff, 0xf, 0xff, 0xc0, 0x0,
    0x1, 0xff, 0xfc, 0x3f, 0xff, 0x40, 0x0, 0x7,
    0xff, 0xf0, 0xff, 0xfe, 0x0, 0x0, 0x3f, 0xff,
    0x82, 0xff, 0xfc, 0x0, 0x0, 0xff, 0xfd, 0x3,
    0xff, 0xfc, 0x0, 0xf, 0xff, 0xf0, 0xf, 0xff,
    0xfe, 0x56, 0xff, 0xff, 0x80, 0x1f, 0xff, 0xff,
    0xff, 0xff, 0xfc, 0x0, 0x2f, 0xff, 0xff, 0xff,
    0xff, 0xe0, 0x0, 0x3f, 0xff, 0xff, 0xff, 0xff,
    0x0, 0x0, 0x3f, 0xff, 0xff, 0xff, 0xe0, 0x0,
    0x0, 0x1f, 0xff, 0xff, 0xfd, 0x0, 0x0, 0x0,
    0x6, 0xff, 0xf9, 0x0, 0x0, 0x0,

    /* U+0031 "1" */
    0x0, 0x1, 0xff, 0xfe, 0x0, 0xb, 0xff, 0xfe,
    0x0, 0x3f, 0xff, 0xfe, 0x1, 0xff, 0xff, 0xfe,
    0xb, 0xff, 0xff, 0xfe, 0x3f, 0xff, 0xff, 0xfe,
    0x7f, 0xff, 0xff, 0xfe, 0x7f, 0xff, 0xff, 0xfe,
    0x7f, 0xfe, 0xff, 0xfe, 0x7f, 0xf4, 0xbf, 0xfe,
    0x7f, 0xc0, 0xbf, 0xfe, 0x7e, 0x0, 0xbf, 0xfe,
    0x74, 0x0, 0xbf, 0xfe, 0x0, 0x0, 0xbf, 0xfe,
    0x0, 0x0, 0xbf, 0xfe, 0x0, 0x0, 0xbf, 0xfe,
    0x0, 0x0, 0xbf, 0xfe, 0x0, 0x0, 0xbf, 0xfe,
    0x0, 0x0, 0xbf, 0xfe, 0x0, 0x0, 0xbf, 0xfe,
    0x0, 0x0, 0xbf, 0xfe, 0x0, 0x0, 0xbf, 0xfe,
    0x0, 0x0, 0xbf, 0xfe, 0x0, 0x0, 0xbf, 0xfe,
    0x0, 0x0, 0xbf, 0xfe, 0x0, 0x0, 0xbf, 0xfe,
    0x0, 0x0, 0xbf, 0xfe, 0x0, 0x0, 0xbf, 0xfe,
    0x0, 0x0, 0xbf, 0xfe, 0x0, 0x0, 0xbf, 0xfe,
    0x0, 0x0, 0xbf, 0xfe, 0x0, 0x0, 0xbf, 0xfe,
    0x0, 0x0, 0xbf, 0xfe, 0x0, 0x0, 0xbf, 0xfe,
    0x0, 0x0, 0xbf, 0xfe, 0x0, 0x0, 0xbf, 0xfe,
    0x0, 0x0, 0xbf, 0xfe, 0x0, 0x0, 0xbf, 0xfe,
    0x0, 0x0, 0xbf, 0xfe, 0x0, 0x0, 0xbf, 0xfe,
    0x0, 0x0, 0xbf, 0xfe, 0x0, 0x0, 0xbf, 0xfe,
    0x0, 0x0, 0xbf, 0xfe, 0x0, 0x0, 0xbf, 0xfe,
    0x0, 0x0, 0xbf, 0xfe,

    /* U+0032 "2" */
    0x0, 0x0, 0x0, 0x50, 0x0, 0x0, 0x0, 0x0,
    0x1b, 0xff, 0xfe, 0x0, 0x0, 0x0, 0x1f, 0xff,
    0xff, 0xfe, 0x0, 0x0, 0xb, 0xff, 0xff, 0xff,
    0xfc, 0x0, 0x2, 0xff, 0xff, 0xff, 0xff, 0xf0,
    0x0, 0xbf, 0xff, 0xff, 0xff, 0xff, 0xc0, 0x1f,
    0xff, 0xff, 0xff, 0xff, 0xfe, 0x3, 0xff, 0xff,
    0x40, 0x7f, 0xff, 0xf0, 0x3f, 0xff, 0x80, 0x0,
    0xbf, 0xff, 0x87, 0xff, 0xf0, 0x0, 0x3, 0xff,
    0xfc, 0xbf, 0xfe, 0x0, 0x0, 0x1f, 0xff, 0xcb,
    0xff, 0xd0, 0x0, 0x0, 0xff, 0xfd, 0xff, 0xfd,
    0x0, 0x0, 0xf, 0xff, 0xdb, 0xff, 0xd0, 0x0,
    0x0, 0xff, 0xfd, 0x0, 0x0, 0x0, 0x0, 0xf,
    0xff, 0xd0, 0x0, 0x0, 0x0, 0x1, 0xff, 0xfc,
    0x0, 0x0, 0x0, 0x0, 0x2f, 0xff, 0xc0, 0x0,
    0x0, 0x0, 0x3, 0xff, 0xf8, 0x0, 0x0, 0x0,
    0x0, 0xbf, 0xff, 0x40, 0x0, 0x0, 0x0, 0xf,
    0xff, 0xf0, 0x0, 0x0, 0x0, 0x3, 0xff, 0xfd,
    0x0, 0x0, 0x0, 0x0, 0xbf, 0xff, 0xc0, 0x0,
    0x0, 0x0, 0x1f, 0xff, 0xf0, 0x0, 0x0, 0x0,
    0x3, 0xff, 0xfd, 0x0, 0x0, 0x0, 0x0, 0xff,
    0xff, 0x80, 0x0, 0x0, 0x0, 0x2f, 0xff, 0xf0,
    0x0, 0x0, 0x0, 0x7, 0xff, 0xfd, 0x0, 0x0,
    0x0, 0x0, 0xff, 0xff, 0x40, 0x0, 0x0, 0x0,
    0x3f, 0xff, 0xe0, 0x0, 0x0, 0x0, 0xb, 0xff,
    0xfc, 0x0, 0x0, 0x0, 0x1, 0xff, 0xff, 0x40,
    0x0, 0x0, 0x0, 0x3f, 0xff, 0xd0, 0x0, 0x0,
    0x0, 0xf, 0xff, 0xf8, 0x0, 0x0, 0x0, 0x2,
    0xff, 0xff, 0x0, 0x0, 0x0, 0x0, 0x7f, 0xff,
    0xd0, 0x0, 0x0, 0x0, 0xf, 0xff, 0xf4, 0x0,
    0x0, 0x0, 0x3, 0xff, 0xfe, 0x0, 0x0, 0x0,
    0x0, 0xbf, 0xff, 0xc0, 0x0, 0x0, 0x0, 0x1f,
    0xff, 0xf4, 0x0, 0x0, 0x0, 0x3, 0xff, 0xff,
    0x55, 0x55, 0x55, 0x54, 0xbf, 0xff, 0xff, 0xff,
    0xff, 0xff, 0xdb, 0xff, 0xff, 0xff, 0xff, 0xff,
    0xfd, 0xbf, 0xff, 0xff, 0xff, 0xff, 0xff, 0xdb,
    0xff, 0xff, 0xff, 0xff, 0xff, 0xfd, 0xbf, 0xff,
    0xff, 0xff, 0xff, 0xff, 0xdb, 0xff, 0xff, 0xff,
    0xff, 0xff, 0xfd,

    /* U+0033 "3" */
    0x0, 0x0, 0x0, 0x50, 0x0, 0x0, 0x0, 0x0,
    0x1b, 0xff, 0xfe, 0x40, 0x0, 0x0, 0x1f, 0xff,
    0xff, 0xff, 0x40, 0x0, 0xb, 0xff, 0xff, 0xff,
    0xfd, 0x0, 0x2, 0xff, 0xff, 0xff, 0xff, 0xf4,
    0x0, 0x7f, 0xff, 0xff, 0xff, 0xff, 0xd0, 0xf,
    0xff, 0xff, 0xff, 0xff, 0xff, 0x1, 0xff, 0xff,
    0x40, 0x6f, 0xff, 0xf4, 0x3f, 0xff, 0x80, 0x0,
    0x7f, 0xff, 0x83, 0xff, 0xf0, 0x0, 0x2, 0xff,
    0xfc, 0x3f, 0xfe, 0x0, 0x0, 0xf, 0xff, 0xc3,
    0xff, 0xd0, 0x0, 0x0, 0xff, 0xfc, 0x7f, 0xfd,
    0x0, 0x0, 0xf, 0xff, 0xc1, 0x55, 0x40, 0x0,
    0x0, 0xff, 0xfc, 0x0, 0x0, 0x0, 0x0, 0xf,
    0xff, 0xc0, 0x0, 0x0, 0x0, 0x0, 0xff, 0xfc,
    0x0, 0x0, 0x0, 0x0, 0xf, 0xff, 0xc0, 0x0,
    0x0, 0x0, 0x2, 0xff, 0xf4, 0x0, 0x0, 0x0,
    0x0, 0xbf, 0xff, 0x0, 0x0, 0x0, 0x0, 0x6f,
    0xff, 0xd0, 0x0, 0x0, 0xf, 0xff, 0xff, 0xf8,
    0x0, 0x0, 0x0, 0xff, 0xff, 0xfd, 0x0, 0x0,
    0x0, 0xf, 0xff, 0xff, 0x40, 0x0, 0x0, 0x0,
    0xff, 0xff, 0xfe, 0x0, 0x0, 0x0, 0xf, 0xff,
    0xff, 0xfc, 0x0, 0x0, 0x0, 0xff, 0xff, 0xff,
    0xf0, 0x0, 0x0, 0x0, 0x17, 0xff, 0xff, 0x40,
    0x0, 0x0, 0x0, 0x7, 0xff, 0xfc, 0x0, 0x0,
    0x0, 0x0, 0x1f, 0xff, 0xd0, 0x0, 0x0, 0x0,
    0x0, 0xff, 0xfe, 0x0, 0x0, 0x0, 0x0, 0x7,
    0xff, 0xf0, 0x0, 0x0, 0x0, 0x0, 0x3f, 0xff,
    0x0, 0x0, 0x0, 0x0, 0x3, 0xff, 0xf0, 0x0,
    0x0, 0x0, 0x0, 0x3f, 0xff, 0x6a, 0xa8, 0x0,
    0x0, 0x3, 0xff, 0xff, 0xff, 0xc0, 0x0, 0x0,
    0x3f, 0xff, 0xbf, 0xfd, 0x0, 0x0, 0x7, 0xff,
    0xfb, 0xff, 0xe0, 0x0, 0x0, 0xbf, 0xfe, 0x7f,
    0xff, 0x0, 0x0, 0x1f, 0xff, 0xd3, 0xff, 0xfc,
    0x0, 0x7, 0xff, 0xfc, 0x3f, 0xff, 0xf9, 0x56,
    0xff, 0xff, 0x81, 0xff, 0xff, 0xff, 0xff, 0xff,
    0xf0, 0xb, 0xff, 0xff, 0xff, 0xff, 0xfd, 0x0,
    0x3f, 0xff, 0xff, 0xff, 0xff, 0x40, 0x0, 0xbf,
    0xff, 0xff, 0xff, 0xd0, 0x0, 0x1, 0xbf, 0xff,
    0xff, 0xe0, 0x0, 0x0, 0x0, 0x6f, 0xff, 0x90,
    0x0, 0x0,

    /* U+0034 "4" */
    0x0, 0x0, 0x0, 0x2f, 0xff, 0x80, 0x0, 0x0,
    0x0, 0x0, 0xf, 0xff, 0xc0, 0x0, 0x0, 0x0,
    0x0, 0xb, 0xff, 0xe0, 0x0, 0x0, 0x0, 0x0,
    0x3, 0xff, 0xf4, 0x0, 0x0, 0x0, 0x0, 0x1,
    0xff, 0xfc, 0x0, 0x0, 0x0, 0x0, 0x0, 0xff,
    0xfd, 0x0, 0x0, 0x0, 0x0, 0x0, 0x3f, 0xff,
    0x0, 0x0, 0x0, 0x0, 0x0, 0x2f, 0xff, 0x80,
    0x0, 0x0, 0x0, 0x0, 0xf, 0xff, 0xc0, 0x0,
    0x0, 0x0, 0x0, 0x7, 0xff, 0xf0, 0x0, 0x0,
    0x0, 0x0, 0x3, 0xff, 0xf4, 0x0, 0x0, 0x0,
    0x0, 0x1, 0xff, 0xfc, 0x0, 0x0, 0x0, 0x0,
    0x0, 0xbf, 0xfe, 0x0, 0x0, 0x0, 0x0, 0x0,
    0x3f, 0xff, 0x0, 0x0, 0x0, 0x0, 0x0, 0x2f,
    0xff, 0x80, 0x0, 0x0, 0x0, 0x0, 0xf, 0xff,
    0xd0, 0x0, 0x0, 0x0, 0x0, 0x7, 0xff, 0xf0,
    0x0, 0x0, 0x0, 0x0, 0x3, 0xff, 0xf4, 0x0,
    0x0, 0x0, 0x0, 0x0, 0xff, 0xfc, 0x0, 0x0,
    0x0, 0x0, 0x0, 0xbf, 0xfe, 0x0, 0x0, 0x0,
    0x0, 0x0, 0x3f, 0xff, 0x0, 0x1f, 0xff, 0xc0,
    0x0, 0x1f, 0xff, 0xc0, 0x7, 0xff, 0xf0, 0x0,
    0xf, 0xff, 0xd0, 0x1, 0xff, 0xfc, 0x0, 0x7,
    0xff, 0xf0, 0x0, 0x7f, 0xff, 0x0, 0x2, 0xff,
    0xf8, 0x0, 0x1f, 0xff, 0xc0, 0x0, 0xff, 0xfc,
    0x0, 0x7, 0xff, 0xf0, 0x0, 0xbf, 0xfe, 0x0,
    0x1, 0xff, 0xfc, 0x0, 0x3f, 0xff, 0x0, 0x0,
    0x7f, 0xff, 0x0, 0x1f, 0xff, 0xc0, 0x0, 0x1f,
    0xff, 0xc0, 0xf, 0xff, 0xd0, 0x0, 0x7, 0xff,
    0xf0, 0x3, 0xff, 0xf0, 0x0, 0x1, 0xff, 0xfc,
    0x1, 0xff, 0xff, 0xff, 0xff, 0xff, 0xff, 0xff,
    0x7f, 0xff, 0xff, 0xff, 0xff, 0xff, 0xff, 0xdf,
    0xff, 0xff, 0xff, 0xff, 0xff, 0xff, 0xf7, 0xff,
    0xff, 0xff, 0xff, 0xff, 0xff, 0xfd, 0xff, 0xff,
    0xff, 0xff, 0xff, 0xff, 0xff, 0x7f, 0xff, 0xff,
    0xff, 0xff, 0xff, 0xff, 0xc5, 0x55, 0x55, 0x55,
    0x5b, 0xff, 0xf5, 0x50, 0x0, 0x0, 0x0, 0x1,
    0xff, 0xfc, 0x0, 0x0, 0x0, 0x0, 0x0, 0x7f,
    0xff, 0x0, 0x0, 0x0, 0x0, 0x0, 0x1f, 0xff,
    0xc0, 0x0, 0x0, 0x0, 0x0, 0x7, 0xff, 0xf0,
    0x0, 0x0, 0x0, 0x0, 0x1, 0xff, 0xfc, 0x0,
    0x0, 0x0, 0x0, 0x0, 0x7f, 0xff, 0x0, 0x0,
    0x0, 0x0, 0x0, 0x1f, 0xff, 0xc0, 0x0,

    /* U+0035 "5" */
    0x3f, 0xff, 0xff, 0xff, 0xff, 0xff, 0x83, 0xff,
    0xff, 0xff, 0xff, 0xff, 0xf8, 0x3f, 0xff, 0xff,
    0xff, 0xff, 0xff, 0x83, 0xff, 0xff, 0xff, 0xff,
    0xff, 0xf8, 0x3f, 0xff, 0xff, 0xff, 0xff, 0xff,
    0x83, 0xff, 0xff, 0xff, 0xff, 0xff, 0xf8, 0x3f,
    0xfe, 0x55, 0x55, 0x55, 0x55, 0x3, 0xff, 0xe0,
    0x0, 0x0, 0x0, 0x0, 0x3f, 0xfe, 0x0, 0x0,
    0x0, 0x0, 0x3, 0xff, 0xe0, 0x0, 0x0, 0x0,
    0x0, 0x3f, 0xfe, 0x0, 0x0, 0x0, 0x0, 0x3,
    0xff, 0xe0, 0x0, 0x0, 0x0, 0x0, 0x3f, 0xfe,
    0x0, 0x0, 0x0, 0x0, 0x3, 0xff, 0xe0, 0x0,
    0x0, 0x0, 0x0, 0x3f, 0xfe, 0x0, 0x0, 0x0,
    0x0, 0x3, 0xff, 0xe0, 0xbf, 0xff, 0x80, 0x0,
    0x3f, 0xfe, 0xbf, 0xff, 0xff, 0x80, 0x3, 0xff,
    0xff, 0xff, 0xff, 0xff, 0x0, 0x3f, 0xff, 0xff,
    0xff, 0xff, 0xfc, 0x3, 0xff, 0xff, 0xff, 0xff,
    0xff, 0xe0, 0x3f, 0xff, 0xff, 0xff, 0xff, 0xff,
    0x3, 0xff, 0xff, 0x40, 0x2f, 0xff, 0xf4, 0x3f,
    0xff, 0xc0, 0x0, 0x7f, 0xff, 0xc3, 0xff, 0xf0,
    0x0, 0x2, 0xff, 0xfc, 0x1a, 0xa9, 0x0, 0x0,
    0xf, 0xff, 0xc0, 0x0, 0x0, 0x0, 0x0, 0xff,
    0xfd, 0x0, 0x0, 0x0, 0x0, 0xf, 0xff, 0xd0,
    0x0, 0x0, 0x0, 0x0, 0xbf, 0xfd, 0x0, 0x0,
    0x0, 0x0, 0xb, 0xff, 0xd0, 0x0, 0x0, 0x0,
    0x0, 0xbf, 0xfd, 0x0, 0x0, 0x0, 0x0, 0xb,
    0xff, 0xd0, 0x0, 0x0, 0x0, 0x0, 0xbf, 0xfd,
    0x0, 0x0, 0x0, 0x0, 0xb, 0xff, 0xd7, 0xff,
    0xc0, 0x0, 0x0, 0xff, 0xfd, 0x7f, 0xfd, 0x0,
    0x0, 0xf, 0xff, 0xd7, 0xff, 0xe0, 0x0, 0x1,
    0xff, 0xfc, 0x3f, 0xff, 0x0, 0x0, 0x2f, 0xff,
    0xc3, 0xff, 0xfc, 0x0, 0xb, 0xff, 0xf8, 0x2f,
    0xff, 0xf9, 0x57, 0xff, 0xff, 0x0, 0xff, 0xff,
    0xff, 0xff, 0xff, 0xe0, 0x7, 0xff, 0xff, 0xff,
    0xff, 0xfc, 0x0, 0x2f, 0xff, 0xff, 0xff, 0xff,
    0x0, 0x0, 0xbf, 0xff, 0xff, 0xff, 0xc0, 0x0,
    0x0, 0xbf, 0xff, 0xff, 0xd0, 0x0, 0x0, 0x0,
    0x6f, 0xff, 0x90, 0x0, 0x0,

    /* U+0036 "6" */
    0x0, 0x0, 0x0, 0x3f, 0xff, 0x80, 0x0, 0x0,
    0x0, 0x1, 0xff, 0xfc, 0x0, 0x0, 0x0, 0x0,
    0xf, 0xff, 0xe0, 0x0, 0x0, 0x0, 0x0, 0x7f,
    0xff, 0x0, 0x0, 0x0, 0x0, 0x3, 0xff, 0xf8,
    0x0, 0x0, 0x0, 0x0, 0x1f, 0xff, 0xc0, 0x0,
    0x0, 0x0, 0x0, 0xff, 0xfe, 0x0, 0x0, 0x0,
    0x0, 0x7, 0xff, 0xf0, 0x0, 0x0, 0x0, 0x0,
    0x3f, 0xff, 0x80, 0x0, 0x0, 0x0, 0x2, 0xff,
    0xfc, 0x0, 0x0, 0x0, 0x0, 0xf, 0xff, 0xd0,
    0x0, 0x0, 0x0, 0x0, 0xbf, 0xff, 0x0, 0x0,
    0x0, 0x0, 0x3, 0xff, 0xf4, 0x0, 0x0, 0x0,
    0x0, 0x2f, 0xff, 0xc0, 0x0, 0x0, 0x0, 0x0,
    0xff, 0xfd, 0x0, 0x0, 0x0, 0x0, 0xb, 0xff,
    0xf0, 0x0, 0x0, 0x0, 0x0, 0x3f, 0xff, 0x40,
    0x0, 0x0, 0x0, 0x2, 0xff, 0xfd, 0xff, 0xe4,
    0x0, 0x0, 0xf, 0xff, 0xff, 0xff, 0xfd, 0x0,
    0x0, 0xbf, 0xff, 0xff, 0xff, 0xfe, 0x0, 0x3,
    0xff, 0xff, 0xff, 0xff, 0xfe, 0x0, 0x2f, 0xff,
    0xff, 0xff, 0xff, 0xfe, 0x0, 0xff, 0xff, 0xff,
    0xff, 0xff, 0xfc, 0x7, 0xff, 0xff, 0x95, 0xbf,
    0xff, 0xf8, 0x3f, 0xff, 0xe0, 0x0, 0x2f, 0xff,
    0xf0, 0xff, 0xfe, 0x0, 0x0, 0x2f, 0xff, 0xd7,
    0xff, 0xf0, 0x0, 0x0, 0x3f, 0xff, 0xaf, 0xff,
    0xc0, 0x0, 0x0, 0xbf, 0xfe, 0xbf, 0xfe, 0x0,
    0x0, 0x2, 0xff, 0xfe, 0xff, 0xf8, 0x0, 0x0,
    0x7, 0xff, 0xff, 0xff, 0xe0, 0x0, 0x0, 0x1f,
    0xff, 0xff, 0xff, 0x80, 0x0, 0x0, 0x7f, 0xff,
    0xbf, 0xfe, 0x0, 0x0, 0x1, 0xff, 0xfe, 0xff,
    0xf8, 0x0, 0x0, 0xb, 0xff, 0xeb, 0xff, 0xf0,
    0x0, 0x0, 0x3f, 0xff, 0x9f, 0xff, 0xc0, 0x0,
    0x0, 0xff, 0xfd, 0x3f, 0xff, 0xc0, 0x0, 0xb,
    0xff, 0xf0, 0xff, 0xff, 0x80, 0x0, 0xbf, 0xff,
    0xc1, 0xff, 0xff, 0xe5, 0x6f, 0xff, 0xfd, 0x3,
    0xff, 0xff, 0xff, 0xff, 0xff, 0xe0, 0x3, 0xff,
    0xff, 0xff, 0xff, 0xff, 0x0, 0x7, 0xff, 0xff,
    0xff, 0xff, 0xf0, 0x0, 0x3, 0xff, 0xff, 0xff,
    0xfe, 0x0, 0x0, 0x1, 0xff, 0xff, 0xff, 0xd0,
    0x0, 0x0, 0x0, 0x6f, 0xff, 0x90, 0x0, 0x0,

    /* U+0037 "7" */
    0xff, 0xff, 0xff, 0xff, 0xff, 0xff, 0xff, 0xff,
    0xff, 0xff, 0xff, 0xff, 0xff, 0xff, 0xff, 0xff,
    0xff, 0xff, 0xff, 0xff, 0xff, 0xff, 0xff, 0xff,
    0xff, 0xff, 0xff, 0xff, 0xff, 0xff, 0xff, 0xff,
    0xff, 0xff, 0xff, 0xff, 0xff, 0xf5, 0x55, 0x55,
    0x55, 0x56, 0xff, 0xfc, 0x0, 0x0, 0x0, 0x0,
    0x7f, 0xfe, 0x0, 0x0, 0x0, 0x0, 0x3f, 0xff,
    0x0, 0x0, 0x0, 0x0, 0xf, 0xff, 0xc0, 0x0,
    0x0, 0x0, 0xb, 0xff, 0xe0, 0x0, 0x0, 0x0,
    0x3, 0xff, 0xf0, 0x0, 0x0, 0x0, 0x1, 0xff,
    0xfc, 0x0, 0x0, 0x0, 0x0, 0xbf, 0xfd, 0x0,
    0x0, 0x0, 0x0, 0x3f, 0xff, 0x0, 0x0, 0x0,
    0x0, 0x1f, 0xff, 0x80, 0x0, 0x0, 0x0, 0xf,
    0xff, 0xd0, 0x0, 0x0, 0x0, 0x3, 0xff, 0xf0,
    0x0, 0x0, 0x0, 0x2, 0xff, 0xf8, 0x0, 0x0,
    0x0, 0x0, 0xff, 0xfc, 0x0, 0x0, 0x0, 0x0,
    0x7f, 0xff, 0x0, 0x0, 0x0, 0x0, 0x2f, 0xff,
    0x80, 0x0, 0x0, 0x0, 0xf, 0xff, 0xc0, 0x0,
    0x0, 0x0, 0x7, 0xff, 0xf0, 0x0, 0x0, 0x0,
    0x2, 0xff, 0xf4, 0x0, 0x0, 0x0, 0x0, 0xff,
    0xfc, 0x0, 0x0, 0x0, 0x0, 0x7f, 0xfe, 0x0,
    0x0, 0x0, 0x0, 0x3f, 0xff, 0x40, 0x0, 0x0,
    0x0, 0xf, 0xff, 0xc0, 0x0, 0x0, 0x0, 0xb,
    0xff, 0xe0, 0x0, 0x0, 0x0, 0x3, 0xff, 0xf4,
    0x0, 0x0, 0x0, 0x1, 0xff, 0xfc, 0x0, 0x0,
    0x0, 0x0, 0xbf, 0xfe, 0x0, 0x0, 0x0, 0x0,
    0x3f, 0xff, 0x0, 0x0, 0x0, 0x0, 0x1f, 0xff,
    0xc0, 0x0, 0x0, 0x0, 0xf, 0xff, 0xd0, 0x0,
    0x0, 0x0, 0x3, 0xff, 0xf0, 0x0, 0x0, 0x0,
    0x2, 0xff, 0xf8, 0x0, 0x0, 0x0, 0x0, 0xff,
    0xfd, 0x0, 0x0, 0x0, 0x0, 0x7f, 0xff, 0x0,
    0x0, 0x0, 0x0, 0x2f, 0xff, 0x80, 0x0, 0x0,
    0x0, 0xf, 0xff, 0xd0, 0x0, 0x0, 0x0, 0x7,
    0xff, 0xf0, 0x0, 0x0, 0x0, 0x2, 0xff, 0xf8,
    0x0, 0x0, 0x0, 0x0, 0xff, 0xfc, 0x0, 0x0,
    0x0, 0x0,

    /* U+0038 "8" */
    0x0, 0x0, 0x0, 0x14, 0x0, 0x0, 0x0, 0x0,
    0x0, 0x2f, 0xff, 0xf8, 0x0, 0x0, 0x0, 0x2,
    0xff, 0xff, 0xff, 0x80, 0x0, 0x0, 0x1f, 0xff,
    0xff, 0xff, 0xf0, 0x0, 0x0, 0x7f, 0xff, 0xff,
    0xff, 0xfd, 0x0, 0x0, 0xff, 0xff, 0xff, 0xff,
    0xff, 0x0, 0x3, 0xff, 0xff, 0xff, 0xff, 0xff,
    0xc0, 0x7, 0xff, 0xfe, 0x0, 0xbf, 0xff, 0xd0,
    0xf, 0xff, 0xf0, 0x0, 0x1f, 0xff, 0xe0, 0xf,
    0xff, 0xd0, 0x0, 0x7, 0xff, 0xf0, 0x1f, 0xff,
    0xc0, 0x0, 0x3, 0xff, 0xf0, 0x1f, 0xff, 0x80,
    0x0, 0x2, 0xff, 0xf4, 0x1f, 0xff, 0x80, 0x0,
    0x2, 0xff, 0xf4, 0x1f, 0xff, 0x80, 0x0, 0x2,
    0xff, 0xf4, 0x1f, 0xff, 0x80, 0x0, 0x2, 0xff,
    0xf4, 0x1f, 0xff, 0x80, 0x0, 0x3, 0xff, 0xf4,
    0xf, 0xff, 0xc0, 0x0, 0x3, 0xff, 0xf0, 0xf,
    0xff, 0xd0, 0x0, 0xb, 0xff, 0xf0, 0xb, 0xff,
    0xf4, 0x0, 0x1f, 0xff, 0xd0, 0x3, 0xff, 0xfe,
    0x41, 0xbf, 0xff, 0xc0, 0x0, 0xff, 0xff, 0xff,
    0xff, 0xff, 0x0, 0x0, 0x7f, 0xff, 0xff, 0xff,
    0xfd, 0x0, 0x0, 0xf, 0xff, 0xff, 0xff, 0xf0,
    0x0, 0x0, 0x2f, 0xff, 0xff, 0xff, 0xf8, 0x0,
    0x0, 0xff, 0xff, 0xff, 0xff, 0xff, 0x0, 0x3,
    0xff, 0xff, 0xff, 0xff, 0xff, 0x80, 0xb, 0xff,
    0xfd, 0x0, 0x7f, 0xff, 0xd0, 0xf, 0xff, 0xe0,
    0x0, 0xf, 0xff, 0xf0, 0x2f, 0xff, 0xc0, 0x0,
    0x3, 0xff, 0xf4, 0x3f, 0xff, 0x40, 0x0, 0x1,
    0xff, 0xfc, 0x3f, 0xff, 0x0, 0x0, 0x0, 0xff,
    0xfc, 0x7f, 0xff, 0x0, 0x0, 0x0, 0xff, 0xfc,
    0x7f, 0xfe, 0x0, 0x0, 0x0, 0xff, 0xfc, 0x7f,
    0xfe, 0x0, 0x0, 0x0, 0xff, 0xfc, 0x7f, 0xfe,
    0x0, 0x0, 0x0, 0xff, 0xfc, 0x7f, 0xff, 0x0,
    0x0, 0x0, 0xff, 0xfc, 0x3f, 0xff, 0x0, 0x0,
    0x0, 0xff, 0xfc, 0x3f, 0xff, 0x40, 0x0, 0x2,
    0xff, 0xfc, 0x2f, 0xff, 0xc0, 0x0, 0x3, 0xff,
    0xf8, 0x1f, 0xff, 0xf0, 0x0, 0x1f, 0xff, 0xf0,
    0xf, 0xff, 0xfe, 0x55, 0xbf, 0xff, 0xe0, 0x7,
    0xff, 0xff, 0xff, 0xff, 0xff, 0xc0, 0x2, 0xff,
    0xff, 0xff, 0xff, 0xff, 0x40, 0x0, 0xbf, 0xff,
    0xff, 0xff, 0xfd, 0x0, 0x0, 0x1f, 0xff, 0xff,
    0xff, 0xf4, 0x0, 0x0, 0x2, 0xff, 0xff, 0xff,
    0x80, 0x0, 0x0, 0x0, 0x1b, 0xff, 0xe4, 0x0,
    0x0,

    /* U+0039 "9" */
    0x0, 0x0, 0x0, 0x10, 0x0, 0x0, 0x0, 0x0,
    0x2, 0xff, 0xff, 0xe0, 0x0, 0x0, 0x0, 0xbf,
    0xff, 0xff, 0xf8, 0x0, 0x0, 0x1f, 0xff, 0xff,
    0xff, 0xfd, 0x0, 0x1, 0xff, 0xff, 0xff, 0xff,
    0xfe, 0x0, 0xf, 0xff, 0xff, 0xff, 0xff, 0xfd,
    0x0, 0xff, 0xff, 0xff, 0xff, 0xff, 0xfc, 0x7,
    0xff, 0xfe, 0x40, 0x6f, 0xff, 0xf8, 0x3f, 0xff,
    0xd0, 0x0, 0x1f, 0xff, 0xf0, 0xff, 0xfe, 0x0,
    0x0, 0x2f, 0xff, 0xd7, 0xff, 0xf0, 0x0, 0x0,
    0x3f, 0xff, 0xaf, 0xff, 0x80, 0x0, 0x0, 0xbf,
    0xfe, 0xbf, 0xfe, 0x0, 0x0, 0x2, 0xff, 0xfa,
    0xff, 0xf4, 0x0, 0x0, 0x7, 0xff, 0xff, 0xff,
    0xd0, 0x0, 0x0, 0x1f, 0xff, 0xff, 0xff, 0x40,
    0x0, 0x0, 0x7f, 0xff, 0xbf, 0xfe, 0x0, 0x0,
    0x2, 0xff, 0xfe, 0xff, 0xf8, 0x0, 0x0, 0xb,
    0xff, 0xeb, 0xff, 0xf0, 0x0, 0x0, 0x3f, 0xff,
    0x9f, 0xff, 0xe0, 0x0, 0x1, 0xff, 0xfd, 0x3f,
    0xff, 0xd0, 0x0, 0x1f, 0xff, 0xf0, 0xff, 0xff,
    0xe4, 0x6, 0xff, 0xff, 0xc1, 0xff, 0xff, 0xff,
    0xff, 0xff, 0xfd, 0x2, 0xff, 0xff, 0xff, 0xff,
    0xff, 0xf0, 0x3, 0xff, 0xff, 0xff, 0xff, 0xff,
    0x80, 0x3, 0xff, 0xff, 0xff, 0xff, 0xfc, 0x0,
    0x2, 0xff, 0xff, 0xff, 0xff, 0xe0, 0x0, 0x0,
    0xbf, 0xfe, 0xff, 0xff, 0x0, 0x0, 0x0, 0x0,
    0x3, 0xff, 0xf8, 0x0, 0x0, 0x0, 0x0, 0x2f,
    0xff, 0xc0, 0x0, 0x0, 0x0, 0x0, 0xff, 0xfe,
    0x0, 0x0, 0x0, 0x0, 0xb, 0xff, 0xf0, 0x0,
    0x0, 0x0, 0x0, 0x3f, 0xff, 0x80, 0x0, 0x0,
    0x0, 0x2, 0xff, 0xfc, 0x0, 0x0, 0x0, 0x0,
    0xf, 0xff, 0xe0, 0x0, 0x0, 0x0, 0x0, 0xbf,
    0xff, 0x0, 0x0, 0x0, 0x0, 0x3, 0xff, 0xf8,
    0x0, 0x0, 0x0, 0x0, 0x2f, 0xff, 0xc0, 0x0,
    0x0, 0x0, 0x0, 0xff, 0xfe, 0x0, 0x0, 0x0,
    0x0, 0xb, 0xff, 0xf0, 0x0, 0x0, 0x0, 0x0,
    0x3f, 0xff, 0x40, 0x0, 0x0, 0x0, 0x2, 0xff,
    0xfc, 0x0, 0x0, 0x0, 0x0, 0xf, 0xff, 0xd0,
    0x0, 0x0, 0x0, 0x0, 0xbf, 0xff, 0x0, 0x0,
    0x0, 0x0, 0x3, 0xff, 0xf4, 0x0, 0x0, 0x0,
    0x0, 0x2f, 0xff, 0xc0, 0x0, 0x0, 0x0,

    /* U+003A ":" */
    0x0, 0x0, 0xf, 0xff, 0xe3, 0xff, 0xf8, 0xff,
    0xfe, 0x3f, 0xff, 0x8f, 0xff, 0xe3, 0xff, 0xf8,
    0xff, 0xfe, 0x3f, 0xff, 0x80, 0x0, 0x0, 0x0,
    0x0, 0x0, 0x0, 0x0, 0x0, 0x0, 0x0, 0x0,
    0x0, 0x0, 0x0, 0x0, 0x0, 0x0, 0x0, 0x0,
    0x0, 0x0, 0x0, 0x0, 0x0, 0x0, 0x0, 0x0,
    0x0, 0x0, 0x0, 0x0, 0xff, 0xfe, 0x3f, 0xff,
    0x8f, 0xff, 0xe3, 0xff, 0xf8, 0xff, 0xfe, 0x3f,
    0xff, 0x8f, 0xff, 0xe3, 0xff, 0xf8,

    /* U+003B ";" */
    0x0, 0x0, 0xf, 0xff, 0xe3, 0xff, 0xf8, 0xff,
    0xfe, 0x3f, 0xff, 0x8f, 0xff, 0xe3, 0xff, 0xf8,
    0xff, 0xfe, 0x3f, 0xff, 0x80, 0x0, 0x0, 0x0,
    0x0, 0x0, 0x0, 0x0, 0x0, 0x0, 0x0, 0x0,
    0x0, 0x0, 0x0, 0x0, 0x0, 0x0, 0x0, 0x0,
    0x0, 0x0, 0x0, 0x0, 0x0, 0x0, 0x0, 0x0,
    0x0, 0x0, 0x0, 0x0, 0x3f, 0xfe, 0xf, 0xff,
    0x83, 0xff, 0xe0, 0xff, 0xf8, 0x3f, 0xfe, 0xf,
    0xff, 0x83, 0xff, 0xe0, 0xff, 0xf8, 0x3f, 0xfe,
    0xf, 0xff, 0x83, 0xff, 0xe0, 0xff, 0xf8, 0x3f,
    0xfd, 0xf, 0xfd, 0x3, 0xfc, 0x0, 0xfc, 0x0,
    0x38, 0x0, 0x4, 0x0, 0x0,

    /* U+003C "<" */
    0x0, 0x0, 0x0, 0x0, 0x0, 0x0, 0x1, 0x0,
    0x0, 0x0, 0x0, 0x0, 0x0, 0x7e, 0x0, 0x0,
    0x0, 0x0, 0x0, 0xb, 0xfe, 0x0, 0x0, 0x0,
    0x0, 0x1, 0xff, 0xfe, 0x0, 0x0, 0x0, 0x0,
    0x2f, 0xff, 0xfe, 0x0, 0x0, 0x0, 0x7, 0xff,
    0xff, 0xfe, 0x0, 0x0, 0x0, 0xbf, 0xff, 0xff,
    0xfe, 0x0, 0x0, 0x1f, 0xff, 0xff, 0xff, 0xe4,
    0x0, 0x2, 0xff, 0xff, 0xff, 0xfd, 0x0, 0x0,
    0x7f, 0xff, 0xff, 0xff, 0x90, 0x0, 0x1b, 0xff,
    0xff, 0xff, 0xf4, 0x0, 0x0, 0xbf, 0xff, 0xff,
    0xfe, 0x0, 0x0, 0x0, 0xbf, 0xff, 0xff, 0x90,
    0x0, 0x0, 0x0, 0xbf, 0xff, 0xf8, 0x0, 0x0,
    0x0, 0x0, 0xbf, 0xff, 0xe4, 0x0, 0x0, 0x0,
    0x0, 0xbf, 0xff, 0xff, 0x80, 0x0, 0x0, 0x0,
    0xbf, 0xff, 0xff, 0xfd, 0x0, 0x0, 0x0, 0x1f,
    0xff, 0xff, 0xff, 0xe0, 0x0, 0x0, 0x1, 0xbf,
    0xff, 0xff, 0xff, 0x40, 0x0, 0x0, 0x7, 0xff,
    0xff, 0xff, 0xf9, 0x0, 0x0, 0x0, 0x6f, 0xff,
    0xff, 0xff, 0xe0, 0x0, 0x0, 0x1, 0xff, 0xff,
    0xff, 0xfe, 0x0, 0x0, 0x0, 0x1b, 0xff, 0xff,
    0xfe, 0x0, 0x0, 0x0, 0x0, 0x7f, 0xff, 0xfe,
    0x0, 0x0, 0x0, 0x0, 0x2, 0xff, 0xfe, 0x0,
    0x0, 0x0, 0x0, 0x0, 0x1f, 0xfe, 0x0, 0x0,
    0x0, 0x0, 0x0, 0x0, 0xbe, 0x0, 0x0, 0x0,
    0x0, 0x0, 0x0, 0x5,

    /* U+003D "=" */
    0x15, 0x55, 0x55, 0x55, 0x55, 0x55, 0x54, 0xbf,
    0xff, 0xff, 0xff, 0xff, 0xff, 0xfe, 0xbf, 0xff,
    0xff, 0xff, 0xff, 0xff, 0xfe, 0xbf, 0xff, 0xff,
    0xff, 0xff, 0xff, 0xfe, 0xbf, 0xff, 0xff, 0xff,
    0xff, 0xff, 0xfe, 0xbf, 0xff, 0xff, 0xff, 0xff,
    0xff, 0xfe, 0xbf, 0xff, 0xff, 0xff, 0xff, 0xff,
    0xfe, 0x0, 0x0, 0x0, 0x0, 0x0, 0x0, 0x0,
    0x0, 0x0, 0x0, 0x0, 0x0, 0x0, 0x0, 0x0,
    0x0, 0x0, 0x0, 0x0, 0x0, 0x0, 0x0, 0x0,
    0x0, 0x0, 0x0, 0x0, 0x0, 0x0, 0x0, 0x0,
    0x0, 0x0, 0x0, 0x0, 0x0, 0x0, 0x0, 0x0,
    0x0, 0x0, 0x0, 0x15, 0x55, 0x55, 0x55, 0x55,
    0x55, 0x54, 0xbf, 0xff, 0xff, 0xff, 0xff, 0xff,
    0xfe, 0xbf, 0xff, 0xff, 0xff, 0xff, 0xff, 0xfe,
    0xbf, 0xff, 0xff, 0xff, 0xff, 0xff, 0xfe, 0xbf,
    0xff, 0xff, 0xff, 0xff, 0xff, 0xfe, 0xbf, 0xff,
    0xff, 0xff, 0xff, 0xff, 0xfe, 0xbf, 0xff, 0xff,
    0xff, 0xff, 0xff, 0xfe,

    /* U+003E ">" */
    0x40, 0x0, 0x0, 0x0, 0x0, 0x0, 0x0, 0xbd,
    0x0, 0x0, 0x0, 0x0, 0x0, 0x0, 0xbf, 0xe0,
    0x0, 0x0, 0x0, 0x0, 0x0, 0xbf, 0xff, 0x40,
    0x0, 0x0, 0x0, 0x0, 0xbf, 0xff, 0xf8, 0x0,
    0x0, 0x0, 0x0, 0xbf, 0xff, 0xff, 0xd0, 0x0,
    0x0, 0x0, 0xbf, 0xff, 0xff, 0xfe, 0x0, 0x0,
    0x0, 0x1b, 0xff, 0xff, 0xff, 0xf4, 0x0, 0x0,
    0x0, 0xbf, 0xff, 0xff, 0xff, 0x80, 0x0, 0x0,
    0x6, 0xff, 0xff, 0xff, 0xfd, 0x0, 0x0, 0x0,
    0x1f, 0xff, 0xff, 0xff, 0xe0, 0x0, 0x0, 0x0,
    0xbf, 0xff, 0xff, 0xfe, 0x0, 0x0, 0x0, 0x6,
    0xff, 0xff, 0xfe, 0x0, 0x0, 0x0, 0x0, 0x2f,
    0xff, 0xfe, 0x0, 0x0, 0x0, 0x0, 0x1b, 0xff,
    0xfe, 0x0, 0x0, 0x0, 0x2, 0xff, 0xff, 0xfe,
    0x0, 0x0, 0x0, 0x7f, 0xff, 0xff, 0xfe, 0x0,
    0x0, 0xb, 0xff, 0xff, 0xff, 0xf4, 0x0, 0x1,
    0xff, 0xff, 0xff, 0xfe, 0x40, 0x0, 0x6f, 0xff,
    0xff, 0xff, 0xd0, 0x0, 0xb, 0xff, 0xff, 0xff,
    0xf8, 0x0, 0x0, 0xbf, 0xff, 0xff, 0xff, 0x40,
    0x0, 0x0, 0xbf, 0xff, 0xff, 0xe0, 0x0, 0x0,
    0x0, 0xbf, 0xff, 0xfd, 0x0, 0x0, 0x0, 0x0,
    0xbf, 0xff, 0x80, 0x0, 0x0, 0x0, 0x0, 0xbf,
    0xf4, 0x0, 0x0, 0x0, 0x0, 0x0, 0xbe, 0x0,
    0x0, 0x0, 0x0, 0x0, 0x0, 0x90, 0x0, 0x0,
    0x0, 0x0, 0x0, 0x0,

    /* U+003F "?" */
    0x0, 0x0, 0x1, 0x50, 0x0, 0x0, 0x0, 0x1,
    0xbf, 0xff, 0xe4, 0x0, 0x0, 0x3, 0xff, 0xff,
    0xff, 0xd0, 0x0, 0x7, 0xff, 0xff, 0xff, 0xfe,
    0x0, 0x7, 0xff, 0xff, 0xff, 0xff, 0xe0, 0x3,
    0xff, 0xff, 0xff, 0xff, 0xfd, 0x2, 0xff, 0xff,
    0xff, 0xff, 0xff, 0xc0, 0xff, 0xff, 0x40, 0x1f,
    0xff, 0xf8, 0x7f, 0xff, 0x0, 0x0, 0xff, 0xff,
    0x2f, 0xff, 0x80, 0x0, 0x1f, 0xff, 0xcf, 0xff,
    0xc0, 0x0, 0x3, 0xff, 0xf7, 0xff, 0xf0, 0x0,
    0x0, 0xff, 0xfd, 0xaa, 0xa8, 0x0, 0x0, 0x3f,
    0xff, 0x40, 0x0, 0x0, 0x0, 0xf, 0xff, 0xc0,
    0x0, 0x0, 0x0, 0x3, 0xff, 0xf0, 0x0, 0x0,
    0x0, 0x2, 0xff, 0xfc, 0x0, 0x0, 0x0, 0x0,
    0xff, 0xfd, 0x0, 0x0, 0x0, 0x0, 0xff, 0xff,
    0x0, 0x0, 0x0, 0x0, 0xbf, 0xff, 0x40, 0x0,
    0x0, 0x0, 0x7f, 0xff, 0x80, 0x0, 0x0, 0x0,
    0x3f, 0xff, 0xc0, 0x0, 0x0, 0x0, 0x3f, 0xff,
    0xd0, 0x0, 0x0, 0x0, 0x2f, 0xff, 0xe0, 0x0,
    0x0, 0x0, 0x1f, 0xff, 0xf0, 0x0, 0x0, 0x0,
    0xf, 0xff, 0xf0, 0x0, 0x0, 0x0, 0xb, 0xff,
    0xf4, 0x0, 0x0, 0x0, 0x3, 0xff, 0xf8, 0x0,
    0x0, 0x0, 0x1, 0xff, 0xfc, 0x0, 0x0, 0x0,
    0x0, 0x7f, 0xff, 0x0, 0x0, 0x0, 0x0, 0x1f,
    0xff, 0x80, 0x0, 0x0, 0x0, 0x7, 0xff, 0xe0,
    0x0, 0x0, 0x0, 0x1, 0xff, 0xf8, 0x0, 0x0,
    0x0, 0x0, 0x7f, 0xfe, 0x0, 0x0, 0x0, 0x0,
    0x1f, 0xff, 0x40, 0x0, 0x0, 0x0, 0x0, 0x0,
    0x0, 0x0, 0x0, 0x0, 0x0, 0x0, 0x0, 0x0,
    0x0, 0x0, 0x0, 0x0, 0x0, 0x0, 0x0, 0x0,
    0x0, 0x0, 0x0, 0x0, 0x0, 0x0, 0x0, 0x6,
    0xaa, 0x90, 0x0, 0x0, 0x0, 0x3, 0xff, 0xfc,
    0x0, 0x0, 0x0, 0x0, 0xff, 0xff, 0x0, 0x0,
    0x0, 0x0, 0x3f, 0xff, 0xc0, 0x0, 0x0, 0x0,
    0xf, 0xff, 0xf0, 0x0, 0x0, 0x0, 0x3, 0xff,
    0xfc, 0x0, 0x0, 0x0, 0x0, 0xff, 0xff, 0x0,
    0x0, 0x0, 0x0, 0x3f, 0xff, 0xc0, 0x0, 0x0,

    /* U+0040 "@" */
    0x0, 0x0, 0x0, 0x0, 0x1, 0xaf, 0xff, 0xe9,
    0x0, 0x0, 0x0, 0x0, 0x0, 0x0, 0x0, 0x0,
    0x6, 0xff, 0xff, 0xff, 0xff, 0xe0, 0x0, 0x0,
    0x0, 0x0, 0x0, 0x0, 0x1, 0xff, 0xff, 0xff,
    0xff, 0xff, 0xf9, 0x0, 0x0, 0x0, 0x0, 0x0,
    0x0, 0x7f, 0xff, 0xff, 0xff, 0xff, 0xff, 0xfe,
    0x0, 0x0, 0x0, 0x0, 0x0, 0xb, 0xff, 0xff,
    0xff, 0xff, 0xff, 0xff, 0xff, 0x40, 0x0, 0x0,
    0x0, 0x0, 0xff, 0xff, 0xff, 0xff, 0xbf, 0xff,
    0xff, 0xff, 0x80, 0x0, 0x0, 0x0, 0x1f, 0xff,
    0xff, 0x90, 0x0, 0x0, 0x6f, 0xff, 0xff, 0xc0,
    0x0, 0x0, 0x1, 0xff, 0xff, 0xe0, 0x0, 0x0,
    0x0, 0x2, 0xff, 0xff, 0xc0, 0x0, 0x0, 0xf,
    0xff, 0xf8, 0x0, 0x0, 0x0, 0x0, 0x0, 0xff,
    0xff, 0xc0, 0x0, 0x0, 0xff, 0xff, 0x40, 0x0,
    0x0, 0x0, 0x0, 0x0, 0xbf, 0xff, 0x80, 0x0,
    0xb, 0xff, 0xf0, 0x0, 0x0, 0x0, 0x0, 0x0,
    0x0, 0x7f, 0xff, 0x40, 0x0, 0x7f, 0xff, 0x0,
    0x0, 0x0, 0x0, 0x0, 0x0, 0x0, 0x7f, 0xff,
    0x0, 0x3, 0xff, 0xf4, 0x0, 0x0, 0x5, 0x0,
    0x0, 0x0, 0x0, 0xbf, 0xfe, 0x0, 0x1f, 0xff,
    0x80, 0x0, 0xb, 0xff, 0xf4, 0x2a, 0xa8, 0x0,
    0xff, 0xfc, 0x0, 0xff, 0xfc, 0x0, 0x2, 0xff,
    0xff, 0xfc, 0xff, 0xf4, 0x1, 0xff, 0xf8, 0x3,
    0xff, 0xe0, 0x0, 0x2f, 0xff, 0xff, 0xff, 0xff,
    0xd0, 0x3, 0xff, 0xf0, 0x2f, 0xff, 0x0, 0x1,
    0xff, 0xff, 0xff, 0xff, 0xff, 0x40, 0x7, 0xff,
    0xd0, 0xff, 0xf8, 0x0, 0xf, 0xff, 0xff, 0xff,
    0xff, 0xfd, 0x0, 0xf, 0xff, 0x83, 0xff, 0xd0,
    0x0, 0x3f, 0xff, 0x80, 0x2f, 0xff, 0xf4, 0x0,
    0x2f, 0xff, 0x1f, 0xff, 0x0, 0x2, 0xff, 0xf8,
    0x0, 0x1f, 0xff, 0xd0, 0x0, 0x7f, 0xfc, 0x7f,
    0xfc, 0x0, 0xf, 0xff, 0xc0, 0x0, 0x2f, 0xff,
    0x40, 0x1, 0xff, 0xf2, 0xff, 0xf0, 0x0, 0x3f,
    0xfe, 0x0, 0x0, 0x7f, 0xfd, 0x0, 0x3, 0xff,
    0xdb, 0xff, 0xc0, 0x0, 0xff, 0xf4, 0x0, 0x0,
    0xff, 0xf4, 0x0, 0xf, 0xff, 0x6f, 0xfe, 0x0,
    0x3, 0xff, 0xc0, 0x0, 0x3, 0xff, 0xd0, 0x0,
    0x3f, 0xfd, 0xff, 0xf8, 0x0, 0xf, 0xff, 0x0,
    0x0, 0xf, 0xff, 0x40, 0x0, 0xff, 0xfb, 0xff,
    0xe0, 0x0, 0x3f, 0xfc, 0x0, 0x0, 0x3f, 0xfd,
    0x0, 0x3, 0xff, 0xef, 0xff, 0x80, 0x0, 0xff,
    0xf0, 0x0, 0x0, 0xff, 0xf4, 0x0, 0xf, 0xff,
    0xbf, 0xfe, 0x0, 0x3, 0xff, 0xc0, 0x0, 0x3,
    0xff, 0xd0, 0x0, 0x3f, 0xfe, 0xff, 0xf8, 0x0,
    0xf, 0xff, 0x0, 0x0, 0xf, 0xff, 0x40, 0x0,
    0xff, 0xfb, 0xff, 0xe0, 0x0, 0x3f, 0xfc, 0x0,
    0x0, 0x3f, 0xfd, 0x0, 0x3, 0xff, 0xdb, 0xff,
    0x80, 0x0, 0xff, 0xf0, 0x0, 0x0, 0xff, 0xf4,
    0x0, 0xf, 0xff, 0x6f, 0xff, 0x0, 0x3, 0xff,
    0xd0, 0x0, 0x3, 0xff, 0xd0, 0x0, 0x3f, 0xfd,
    0xbf, 0xfc, 0x0, 0xf, 0xff, 0x40, 0x0, 0xf,
    0xff, 0x40, 0x0, 0xff, 0xf1, 0xff, 0xf0, 0x0,
    0x3f, 0xfe, 0x0, 0x0, 0x7f, 0xfd, 0x0, 0x7,
    0xff, 0xc7, 0xff, 0xc0, 0x0, 0xbf, 0xfc, 0x0,
    0x3, 0xff, 0xf8, 0x0, 0x2f, 0xff, 0xf, 0xff,
    0x80, 0x1, 0xff, 0xf8, 0x0, 0x2f, 0xff, 0xf4,
    0x1, 0xff, 0xf4, 0x3f, 0xff, 0x0, 0x3, 0xff,
    0xfd, 0x57, 0xff, 0xff, 0xf9, 0x6f, 0xff, 0xc0,
    0xbf, 0xfc, 0x0, 0xb, 0xff, 0xff, 0xff, 0xff,
    0xff, 0xff, 0xff, 0xfd, 0x0, 0xff, 0xf8, 0x0,
    0xf, 0xff, 0xff, 0xff, 0xdb, 0xff, 0xff, 0xff,
    0xe0, 0x3, 0xff, 0xf0, 0x0, 0x1f, 0xff, 0xff,
    0xfe, 0xb, 0xff, 0xff, 0xfe, 0x0, 0x7, 0xff,
    0xe0, 0x0, 0xf, 0xff, 0xff, 0xd0, 0xb, 0xff,
    0xff, 0xd0, 0x0, 0xf, 0xff, 0xd0, 0x0, 0x6,
    0xff, 0xe4, 0x0, 0x2, 0xff, 0xe4, 0x0, 0x0,
    0x1f, 0xff, 0xd0, 0x0, 0x0, 0x0, 0x0, 0x0,
    0x0, 0x0, 0x0, 0x0, 0x0, 0x2f, 0xff, 0xd0,
    0x0, 0x0, 0x0, 0x0, 0x0, 0x0, 0x0, 0x0,
    0x0, 0x0, 0x3f, 0xff, 0xd0, 0x0, 0x0, 0x0,
    0x0, 0x0, 0x0, 0x0, 0x0, 0x0, 0x0, 0x3f,
    0xff, 0xe0, 0x0, 0x0, 0x0, 0x0, 0x0, 0x60,
    0x0, 0x0, 0x0, 0x0, 0x7f, 0xff, 0xf8, 0x0,
    0x0, 0x0, 0x0, 0x1f, 0xe0, 0x0, 0x0, 0x0,
    0x0, 0x7f, 0xff, 0xff, 0x40, 0x0, 0x0, 0x5f,
    0xff, 0xc0, 0x0, 0x0, 0x0, 0x0, 0x3f, 0xff,
    0xff, 0xff, 0xef, 0xff, 0xff, 0xff, 0x80, 0x0,
    0x0, 0x0, 0x0, 0x2f, 0xff, 0xff, 0xff, 0xff,
    0xff, 0xff, 0xff, 0x0, 0x0, 0x0, 0x0, 0x0,
    0x1f, 0xff, 0xff, 0xff, 0xff, 0xff, 0xff, 0xf4,
    0x0, 0x0, 0x0, 0x0, 0x0, 0x7, 0xff, 0xff,
    0xff, 0xff, 0xff, 0xfd, 0x0, 0x0, 0x0, 0x0,
    0x0, 0x0, 0x1, 0xbf, 0xff, 0xff, 0xff, 0xfe,
    0x0, 0x0, 0x0, 0x0, 0x0, 0x0, 0x0, 0x0,
    0x6, 0xff, 0xff, 0xe5, 0x0, 0x0, 0x0, 0x0,
    0x0,

    /* U+0041 "A" */
    0x0, 0x0, 0x0, 0x0, 0xff, 0xf8, 0x0, 0x0,
    0x0, 0x0, 0x0, 0x0, 0x0, 0x3, 0xff, 0xf0,
    0x0, 0x0, 0x0, 0x0, 0x0, 0x0, 0x0, 0x2f,
    0xff, 0xc0, 0x0, 0x0, 0x0, 0x0, 0x0, 0x0,
    0x0, 0xff, 0xff, 0x80, 0x0, 0x0, 0x0, 0x0,
    0x0, 0x0, 0x3, 0xff, 0xff, 0x0, 0x0, 0x0,
    0x0, 0x0, 0x0, 0x0, 0x2f, 0xff, 0xfd, 0x0,
    0x0, 0x0, 0x0, 0x0, 0x0, 0x0, 0xff, 0xff,
    0xf8, 0x0, 0x0, 0x0, 0x0, 0x0, 0x0, 0x7,
    0xff, 0xff, 0xf0, 0x0, 0x0, 0x0, 0x0, 0x0,
    0x0, 0x2f, 0xff, 0xff, 0xd0, 0x0, 0x0, 0x0,
    0x0, 0x0, 0x0, 0xff, 0xff, 0xff, 0x80, 0x0,
    0x0, 0x0, 0x0, 0x0, 0x7, 0xff, 0xff, 0xff,
    0x0, 0x0, 0x0, 0x0, 0x0, 0x0, 0x2f, 0xff,
    0x7f, 0xfd, 0x0, 0x0, 0x0, 0x0, 0x0, 0x0,
    0xff, 0xf8, 0xff, 0xfc, 0x0, 0x0, 0x0, 0x0,
    0x0, 0x7, 0xff, 0xd2, 0xff, 0xf0, 0x0, 0x0,
    0x0, 0x0, 0x0, 0x3f, 0xff, 0x7, 0xff, 0xe0,
    0x0, 0x0, 0x0, 0x0, 0x0, 0xff, 0xf8, 0xf,
    0xff, 0xc0, 0x0, 0x0, 0x0, 0x0, 0xb, 0xff,
    0xd0, 0x2f, 0xff, 0x0, 0x0, 0x0, 0x0, 0x0,
    0x3f, 0xff, 0x0, 0x7f, 0xfe, 0x0, 0x0, 0x0,
    0x0, 0x0, 0xff, 0xf8, 0x0, 0xff, 0xfc, 0x0,
    0x0, 0x0, 0x0, 0xb, 0xff, 0xd0, 0x2, 0xff,
    0xf4, 0x0, 0x0, 0x0, 0x0, 0x3f, 0xff, 0x0,
    0x7, 0xff, 0xe0, 0x0, 0x0, 0x0, 0x1, 0xff,
    0xf8, 0x0, 0xf, 0xff, 0xc0, 0x0, 0x0, 0x0,
    0xb, 0xff, 0xd0, 0x0, 0x2f, 0xff, 0x40, 0x0,
    0x0, 0x0, 0x3f, 0xff, 0x0, 0x0, 0x7f, 0xfe,
    0x0, 0x0, 0x0, 0x1, 0xff, 0xf8, 0x0, 0x0,
    0xff, 0xfc, 0x0, 0x0, 0x0, 0xb, 0xff, 0xd0,
    0x0, 0x2, 0xff, 0xf4, 0x0, 0x0, 0x0, 0x3f,
    0xff, 0x0, 0x0, 0x7, 0xff, 0xf0, 0x0, 0x0,
    0x1, 0xff, 0xfc, 0x0, 0x0, 0xf, 0xff, 0xc0,
    0x0, 0x0, 0xf, 0xff, 0xd0, 0x0, 0x0, 0x3f,
    0xff, 0x80, 0x0, 0x0, 0x3f, 0xff, 0x40, 0x0,
    0x0, 0xbf, 0xff, 0x0, 0x0, 0x2, 0xff, 0xff,
    0xff, 0xff, 0xff, 0xff, 0xfc, 0x0, 0x0, 0xf,
    0xff, 0xff, 0xff, 0xff, 0xff, 0xff, 0xf8, 0x0,
    0x0, 0x3f, 0xff, 0xff, 0xff, 0xff, 0xff, 0xff,
    0xf0, 0x0, 0x2, 0xff, 0xff, 0xff, 0xff, 0xff,
    0xff, 0xff, 0xd0, 0x0, 0xf, 0xff, 0xff, 0xff,
    0xff, 0xff, 0xff, 0xff, 0x80, 0x0, 0x7f, 0xff,
    0xff, 0xff, 0xff, 0xff, 0xff, 0xff, 0x0, 0x2,
    0xff, 0xfc, 0x0, 0x0, 0x0, 0x0, 0xff, 0xfd,
    0x0, 0xf, 0xff, 0xe0, 0x0, 0x0, 0x0, 0x3,
    0xff, 0xf8, 0x0, 0x7f, 0xff, 0x0, 0x0, 0x0,
    0x0, 0x7, 0xff, 0xf0, 0x2, 0xff, 0xfc, 0x0,
    0x0, 0x0, 0x0, 0xf, 0xff, 0xd0, 0xf, 0xff,
    0xd0, 0x0, 0x0, 0x0, 0x0, 0x3f, 0xff, 0xc0,
    0x7f, 0xff, 0x0, 0x0, 0x0, 0x0, 0x0, 0x7f,
    0xff, 0x3, 0xff, 0xfc, 0x0, 0x0, 0x0, 0x0,
    0x0, 0xff, 0xfe, 0xf, 0xff, 0xd0, 0x0, 0x0,
    0x0, 0x0, 0x3, 0xff, 0xfc, 0xbf, 0xff, 0x0,
    0x0, 0x0, 0x0, 0x0, 0x7, 0xff, 0xf0,

    /* U+0042 "B" */
    0xff, 0xff, 0xff, 0xff, 0xff, 0xe4, 0x0, 0x0,
    0xff, 0xff, 0xff, 0xff, 0xff, 0xff, 0x80, 0x0,
    0xff, 0xff, 0xff, 0xff, 0xff, 0xff, 0xf4, 0x0,
    0xff, 0xff, 0xff, 0xff, 0xff, 0xff, 0xfe, 0x0,
    0xff, 0xff, 0xff, 0xff, 0xff, 0xff, 0xff, 0x40,
    0xff, 0xff, 0xff, 0xff, 0xff, 0xff, 0xff, 0xc0,
    0xff, 0xfe, 0x55, 0x55, 0x5a, 0xff, 0xff, 0xe0,
    0xff, 0xfe, 0x0, 0x0, 0x0, 0x2f, 0xff, 0xf0,
    0xff, 0xfe, 0x0, 0x0, 0x0, 0xb, 0xff, 0xf4,
    0xff, 0xfe, 0x0, 0x0, 0x0, 0x3, 0xff, 0xf8,
    0xff, 0xfe, 0x0, 0x0, 0x0, 0x2, 0xff, 0xfc,
    0xff, 0xfe, 0x0, 0x0, 0x0, 0x1, 0xff, 0xfc,
    0xff, 0xfe, 0x0, 0x0, 0x0, 0x1, 0xff, 0xfc,
    0xff, 0xfe, 0x0, 0x0, 0x0, 0x1, 0xff, 0xfc,
    0xff, 0xfe, 0x0, 0x0, 0x0, 0x2, 0xff, 0xfc,
    0xff, 0xfe, 0x0, 0x0, 0x0, 0x3, 0xff, 0xf8,
    0xff, 0xfe, 0x0, 0x0, 0x0, 0x7, 0xff, 0xf0,
    0xff, 0xfe, 0x0, 0x0, 0x0, 0x1f, 0xff, 0xe0,
    0xff, 0xfe, 0x0, 0x0, 0x1, 0xbf, 0xff, 0xc0,
    0xff, 0xff, 0xff, 0xff, 0xff, 0xff, 0xff, 0x40,
    0xff, 0xff, 0xff, 0xff, 0xff, 0xff, 0xfd, 0x0,
    0xff, 0xff, 0xff, 0xff, 0xff, 0xff, 0xe0, 0x0,
    0xff, 0xff, 0xff, 0xff, 0xff, 0xff, 0xf4, 0x0,
    0xff, 0xff, 0xff, 0xff, 0xff, 0xff, 0xfe, 0x0,
    0xff, 0xff, 0xff, 0xff, 0xff, 0xff, 0xff, 0xc0,
    0xff, 0xfe, 0x55, 0x55, 0x56, 0xff, 0xff, 0xe0,
    0xff, 0xfe, 0x0, 0x0, 0x0, 0x1f, 0xff, 0xf0,
    0xff, 0xfe, 0x0, 0x0, 0x0, 0x3, 0xff, 0xf8,
    0xff, 0xfe, 0x0, 0x0, 0x0, 0x1, 0xff, 0xfc,
    0xff, 0xfe, 0x0, 0x0, 0x0, 0x0, 0xff, 0xfd,
    0xff, 0xfe, 0x0, 0x0, 0x0, 0x0, 0xbf, 0xfd,
    0xff, 0xfe, 0x0, 0x0, 0x0, 0x0, 0xbf, 0xfe,
    0xff, 0xfe, 0x0, 0x0, 0x0, 0x0, 0xbf, 0xfe,
    0xff, 0xfe, 0x0, 0x0, 0x0, 0x0, 0xff, 0xfe,
    0xff, 0xfe, 0x0, 0x0, 0x0, 0x0, 0xff, 0xfd,
    0xff, 0xfe, 0x0, 0x0, 0x0, 0x1, 0xff, 0xfd,
    0xff, 0xfe, 0x0, 0x0, 0x0, 0x3, 0xff, 0xfc,
    0xff, 0xfe, 0x0, 0x0, 0x0, 0x1f, 0xff, 0xf8,
    0xff, 0xfe, 0x55, 0x55, 0x56, 0xff, 0xff, 0xf0,
    0xff, 0xff, 0xff, 0xff, 0xff, 0xff, 0xff, 0xe0,
    0xff, 0xff, 0xff, 0xff, 0xff, 0xff, 0xff, 0xc0,
    0xff, 0xff, 0xff, 0xff, 0xff, 0xff, 0xff, 0x0,
    0xff, 0xff, 0xff, 0xff, 0xff, 0xff, 0xf8, 0x0,
    0xff, 0xff, 0xff, 0xff, 0xff, 0xff, 0xd0, 0x0,
    0xff, 0xff, 0xff, 0xff, 0xff, 0xe4, 0x0, 0x0,

    /* U+0043 "C" */
    0x0, 0x0, 0x1, 0xbf, 0xff, 0x90, 0x0, 0x0,
    0x0, 0x0, 0x1b, 0xff, 0xff, 0xff, 0xe0, 0x0,
    0x0, 0x0, 0x3f, 0xff, 0xff, 0xff, 0xff, 0x40,
    0x0, 0x0, 0x7f, 0xff, 0xff, 0xff, 0xff, 0xf8,
    0x0, 0x0, 0x7f, 0xff, 0xff, 0xff, 0xff, 0xff,
    0xc0, 0x0, 0x3f, 0xff, 0xff, 0xff, 0xff, 0xff,
    0xf8, 0x0, 0x3f, 0xff, 0xff, 0xaa, 0xbf, 0xff,
    0xff, 0x40, 0x1f, 0xff, 0xfd, 0x0, 0x0, 0xbf,
    0xff, 0xf0, 0xf, 0xff, 0xf8, 0x0, 0x0, 0x3,
    0xff, 0xfe, 0x3, 0xff, 0xfc, 0x0, 0x0, 0x0,
    0x3f, 0xff, 0xc1, 0xff, 0xfc, 0x0, 0x0, 0x0,
    0x7, 0xff, 0xf0, 0xbf, 0xff, 0x0, 0x0, 0x0,
    0x0, 0xff, 0xfd, 0x3f, 0xff, 0x40, 0x0, 0x0,
    0x0, 0x3f, 0xff, 0x8f, 0xff, 0xd0, 0x0, 0x0,
    0x0, 0xb, 0xff, 0xe3, 0xff, 0xf0, 0x0, 0x0,
    0x0, 0x0, 0x55, 0x51, 0xff, 0xfc, 0x0, 0x0,
    0x0, 0x0, 0x0, 0x0, 0x7f, 0xff, 0x0, 0x0,
    0x0, 0x0, 0x0, 0x0, 0x1f, 0xff, 0xc0, 0x0,
    0x0, 0x0, 0x0, 0x0, 0x7, 0xff, 0xf0, 0x0,
    0x0, 0x0, 0x0, 0x0, 0x1, 0xff, 0xfc, 0x0,
    0x0, 0x0, 0x0, 0x0, 0x0, 0x7f, 0xff, 0x0,
    0x0, 0x0, 0x0, 0x0, 0x0, 0x1f, 0xff, 0xc0,
    0x0, 0x0, 0x0, 0x0, 0x0, 0x7, 0xff, 0xf0,
    0x0, 0x0, 0x0, 0x0, 0x0, 0x1, 0xff, 0xfc,
    0x0, 0x0, 0x0, 0x0, 0x0, 0x0, 0x7f, 0xff,
    0x0, 0x0, 0x0, 0x0, 0x0, 0x0, 0x1f, 0xff,
    0xc0, 0x0, 0x0, 0x0, 0x0, 0x0, 0x7, 0xff,
    0xf0, 0x0, 0x0, 0x0, 0x0, 0x0, 0x1, 0xff,
    0xfc, 0x0, 0x0, 0x0, 0x0, 0x0, 0x0, 0x7f,
    0xff, 0x0, 0x0, 0x0, 0x0, 0x0, 0x0, 0x1f,
    0xff, 0xc0, 0x0, 0x0, 0x0, 0x0, 0x0, 0x7,
    0xff, 0xf0, 0x0, 0x0, 0x0, 0x0, 0x0, 0x0,
    0xff, 0xfc, 0x0, 0x0, 0x0, 0x0, 0x0, 0x0,
    0x3f, 0xff, 0x40, 0x0, 0x0, 0x0, 0x2f, 0xff,
    0x4f, 0xff, 0xd0, 0x0, 0x0, 0x0, 0xf, 0xff,
    0xd3, 0xff, 0xfc, 0x0, 0x0, 0x0, 0x3, 0xff,
    0xf4, 0xbf, 0xff, 0x40, 0x0, 0x0, 0x1, 0xff,
    0xfc, 0xf, 0xff, 0xf0, 0x0, 0x0, 0x0, 0xff,
    0xff, 0x3, 0xff, 0xff, 0x0, 0x0, 0x0, 0xff,
    0xff, 0x80, 0x7f, 0xff, 0xf4, 0x0, 0x2, 0xff,
    0xff, 0xc0, 0xf, 0xff, 0xff, 0xfa, 0xaf, 0xff,
    0xff, 0xe0, 0x0, 0xff, 0xff, 0xff, 0xff, 0xff,
    0xff, 0xf0, 0x0, 0x1f, 0xff, 0xff, 0xff, 0xff,
    0xff, 0xf0, 0x0, 0x1, 0xff, 0xff, 0xff, 0xff,
    0xff, 0xf0, 0x0, 0x0, 0xf, 0xff, 0xff, 0xff,
    0xff, 0xe0, 0x0, 0x0, 0x0, 0x7f, 0xff, 0xff,
    0xff, 0x80, 0x0, 0x0, 0x0, 0x0, 0x6f, 0xff,
    0xe9, 0x0, 0x0, 0x0,

    /* U+0044 "D" */
    0xff, 0xff, 0xff, 0xff, 0xfe, 0x90, 0x0, 0x0,
    0xff, 0xff, 0xff, 0xff, 0xff, 0xfe, 0x0, 0x0,
    0xff, 0xff, 0xff, 0xff, 0xff, 0xff, 0xd0, 0x0,
    0xff, 0xff, 0xff, 0xff, 0xff, 0xff, 0xf8, 0x0,
    0xff, 0xff, 0xff, 0xff, 0xff, 0xff, 0xff, 0x0,
    0xff, 0xff, 0xff, 0xff, 0xff, 0xff, 0xff, 0x80,
    0xff, 0xff, 0x55, 0x55, 0x6f, 0xff, 0xff, 0xd0,
    0xff, 0xfe, 0x0, 0x0, 0x0, 0xbf, 0xff, 0xf0,
    0xff, 0xfe, 0x0, 0x0, 0x0, 0x1f, 0xff, 0xf4,
    0xff, 0xfe, 0x0, 0x0, 0x0, 0x7, 0xff, 0xf8,
    0xff, 0xfe, 0x0, 0x0, 0x0, 0x3, 0xff, 0xfc,
    0xff, 0xfe, 0x0, 0x0, 0x0, 0x1, 0xff, 0xfd,
    0xff, 0xfe, 0x0, 0x0, 0x0, 0x0, 0xff, 0xfd,
    0xff, 0xfe, 0x0, 0x0, 0x0, 0x0, 0xff, 0xfe,
    0xff, 0xfe, 0x0, 0x0, 0x0, 0x0, 0xbf, 0xfe,
    0xff, 0xfe, 0x0, 0x0, 0x0, 0x0, 0xbf, 0xff,
    0xff, 0xfe, 0x0, 0x0, 0x0, 0x0, 0xbf, 0xff,
    0xff, 0xfe, 0x0, 0x0, 0x0, 0x0, 0x7f, 0xff,
    0xff, 0xfe, 0x0, 0x0, 0x0, 0x0, 0x7f, 0xff,
    0xff, 0xfe, 0x0, 0x0, 0x0, 0x0, 0x7f, 0xff,
    0xff, 0xfe, 0x0, 0x0, 0x0, 0x0, 0x7f, 0xff,
    0xff, 0xfe, 0x0, 0x0, 0x0, 0x0, 0x7f, 0xff,
    0xff, 0xfe, 0x0, 0x0, 0x0, 0x0, 0x7f, 0xff,
    0xff, 0xfe, 0x0, 0x0, 0x0, 0x0, 0x7f, 0xff,
    0xff, 0xfe, 0x0, 0x0, 0x0, 0x0, 0x7f, 0xff,
    0xff, 0xfe, 0x0, 0x0, 0x0, 0x0, 0x7f, 0xff,
    0xff, 0xfe, 0x0, 0x0, 0x0, 0x0, 0x7f, 0xff,
    0xff, 0xfe, 0x0, 0x0, 0x0, 0x0, 0x7f, 0xff,
    0xff, 0xfe, 0x0, 0x0, 0x0, 0x0, 0x7f, 0xff,
    0xff, 0xfe, 0x0, 0x0, 0x0, 0x0, 0xbf, 0xff,
    0xff, 0xfe, 0x0, 0x0, 0x0, 0x0, 0xbf, 0xfe,
    0xff, 0xfe, 0x0, 0x0, 0x0, 0x0, 0xff, 0xfe,
    0xff, 0xfe, 0x0, 0x0, 0x0, 0x0, 0xff, 0xfd,
    0xff, 0xfe, 0x0, 0x0, 0x0, 0x1, 0xff, 0xfd,
    0xff, 0xfe, 0x0, 0x0, 0x0, 0x3, 0xff, 0xfc,
    0xff, 0xfe, 0x0, 0x0, 0x0, 0x7, 0xff, 0xf8,
    0xff, 0xfe, 0x0, 0x0, 0x0, 0x1f, 0xff, 0xf4,
    0xff, 0xfe, 0x0, 0x0, 0x0, 0xbf, 0xff, 0xf0,
    0xff, 0xff, 0x55, 0x55, 0x6b, 0xff, 0xff, 0xd0,
    0xff, 0xff, 0xff, 0xff, 0xff, 0xff, 0xff, 0x80,
    0xff, 0xff, 0xff, 0xff, 0xff, 0xff, 0xff, 0x0,
    0xff, 0xff, 0xff, 0xff, 0xff, 0xff, 0xf8, 0x0,
    0xff, 0xff, 0xff, 0xff, 0xff, 0xff, 0xd0, 0x0,
    0xff, 0xff, 0xff, 0xff, 0xff, 0xfe, 0x0, 0x0,
    0xff, 0xff, 0xff, 0xff, 0xfe, 0x40, 0x0, 0x0,

    /* U+0045 "E" */
    0xff, 0xff, 0xff, 0xff, 0xff, 0xff, 0xff, 0xcf,
    0xff, 0xff, 0xff, 0xff, 0xff, 0xff, 0xfc, 0xff,
    0xff, 0xff, 0xff, 0xff, 0xff, 0xff, 0xcf, 0xff,
    0xff, 0xff, 0xff, 0xff, 0xff, 0xfc, 0xff, 0xff,
    0xff, 0xff, 0xff, 0xff, 0xff, 0xcf, 0xff, 0xff,
    0xff, 0xff, 0xff, 0xff, 0xfc, 0xff, 0xfe, 0x55,
    0x55, 0x55, 0x55, 0x55, 0x4f, 0xff, 0xe0, 0x0,
    0x0, 0x0, 0x0, 0x0, 0xff, 0xfe, 0x0, 0x0,
    0x0, 0x0, 0x0, 0xf, 0xff, 0xe0, 0x0, 0x0,
    0x0, 0x0, 0x0, 0xff, 0xfe, 0x0, 0x0, 0x0,
    0x0, 0x0, 0xf, 0xff, 0xe0, 0x0, 0x0, 0x0,
    0x0, 0x0, 0xff, 0xfe, 0x0, 0x0, 0x0, 0x0,
    0x0, 0xf, 0xff, 0xe0, 0x0, 0x0, 0x0, 0x0,
    0x0, 0xff, 0xfe, 0x0, 0x0, 0x0, 0x0, 0x0,
    0xf, 0xff, 0xe0, 0x0, 0x0, 0x0, 0x0, 0x0,
    0xff, 0xfe, 0x0, 0x0, 0x0, 0x0, 0x0, 0xf,
    0xff, 0xe0, 0x0, 0x0, 0x0, 0x0, 0x0, 0xff,
    0xfe, 0x0, 0x0, 0x0, 0x0, 0x0, 0xf, 0xff,
    0xff, 0xff, 0xff, 0xff, 0xff, 0x0, 0xff, 0xff,
    0xff, 0xff, 0xff, 0xff, 0xf0, 0xf, 0xff, 0xff,
    0xff, 0xff, 0xff, 0xff, 0x0, 0xff, 0xff, 0xff,
    0xff, 0xff, 0xff, 0xf0, 0xf, 0xff, 0xff, 0xff,
    0xff, 0xff, 0xff, 0x0, 0xff, 0xff, 0xff, 0xff,
    0xff, 0xff, 0xf0, 0xf, 0xff, 0xe5, 0x55, 0x55,
    0x55, 0x55, 0x0, 0xff, 0xfe, 0x0, 0x0, 0x0,
    0x0, 0x0, 0xf, 0xff, 0xe0, 0x0, 0x0, 0x0,
    0x0, 0x0, 0xff, 0xfe, 0x0, 0x0, 0x0, 0x0,
    0x0, 0xf, 0xff, 0xe0, 0x0, 0x0, 0x0, 0x0,
    0x0, 0xff, 0xfe, 0x0, 0x0, 0x0, 0x0, 0x0,
    0xf, 0xff, 0xe0, 0x0, 0x0, 0x0, 0x0, 0x0,
    0xff, 0xfe, 0x0, 0x0, 0x0, 0x0, 0x0, 0xf,
    0xff, 0xe0, 0x0, 0x0, 0x0, 0x0, 0x0, 0xff,
    0xfe, 0x0, 0x0, 0x0, 0x0, 0x0, 0xf, 0xff,
    0xe0, 0x0, 0x0, 0x0, 0x0, 0x0, 0xff, 0xfe,
    0x0, 0x0, 0x0, 0x0, 0x0, 0xf, 0xff, 0xe0,
    0x0, 0x0, 0x0, 0x0, 0x0, 0xff, 0xfe, 0x55,
    0x55, 0x55, 0x55, 0x55, 0x4f, 0xff, 0xff, 0xff,
    0xff, 0xff, 0xff, 0xfc, 0xff, 0xff, 0xff, 0xff,
    0xff, 0xff, 0xff, 0xcf, 0xff, 0xff, 0xff, 0xff,
    0xff, 0xff, 0xfc, 0xff, 0xff, 0xff, 0xff, 0xff,
    0xff, 0xff, 0xcf, 0xff, 0xff, 0xff, 0xff, 0xff,
    0xff, 0xfc, 0xff, 0xff, 0xff, 0xff, 0xff, 0xff,
    0xff, 0xc0,

    /* U+0046 "F" */
    0xff, 0xff, 0xff, 0xff, 0xff, 0xff, 0xff, 0xcf,
    0xff, 0xff, 0xff, 0xff, 0xff, 0xff, 0xfc, 0xff,
    0xff, 0xff, 0xff, 0xff, 0xff, 0xff, 0xcf, 0xff,
    0xff, 0xff, 0xff, 0xff, 0xff, 0xfc, 0xff, 0xff,
    0xff, 0xff, 0xff, 0xff, 0xff, 0xcf, 0xff, 0xff,
    0xff, 0xff, 0xff, 0xff, 0xfc, 0xff, 0xfe, 0x55,
    0x55, 0x55, 0x55, 0x55, 0x4f, 0xff, 0xe0, 0x0,
    0x0, 0x0, 0x0, 0x0, 0xff, 0xfe, 0x0, 0x0,
    0x0, 0x0, 0x0, 0xf, 0xff, 0xe0, 0x0, 0x0,
    0x0, 0x0, 0x0, 0xff, 0xfe, 0x0, 0x0, 0x0,
    0x0, 0x0, 0xf, 0xff, 0xe0, 0x0, 0x0, 0x0,
    0x0, 0x0, 0xff, 0xfe, 0x0, 0x0, 0x0, 0x0,
    0x0, 0xf, 0xff, 0xe0, 0x0, 0x0, 0x0, 0x0,
    0x0, 0xff, 0xfe, 0x0, 0x0, 0x0, 0x0, 0x0,
    0xf, 0xff, 0xe0, 0x0, 0x0, 0x0, 0x0, 0x0,
    0xff, 0xfe, 0x0, 0x0, 0x0, 0x0, 0x0, 0xf,
    0xff, 0xe0, 0x0, 0x0, 0x0, 0x0, 0x0, 0xff,
    0xfe, 0x0, 0x0, 0x0, 0x0, 0x0, 0xf, 0xff,
    0xff, 0xff, 0xff, 0xff, 0xff, 0x0, 0xff, 0xff,
    0xff, 0xff, 0xff, 0xff, 0xf0, 0xf, 0xff, 0xff,
    0xff, 0xff, 0xff, 0xff, 0x0, 0xff, 0xff, 0xff,
    0xff, 0xff, 0xff, 0xf0, 0xf, 0xff, 0xff, 0xff,
    0xff, 0xff, 0xff, 0x0, 0xff, 0xff, 0xff, 0xff,
    0xff, 0xff, 0xf0, 0xf, 0xff, 0xe5, 0x55, 0x55,
    0x55, 0x55, 0x0, 0xff, 0xfe, 0x0, 0x0, 0x0,
    0x0, 0x0, 0xf, 0xff, 0xe0, 0x0, 0x0, 0x0,
    0x0, 0x0, 0xff, 0xfe, 0x0, 0x0, 0x0, 0x0,
    0x0, 0xf, 0xff, 0xe0, 0x0, 0x0, 0x0, 0x0,
    0x0, 0xff, 0xfe, 0x0, 0x0, 0x0, 0x0, 0x0,
    0xf, 0xff, 0xe0, 0x0, 0x0, 0x0, 0x0, 0x0,
    0xff, 0xfe, 0x0, 0x0, 0x0, 0x0, 0x0, 0xf,
    0xff, 0xe0, 0x0, 0x0, 0x0, 0x0, 0x0, 0xff,
    0xfe, 0x0, 0x0, 0x0, 0x0, 0x0, 0xf, 0xff,
    0xe0, 0x0, 0x0, 0x0, 0x0, 0x0, 0xff, 0xfe,
    0x0, 0x0, 0x0, 0x0, 0x0, 0xf, 0xff, 0xe0,
    0x0, 0x0, 0x0, 0x0, 0x0, 0xff, 0xfe, 0x0,
    0x0, 0x0, 0x0, 0x0, 0xf, 0xff, 0xe0, 0x0,
    0x0, 0x0, 0x0, 0x0, 0xff, 0xfe, 0x0, 0x0,
    0x0, 0x0, 0x0, 0xf, 0xff, 0xe0, 0x0, 0x0,
    0x0, 0x0, 0x0, 0xff, 0xfe, 0x0, 0x0, 0x0,
    0x0, 0x0, 0xf, 0xff, 0xe0, 0x0, 0x0, 0x0,
    0x0, 0x0, 0xff, 0xfe, 0x0, 0x0, 0x0, 0x0,
    0x0, 0x0,

    /* U+0047 "G" */
    0x0, 0x0, 0x1, 0xbf, 0xff, 0x90, 0x0, 0x0,
    0x0, 0x0, 0x1f, 0xff, 0xff, 0xff, 0xd0, 0x0,
    0x0, 0x0, 0x3f, 0xff, 0xff, 0xff, 0xff, 0x40,
    0x0, 0x0, 0x7f, 0xff, 0xff, 0xff, 0xff, 0xf8,
    0x0, 0x0, 0x7f, 0xff, 0xff, 0xff, 0xff, 0xff,
    0x80, 0x0, 0x3f, 0xff, 0xff, 0xff, 0xff, 0xff,
    0xf8, 0x0, 0x3f, 0xff, 0xff, 0xaa, 0xbf, 0xff,
    0xff, 0x40, 0x1f, 0xff, 0xfd, 0x0, 0x0, 0xbf,
    0xff, 0xf0, 0xf, 0xff, 0xf8, 0x0, 0x0, 0x7,
    0xff, 0xfd, 0x3, 0xff, 0xfc, 0x0, 0x0, 0x0,
    0x7f, 0xff, 0x82, 0xff, 0xfd, 0x0, 0x0, 0x0,
    0xb, 0xff, 0xf0, 0xff, 0xff, 0x0, 0x0, 0x0,
    0x0, 0xff, 0xfc, 0x3f, 0xff, 0x40, 0x0, 0x0,
    0x0, 0x3f, 0xff, 0x4f, 0xff, 0xd0, 0x0, 0x0,
    0x0, 0xf, 0xff, 0xd3, 0xff, 0xf0, 0x0, 0x0,
    0x0, 0x1, 0xaa, 0xa5, 0xff, 0xfc, 0x0, 0x0,
    0x0, 0x0, 0x0, 0x0, 0x7f, 0xff, 0x0, 0x0,
    0x0, 0x0, 0x0, 0x0, 0x1f, 0xff, 0xc0, 0x0,
    0x0, 0x0, 0x0, 0x0, 0x7, 0xff, 0xf0, 0x0,
    0x0, 0x0, 0x0, 0x0, 0x1, 0xff, 0xfc, 0x0,
    0x0, 0x0, 0x0, 0x0, 0x0, 0x7f, 0xff, 0x0,
    0x0, 0x0, 0x0, 0x0, 0x0, 0x1f, 0xff, 0xc0,
    0x0, 0x0, 0x0, 0x0, 0x0, 0x7, 0xff, 0xf0,
    0x0, 0x7, 0xff, 0xff, 0xff, 0xf9, 0xff, 0xfc,
    0x0, 0x1, 0xff, 0xff, 0xff, 0xfe, 0x7f, 0xff,
    0x0, 0x0, 0x7f, 0xff, 0xff, 0xff, 0x9f, 0xff,
    0xc0, 0x0, 0x1f, 0xff, 0xff, 0xff, 0xe7, 0xff,
    0xf0, 0x0, 0x7, 0xff, 0xff, 0xff, 0xf9, 0xff,
    0xfc, 0x0, 0x1, 0xff, 0xff, 0xff, 0xfe, 0x7f,
    0xff, 0x0, 0x0, 0x0, 0x0, 0x2f, 0xff, 0x9f,
    0xff, 0xc0, 0x0, 0x0, 0x0, 0xb, 0xff, 0xe7,
    0xff, 0xf0, 0x0, 0x0, 0x0, 0x2, 0xff, 0xf8,
    0xff, 0xfc, 0x0, 0x0, 0x0, 0x0, 0xbf, 0xfe,
    0x3f, 0xff, 0x40, 0x0, 0x0, 0x0, 0x2f, 0xff,
    0x4f, 0xff, 0xd0, 0x0, 0x0, 0x0, 0xf, 0xff,
    0xd3, 0xff, 0xfc, 0x0, 0x0, 0x0, 0x3, 0xff,
    0xf0, 0xbf, 0xff, 0x40, 0x0, 0x0, 0x2, 0xff,
    0xfc, 0xf, 0xff, 0xf0, 0x0, 0x0, 0x0, 0xff,
    0xfe, 0x3, 0xff, 0xff, 0x0, 0x0, 0x0, 0xff,
    0xff, 0x0, 0x7f, 0xff, 0xf4, 0x0, 0x1, 0xff,
    0xff, 0xc0, 0xf, 0xff, 0xff, 0xfa, 0xaf, 0xff,
    0xff, 0xd0, 0x0, 0xff, 0xff, 0xff, 0xff, 0xff,
    0xff, 0xe0, 0x0, 0x1f, 0xff, 0xff, 0xff, 0xff,
    0xff, 0xf0, 0x0, 0x1, 0xff, 0xff, 0xff, 0xff,
    0xff, 0xe0, 0x0, 0x0, 0xf, 0xff, 0xff, 0xff,
    0xff, 0xd0, 0x0, 0x0, 0x0, 0x7f, 0xff, 0xff,
    0xff, 0x80, 0x0, 0x0, 0x0, 0x0, 0x6f, 0xff,
    0xe9, 0x0, 0x0, 0x0,

    /* U+0048 "H" */
    0xff, 0xfe, 0x0, 0x0, 0x0, 0x0, 0xbf, 0xfe,
    0xff, 0xfe, 0x0, 0x0, 0x0, 0x0, 0xbf, 0xfe,
    0xff, 0xfe, 0x0, 0x0, 0x0, 0x0, 0xbf, 0xfe,
    0xff, 0xfe, 0x0, 0x0, 0x0, 0x0, 0xbf, 0xfe,
    0xff, 0xfe, 0x0, 0x0, 0x0, 0x0, 0xbf, 0xfe,
    0xff, 0xfe, 0x0, 0x0, 0x0, 0x0, 0xbf, 0xfe,
    0xff, 0xfe, 0x0, 0x0, 0x0, 0x0, 0xbf, 0xfe,
    0xff, 0xfe, 0x0, 0x0, 0x0, 0x0, 0xbf, 0xfe,
    0xff, 0xfe, 0x0, 0x0, 0x0, 0x0, 0xbf, 0xfe,
    0xff, 0xfe, 0x0, 0x0, 0x0, 0x0, 0xbf, 0xfe,
    0xff, 0xfe, 0x0, 0x0, 0x0, 0x0, 0xbf, 0xfe,
    0xff, 0xfe, 0x0, 0x0, 0x0, 0x0, 0xbf, 0xfe,
    0xff, 0xfe, 0x0, 0x0, 0x0, 0x0, 0xbf, 0xfe,
    0xff, 0xfe, 0x0, 0x0, 0x0, 0x0, 0xbf, 0xfe,
    0xff, 0xfe, 0x0, 0x0, 0x0, 0x0, 0xbf, 0xfe,
    0xff, 0xfe, 0x0, 0x0, 0x0, 0x0, 0xbf, 0xfe,
    0xff, 0xfe, 0x0, 0x0, 0x0, 0x0, 0xbf, 0xfe,
    0xff, 0xfe, 0x0, 0x0, 0x0, 0x0, 0xbf, 0xfe,
    0xff, 0xfe, 0x0, 0x0, 0x0, 0x0, 0xbf, 0xfe,
    0xff, 0xff, 0xff, 0xff, 0xff, 0xff, 0xff, 0xfe,
    0xff, 0xff, 0xff, 0xff, 0xff, 0xff, 0xff, 0xfe,
    0xff, 0xff, 0xff, 0xff, 0xff, 0xff, 0xff, 0xfe,
    0xff, 0xff, 0xff, 0xff, 0xff, 0xff, 0xff, 0xfe,
    0xff, 0xff, 0xff, 0xff, 0xff, 0xff, 0xff, 0xfe,
    0xff, 0xff, 0xff, 0xff, 0xff, 0xff, 0xff, 0xfe,
    0xff, 0xfe, 0x55, 0x55, 0x55, 0x55, 0xbf, 0xfe,
    0xff, 0xfe, 0x0, 0x0, 0x0, 0x0, 0xbf, 0xfe,
    0xff, 0xfe, 0x0, 0x0, 0x0, 0x0, 0xbf, 0xfe,
    0xff, 0xfe, 0x0, 0x0, 0x0, 0x0, 0xbf, 0xfe,
    0xff, 0xfe, 0x0, 0x0, 0x0, 0x0, 0xbf, 0xfe,
    0xff, 0xfe, 0x0, 0x0, 0x0, 0x0, 0xbf, 0xfe,
    0xff, 0xfe, 0x0, 0x0, 0x0, 0x0, 0xbf, 0xfe,
    0xff, 0xfe, 0x0, 0x0, 0x0, 0x0, 0xbf, 0xfe,
    0xff, 0xfe, 0x0, 0x0, 0x0, 0x0, 0xbf, 0xfe,
    0xff, 0xfe, 0x0, 0x0, 0x0, 0x0, 0xbf, 0xfe,
    0xff, 0xfe, 0x0, 0x0, 0x0, 0x0, 0xbf, 0xfe,
    0xff, 0xfe, 0x0, 0x0, 0x0, 0x0, 0xbf, 0xfe,
    0xff, 0xfe, 0x0, 0x0, 0x0, 0x0, 0xbf, 0xfe,
    0xff, 0xfe, 0x0, 0x0, 0x0, 0x0, 0xbf, 0xfe,
    0xff, 0xfe, 0x0, 0x0, 0x0, 0x0, 0xbf, 0xfe,
    0xff, 0xfe, 0x0, 0x0, 0x0, 0x0, 0xbf, 0xfe,
    0xff, 0xfe, 0x0, 0x0, 0x0, 0x0, 0xbf, 0xfe,
    0xff, 0xfe, 0x0, 0x0, 0x0, 0x0, 0xbf, 0xfe,
    0xff, 0xfe, 0x0, 0x0, 0x0, 0x0, 0xbf, 0xfe,
    0xff, 0xfe, 0x0, 0x0, 0x0, 0x0, 0xbf, 0xfe,

    /* U+0049 "I" */
    0xbf, 0xfe, 0xbf, 0xfe, 0xbf, 0xfe, 0xbf, 0xfe,
    0xbf, 0xfe, 0xbf, 0xfe, 0xbf, 0xfe, 0xbf, 0xfe,
    0xbf, 0xfe, 0xbf, 0xfe, 0xbf, 0xfe, 0xbf, 0xfe,
    0xbf, 0xfe, 0xbf, 0xfe, 0xbf, 0xfe, 0xbf, 0xfe,
    0xbf, 0xfe, 0xbf, 0xfe, 0xbf, 0xfe, 0xbf, 0xfe,
    0xbf, 0xfe, 0xbf, 0xfe, 0xbf, 0xfe, 0xbf, 0xfe,
    0xbf, 0xfe, 0xbf, 0xfe, 0xbf, 0xfe, 0xbf, 0xfe,
    0xbf, 0xfe, 0xbf, 0xfe, 0xbf, 0xfe, 0xbf, 0xfe,
    0xbf, 0xfe, 0xbf, 0xfe, 0xbf, 0xfe, 0xbf, 0xfe,
    0xbf, 0xfe, 0xbf, 0xfe, 0xbf, 0xfe, 0xbf, 0xfe,
    0xbf, 0xfe, 0xbf, 0xfe, 0xbf, 0xfe, 0xbf, 0xfe,
    0xbf, 0xfe,

    /* U+004A "J" */
    0x0, 0x0, 0xff, 0xfd, 0x0, 0x0, 0xff, 0xfd,
    0x0, 0x0, 0xff, 0xfd, 0x0, 0x0, 0xff, 0xfd,
    0x0, 0x0, 0xff, 0xfd, 0x0, 0x0, 0xff, 0xfd,
    0x0, 0x0, 0xff, 0xfd, 0x0, 0x0, 0xff, 0xfd,
    0x0, 0x0, 0xff, 0xfd, 0x0, 0x0, 0xff, 0xfd,
    0x0, 0x0, 0xff, 0xfd, 0x0, 0x0, 0xff, 0xfd,
    0x0, 0x0, 0xff, 0xfd, 0x0, 0x0, 0xff, 0xfd,
    0x0, 0x0, 0xff, 0xfd, 0x0, 0x0, 0xff, 0xfd,
    0x0, 0x0, 0xff, 0xfd, 0x0, 0x0, 0xff, 0xfd,
    0x0, 0x0, 0xff, 0xfd, 0x0, 0x0, 0xff, 0xfd,
    0x0, 0x0, 0xff, 0xfd, 0x0, 0x0, 0xff, 0xfd,
    0x0, 0x0, 0xff, 0xfd, 0x0, 0x0, 0xff, 0xfd,
    0x0, 0x0, 0xff, 0xfd, 0x0, 0x0, 0xff, 0xfd,
    0x0, 0x0, 0xff, 0xfd, 0x0, 0x0, 0xff, 0xfd,
    0x0, 0x0, 0xff, 0xfd, 0x0, 0x0, 0xff, 0xfd,
    0x0, 0x0, 0xff, 0xfd, 0x0, 0x0, 0xff, 0xfd,
    0x0, 0x0, 0xff, 0xfd, 0x0, 0x0, 0xff, 0xfd,
    0x0, 0x0, 0xff, 0xfd, 0x0, 0x0, 0xff, 0xfd,
    0x0, 0x0, 0xff, 0xfd, 0x0, 0x3, 0xff, 0xfc,
    0x15, 0x6f, 0xff, 0xfc, 0x3f, 0xff, 0xff, 0xf8,
    0x3f, 0xff, 0xff, 0xf0, 0x3f, 0xff, 0xff, 0xe0,
    0x3f, 0xff, 0xff, 0xc0, 0x3f, 0xff, 0xfe, 0x0,
    0x3f, 0xff, 0x90, 0x0,

    /* U+004B "K" */
    0xff, 0xfe, 0x0, 0x0, 0x0, 0x0, 0xbf, 0xff,
    0xc3, 0xff, 0xf8, 0x0, 0x0, 0x0, 0x7, 0xff,
    0xfd, 0xf, 0xff, 0xe0, 0x0, 0x0, 0x0, 0x3f,
    0xff, 0xe0, 0x3f, 0xff, 0x80, 0x0, 0x0, 0x3,
    0xff, 0xfe, 0x0, 0xff, 0xfe, 0x0, 0x0, 0x0,
    0x2f, 0xff, 0xf0, 0x3, 0xff, 0xf8, 0x0, 0x0,
    0x1, 0xff, 0xff, 0x0, 0xf, 0xff, 0xe0, 0x0,
    0x0, 0xf, 0xff, 0xf4, 0x0, 0x3f, 0xff, 0x80,
    0x0, 0x0, 0xff, 0xff, 0x80, 0x0, 0xff, 0xfe,
    0x0, 0x0, 0xb, 0xff, 0xf8, 0x0, 0x3, 0xff,
    0xf8, 0x0, 0x0, 0x7f, 0xff, 0xc0, 0x0, 0xf,
    0xff, 0xe0, 0x0, 0x3, 0xff, 0xfc, 0x0, 0x0,
    0x3f, 0xff, 0x80, 0x0, 0x3f, 0xff, 0xd0, 0x0,
    0x0, 0xff, 0xfe, 0x0, 0x2, 0xff, 0xfe, 0x0,
    0x0, 0x3, 0xff, 0xf8, 0x0, 0x1f, 0xff, 0xe0,
    0x0, 0x0, 0xf, 0xff, 0xe0, 0x0, 0xff, 0xff,
    0x0, 0x0, 0x0, 0x3f, 0xff, 0x80, 0xf, 0xff,
    0xf0, 0x0, 0x0, 0x0, 0xff, 0xfe, 0x0, 0xbf,
    0xff, 0x40, 0x0, 0x0, 0x3, 0xff, 0xf8, 0x7,
    0xff, 0xf8, 0x0, 0x0, 0x0, 0xf, 0xff, 0xe0,
    0x7f, 0xff, 0xe0, 0x0, 0x0, 0x0, 0x3f, 0xff,
    0x83, 0xff, 0xff, 0xc0, 0x0, 0x0, 0x0, 0xff,
    0xfe, 0x3f, 0xff, 0xff, 0x80, 0x0, 0x0, 0x3,
    0xff, 0xfa, 0xff, 0xff, 0xff, 0x40, 0x0, 0x0,
    0xf, 0xff, 0xff, 0xff, 0xff, 0xff, 0x0, 0x0,
    0x0, 0x3f, 0xff, 0xff, 0xff, 0xff, 0xfd, 0x0,
    0x0, 0x0, 0xff, 0xff, 0xff, 0xf3, 0xff, 0xfc,
    0x0, 0x0, 0x3, 0xff, 0xff, 0xff, 0x7, 0xff,
    0xf8, 0x0, 0x0, 0xf, 0xff, 0xff, 0xf4, 0xf,
    0xff, 0xf0, 0x0, 0x0, 0x3f, 0xff, 0xff, 0x80,
    0x1f, 0xff, 0xf0, 0x0, 0x0, 0xff, 0xff, 0xf8,
    0x0, 0x3f, 0xff, 0xd0, 0x0, 0x3, 0xff, 0xff,
    0xc0, 0x0, 0x3f, 0xff, 0xc0, 0x0, 0xf, 0xff,
    0xfc, 0x0, 0x0, 0xbf, 0xff, 0x80, 0x0, 0x3f,
    0xff, 0xd0, 0x0, 0x0, 0xff, 0xff, 0x0, 0x0,
    0xff, 0xfe, 0x0, 0x0, 0x2, 0xff, 0xfe, 0x0,
    0x3, 0xff, 0xf8, 0x0, 0x0, 0x3, 0xff, 0xfd,
    0x0, 0xf, 0xff, 0xe0, 0x0, 0x0, 0x7, 0xff,
    0xfc, 0x0, 0x3f, 0xff, 0x80, 0x0, 0x0, 0xf,
    0xff, 0xf4, 0x0, 0xff, 0xfe, 0x0, 0x0, 0x0,
    0x1f, 0xff, 0xf0, 0x3, 0xff, 0xf8, 0x0, 0x0,
    0x0, 0x2f, 0xff, 0xe0, 0xf, 0xff, 0xe0, 0x0,
    0x0, 0x0, 0x3f, 0xff, 0xc0, 0x3f, 0xff, 0x80,
    0x0, 0x0, 0x0, 0xbf, 0xff, 0x80, 0xff, 0xfe,
    0x0, 0x0, 0x0, 0x0, 0xff, 0xff, 0x43, 0xff,
    0xf8, 0x0, 0x0, 0x0, 0x1, 0xff, 0xff, 0xf,
    0xff, 0xe0, 0x0, 0x0, 0x0, 0x3, 0xff, 0xfd,
    0x3f, 0xff, 0x80, 0x0, 0x0, 0x0, 0x7, 0xff,
    0xfc, 0xff, 0xfe, 0x0, 0x0, 0x0, 0x0, 0xb,
    0xff, 0xf8,

    /* U+004C "L" */
    0xff, 0xfe, 0x0, 0x0, 0x0, 0x0, 0x0, 0x3f,
    0xff, 0x80, 0x0, 0x0, 0x0, 0x0, 0xf, 0xff,
    0xe0, 0x0, 0x0, 0x0, 0x0, 0x3, 0xff, 0xf8,
    0x0, 0x0, 0x0, 0x0, 0x0, 0xff, 0xfe, 0x0,
    0x0, 0x0, 0x0, 0x0, 0x3f, 0xff, 0x80, 0x0,
    0x0, 0x0, 0x0, 0xf, 0xff, 0xe0, 0x0, 0x0,
    0x0, 0x0, 0x3, 0xff, 0xf8, 0x0, 0x0, 0x0,
    0x0, 0x0, 0xff, 0xfe, 0x0, 0x0, 0x0, 0x0,
    0x0, 0x3f, 0xff, 0x80, 0x0, 0x0, 0x0, 0x0,
    0xf, 0xff, 0xe0, 0x0, 0x0, 0x0, 0x0, 0x3,
    0xff, 0xf8, 0x0, 0x0, 0x0, 0x0, 0x0, 0xff,
    0xfe, 0x0, 0x0, 0x0, 0x0, 0x0, 0x3f, 0xff,
    0x80, 0x0, 0x0, 0x0, 0x0, 0xf, 0xff, 0xe0,
    0x0, 0x0, 0x0, 0x0, 0x3, 0xff, 0xf8, 0x0,
    0x0, 0x0, 0x0, 0x0, 0xff, 0xfe, 0x0, 0x0,
    0x0, 0x0, 0x0, 0x3f, 0xff, 0x80, 0x0, 0x0,
    0x0, 0x0, 0xf, 0xff, 0xe0, 0x0, 0x0, 0x0,
    0x0, 0x3, 0xff, 0xf8, 0x0, 0x0, 0x0, 0x0,
    0x0, 0xff, 0xfe, 0x0, 0x0, 0x0, 0x0, 0x0,
    0x3f, 0xff, 0x80, 0x0, 0x0, 0x0, 0x0, 0xf,
    0xff, 0xe0, 0x0, 0x0, 0x0, 0x0, 0x3, 0xff,
    0xf8, 0x0, 0x0, 0x0, 0x0, 0x0, 0xff, 0xfe,
    0x0, 0x0, 0x0, 0x0, 0x0, 0x3f, 0xff, 0x80,
    0x0, 0x0, 0x0, 0x0, 0xf, 0xff, 0xe0, 0x0,
    0x0, 0x0, 0x0, 0x3, 0xff, 0xf8, 0x0, 0x0,
    0x0, 0x0, 0x0, 0xff, 0xfe, 0x0, 0x0, 0x0,
    0x0, 0x0, 0x3f, 0xff, 0x80, 0x0, 0x0, 0x0,
    0x0, 0xf, 0xff, 0xe0, 0x0, 0x0, 0x0, 0x0,
    0x3, 0xff, 0xf8, 0x0, 0x0, 0x0, 0x0, 0x0,
    0xff, 0xfe, 0x0, 0x0, 0x0, 0x0, 0x0, 0x3f,
    0xff, 0x80, 0x0, 0x0, 0x0, 0x0, 0xf, 0xff,
    0xe0, 0x0, 0x0, 0x0, 0x0, 0x3, 0xff, 0xf8,
    0x0, 0x0, 0x0, 0x0, 0x0, 0xff, 0xfe, 0x0,
    0x0, 0x0, 0x0, 0x0, 0x3f, 0xff, 0x80, 0x0,
    0x0, 0x0, 0x0, 0xf, 0xff, 0xe5, 0x55, 0x55,
    0x55, 0x55, 0x53, 0xff, 0xff, 0xff, 0xff, 0xff,
    0xff, 0xfc, 0xff, 0xff, 0xff, 0xff, 0xff, 0xff,
    0xff, 0x3f, 0xff, 0xff, 0xff, 0xff, 0xff, 0xff,
    0xcf, 0xff, 0xff, 0xff, 0xff, 0xff, 0xff, 0xf3,
    0xff, 0xff, 0xff, 0xff, 0xff, 0xff, 0xfc, 0xff,
    0xff, 0xff, 0xff, 0xff, 0xff, 0xff, 0x0,

    /* U+004D "M" */
    0x3f, 0xff, 0x40, 0x0, 0x0, 0x0, 0x0, 0x0,
    0x7f, 0xff, 0xf, 0xff, 0xf0, 0x0, 0x0, 0x0,
    0x0, 0x0, 0x3f, 0xff, 0xc3, 0xff, 0xfc, 0x0,
    0x0, 0x0, 0x0, 0x0, 0xf, 0xff, 0xf0, 0xff,
    0xff, 0x80, 0x0, 0x0, 0x0, 0x0, 0xb, 0xff,
    0xfc, 0x3f, 0xff, 0xf0, 0x0, 0x0, 0x0, 0x0,
    0x3, 0xff, 0xff, 0xf, 0xff, 0xfe, 0x0, 0x0,
    0x0, 0x0, 0x2, 0xff, 0xff, 0xc3, 0xff, 0xff,
    0xc0, 0x0, 0x0, 0x0, 0x0, 0xff, 0xff, 0xf0,
    0xff, 0xff, 0xf8, 0x0, 0x0, 0x0, 0x0, 0xbf,
    0xff, 0xfc, 0x3f, 0xff, 0xff, 0x0, 0x0, 0x0,
    0x0, 0x3f, 0xff, 0xff, 0xf, 0xff, 0xff, 0xe0,
    0x0, 0x0, 0x0, 0x1f, 0xff, 0xff, 0xc3, 0xff,
    0xff, 0xfc, 0x0, 0x0, 0x0, 0xf, 0xff, 0xff,
    0xf0, 0xff, 0xff, 0xff, 0x40, 0x0, 0x0, 0x7,
    0xff, 0xff, 0xfc, 0x3f, 0xff, 0xff, 0xf0, 0x0,
    0x0, 0x3, 0xff, 0xff, 0xff, 0xf, 0xff, 0xff,
    0xfd, 0x0, 0x0, 0x1, 0xff, 0xff, 0xff, 0xc3,
    0xff, 0xff, 0xff, 0xc0, 0x0, 0x0, 0xff, 0xff,
    0xff, 0xf0, 0xff, 0xff, 0xff, 0xf4, 0x0, 0x0,
    0x3f, 0xff, 0xff, 0xfc, 0x3f, 0xff, 0x7f, 0xff,
    0x0, 0x0, 0x2f, 0xff, 0xbf, 0xff, 0xf, 0xff,
    0xcf, 0xff, 0xc0, 0x0, 0xf, 0xff, 0xcf, 0xff,
    0xc3, 0xff, 0xf1, 0xff, 0xf8, 0x0, 0xb, 0xff,
    0xd3, 0xff, 0xf0, 0xff, 0xfc, 0x3f, 0xff, 0x0,
    0x3, 0xff, 0xf0, 0xff, 0xfc, 0x3f, 0xff, 0x7,
    0xff, 0xe0, 0x2, 0xff, 0xf8, 0x3f, 0xff, 0xf,
    0xff, 0xc0, 0xff, 0xfc, 0x0, 0xff, 0xfc, 0xf,
    0xff, 0xc3, 0xff, 0xf0, 0x2f, 0xff, 0x80, 0x7f,
    0xfe, 0x3, 0xff, 0xf0, 0xff, 0xfc, 0x3, 0xff,
    0xf0, 0x3f, 0xff, 0x0, 0xff, 0xfc, 0x3f, 0xff,
    0x0, 0xbf, 0xfe, 0x1f, 0xff, 0x80, 0x3f, 0xff,
    0xf, 0xff, 0xc0, 0xf, 0xff, 0xcf, 0xff, 0xc0,
    0xf, 0xff, 0xc3, 0xff, 0xf0, 0x2, 0xff, 0xfb,
    0xff, 0xe0, 0x3, 0xff, 0xf0, 0xff, 0xfc, 0x0,
    0x3f, 0xff, 0xff, 0xf0, 0x0, 0xff, 0xfc, 0x3f,
    0xff, 0x0, 0xb, 0xff, 0xff, 0xf8, 0x0, 0x3f,
    0xff, 0xf, 0xff, 0xc0, 0x0, 0xff, 0xff, 0xfc,
    0x0, 0xf, 0xff, 0xc3, 0xff, 0xf0, 0x0, 0x2f,
    0xff, 0xff, 0x0, 0x3, 0xff, 0xf0, 0xff, 0xfc,
    0x0, 0x3, 0xff, 0xff, 0x40, 0x0, 0xff, 0xfc,
    0x3f, 0xff, 0x0, 0x0, 0xbf, 0xff, 0xc0, 0x0,
    0x3f, 0xff, 0xf, 0xff, 0xc0, 0x0, 0x1f, 0xff,
    0xd0, 0x0, 0xf, 0xff, 0xc3, 0xff, 0xf0, 0x0,
    0x3, 0xff, 0xf0, 0x0, 0x3, 0xff, 0xf0, 0xff,
    0xfc, 0x0, 0x0, 0x7f, 0xf4, 0x0, 0x0, 0xff,
    0xfc, 0x3f, 0xff, 0x0, 0x0, 0x0, 0x0, 0x0,
    0x0, 0x3f, 0xff, 0xf, 0xff, 0xc0, 0x0, 0x0,
    0x0, 0x0, 0x0, 0xf, 0xff, 0xc3, 0xff, 0xf0,
    0x0, 0x0, 0x0, 0x0, 0x0, 0x3, 0xff, 0xf0,
    0xff, 0xfc, 0x0, 0x0, 0x0, 0x0, 0x0, 0x0,
    0xff, 0xfc, 0x3f, 0xff, 0x0, 0x0, 0x0, 0x0,
    0x0, 0x0, 0x3f, 0xff, 0xf, 0xff, 0xc0, 0x0,
    0x0, 0x0, 0x0, 0x0, 0xf, 0xff, 0xc3, 0xff,
    0xf0, 0x0, 0x0, 0x0, 0x0, 0x0, 0x3, 0xff,
    0xf0, 0xff, 0xfc, 0x0, 0x0, 0x0, 0x0, 0x0,
    0x0, 0xff, 0xfc, 0x3f, 0xff, 0x0, 0x0, 0x0,
    0x0, 0x0, 0x0, 0x3f, 0xff, 0x0,

    /* U+004E "N" */
    0xff, 0xff, 0x0, 0x0, 0x0, 0x0, 0xb, 0xff,
    0xef, 0xff, 0xf4, 0x0, 0x0, 0x0, 0x0, 0xbf,
    0xfe, 0xff, 0xff, 0xc0, 0x0, 0x0, 0x0, 0xb,
    0xff, 0xef, 0xff, 0xfe, 0x0, 0x0, 0x0, 0x0,
    0xbf, 0xfe, 0xff, 0xff, 0xf4, 0x0, 0x0, 0x0,
    0xb, 0xff, 0xef, 0xff, 0xff, 0xc0, 0x0, 0x0,
    0x0, 0xbf, 0xfe, 0xff, 0xff, 0xfd, 0x0, 0x0,
    0x0, 0xb, 0xff, 0xef, 0xff, 0xff, 0xf0, 0x0,
    0x0, 0x0, 0xbf, 0xfe, 0xff, 0xff, 0xff, 0x80,
    0x0, 0x0, 0xb, 0xff, 0xef, 0xff, 0xff, 0xfd,
    0x0, 0x0, 0x0, 0xbf, 0xfe, 0xff, 0xff, 0xff,
    0xf0, 0x0, 0x0, 0xb, 0xff, 0xef, 0xff, 0xff,
    0xff, 0x80, 0x0, 0x0, 0xbf, 0xfe, 0xff, 0xff,
    0xff, 0xfc, 0x0, 0x0, 0xb, 0xff, 0xef, 0xff,
    0xff, 0xff, 0xe0, 0x0, 0x0, 0xbf, 0xfe, 0xff,
    0xff, 0xff, 0xff, 0x40, 0x0, 0xb, 0xff, 0xef,
    0xff, 0xeb, 0xff, 0xfc, 0x0, 0x0, 0xbf, 0xfe,
    0xff, 0xfe, 0x3f, 0xff, 0xe0, 0x0, 0xb, 0xff,
    0xef, 0xff, 0xe1, 0xff, 0xff, 0x0, 0x0, 0xbf,
    0xfe, 0xff, 0xfe, 0xf, 0xff, 0xfc, 0x0, 0xb,
    0xff, 0xef, 0xff, 0xe0, 0x3f, 0xff, 0xd0, 0x0,
    0xbf, 0xfe, 0xff, 0xfe, 0x2, 0xff, 0xff, 0x0,
    0xb, 0xff, 0xef, 0xff, 0xe0, 0xf, 0xff, 0xf8,
    0x0, 0xbf, 0xfe, 0xff, 0xfe, 0x0, 0x7f, 0xff,
    0xc0, 0xb, 0xff, 0xef, 0xff, 0xe0, 0x3, 0xff,
    0xff, 0x0, 0xbf, 0xfe, 0xff, 0xfe, 0x0, 0xf,
    0xff, 0xf4, 0xb, 0xff, 0xef, 0xff, 0xe0, 0x0,
    0xbf, 0xff, 0xc0, 0xbf, 0xfe, 0xff, 0xfe, 0x0,
    0x3, 0xff, 0xfe, 0xb, 0xff, 0xef, 0xff, 0xe0,
    0x0, 0x1f, 0xff, 0xf0, 0xbf, 0xfe, 0xff, 0xfe,
    0x0, 0x0, 0xff, 0xff, 0xcb, 0xff, 0xef, 0xff,
    0xe0, 0x0, 0x3, 0xff, 0xfd, 0xbf, 0xfe, 0xff,
    0xfe, 0x0, 0x0, 0x2f, 0xff, 0xff, 0xff, 0xef,
    0xff, 0xe0, 0x0, 0x0, 0xff, 0xff, 0xff, 0xfe,
    0xff, 0xfe, 0x0, 0x0, 0x7, 0xff, 0xff, 0xff,
    0xef, 0xff, 0xe0, 0x0, 0x0, 0x2f, 0xff, 0xff,
    0xfe, 0xff, 0xfe, 0x0, 0x0, 0x0, 0xff, 0xff,
    0xff, 0xef, 0xff, 0xe0, 0x0, 0x0, 0x7, 0xff,
    0xff, 0xfe, 0xff, 0xfe, 0x0, 0x0, 0x0, 0x3f,
    0xff, 0xff, 0xef, 0xff, 0xe0, 0x0, 0x0, 0x1,
    0xff, 0xff, 0xfe, 0xff, 0xfe, 0x0, 0x0, 0x0,
    0xb, 0xff, 0xff, 0xef, 0xff, 0xe0, 0x0, 0x0,
    0x0, 0x3f, 0xff, 0xfe, 0xff, 0xfe, 0x0, 0x0,
    0x0, 0x1, 0xff, 0xff, 0xef, 0xff, 0xe0, 0x0,
    0x0, 0x0, 0xf, 0xff, 0xfe, 0xff, 0xfe, 0x0,
    0x0, 0x0, 0x0, 0x3f, 0xff, 0xef, 0xff, 0xe0,
    0x0, 0x0, 0x0, 0x2, 0xff, 0xfe, 0xff, 0xfe,
    0x0, 0x0, 0x0, 0x0, 0xf, 0xff, 0xe0,

    /* U+004F "O" */
    0x0, 0x0, 0x1, 0xbf, 0xff, 0x90, 0x0, 0x0,
    0x0, 0x0, 0x1f, 0xff, 0xff, 0xff, 0xd0, 0x0,
    0x0, 0x0, 0x3f, 0xff, 0xff, 0xff, 0xff, 0x40,
    0x0, 0x0, 0x7f, 0xff, 0xff, 0xff, 0xff, 0xf8,
    0x0, 0x0, 0x7f, 0xff, 0xff, 0xff, 0xff, 0xff,
    0x80, 0x0, 0x3f, 0xff, 0xff, 0xff, 0xff, 0xff,
    0xf4, 0x0, 0x3f, 0xff, 0xff, 0xaa, 0xbf, 0xff,
    0xff, 0x0, 0x1f, 0xff, 0xfd, 0x0, 0x0, 0xff,
    0xff, 0xe0, 0xf, 0xff, 0xf8, 0x0, 0x0, 0xb,
    0xff, 0xfc, 0x3, 0xff, 0xfc, 0x0, 0x0, 0x0,
    0xbf, 0xff, 0x42, 0xff, 0xfc, 0x0, 0x0, 0x0,
    0xf, 0xff, 0xf0, 0xff, 0xff, 0x0, 0x0, 0x0,
    0x2, 0xff, 0xfc, 0x3f, 0xff, 0x40, 0x0, 0x0,
    0x0, 0x7f, 0xff, 0xf, 0xff, 0xd0, 0x0, 0x0,
    0x0, 0xf, 0xff, 0xd3, 0xff, 0xf0, 0x0, 0x0,
    0x0, 0x3, 0xff, 0xf5, 0xff, 0xfc, 0x0, 0x0,
    0x0, 0x0, 0xff, 0xfe, 0x7f, 0xff, 0x0, 0x0,
    0x0, 0x0, 0x2f, 0xff, 0x9f, 0xff, 0xc0, 0x0,
    0x0, 0x0, 0xb, 0xff, 0xe7, 0xff, 0xf0, 0x0,
    0x0, 0x0, 0x2, 0xff, 0xf9, 0xff, 0xfc, 0x0,
    0x0, 0x0, 0x0, 0xbf, 0xfe, 0x7f, 0xff, 0x0,
    0x0, 0x0, 0x0, 0x2f, 0xff, 0x9f, 0xff, 0xc0,
    0x0, 0x0, 0x0, 0xb, 0xff, 0xe7, 0xff, 0xf0,
    0x0, 0x0, 0x0, 0x2, 0xff, 0xf9, 0xff, 0xfc,
    0x0, 0x0, 0x0, 0x0, 0xbf, 0xfe, 0x7f, 0xff,
    0x0, 0x0, 0x0, 0x0, 0x2f, 0xff, 0x9f, 0xff,
    0xc0, 0x0, 0x0, 0x0, 0xb, 0xff, 0xe7, 0xff,
    0xf0, 0x0, 0x0, 0x0, 0x2, 0xff, 0xf9, 0xff,
    0xfc, 0x0, 0x0, 0x0, 0x0, 0xbf, 0xfe, 0x7f,
    0xff, 0x0, 0x0, 0x0, 0x0, 0x2f, 0xff, 0x9f,
    0xff, 0xc0, 0x0, 0x0, 0x0, 0xb, 0xff, 0xe7,
    0xff, 0xf0, 0x0, 0x0, 0x0, 0x2, 0xff, 0xf8,
    0xff, 0xfc, 0x0, 0x0, 0x0, 0x0, 0xff, 0xfd,
    0x3f, 0xff, 0x0, 0x0, 0x0, 0x0, 0x3f, 0xff,
    0x4f, 0xff, 0xd0, 0x0, 0x0, 0x0, 0xf, 0xff,
    0xc3, 0xff, 0xfc, 0x0, 0x0, 0x0, 0xb, 0xff,
    0xf0, 0xbf, 0xff, 0x0, 0x0, 0x0, 0x3, 0xff,
    0xf8, 0x1f, 0xff, 0xf0, 0x0, 0x0, 0x2, 0xff,
    0xfd, 0x3, 0xff, 0xfe, 0x0, 0x0, 0x2, 0xff,
    0xff, 0x0, 0x7f, 0xff, 0xf4, 0x0, 0x3, 0xff,
    0xff, 0x80, 0xf, 0xff, 0xff, 0xea, 0xaf, 0xff,
    0xff, 0xc0, 0x1, 0xff, 0xff, 0xff, 0xff, 0xff,
    0xff, 0xd0, 0x0, 0x1f, 0xff, 0xff, 0xff, 0xff,
    0xff, 0xe0, 0x0, 0x1, 0xff, 0xff, 0xff, 0xff,
    0xff, 0xd0, 0x0, 0x0, 0x1f, 0xff, 0xff, 0xff,
    0xff, 0xd0, 0x0, 0x0, 0x0, 0x7f, 0xff, 0xff,
    0xff, 0x40, 0x0, 0x0, 0x0, 0x0, 0x6f, 0xff,
    0xe4, 0x0, 0x0, 0x0,

    /* U+0050 "P" */
    0xff, 0xff, 0xff, 0xff, 0xff, 0x90, 0x0, 0x0,
    0xff, 0xff, 0xff, 0xff, 0xff, 0xff, 0x40, 0x0,
    0xff, 0xff, 0xff, 0xff, 0xff, 0xff, 0xf0, 0x0,
    0xff, 0xff, 0xff, 0xff, 0xff, 0xff, 0xfd, 0x0,
    0xff, 0xff, 0xff, 0xff, 0xff, 0xff, 0xff, 0x0,
    0xff, 0xff, 0xff, 0xff, 0xff, 0xff, 0xff, 0xc0,
    0xff, 0xfe, 0x55, 0x55, 0x5b, 0xff, 0xff, 0xe0,
    0xff, 0xfe, 0x0, 0x0, 0x0, 0x7f, 0xff, 0xf0,
    0xff, 0xfe, 0x0, 0x0, 0x0, 0xf, 0xff, 0xf8,
    0xff, 0xfe, 0x0, 0x0, 0x0, 0x3, 0xff, 0xfc,
    0xff, 0xfe, 0x0, 0x0, 0x0, 0x2, 0xff, 0xfc,
    0xff, 0xfe, 0x0, 0x0, 0x0, 0x0, 0xff, 0xfc,
    0xff, 0xfe, 0x0, 0x0, 0x0, 0x0, 0xff, 0xfc,
    0xff, 0xfe, 0x0, 0x0, 0x0, 0x0, 0xff, 0xfd,
    0xff, 0xfe, 0x0, 0x0, 0x0, 0x0, 0xff, 0xfd,
    0xff, 0xfe, 0x0, 0x0, 0x0, 0x0, 0xff, 0xfc,
    0xff, 0xfe, 0x0, 0x0, 0x0, 0x1, 0xff, 0xfc,
    0xff, 0xfe, 0x0, 0x0, 0x0, 0x2, 0xff, 0xfc,
    0xff, 0xfe, 0x0, 0x0, 0x0, 0x7, 0xff, 0xf8,
    0xff, 0xfe, 0x0, 0x0, 0x0, 0x1f, 0xff, 0xf4,
    0xff, 0xfe, 0x0, 0x0, 0x1, 0xff, 0xff, 0xf0,
    0xff, 0xff, 0xff, 0xff, 0xff, 0xff, 0xff, 0xd0,
    0xff, 0xff, 0xff, 0xff, 0xff, 0xff, 0xff, 0x80,
    0xff, 0xff, 0xff, 0xff, 0xff, 0xff, 0xfe, 0x0,
    0xff, 0xff, 0xff, 0xff, 0xff, 0xff, 0xf8, 0x0,
    0xff, 0xff, 0xff, 0xff, 0xff, 0xff, 0xd0, 0x0,
    0xff, 0xff, 0xff, 0xff, 0xff, 0xf8, 0x0, 0x0,
    0xff, 0xfe, 0x55, 0x55, 0x54, 0x0, 0x0, 0x0,
    0xff, 0xfe, 0x0, 0x0, 0x0, 0x0, 0x0, 0x0,
    0xff, 0xfe, 0x0, 0x0, 0x0, 0x0, 0x0, 0x0,
    0xff, 0xfe, 0x0, 0x0, 0x0, 0x0, 0x0, 0x0,
    0xff, 0xfe, 0x0, 0x0, 0x0, 0x0, 0x0, 0x0,
    0xff, 0xfe, 0x0, 0x0, 0x0, 0x0, 0x0, 0x0,
    0xff, 0xfe, 0x0, 0x0, 0x0, 0x0, 0x0, 0x0,
    0xff, 0xfe, 0x0, 0x0, 0x0, 0x0, 0x0, 0x0,
    0xff, 0xfe, 0x0, 0x0, 0x0, 0x0, 0x0, 0x0,
    0xff, 0xfe, 0x0, 0x0, 0x0, 0x0, 0x0, 0x0,
    0xff, 0xfe, 0x0, 0x0, 0x0, 0x0, 0x0, 0x0,
    0xff, 0xfe, 0x0, 0x0, 0x0, 0x0, 0x0, 0x0,
    0xff, 0xfe, 0x0, 0x0, 0x0, 0x0, 0x0, 0x0,
    0xff, 0xfe, 0x0, 0x0, 0x0, 0x0, 0x0, 0x0,
    0xff, 0xfe, 0x0, 0x0, 0x0, 0x0, 0x0, 0x0,
    0xff, 0xfe, 0x0, 0x0, 0x0, 0x0, 0x0, 0x0,
    0xff, 0xfe, 0x0, 0x0, 0x0, 0x0, 0x0, 0x0,
    0xff, 0xfe, 0x0, 0x0, 0x0, 0x0, 0x0, 0x0,

    /* U+0051 "Q" */
    0x0, 0x0, 0x1, 0xbf, 0xff, 0x90, 0x0, 0x0,
    0x0, 0x0, 0x1f, 0xff, 0xff, 0xff, 0xd0, 0x0,
    0x0, 0x0, 0x3f, 0xff, 0xff, 0xff, 0xff, 0x40,
    0x0, 0x0, 0x7f, 0xff, 0xff, 0xff, 0xff, 0xf8,
    0x0, 0x0, 0x7f, 0xff, 0xff, 0xff, 0xff, 0xff,
    0x80, 0x0, 0x3f, 0xff, 0xff, 0xff, 0xff, 0xff,
    0xf4, 0x0, 0x3f, 0xff, 0xff, 0xaa, 0xbf, 0xff,
    0xff, 0x0, 0x1f, 0xff, 0xfd, 0x0, 0x0, 0xff,
    0xff, 0xe0, 0xf, 0xff, 0xf8, 0x0, 0x0, 0xb,
    0xff, 0xfc, 0x3, 0xff, 0xfc, 0x0, 0x0, 0x0,
    0xbf, 0xff, 0x42, 0xff, 0xfc, 0x0, 0x0, 0x0,
    0xf, 0xff, 0xf0, 0xff, 0xff, 0x0, 0x0, 0x0,
    0x2, 0xff, 0xfc, 0x3f, 0xff, 0x40, 0x0, 0x0,
    0x0, 0x7f, 0xff, 0xf, 0xff, 0xd0, 0x0, 0x0,
    0x0, 0xf, 0xff, 0xd3, 0xff, 0xf0, 0x0, 0x0,
    0x0, 0x3, 0xff, 0xf5, 0xff, 0xfc, 0x0, 0x0,
    0x0, 0x0, 0xff, 0xfe, 0x7f, 0xff, 0x0, 0x0,
    0x0, 0x0, 0x2f, 0xff, 0x9f, 0xff, 0xc0, 0x0,
    0x0, 0x0, 0xb, 0xff, 0xe7, 0xff, 0xf0, 0x0,
    0x0, 0x0, 0x2, 0xff, 0xf9, 0xff, 0xfc, 0x0,
    0x0, 0x0, 0x0, 0xbf, 0xfe, 0x7f, 0xff, 0x0,
    0x0, 0x0, 0x0, 0x2f, 0xff, 0x9f, 0xff, 0xc0,
    0x0, 0x0, 0x0, 0xb, 0xff, 0xe7, 0xff, 0xf0,
    0x0, 0x0, 0x0, 0x2, 0xff, 0xf9, 0xff, 0xfc,
    0x0, 0x0, 0x0, 0x0, 0xbf, 0xfe, 0x7f, 0xff,
    0x0, 0x0, 0x0, 0x0, 0x2f, 0xff, 0x9f, 0xff,
    0xc0, 0x0, 0x0, 0x0, 0xb, 0xff, 0xe7, 0xff,
    0xf0, 0x0, 0x0, 0x0, 0x2, 0xff, 0xf9, 0xff,
    0xfc, 0x0, 0x0, 0x0, 0x0, 0xbf, 0xfe, 0x7f,
    0xff, 0x0, 0x0, 0x0, 0x0, 0x2f, 0xff, 0x9f,
    0xff, 0xc0, 0x0, 0x0, 0x0, 0xb, 0xff, 0xe7,
    0xff, 0xf0, 0x0, 0x0, 0x0, 0x2, 0xff, 0xf8,
    0xff, 0xfc, 0x0, 0x0, 0x0, 0x0, 0xff, 0xfd,
    0x3f, 0xff, 0x0, 0x0, 0x0, 0x0, 0x3f, 0xff,
    0x4f, 0xff, 0xd0, 0x0, 0x0, 0x0, 0xf, 0xff,
    0xc3, 0xff, 0xf8, 0x0, 0x0, 0x0, 0xb, 0xff,
    0xf0, 0xbf, 0xff, 0x0, 0x0, 0x0, 0x3, 0xff,
    0xf8, 0x1f, 0xff, 0xe0, 0x0, 0x0, 0x2, 0xff,
    0xfd, 0x3, 0xff, 0xfe, 0x0, 0x0, 0x1, 0xff,
    0xff, 0x0, 0x7f, 0xff, 0xf4, 0x0, 0x2, 0xff,
    0xff, 0x80, 0xf, 0xff, 0xff, 0xe9, 0xaf, 0xff,
    0xff, 0xc0, 0x1, 0xff, 0xff, 0xff, 0xff, 0xff,
    0xff, 0xd0, 0x0, 0x1f, 0xff, 0xff, 0xff, 0xff,
    0xff, 0xe0, 0x0, 0x1, 0xff, 0xff, 0xff, 0xff,
    0xff, 0xe0, 0x0, 0x0, 0x1f, 0xff, 0xff, 0xff,
    0xff, 0xd0, 0x0, 0x0, 0x0, 0x7f, 0xff, 0xff,
    0xff, 0xf8, 0x0, 0x0, 0x0, 0x0, 0x6f, 0xff,
    0xff, 0xff, 0x0, 0x0, 0x0, 0x0, 0x0, 0x0,
    0xb, 0xff, 0xe0, 0x0, 0x0, 0x0, 0x0, 0x0,
    0x0, 0xff, 0xfc, 0x0, 0x0, 0x0, 0x0, 0x0,
    0x0, 0x2f, 0xff, 0xc0, 0x0, 0x0, 0x0, 0x0,
    0x0, 0x3, 0xff, 0xf4, 0x0, 0x0, 0x0, 0x0,
    0x0, 0x0, 0x7f, 0xff, 0x0, 0x0, 0x0, 0x0,
    0x0, 0x0, 0xf, 0xff, 0xd0, 0x0, 0x0, 0x0,
    0x0, 0x0, 0x1, 0xff, 0xf8, 0x0, 0x0, 0x0,
    0x0, 0x0, 0x0, 0x3f, 0xf0, 0x0, 0x0, 0x0,
    0x0, 0x0, 0x0, 0x7, 0xd0, 0x0, 0x0, 0x0,
    0x0, 0x0, 0x0, 0x0, 0x40, 0x0,

    /* U+0052 "R" */
    0xff, 0xff, 0xff, 0xff, 0xff, 0x90, 0x0, 0x0,
    0x3f, 0xff, 0xff, 0xff, 0xff, 0xff, 0xd0, 0x0,
    0xf, 0xff, 0xff, 0xff, 0xff, 0xff, 0xff, 0x0,
    0x3, 0xff, 0xff, 0xff, 0xff, 0xff, 0xff, 0xf4,
    0x0, 0xff, 0xff, 0xff, 0xff, 0xff, 0xff, 0xff,
    0x40, 0x3f, 0xff, 0xff, 0xff, 0xff, 0xff, 0xff,
    0xf0, 0xf, 0xff, 0xe5, 0x55, 0x55, 0xbf, 0xff,
    0xfe, 0x3, 0xff, 0xf8, 0x0, 0x0, 0x0, 0xbf,
    0xff, 0xd0, 0xff, 0xfe, 0x0, 0x0, 0x0, 0xb,
    0xff, 0xf8, 0x3f, 0xff, 0x80, 0x0, 0x0, 0x0,
    0xff, 0xff, 0xf, 0xff, 0xe0, 0x0, 0x0, 0x0,
    0x1f, 0xff, 0xc3, 0xff, 0xf8, 0x0, 0x0, 0x0,
    0x3, 0xff, 0xf0, 0xff, 0xfe, 0x0, 0x0, 0x0,
    0x0, 0xff, 0xfc, 0x3f, 0xff, 0x80, 0x0, 0x0,
    0x0, 0x3f, 0xff, 0x4f, 0xff, 0xe0, 0x0, 0x0,
    0x0, 0xf, 0xff, 0xc3, 0xff, 0xf8, 0x0, 0x0,
    0x0, 0x7, 0xff, 0xf0, 0xff, 0xfe, 0x0, 0x0,
    0x0, 0x2, 0xff, 0xfc, 0x3f, 0xff, 0x80, 0x0,
    0x0, 0x1, 0xff, 0xfe, 0xf, 0xff, 0xe0, 0x0,
    0x0, 0x1, 0xff, 0xff, 0x3, 0xff, 0xf8, 0x0,
    0x0, 0x7, 0xff, 0xff, 0xc0, 0xff, 0xff, 0xff,
    0xff, 0xff, 0xff, 0xff, 0xc0, 0x3f, 0xff, 0xff,
    0xff, 0xff, 0xff, 0xff, 0xd0, 0xf, 0xff, 0xff,
    0xff, 0xff, 0xff, 0xff, 0xd0, 0x3, 0xff, 0xff,
    0xff, 0xff, 0xff, 0xff, 0xc0, 0x0, 0xff, 0xff,
    0xff, 0xff, 0xff, 0xff, 0x40, 0x0, 0x3f, 0xff,
    0xff, 0xff, 0xff, 0xff, 0x0, 0x0, 0xf, 0xff,
    0xe0, 0x0, 0x1f, 0xff, 0xd0, 0x0, 0x3, 0xff,
    0xf8, 0x0, 0x3, 0xff, 0xfc, 0x0, 0x0, 0xff,
    0xfe, 0x0, 0x0, 0x7f, 0xff, 0x40, 0x0, 0x3f,
    0xff, 0x80, 0x0, 0xf, 0xff, 0xf0, 0x0, 0xf,
    0xff, 0xe0, 0x0, 0x1, 0xff, 0xfe, 0x0, 0x3,
    0xff, 0xf8, 0x0, 0x0, 0x3f, 0xff, 0xc0, 0x0,
    0xff, 0xfe, 0x0, 0x0, 0xb, 0xff, 0xf8, 0x0,
    0x3f, 0xff, 0x80, 0x0, 0x0, 0xff, 0xff, 0x0,
    0xf, 0xff, 0xe0, 0x0, 0x0, 0x2f, 0xff, 0xe0,
    0x3, 0xff, 0xf8, 0x0, 0x0, 0x3, 0xff, 0xfc,
    0x0, 0xff, 0xfe, 0x0, 0x0, 0x0, 0xbf, 0xff,
    0x80, 0x3f, 0xff, 0x80, 0x0, 0x0, 0xf, 0xff,
    0xf0, 0xf, 0xff, 0xe0, 0x0, 0x0, 0x2, 0xff,
    0xfe, 0x3, 0xff, 0xf8, 0x0, 0x0, 0x0, 0x3f,
    0xff, 0xc0, 0xff, 0xfe, 0x0, 0x0, 0x0, 0xb,
    0xff, 0xf8, 0x3f, 0xff, 0x80, 0x0, 0x0, 0x0,
    0xff, 0xff, 0xf, 0xff, 0xe0, 0x0, 0x0, 0x0,
    0x3f, 0xff, 0xe3, 0xff, 0xf8, 0x0, 0x0, 0x0,
    0x7, 0xff, 0xfc, 0xff, 0xfe, 0x0, 0x0, 0x0,
    0x0, 0xff, 0xff, 0x80,

    /* U+0053 "S" */
    0x0, 0x0, 0x1, 0xbf, 0xff, 0x90, 0x0, 0x0,
    0x0, 0x0, 0xb, 0xff, 0xff, 0xff, 0x80, 0x0,
    0x0, 0x0, 0x2f, 0xff, 0xff, 0xff, 0xfe, 0x0,
    0x0, 0x0, 0x3f, 0xff, 0xff, 0xff, 0xff, 0xf0,
    0x0, 0x0, 0x3f, 0xff, 0xff, 0xff, 0xff, 0xff,
    0x0, 0x0, 0x3f, 0xff, 0xff, 0xff, 0xff, 0xff,
    0xe0, 0x0, 0x2f, 0xff, 0xfe, 0x40, 0x6f, 0xff,
    0xfd, 0x0, 0xf, 0xff, 0xf4, 0x0, 0x0, 0x7f,
    0xff, 0xc0, 0xb, 0xff, 0xf4, 0x0, 0x0, 0x7,
    0xff, 0xf0, 0x3, 0xff, 0xf8, 0x0, 0x0, 0x0,
    0xbf, 0xfe, 0x0, 0xff, 0xfc, 0x0, 0x0, 0x0,
    0x1f, 0xff, 0xc0, 0x3f, 0xff, 0x0, 0x0, 0x0,
    0x3, 0xff, 0xf0, 0xf, 0xff, 0xc0, 0x0, 0x0,
    0x0, 0xff, 0xfc, 0x3, 0xff, 0xf0, 0x0, 0x0,
    0x0, 0x2f, 0xff, 0x40, 0xff, 0xfc, 0x0, 0x0,
    0x0, 0x5, 0x55, 0x40, 0x3f, 0xff, 0x40, 0x0,
    0x0, 0x0, 0x0, 0x0, 0xf, 0xff, 0xf0, 0x0,
    0x0, 0x0, 0x0, 0x0, 0x2, 0xff, 0xff, 0x40,
    0x0, 0x0, 0x0, 0x0, 0x0, 0x3f, 0xff, 0xfd,
    0x0, 0x0, 0x0, 0x0, 0x0, 0xb, 0xff, 0xff,
    0xfe, 0x94, 0x0, 0x0, 0x0, 0x0, 0xff, 0xff,
    0xff, 0xff, 0xf9, 0x0, 0x0, 0x0, 0xf, 0xff,
    0xff, 0xff, 0xff, 0xf8, 0x0, 0x0, 0x0, 0xff,
    0xff, 0xff, 0xff, 0xff, 0xd0, 0x0, 0x0, 0x7,
    0xff, 0xff, 0xff, 0xff, 0xfe, 0x0, 0x0, 0x0,
    0x1f, 0xff, 0xff, 0xff, 0xff, 0xe0, 0x0, 0x0,
    0x0, 0x16, 0xff, 0xff, 0xff, 0xfd, 0x0, 0x0,
    0x0, 0x0, 0x0, 0x6f, 0xff, 0xff, 0xc0, 0x0,
    0x0, 0x0, 0x0, 0x0, 0x7f, 0xff, 0xf4, 0x0,
    0x0, 0x0, 0x0, 0x0, 0x2, 0xff, 0xfe, 0x0,
    0x0, 0x0, 0x0, 0x0, 0x0, 0x3f, 0xff, 0xc0,
    0x0, 0x0, 0x0, 0x0, 0x0, 0x7, 0xff, 0xf0,
    0x0, 0x0, 0x0, 0x0, 0x0, 0x0, 0xff, 0xfc,
    0x3f, 0xff, 0x0, 0x0, 0x0, 0x0, 0x3f, 0xff,
    0xf, 0xff, 0xc0, 0x0, 0x0, 0x0, 0xf, 0xff,
    0xc3, 0xff, 0xf0, 0x0, 0x0, 0x0, 0x3, 0xff,
    0xf0, 0xbf, 0xfe, 0x0, 0x0, 0x0, 0x1, 0xff,
    0xfc, 0x1f, 0xff, 0xc0, 0x0, 0x0, 0x0, 0xff,
    0xfe, 0x3, 0xff, 0xfc, 0x0, 0x0, 0x0, 0xbf,
    0xff, 0x40, 0xbf, 0xff, 0xd0, 0x0, 0x0, 0xbf,
    0xff, 0xc0, 0xf, 0xff, 0xff, 0x94, 0x56, 0xff,
    0xff, 0xd0, 0x1, 0xff, 0xff, 0xff, 0xff, 0xff,
    0xff, 0xe0, 0x0, 0x2f, 0xff, 0xff, 0xff, 0xff,
    0xff, 0xf0, 0x0, 0x2, 0xff, 0xff, 0xff, 0xff,
    0xff, 0xe0, 0x0, 0x0, 0x1f, 0xff, 0xff, 0xff,
    0xff, 0xd0, 0x0, 0x0, 0x0, 0x7f, 0xff, 0xff,
    0xff, 0x40, 0x0, 0x0, 0x0, 0x0, 0x6f, 0xff,
    0xe4, 0x0, 0x0, 0x0,

    /* U+0054 "T" */
    0xff, 0xff, 0xff, 0xff, 0xff, 0xff, 0xff, 0xfc,
    0xff, 0xff, 0xff, 0xff, 0xff, 0xff, 0xff, 0xfc,
    0xff, 0xff, 0xff, 0xff, 0xff, 0xff, 0xff, 0xfc,
    0xff, 0xff, 0xff, 0xff, 0xff, 0xff, 0xff, 0xfc,
    0xff, 0xff, 0xff, 0xff, 0xff, 0xff, 0xff, 0xfc,
    0xff, 0xff, 0xff, 0xff, 0xff, 0xff, 0xff, 0xfc,
    0x55, 0x55, 0x55, 0xff, 0xfe, 0x55, 0x55, 0x54,
    0x0, 0x0, 0x0, 0xff, 0xfd, 0x0, 0x0, 0x0,
    0x0, 0x0, 0x0, 0xff, 0xfd, 0x0, 0x0, 0x0,
    0x0, 0x0, 0x0, 0xff, 0xfd, 0x0, 0x0, 0x0,
    0x0, 0x0, 0x0, 0xff, 0xfd, 0x0, 0x0, 0x0,
    0x0, 0x0, 0x0, 0xff, 0xfd, 0x0, 0x0, 0x0,
    0x0, 0x0, 0x0, 0xff, 0xfd, 0x0, 0x0, 0x0,
    0x0, 0x0, 0x0, 0xff, 0xfd, 0x0, 0x0, 0x0,
    0x0, 0x0, 0x0, 0xff, 0xfd, 0x0, 0x0, 0x0,
    0x0, 0x0, 0x0, 0xff, 0xfd, 0x0, 0x0, 0x0,
    0x0, 0x0, 0x0, 0xff, 0xfd, 0x0, 0x0, 0x0,
    0x0, 0x0, 0x0, 0xff, 0xfd, 0x0, 0x0, 0x0,
    0x0, 0x0, 0x0, 0xff, 0xfd, 0x0, 0x0, 0x0,
    0x0, 0x0, 0x0, 0xff, 0xfd, 0x0, 0x0, 0x0,
    0x0, 0x0, 0x0, 0xff, 0xfd, 0x0, 0x0, 0x0,
    0x0, 0x0, 0x0, 0xff, 0xfd, 0x0, 0x0, 0x0,
    0x0, 0x0, 0x0, 0xff, 0xfd, 0x0, 0x0, 0x0,
    0x0, 0x0, 0x0, 0xff, 0xfd, 0x0, 0x0, 0x0,
    0x0, 0x0, 0x0, 0xff, 0xfd, 0x0, 0x0, 0x0,
    0x0, 0x0, 0x0, 0xff, 0xfd, 0x0, 0x0, 0x0,
    0x0, 0x0, 0x0, 0xff, 0xfd, 0x0, 0x0, 0x0,
    0x0, 0x0, 0x0, 0xff, 0xfd, 0x0, 0x0, 0x0,
    0x0, 0x0, 0x0, 0xff, 0xfd, 0x0, 0x0, 0x0,
    0x0, 0x0, 0x0, 0xff, 0xfd, 0x0, 0x0, 0x0,
    0x0, 0x0, 0x0, 0xff, 0xfd, 0x0, 0x0, 0x0,
    0x0, 0x0, 0x0, 0xff, 0xfd, 0x0, 0x0, 0x0,
    0x0, 0x0, 0x0, 0xff, 0xfd, 0x0, 0x0, 0x0,
    0x0, 0x0, 0x0, 0xff, 0xfd, 0x0, 0x0, 0x0,
    0x0, 0x0, 0x0, 0xff, 0xfd, 0x0, 0x0, 0x0,
    0x0, 0x0, 0x0, 0xff, 0xfd, 0x0, 0x0, 0x0,
    0x0, 0x0, 0x0, 0xff, 0xfd, 0x0, 0x0, 0x0,
    0x0, 0x0, 0x0, 0xff, 0xfd, 0x0, 0x0, 0x0,
    0x0, 0x0, 0x0, 0xff, 0xfd, 0x0, 0x0, 0x0,
    0x0, 0x0, 0x0, 0xff, 0xfd, 0x0, 0x0, 0x0,
    0x0, 0x0, 0x0, 0xff, 0xfd, 0x0, 0x0, 0x0,
    0x0, 0x0, 0x0, 0xff, 0xfd, 0x0, 0x0, 0x0,
    0x0, 0x0, 0x0, 0xff, 0xfd, 0x0, 0x0, 0x0,
    0x0, 0x0, 0x0, 0xff, 0xfd, 0x0, 0x0, 0x0,
    0x0, 0x0, 0x0, 0xff, 0xfd, 0x0, 0x0, 0x0,

    /* U+0055 "U" */
    0xff, 0xfe, 0x0, 0x0, 0x0, 0x0, 0x7f, 0xff,
    0x3f, 0xff, 0x80, 0x0, 0x0, 0x0, 0x1f, 0xff,
    0xcf, 0xff, 0xe0, 0x0, 0x0, 0x0, 0x7, 0xff,
    0xf3, 0xff, 0xf8, 0x0, 0x0, 0x0, 0x1, 0xff,
    0xfc, 0xff, 0xfe, 0x0, 0x0, 0x0, 0x0, 0x7f,
    0xff, 0x3f, 0xff, 0x80, 0x0, 0x0, 0x0, 0x1f,
    0xff, 0xcf, 0xff, 0xe0, 0x0, 0x0, 0x0, 0x7,
    0xff, 0xf3, 0xff, 0xf8, 0x0, 0x0, 0x0, 0x1,
    0xff, 0xfc, 0xff, 0xfe, 0x0, 0x0, 0x0, 0x0,
    0x7f, 0xff, 0x3f, 0xff, 0x80, 0x0, 0x0, 0x0,
    0x1f, 0xff, 0xcf, 0xff, 0xe0, 0x0, 0x0, 0x0,
    0x7, 0xff, 0xf3, 0xff, 0xf8, 0x0, 0x0, 0x0,
    0x1, 0xff, 0xfc, 0xff, 0xfe, 0x0, 0x0, 0x0,
    0x0, 0x7f, 0xff, 0x3f, 0xff, 0x80, 0x0, 0x0,
    0x0, 0x1f, 0xff, 0xcf, 0xff, 0xe0, 0x0, 0x0,
    0x0, 0x7, 0xff, 0xf3, 0xff, 0xf8, 0x0, 0x0,
    0x0, 0x1, 0xff, 0xfc, 0xff, 0xfe, 0x0, 0x0,
    0x0, 0x0, 0x7f, 0xff, 0x3f, 0xff, 0x80, 0x0,
    0x0, 0x0, 0x1f, 0xff, 0xcf, 0xff, 0xe0, 0x0,
    0x0, 0x0, 0x7, 0xff, 0xf3, 0xff, 0xf8, 0x0,
    0x0, 0x0, 0x1, 0xff, 0xfc, 0xff, 0xfe, 0x0,
    0x0, 0x0, 0x0, 0x7f, 0xff, 0x3f, 0xff, 0x80,
    0x0, 0x0, 0x0, 0x1f, 0xff, 0xcf, 0xff, 0xe0,
    0x0, 0x0, 0x0, 0x7, 0xff, 0xf3, 0xff, 0xf8,
    0x0, 0x0, 0x0, 0x1, 0xff, 0xfc, 0xff, 0xfe,
    0x0, 0x0, 0x0, 0x0, 0x7f, 0xff, 0x3f, 0xff,
    0x80, 0x0, 0x0, 0x0, 0x1f, 0xff, 0xcf, 0xff,
    0xe0, 0x0, 0x0, 0x0, 0x7, 0xff, 0xf3, 0xff,
    0xf8, 0x0, 0x0, 0x0, 0x1, 0xff, 0xfc, 0xff,
    0xfe, 0x0, 0x0, 0x0, 0x0, 0x7f, 0xff, 0x3f,
    0xff, 0x80, 0x0, 0x0, 0x0, 0x1f, 0xff, 0xcb,
    0xff, 0xe0, 0x0, 0x0, 0x0, 0x7, 0xff, 0xf2,
    0xff, 0xfc, 0x0, 0x0, 0x0, 0x1, 0xff, 0xfc,
    0xbf, 0xff, 0x0, 0x0, 0x0, 0x0, 0xbf, 0xff,
    0x1f, 0xff, 0xd0, 0x0, 0x0, 0x0, 0x3f, 0xff,
    0x83, 0xff, 0xf8, 0x0, 0x0, 0x0, 0x1f, 0xff,
    0xd0, 0xbf, 0xff, 0x40, 0x0, 0x0, 0xf, 0xff,
    0xf0, 0x1f, 0xff, 0xf4, 0x0, 0x0, 0xf, 0xff,
    0xf8, 0x3, 0xff, 0xff, 0x80, 0x0, 0x1f, 0xff,
    0xfc, 0x0, 0x3f, 0xff, 0xfe, 0x55, 0xbf, 0xff,
    0xfd, 0x0, 0x7, 0xff, 0xff, 0xff, 0xff, 0xff,
    0xfe, 0x0, 0x0, 0x7f, 0xff, 0xff, 0xff, 0xff,
    0xfe, 0x0, 0x0, 0x7, 0xff, 0xff, 0xff, 0xff,
    0xfe, 0x0, 0x0, 0x0, 0x3f, 0xff, 0xff, 0xff,
    0xfd, 0x0, 0x0, 0x0, 0x1, 0xff, 0xff, 0xff,
    0xf4, 0x0, 0x0, 0x0, 0x0, 0x1, 0xbf, 0xfe,
    0x40, 0x0, 0x0, 0x0,

    /* U+0056 "V" */
    0xbf, 0xff, 0x0, 0x0, 0x0, 0x0, 0x2, 0xff,
    0xfc, 0xff, 0xfd, 0x0, 0x0, 0x0, 0x0, 0xf,
    0xff, 0xd3, 0xff, 0xf8, 0x0, 0x0, 0x0, 0x0,
    0x7f, 0xff, 0xb, 0xff, 0xf0, 0x0, 0x0, 0x0,
    0x2, 0xff, 0xfc, 0xf, 0xff, 0xc0, 0x0, 0x0,
    0x0, 0xf, 0xff, 0xe0, 0x3f, 0xff, 0x80, 0x0,
    0x0, 0x0, 0x3f, 0xff, 0x0, 0xbf, 0xff, 0x0,
    0x0, 0x0, 0x1, 0xff, 0xfc, 0x1, 0xff, 0xfc,
    0x0, 0x0, 0x0, 0xf, 0xff, 0xe0, 0x3, 0xff,
    0xf4, 0x0, 0x0, 0x0, 0x3f, 0xff, 0x0, 0xb,
    0xff, 0xe0, 0x0, 0x0, 0x1, 0xff, 0xfc, 0x0,
    0x1f, 0xff, 0xc0, 0x0, 0x0, 0xb, 0xff, 0xe0,
    0x0, 0x3f, 0xff, 0x40, 0x0, 0x0, 0x3f, 0xff,
    0x40, 0x0, 0xbf, 0xfe, 0x0, 0x0, 0x0, 0xff,
    0xfc, 0x0, 0x1, 0xff, 0xfc, 0x0, 0x0, 0xb,
    0xff, 0xe0, 0x0, 0x3, 0xff, 0xf0, 0x0, 0x0,
    0x3f, 0xff, 0x40, 0x0, 0xb, 0xff, 0xd0, 0x0,
    0x0, 0xff, 0xfc, 0x0, 0x0, 0x1f, 0xff, 0xc0,
    0x0, 0x7, 0xff, 0xe0, 0x0, 0x0, 0x3f, 0xff,
    0x0, 0x0, 0x2f, 0xff, 0x40, 0x0, 0x0, 0xff,
    0xfd, 0x0, 0x0, 0xff, 0xfc, 0x0, 0x0, 0x1,
    0xff, 0xf8, 0x0, 0x7, 0xff, 0xe0, 0x0, 0x0,
    0x3, 0xff, 0xf0, 0x0, 0x2f, 0xff, 0x40, 0x0,
    0x0, 0xf, 0xff, 0xc0, 0x0, 0xff, 0xfc, 0x0,
    0x0, 0x0, 0x1f, 0xff, 0x80, 0x3, 0xff, 0xf0,
    0x0, 0x0, 0x0, 0x3f, 0xff, 0x0, 0x1f, 0xff,
    0x40, 0x0, 0x0, 0x0, 0xff, 0xfc, 0x0, 0xff,
    0xfc, 0x0, 0x0, 0x0, 0x2, 0xff, 0xf4, 0x3,
    0xff, 0xf0, 0x0, 0x0, 0x0, 0x3, 0xff, 0xe0,
    0x1f, 0xff, 0x40, 0x0, 0x0, 0x0, 0xf, 0xff,
    0xc0, 0xbf, 0xfc, 0x0, 0x0, 0x0, 0x0, 0x2f,
    0xff, 0x43, 0xff, 0xf0, 0x0, 0x0, 0x0, 0x0,
    0x3f, 0xfe, 0xf, 0xff, 0x80, 0x0, 0x0, 0x0,
    0x0, 0xff, 0xfc, 0xbf, 0xfc, 0x0, 0x0, 0x0,
    0x0, 0x2, 0xff, 0xf3, 0xff, 0xf0, 0x0, 0x0,
    0x0, 0x0, 0x7, 0xff, 0xef, 0xff, 0x80, 0x0,
    0x0, 0x0, 0x0, 0xf, 0xff, 0xff, 0xfc, 0x0,
    0x0, 0x0, 0x0, 0x0, 0x2f, 0xff, 0xff, 0xf0,
    0x0, 0x0, 0x0, 0x0, 0x0, 0x7f, 0xff, 0xff,
    0x80, 0x0, 0x0, 0x0, 0x0, 0x0, 0xff, 0xff,
    0xfd, 0x0, 0x0, 0x0, 0x0, 0x0, 0x2, 0xff,
    0xff, 0xf0, 0x0, 0x0, 0x0, 0x0, 0x0, 0x7,
    0xff, 0xff, 0x80, 0x0, 0x0, 0x0, 0x0, 0x0,
    0xf, 0xff, 0xfd, 0x0, 0x0, 0x0, 0x0, 0x0,
    0x0, 0x2f, 0xff, 0xf0, 0x0, 0x0, 0x0, 0x0,
    0x0, 0x0, 0x7f, 0xff, 0x80, 0x0, 0x0, 0x0,
    0x0, 0x0, 0x0, 0xff, 0xfd, 0x0, 0x0, 0x0,
    0x0, 0x0, 0x0, 0x3, 0xff, 0xf0, 0x0, 0x0,
    0x0, 0x0, 0x0, 0x0, 0x7, 0xff, 0x80, 0x0,
    0x0, 0x0,

    /* U+0057 "W" */
    0xbf, 0xfe, 0x0, 0x0, 0x0, 0xf, 0xff, 0xfe,
    0x0, 0x0, 0x0, 0xf, 0xff, 0xdf, 0xff, 0xc0,
    0x0, 0x0, 0x3, 0xff, 0xff, 0xc0, 0x0, 0x0,
    0x3, 0xff, 0xe3, 0xff, 0xf0, 0x0, 0x0, 0x0,
    0xff, 0xff, 0xf0, 0x0, 0x0, 0x1, 0xff, 0xf4,
    0xff, 0xfd, 0x0, 0x0, 0x0, 0x7f, 0xff, 0xfd,
    0x0, 0x0, 0x0, 0x7f, 0xfc, 0x2f, 0xff, 0x80,
    0x0, 0x0, 0x2f, 0xff, 0xff, 0x80, 0x0, 0x0,
    0x2f, 0xff, 0x7, 0xff, 0xf0, 0x0, 0x0, 0xf,
    0xff, 0xff, 0xe0, 0x0, 0x0, 0xf, 0xff, 0x80,
    0xff, 0xfc, 0x0, 0x0, 0x3, 0xff, 0xff, 0xfc,
    0x0, 0x0, 0x3, 0xff, 0xd0, 0x3f, 0xff, 0x0,
    0x0, 0x1, 0xff, 0xff, 0xff, 0x0, 0x0, 0x1,
    0xff, 0xf0, 0xb, 0xff, 0xd0, 0x0, 0x0, 0x7f,
    0xff, 0xff, 0xd0, 0x0, 0x0, 0xbf, 0xfc, 0x1,
    0xff, 0xf8, 0x0, 0x0, 0x2f, 0xff, 0xff, 0xf8,
    0x0, 0x0, 0x2f, 0xfe, 0x0, 0x3f, 0xff, 0x0,
    0x0, 0xf, 0xff, 0xbf, 0xff, 0x0, 0x0, 0xf,
    0xff, 0x40, 0xf, 0xff, 0xc0, 0x0, 0x3, 0xff,
    0xdf, 0xff, 0xc0, 0x0, 0x3, 0xff, 0xc0, 0x2,
    0xff, 0xf4, 0x0, 0x1, 0xff, 0xf2, 0xff, 0xf4,
    0x0, 0x1, 0xff, 0xf0, 0x0, 0x7f, 0xfe, 0x0,
    0x0, 0xbf, 0xfc, 0x7f, 0xfe, 0x0, 0x0, 0xbf,
    0xf8, 0x0, 0xf, 0xff, 0xc0, 0x0, 0x3f, 0xfe,
    0xf, 0xff, 0xc0, 0x0, 0x3f, 0xfe, 0x0, 0x3,
    0xff, 0xf0, 0x0, 0xf, 0xff, 0x43, 0xff, 0xf0,
    0x0, 0xf, 0xff, 0x40, 0x0, 0xbf, 0xfd, 0x0,
    0x3, 0xff, 0xc0, 0xbf, 0xfc, 0x0, 0x3, 0xff,
    0xc0, 0x0, 0x1f, 0xff, 0x40, 0x1, 0xff, 0xf0,
    0x1f, 0xff, 0x40, 0x1, 0xff, 0xf0, 0x0, 0x3,
    0xff, 0xe0, 0x0, 0xbf, 0xf8, 0x3, 0xff, 0xe0,
    0x0, 0xbf, 0xf8, 0x0, 0x0, 0xff, 0xfc, 0x0,
    0x3f, 0xfd, 0x0, 0xff, 0xfc, 0x0, 0x3f, 0xfd,
    0x0, 0x0, 0x2f, 0xff, 0x0, 0xf, 0xff, 0x0,
    0x2f, 0xff, 0x0, 0xf, 0xff, 0x0, 0x0, 0x7,
    0xff, 0xd0, 0x7, 0xff, 0xc0, 0x7, 0xff, 0xd0,
    0x7, 0xff, 0xc0, 0x0, 0x0, 0xff, 0xf8, 0x2,
    0xff, 0xe0, 0x0, 0xff, 0xf8, 0x2, 0xff, 0xe0,
    0x0, 0x0, 0x3f, 0xff, 0x0, 0xbf, 0xf4, 0x0,
    0x3f, 0xff, 0x0, 0xbf, 0xf4, 0x0, 0x0, 0xb,
    0xff, 0xc0, 0x3f, 0xfc, 0x0, 0xb, 0xff, 0xc0,
    0x3f, 0xfc, 0x0, 0x0, 0x1, 0xff, 0xf4, 0xf,
    0xff, 0x0, 0x1, 0xff, 0xf4, 0xf, 0xff, 0x0,
    0x0, 0x0, 0x3f, 0xfe, 0x7, 0xff, 0x80, 0x0,
    0x3f, 0xfd, 0x7, 0xff, 0x80, 0x0, 0x0, 0xf,
    0xff, 0x82, 0xff, 0xd0, 0x0, 0xf, 0xff, 0x82,
    0xff, 0xd0, 0x0, 0x0, 0x2, 0xff, 0xf0, 0xff,
    0xf0, 0x0, 0x2, 0xff, 0xf0, 0xff, 0xf0, 0x0,
    0x0, 0x0, 0x7f, 0xfc, 0x3f, 0xfc, 0x0, 0x0,
    0x7f, 0xfc, 0x3f, 0xfc, 0x0, 0x0, 0x0, 0xf,
    0xff, 0x4f, 0xfe, 0x0, 0x0, 0xf, 0xff, 0x4f,
    0xfe, 0x0, 0x0, 0x0, 0x3, 0xff, 0xe7, 0xff,
    0x40, 0x0, 0x3, 0xff, 0xe7, 0xff, 0x40, 0x0,
    0x0, 0x0, 0xbf, 0xfe, 0xff, 0xc0, 0x0, 0x0,
    0xbf, 0xfe, 0xff, 0xc0, 0x0, 0x0, 0x0, 0x1f,
    0xff, 0xff, 0xf0, 0x0, 0x0, 0x1f, 0xff, 0xff,
    0xf0, 0x0, 0x0, 0x0, 0x3, 0xff, 0xff, 0xf8,
    0x0, 0x0, 0x3, 0xff, 0xff, 0xf8, 0x0, 0x0,
    0x0, 0x0, 0xff, 0xff, 0xfd, 0x0, 0x0, 0x0,
    0xff, 0xff, 0xfd, 0x0, 0x0, 0x0, 0x0, 0x2f,
    0xff, 0xff, 0x0, 0x0, 0x0, 0x2f, 0xff, 0xff,
    0x0, 0x0, 0x0, 0x0, 0x7, 0xff, 0xff, 0xc0,
    0x0, 0x0, 0x7, 0xff, 0xff, 0xc0, 0x0, 0x0,
    0x0, 0x0, 0xff, 0xff, 0xe0, 0x0, 0x0, 0x0,
    0xff, 0xff, 0xe0, 0x0, 0x0, 0x0, 0x0, 0x3f,
    0xff, 0xf4, 0x0, 0x0, 0x0, 0x3f, 0xff, 0xf4,
    0x0, 0x0, 0x0, 0x0, 0xb, 0xff, 0xfc, 0x0,
    0x0, 0x0, 0xb, 0xff, 0xfc, 0x0, 0x0, 0x0,
    0x0, 0x1, 0xff, 0xff, 0x0, 0x0, 0x0, 0x1,
    0xff, 0xff, 0x0, 0x0, 0x0, 0x0, 0x0, 0x3f,
    0xff, 0x80, 0x0, 0x0, 0x0, 0x3f, 0xff, 0xc0,
    0x0, 0x0, 0x0, 0x0, 0xf, 0xff, 0xd0, 0x0,
    0x0, 0x0, 0xf, 0xff, 0xe0, 0x0, 0x0, 0x0,
    0x0, 0x2, 0xff, 0xf0, 0x0, 0x0, 0x0, 0x2,
    0xff, 0xf4, 0x0, 0x0, 0x0,

    /* U+0058 "X" */
    0x1f, 0xff, 0xf4, 0x0, 0x0, 0x0, 0x1, 0xff,
    0xff, 0x0, 0xbf, 0xff, 0xc0, 0x0, 0x0, 0x0,
    0x3f, 0xff, 0xd0, 0x3, 0xff, 0xfd, 0x0, 0x0,
    0x0, 0xb, 0xff, 0xf8, 0x0, 0x1f, 0xff, 0xf0,
    0x0, 0x0, 0x0, 0xff, 0xff, 0x0, 0x0, 0xff,
    0xff, 0x80, 0x0, 0x0, 0x2f, 0xff, 0xd0, 0x0,
    0x3, 0xff, 0xfc, 0x0, 0x0, 0x7, 0xff, 0xfc,
    0x0, 0x0, 0x2f, 0xff, 0xe0, 0x0, 0x0, 0xff,
    0xff, 0x0, 0x0, 0x0, 0xff, 0xff, 0x40, 0x0,
    0x1f, 0xff, 0xe0, 0x0, 0x0, 0x7, 0xff, 0xfc,
    0x0, 0x3, 0xff, 0xfc, 0x0, 0x0, 0x0, 0x3f,
    0xff, 0xd0, 0x0, 0xbf, 0xff, 0x40, 0x0, 0x0,
    0x0, 0xff, 0xff, 0x0, 0xf, 0xff, 0xf0, 0x0,
    0x0, 0x0, 0xb, 0xff, 0xf8, 0x2, 0xff, 0xfc,
    0x0, 0x0, 0x0, 0x0, 0x3f, 0xff, 0xc0, 0x3f,
    0xff, 0x80, 0x0, 0x0, 0x0, 0x1, 0xff, 0xfe,
    0xf, 0xff, 0xf0, 0x0, 0x0, 0x0, 0x0, 0xb,
    0xff, 0xf5, 0xff, 0xfd, 0x0, 0x0, 0x0, 0x0,
    0x0, 0x3f, 0xff, 0xff, 0xff, 0x80, 0x0, 0x0,
    0x0, 0x0, 0x1, 0xff, 0xff, 0xff, 0xf0, 0x0,
    0x0, 0x0, 0x0, 0x0, 0xf, 0xff, 0xff, 0xfe,
    0x0, 0x0, 0x0, 0x0, 0x0, 0x0, 0x3f, 0xff,
    0xff, 0xc0, 0x0, 0x0, 0x0, 0x0, 0x0, 0x2,
    0xff, 0xff, 0xf4, 0x0, 0x0, 0x0, 0x0, 0x0,
    0x0, 0xf, 0xff, 0xfe, 0x0, 0x0, 0x0, 0x0,
    0x0, 0x0, 0x0, 0xbf, 0xff, 0xd0, 0x0, 0x0,
    0x0, 0x0, 0x0, 0x0, 0xf, 0xff, 0xff, 0x0,
    0x0, 0x0, 0x0, 0x0, 0x0, 0x2, 0xff, 0xff,
    0xf4, 0x0, 0x0, 0x0, 0x0, 0x0, 0x0, 0x3f,
    0xff, 0xff, 0xc0, 0x0, 0x0, 0x0, 0x0, 0x0,
    0xb, 0xff, 0xff, 0xfe, 0x0, 0x0, 0x0, 0x0,
    0x0, 0x1, 0xff, 0xff, 0xff, 0xf4, 0x0, 0x0,
    0x0, 0x0, 0x0, 0x3f, 0xff, 0xff, 0xff, 0xc0,
    0x0, 0x0, 0x0, 0x0, 0xb, 0xff, 0xf1, 0xff,
    0xfe, 0x0, 0x0, 0x0, 0x0, 0x0, 0xff, 0xfe,
    0xf, 0xff, 0xf0, 0x0, 0x0, 0x0, 0x0, 0x3f,
    0xff, 0xc0, 0x7f, 0xff, 0xc0, 0x0, 0x0, 0x0,
    0x7, 0xff, 0xf4, 0x3, 0xff, 0xfd, 0x0, 0x0,
    0x0, 0x0, 0xff, 0xff, 0x0, 0xf, 0xff, 0xf0,
    0x0, 0x0, 0x0, 0x2f, 0xff, 0xd0, 0x0, 0xbf,
    0xff, 0x80, 0x0, 0x0, 0x7, 0xff, 0xf8, 0x0,
    0x3, 0xff, 0xfc, 0x0, 0x0, 0x0, 0xff, 0xff,
    0x0, 0x0, 0x1f, 0xff, 0xf0, 0x0, 0x0, 0x1f,
    0xff, 0xe0, 0x0, 0x0, 0xff, 0xff, 0x40, 0x0,
    0x3, 0xff, 0xfc, 0x0, 0x0, 0x7, 0xff, 0xfc,
    0x0, 0x0, 0xbf, 0xff, 0x40, 0x0, 0x0, 0x3f,
    0xff, 0xe0, 0x0, 0x1f, 0xff, 0xf0, 0x0, 0x0,
    0x0, 0xff, 0xff, 0x40, 0x3, 0xff, 0xfd, 0x0,
    0x0, 0x0, 0xb, 0xff, 0xfc, 0x0, 0xbf, 0xff,
    0x80, 0x0, 0x0, 0x0, 0x3f, 0xff, 0xe0, 0xf,
    0xff, 0xf0, 0x0, 0x0, 0x0, 0x1, 0xff, 0xff,
    0x3, 0xff, 0xfe, 0x0, 0x0, 0x0, 0x0, 0xf,
    0xff, 0xf8, 0x7f, 0xff, 0xc0, 0x0, 0x0, 0x0,
    0x0, 0x7f, 0xff, 0xd0,

    /* U+0059 "Y" */
    0x7f, 0xff, 0x40, 0x0, 0x0, 0x0, 0x1f, 0xff,
    0xe3, 0xff, 0xfc, 0x0, 0x0, 0x0, 0x2, 0xff,
    0xfc, 0x1f, 0xff, 0xd0, 0x0, 0x0, 0x0, 0x3f,
    0xff, 0x80, 0xff, 0xff, 0x0, 0x0, 0x0, 0xb,
    0xff, 0xf0, 0x7, 0xff, 0xf4, 0x0, 0x0, 0x0,
    0xff, 0xfe, 0x0, 0x3f, 0xff, 0xc0, 0x0, 0x0,
    0x2f, 0xff, 0xc0, 0x1, 0xff, 0xfc, 0x0, 0x0,
    0x3, 0xff, 0xf8, 0x0, 0xf, 0xff, 0xe0, 0x0,
    0x0, 0x7f, 0xff, 0x0, 0x0, 0x7f, 0xff, 0x0,
    0x0, 0xf, 0xff, 0xe0, 0x0, 0x3, 0xff, 0xf8,
    0x0, 0x1, 0xff, 0xfc, 0x0, 0x0, 0x1f, 0xff,
    0xc0, 0x0, 0x3f, 0xff, 0x80, 0x0, 0x0, 0xff,
    0xfd, 0x0, 0x7, 0xff, 0xf0, 0x0, 0x0, 0x7,
    0xff, 0xf0, 0x0, 0xff, 0xfe, 0x0, 0x0, 0x0,
    0x3f, 0xff, 0x40, 0xf, 0xff, 0xc0, 0x0, 0x0,
    0x1, 0xff, 0xfc, 0x2, 0xff, 0xf8, 0x0, 0x0,
    0x0, 0xf, 0xff, 0xd0, 0x3f, 0xff, 0x0, 0x0,
    0x0, 0x0, 0x7f, 0xff, 0xb, 0xff, 0xe0, 0x0,
    0x0, 0x0, 0x3, 0xff, 0xf0, 0xff, 0xfc, 0x0,
    0x0, 0x0, 0x0, 0x1f, 0xff, 0xaf, 0xff, 0x80,
    0x0, 0x0, 0x0, 0x0, 0xff, 0xff, 0xff, 0xf0,
    0x0, 0x0, 0x0, 0x0, 0x7, 0xff, 0xff, 0xfe,
    0x0, 0x0, 0x0, 0x0, 0x0, 0x3f, 0xff, 0xff,
    0xc0, 0x0, 0x0, 0x0, 0x0, 0x1, 0xff, 0xff,
    0xf8, 0x0, 0x0, 0x0, 0x0, 0x0, 0xf, 0xff,
    0xff, 0x0, 0x0, 0x0, 0x0, 0x0, 0x0, 0x7f,
    0xff, 0xe0, 0x0, 0x0, 0x0, 0x0, 0x0, 0x3,
    0xff, 0xfc, 0x0, 0x0, 0x0, 0x0, 0x0, 0x0,
    0x2f, 0xff, 0xc0, 0x0, 0x0, 0x0, 0x0, 0x0,
    0x1, 0xff, 0xfc, 0x0, 0x0, 0x0, 0x0, 0x0,
    0x0, 0x1f, 0xff, 0xc0, 0x0, 0x0, 0x0, 0x0,
    0x0, 0x1, 0xff, 0xfc, 0x0, 0x0, 0x0, 0x0,
    0x0, 0x0, 0x1f, 0xff, 0xc0, 0x0, 0x0, 0x0,
    0x0, 0x0, 0x1, 0xff, 0xfc, 0x0, 0x0, 0x0,
    0x0, 0x0, 0x0, 0x1f, 0xff, 0xc0, 0x0, 0x0,
    0x0, 0x0, 0x0, 0x1, 0xff, 0xfc, 0x0, 0x0,
    0x0, 0x0, 0x0, 0x0, 0x1f, 0xff, 0xc0, 0x0,
    0x0, 0x0, 0x0, 0x0, 0x1, 0xff, 0xfc, 0x0,
    0x0, 0x0, 0x0, 0x0, 0x0, 0x1f, 0xff, 0xc0,
    0x0, 0x0, 0x0, 0x0, 0x0, 0x1, 0xff, 0xfc,
    0x0, 0x0, 0x0, 0x0, 0x0, 0x0, 0x1f, 0xff,
    0xc0, 0x0, 0x0, 0x0, 0x0, 0x0, 0x1, 0xff,
    0xfc, 0x0, 0x0, 0x0, 0x0, 0x0, 0x0, 0x1f,
    0xff, 0xc0, 0x0, 0x0, 0x0, 0x0, 0x0, 0x1,
    0xff, 0xfc, 0x0, 0x0, 0x0, 0x0, 0x0, 0x0,
    0x1f, 0xff, 0xc0, 0x0, 0x0, 0x0, 0x0, 0x0,
    0x1, 0xff, 0xfc, 0x0, 0x0, 0x0, 0x0, 0x0,
    0x0, 0x1f, 0xff, 0xc0, 0x0, 0x0, 0x0,

    /* U+005A "Z" */
    0x7f, 0xff, 0xff, 0xff, 0xff, 0xff, 0xff, 0x87,
    0xff, 0xff, 0xff, 0xff, 0xff, 0xff, 0xf8, 0x7f,
    0xff, 0xff, 0xff, 0xff, 0xff, 0xff, 0x87, 0xff,
    0xff, 0xff, 0xff, 0xff, 0xff, 0xf8, 0x7f, 0xff,
    0xff, 0xff, 0xff, 0xff, 0xff, 0x87, 0xff, 0xff,
    0xff, 0xff, 0xff, 0xff, 0xf8, 0x15, 0x55, 0x55,
    0x55, 0x55, 0xbf, 0xff, 0x80, 0x0, 0x0, 0x0,
    0x0, 0xf, 0xff, 0xf0, 0x0, 0x0, 0x0, 0x0,
    0x2, 0xff, 0xfd, 0x0, 0x0, 0x0, 0x0, 0x0,
    0x7f, 0xff, 0x80, 0x0, 0x0, 0x0, 0x0, 0xf,
    0xff, 0xf0, 0x0, 0x0, 0x0, 0x0, 0x2, 0xff,
    0xfd, 0x0, 0x0, 0x0, 0x0, 0x0, 0x3f, 0xff,
    0xc0, 0x0, 0x0, 0x0, 0x0, 0xf, 0xff, 0xf0,
    0x0, 0x0, 0x0, 0x0, 0x1, 0xff, 0xfe, 0x0,
    0x0, 0x0, 0x0, 0x0, 0x3f, 0xff, 0xc0, 0x0,
    0x0, 0x0, 0x0, 0xb, 0xff, 0xf0, 0x0, 0x0,
    0x0, 0x0, 0x1, 0xff, 0xfe, 0x0, 0x0, 0x0,
    0x0, 0x0, 0x3f, 0xff, 0xc0, 0x0, 0x0, 0x0,
    0x0, 0xb, 0xff, 0xf4, 0x0, 0x0, 0x0, 0x0,
    0x1, 0xff, 0xfe, 0x0, 0x0, 0x0, 0x0, 0x0,
    0x3f, 0xff, 0xc0, 0x0, 0x0, 0x0, 0x0, 0xb,
    0xff, 0xf4, 0x0, 0x0, 0x0, 0x0, 0x0, 0xff,
    0xff, 0x0, 0x0, 0x0, 0x0, 0x0, 0x3f, 0xff,
    0xc0, 0x0, 0x0, 0x0, 0x0, 0x7, 0xff, 0xf4,
    0x0, 0x0, 0x0, 0x0, 0x0, 0xff, 0xff, 0x0,
    0x0, 0x0, 0x0, 0x0, 0x3f, 0xff, 0xc0, 0x0,
    0x0, 0x0, 0x0, 0x7, 0xff, 0xf8, 0x0, 0x0,
    0x0, 0x0, 0x0, 0xff, 0xff, 0x0, 0x0, 0x0,
    0x0, 0x0, 0x2f, 0xff, 0xd0, 0x0, 0x0, 0x0,
    0x0, 0x7, 0xff, 0xf8, 0x0, 0x0, 0x0, 0x0,
    0x0, 0xff, 0xff, 0x0, 0x0, 0x0, 0x0, 0x0,
    0x2f, 0xff, 0xd0, 0x0, 0x0, 0x0, 0x0, 0x3,
    0xff, 0xfc, 0x0, 0x0, 0x0, 0x0, 0x0, 0xff,
    0xff, 0x0, 0x0, 0x0, 0x0, 0x0, 0x2f, 0xff,
    0xd0, 0x0, 0x0, 0x0, 0x0, 0x3, 0xff, 0xfc,
    0x0, 0x0, 0x0, 0x0, 0x0, 0xbf, 0xff, 0x95,
    0x55, 0x55, 0x55, 0x55, 0x4f, 0xff, 0xff, 0xff,
    0xff, 0xff, 0xff, 0xfc, 0xff, 0xff, 0xff, 0xff,
    0xff, 0xff, 0xff, 0xcf, 0xff, 0xff, 0xff, 0xff,
    0xff, 0xff, 0xfc, 0xff, 0xff, 0xff, 0xff, 0xff,
    0xff, 0xff, 0xcf, 0xff, 0xff, 0xff, 0xff, 0xff,
    0xff, 0xfc, 0xff, 0xff, 0xff, 0xff, 0xff, 0xff,
    0xff, 0xc0,

    /* U+005B "[" */
    0x55, 0x55, 0x55, 0x7f, 0xff, 0xff, 0xff, 0xff,
    0xff, 0xff, 0xff, 0xff, 0xff, 0xff, 0xff, 0xff,
    0xff, 0xff, 0xff, 0xff, 0xff, 0xff, 0xff, 0xff,
    0xf0, 0x0, 0xff, 0xfc, 0x0, 0x3f, 0xff, 0x0,
    0xf, 0xff, 0xc0, 0x3, 0xff, 0xf0, 0x0, 0xff,
    0xfc, 0x0, 0x3f, 0xff, 0x0, 0xf, 0xff, 0xc0,
    0x3, 0xff, 0xf0, 0x0, 0xff, 0xfc, 0x0, 0x3f,
    0xff, 0x0, 0xf, 0xff, 0xc0, 0x3, 0xff, 0xf0,
    0x0, 0xff, 0xfc, 0x0, 0x3f, 0xff, 0x0, 0xf,
    0xff, 0xc0, 0x3, 0xff, 0xf0, 0x0, 0xff, 0xfc,
    0x0, 0x3f, 0xff, 0x0, 0xf, 0xff, 0xc0, 0x3,
    0xff, 0xf0, 0x0, 0xff, 0xfc, 0x0, 0x3f, 0xff,
    0x0, 0xf, 0xff, 0xc0, 0x3, 0xff, 0xf0, 0x0,
    0xff, 0xfc, 0x0, 0x3f, 0xff, 0x0, 0xf, 0xff,
    0xc0, 0x3, 0xff, 0xf0, 0x0, 0xff, 0xfc, 0x0,
    0x3f, 0xff, 0x0, 0xf, 0xff, 0xc0, 0x3, 0xff,
    0xf0, 0x0, 0xff, 0xfc, 0x0, 0x3f, 0xff, 0x0,
    0xf, 0xff, 0xc0, 0x3, 0xff, 0xf0, 0x0, 0xff,
    0xfc, 0x0, 0x3f, 0xff, 0x0, 0xf, 0xff, 0xc0,
    0x3, 0xff, 0xf9, 0x55, 0xff, 0xff, 0xff, 0xff,
    0xff, 0xff, 0xff, 0xff, 0xff, 0xff, 0xff, 0xff,
    0xff, 0xff, 0xff, 0xff, 0xff, 0xff, 0xff, 0xf0,

    /* U+005C "\\" */
    0xbf, 0xf0, 0x0, 0x0, 0x0, 0x7f, 0xf4, 0x0,
    0x0, 0x0, 0x3f, 0xfc, 0x0, 0x0, 0x0, 0x2f,
    0xfc, 0x0, 0x0, 0x0, 0x1f, 0xfd, 0x0, 0x0,
    0x0, 0xf, 0xfe, 0x0, 0x0, 0x0, 0xf, 0xff,
    0x0, 0x0, 0x0, 0xb, 0xff, 0x40, 0x0, 0x0,
    0x3, 0xff, 0x80, 0x0, 0x0, 0x3, 0xff, 0xc0,
    0x0, 0x0, 0x2, 0xff, 0xc0, 0x0, 0x0, 0x1,
    0xff, 0xd0, 0x0, 0x0, 0x0, 0xff, 0xf0, 0x0,
    0x0, 0x0, 0xbf, 0xf0, 0x0, 0x0, 0x0, 0x7f,
    0xf4, 0x0, 0x0, 0x0, 0x3f, 0xf8, 0x0, 0x0,
    0x0, 0x3f, 0xfc, 0x0, 0x0, 0x0, 0x2f, 0xfd,
    0x0, 0x0, 0x0, 0xf, 0xfe, 0x0, 0x0, 0x0,
    0xf, 0xff, 0x0, 0x0, 0x0, 0xb, 0xff, 0x0,
    0x0, 0x0, 0x7, 0xff, 0x40, 0x0, 0x0, 0x3,
    0xff, 0xc0, 0x0, 0x0, 0x2, 0xff, 0xc0, 0x0,
    0x0, 0x1, 0xff, 0xd0, 0x0, 0x0, 0x0, 0xff,
    0xe0, 0x0, 0x0, 0x0, 0xff, 0xf0, 0x0, 0x0,
    0x0, 0x7f, 0xf4, 0x0, 0x0, 0x0, 0x3f, 0xf8,
    0x0, 0x0, 0x0, 0x3f, 0xfc, 0x0, 0x0, 0x0,
    0x2f, 0xfc, 0x0, 0x0, 0x0, 0x1f, 0xfd, 0x0,
    0x0, 0x0, 0xf, 0xff, 0x0, 0x0, 0x0, 0xb,
    0xff, 0x0, 0x0, 0x0, 0x7, 0xff, 0x40, 0x0,
    0x0, 0x3, 0xff, 0x80, 0x0, 0x0, 0x3, 0xff,
    0xc0, 0x0, 0x0, 0x1, 0xff, 0xd0, 0x0, 0x0,
    0x0, 0xff, 0xe0, 0x0, 0x0, 0x0, 0xff, 0xf0,
    0x0, 0x0, 0x0, 0xbf, 0xf0, 0x0, 0x0, 0x0,
    0x7f, 0xf8, 0x0, 0x0, 0x0, 0x3f, 0xfc, 0x0,
    0x0, 0x0, 0x2f, 0xfc, 0x0, 0x0, 0x0, 0x1f,
    0xfd, 0x0, 0x0, 0x0, 0xf, 0xfe,

    /* U+005D "]" */
    0x55, 0x55, 0x55, 0x7f, 0xff, 0xff, 0xff, 0xff,
    0xff, 0xff, 0xff, 0xff, 0xff, 0xff, 0xff, 0xff,
    0xff, 0xff, 0xff, 0xff, 0xff, 0xff, 0xfc, 0x0,
    0x3f, 0xff, 0x0, 0xf, 0xff, 0xc0, 0x3, 0xff,
    0xf0, 0x0, 0xff, 0xfc, 0x0, 0x3f, 0xff, 0x0,
    0xf, 0xff, 0xc0, 0x3, 0xff, 0xf0, 0x0, 0xff,
    0xfc, 0x0, 0x3f, 0xff, 0x0, 0xf, 0xff, 0xc0,
    0x3, 0xff, 0xf0, 0x0, 0xff, 0xfc, 0x0, 0x3f,
    0xff, 0x0, 0xf, 0xff, 0xc0, 0x3, 0xff, 0xf0,
    0x0, 0xff, 0xfc, 0x0, 0x3f, 0xff, 0x0, 0xf,
    0xff, 0xc0, 0x3, 0xff, 0xf0, 0x0, 0xff, 0xfc,
    0x0, 0x3f, 0xff, 0x0, 0xf, 0xff, 0xc0, 0x3,
    0xff, 0xf0, 0x0, 0xff, 0xfc, 0x0, 0x3f, 0xff,
    0x0, 0xf, 0xff, 0xc0, 0x3, 0xff, 0xf0, 0x0,
    0xff, 0xfc, 0x0, 0x3f, 0xff, 0x0, 0xf, 0xff,
    0xc0, 0x3, 0xff, 0xf0, 0x0, 0xff, 0xfc, 0x0,
    0x3f, 0xff, 0x0, 0xf, 0xff, 0xc0, 0x3, 0xff,
    0xf0, 0x0, 0xff, 0xfc, 0x0, 0x3f, 0xff, 0x0,
    0xf, 0xff, 0xc0, 0x3, 0xff, 0xf0, 0x0, 0xff,
    0xfd, 0x55, 0x7f, 0xff, 0xff, 0xff, 0xff, 0xff,
    0xff, 0xff, 0xff, 0xff, 0xff, 0xff, 0xff, 0xff,
    0xff, 0xff, 0xff, 0xff, 0xff, 0xff, 0xff, 0xf0,

    /* U+005E "^" */
    0x0, 0x0, 0x0, 0xff, 0xf0, 0x0, 0x0, 0x0,
    0x0, 0x0, 0x2f, 0xff, 0x80, 0x0, 0x0, 0x0,
    0x0, 0x3, 0xff, 0xfc, 0x0, 0x0, 0x0, 0x0,
    0x0, 0x7f, 0xff, 0xd0, 0x0, 0x0, 0x0, 0x0,
    0xf, 0xff, 0xff, 0x0, 0x0, 0x0, 0x0, 0x0,
    0xff, 0xff, 0xf0, 0x0, 0x0, 0x0, 0x0, 0x2f,
    0xff, 0xff, 0x80, 0x0, 0x0, 0x0, 0x3, 0xff,
    0xaf, 0xfc, 0x0, 0x0, 0x0, 0x0, 0x7f, 0xf1,
    0xff, 0xd0, 0x0, 0x0, 0x0, 0xf, 0xff, 0xf,
    0xff, 0x0, 0x0, 0x0, 0x0, 0xff, 0xd0, 0x7f,
    0xf4, 0x0, 0x0, 0x0, 0x2f, 0xfc, 0x3, 0xff,
    0x80, 0x0, 0x0, 0x3, 0xff, 0x80, 0x2f, 0xfc,
    0x0, 0x0, 0x0, 0x7f, 0xf0, 0x0, 0xff, 0xd0,
    0x0, 0x0, 0xf, 0xff, 0x0, 0xf, 0xff, 0x0,
    0x0, 0x1, 0xff, 0xd0, 0x0, 0x7f, 0xf4, 0x0,
    0x0, 0x2f, 0xfc, 0x0, 0x3, 0xff, 0x80, 0x0,
    0x3, 0xff, 0x80, 0x0, 0x2f, 0xfc, 0x0, 0x0,
    0xbf, 0xf0, 0x0, 0x0, 0xff, 0xe0, 0x0, 0xf,
    0xff, 0x0, 0x0, 0xf, 0xff, 0x0, 0x1, 0xff,
    0xd0, 0x0, 0x0, 0x7f, 0xf4, 0x0, 0x3f, 0xfc,
    0x0, 0x0, 0x3, 0xff, 0xc0, 0x3, 0xff, 0x80,
    0x0, 0x0, 0x2f, 0xfc, 0x0, 0xbf, 0xf0, 0x0,
    0x0, 0x0, 0xff, 0xe0, 0xf, 0xff, 0x0, 0x0,
    0x0, 0xf, 0xff, 0x1, 0xff, 0xd0, 0x0, 0x0,
    0x0, 0x7f, 0xf4, 0x3f, 0xfc, 0x0, 0x0, 0x0,
    0x3, 0xff, 0xc0,

    /* U+005F "_" */
    0xaa, 0xaa, 0xaa, 0xaa, 0xaa, 0xaa, 0xaa, 0xa9,
    0xff, 0xff, 0xff, 0xff, 0xff, 0xff, 0xff, 0xfe,
    0xff, 0xff, 0xff, 0xff, 0xff, 0xff, 0xff, 0xfe,
    0xff, 0xff, 0xff, 0xff, 0xff, 0xff, 0xff, 0xfe,
    0xff, 0xff, 0xff, 0xff, 0xff, 0xff, 0xff, 0xfe,

    /* U+0060 "`" */
    0x1a, 0xaa, 0x40, 0x0, 0x1f, 0xff, 0xd0, 0x0,
    0x7, 0xff, 0xf0, 0x0, 0x1, 0xff, 0xfc, 0x0,
    0x0, 0x7f, 0xfe, 0x0, 0x0, 0x1f, 0xff, 0x40,
    0x0, 0x7, 0xff, 0xd0, 0x0, 0x1, 0xff, 0xf0,
    0x0, 0x0, 0x7f, 0xfc,

    /* U+007B "{" */
    0x0, 0x0, 0x1a, 0xaa, 0x80, 0x0, 0x3f, 0xff,
    0xe0, 0x0, 0x7f, 0xff, 0xf8, 0x0, 0x3f, 0xff,
    0xfe, 0x0, 0x1f, 0xff, 0xff, 0x80, 0xb, 0xff,
    0xff, 0xe0, 0x3, 0xff, 0xf8, 0x0, 0x0, 0xff,
    0xfc, 0x0, 0x0, 0x3f, 0xfe, 0x0, 0x0, 0xf,
    0xff, 0x80, 0x0, 0x3, 0xff, 0xe0, 0x0, 0x0,
    0xff, 0xf8, 0x0, 0x0, 0x3f, 0xfe, 0x0, 0x0,
    0xf, 0xff, 0x80, 0x0, 0x3, 0xff, 0xe0, 0x0,
    0x0, 0xff, 0xf8, 0x0, 0x0, 0x3f, 0xfe, 0x0,
    0x0, 0xf, 0xff, 0x80, 0x0, 0x3, 0xff, 0xe0,
    0x0, 0x0, 0xff, 0xf8, 0x0, 0x0, 0x3f, 0xfe,
    0x0, 0x0, 0x1f, 0xff, 0x40, 0x0, 0xf, 0xff,
    0xd0, 0x0, 0x1f, 0xff, 0xf0, 0x0, 0xff, 0xff,
    0xf8, 0x0, 0x3f, 0xff, 0xf8, 0x0, 0xf, 0xff,
    0xf4, 0x0, 0x3, 0xff, 0xfd, 0x0, 0x0, 0xff,
    0xff, 0xe0, 0x0, 0x3f, 0xff, 0xfe, 0x0, 0x0,
    0x7f, 0xff, 0xc0, 0x0, 0x3, 0xff, 0xf4, 0x0,
    0x0, 0x7f, 0xfd, 0x0, 0x0, 0xf, 0xff, 0x80,
    0x0, 0x3, 0xff, 0xe0, 0x0, 0x0, 0xff, 0xf8,
    0x0, 0x0, 0x3f, 0xfe, 0x0, 0x0, 0xf, 0xff,
    0x80, 0x0, 0x3, 0xff, 0xe0, 0x0, 0x0, 0xff,
    0xf8, 0x0, 0x0, 0x3f, 0xfe, 0x0, 0x0, 0xf,
    0xff, 0x80, 0x0, 0x3, 0xff, 0xe0, 0x0, 0x0,
    0xff, 0xf8, 0x0, 0x0, 0x3f, 0xfe, 0x0, 0x0,
    0xf, 0xff, 0x80, 0x0, 0x3, 0xff, 0xf0, 0x0,
    0x0, 0xff, 0xfd, 0x0, 0x0, 0x2f, 0xff, 0xfa,
    0x40, 0x7, 0xff, 0xff, 0xe0, 0x0, 0xff, 0xff,
    0xf8, 0x0, 0x1f, 0xff, 0xfe, 0x0, 0x2, 0xff,
    0xff, 0x80, 0x0, 0xb, 0xff, 0xe0,

    /* U+007C "|" */
    0x6a, 0xa8, 0x7f, 0xfc, 0x7f, 0xfc, 0x7f, 0xfc,
    0x7f, 0xfc, 0x7f, 0xfc, 0x7f, 0xfc, 0x7f, 0xfc,
    0x7f, 0xfc, 0x7f, 0xfc, 0x7f, 0xfc, 0x7f, 0xfc,
    0x7f, 0xfc, 0x7f, 0xfc, 0x7f, 0xfc, 0x7f, 0xfc,
    0x7f, 0xfc, 0x7f, 0xfc, 0x7f, 0xfc, 0x7f, 0xfc,
    0x7f, 0xfc, 0x7f, 0xfc, 0x7f, 0xfc, 0x7f, 0xfc,
    0x7f, 0xfc, 0x7f, 0xfc, 0x7f, 0xfc, 0x7f, 0xfc,
    0x7f, 0xfc, 0x7f, 0xfc, 0x7f, 0xfc, 0x7f, 0xfc,
    0x7f, 0xfc, 0x7f, 0xfc, 0x7f, 0xfc, 0x7f, 0xfc,
    0x7f, 0xfc, 0x7f, 0xfc, 0x7f, 0xfc, 0x7f, 0xfc,
    0x7f, 0xfc, 0x7f, 0xfc, 0x7f, 0xfc, 0x7f, 0xfc,
    0x7f, 0xfc, 0x7f, 0xfc, 0x7f, 0xfc, 0x7f, 0xfc,
    0x7f, 0xfc, 0x7f, 0xfc, 0x7f, 0xfc, 0x7f, 0xfc,
    0x7f, 0xfc, 0x7f, 0xfc,

    /* U+007D "}" */
    0xaa, 0xa9, 0x0, 0x0, 0x3f, 0xff, 0xf0, 0x0,
    0xf, 0xff, 0xff, 0x40, 0x3, 0xff, 0xff, 0xf0,
    0x0, 0xff, 0xff, 0xfd, 0x0, 0x3f, 0xff, 0xff,
    0x80, 0x0, 0xb, 0xff, 0xf0, 0x0, 0x0, 0xff,
    0xfc, 0x0, 0x0, 0x2f, 0xff, 0x0, 0x0, 0xb,
    0xff, 0xc0, 0x0, 0x2, 0xff, 0xf0, 0x0, 0x0,
    0xbf, 0xfc, 0x0, 0x0, 0x2f, 0xff, 0x0, 0x0,
    0xb, 0xff, 0xc0, 0x0, 0x2, 0xff, 0xf0, 0x0,
    0x0, 0xbf, 0xfc, 0x0, 0x0, 0x2f, 0xff, 0x0,
    0x0, 0xb, 0xff, 0xc0, 0x0, 0x2, 0xff, 0xf0,
    0x0, 0x0, 0xbf, 0xfc, 0x0, 0x0, 0x2f, 0xff,
    0x0, 0x0, 0x7, 0xff, 0xd0, 0x0, 0x1, 0xff,
    0xfc, 0x0, 0x0, 0x3f, 0xff, 0xd0, 0x0, 0xb,
    0xff, 0xff, 0x80, 0x0, 0xbf, 0xff, 0xe0, 0x0,
    0x7, 0xff, 0xf8, 0x0, 0x1, 0xff, 0xfe, 0x0,
    0x2, 0xff, 0xff, 0x80, 0x2, 0xff, 0xff, 0xe0,
    0x0, 0xff, 0xff, 0x40, 0x0, 0x7f, 0xff, 0x0,
    0x0, 0x1f, 0xff, 0x40, 0x0, 0xb, 0xff, 0xc0,
    0x0, 0x2, 0xff, 0xf0, 0x0, 0x0, 0xbf, 0xfc,
    0x0, 0x0, 0x2f, 0xff, 0x0, 0x0, 0xb, 0xff,
    0xc0, 0x0, 0x2, 0xff, 0xf0, 0x0, 0x0, 0xbf,
    0xfc, 0x0, 0x0, 0x2f, 0xff, 0x0, 0x0, 0xb,
    0xff, 0xc0, 0x0, 0x2, 0xff, 0xf0, 0x0, 0x0,
    0xbf, 0xfc, 0x0, 0x0, 0x2f, 0xff, 0x0, 0x0,
    0xb, 0xff, 0xc0, 0x0, 0x3, 0xff, 0xf0, 0x0,
    0x1, 0xff, 0xfc, 0x0, 0xab, 0xff, 0xfe, 0x0,
    0x3f, 0xff, 0xff, 0x40, 0xf, 0xff, 0xff, 0xc0,
    0x3, 0xff, 0xff, 0xd0, 0x0, 0xff, 0xff, 0xe0,
    0x0, 0x3f, 0xff, 0x80, 0x0, 0x0,

    /* U+007E "~" */
    0x0, 0x1, 0xba, 0x40, 0x0, 0x0, 0x50, 0x0,
    0x2, 0xff, 0xff, 0x40, 0x0, 0xf, 0x80, 0x0,
    0xff, 0xff, 0xff, 0x0, 0x2, 0xff, 0x40, 0x3f,
    0xff, 0xff, 0xfe, 0x0, 0xbf, 0xfc, 0xf, 0xff,
    0xff, 0xff, 0xff, 0xff, 0xff, 0x82, 0xff, 0xff,
    0xff, 0xff, 0xff, 0xff, 0xf0, 0x3f, 0xff, 0x41,
    0xff, 0xff, 0xff, 0xfd, 0x1, 0xff, 0x80, 0x1,
    0xff, 0xff, 0xff, 0x40, 0x2, 0xf0, 0x0, 0x2,
    0xff, 0xff, 0xc0, 0x0, 0x5, 0x0, 0x0, 0x2,
    0xff, 0x90, 0x0
};


/*---------------------
 *  GLYPH DESCRIPTION
 *--------------------*/

static const lv_font_fmt_txt_glyph_dsc_t glyph_dsc[] = {
    {.bitmap_index = 0, .adv_w = 0, .box_w = 0, .box_h = 0, .ofs_x = 0, .ofs_y = 0} /* id = 0 reserved */,
    {.bitmap_index = 0, .adv_w = 255, .box_w = 8, .box_h = 45, .ofs_x = 4, .ofs_y = 0},
    {.bitmap_index = 90, .adv_w = 371, .box_w = 19, .box_h = 18, .ofs_x = 2, .ofs_y = 27},
    {.bitmap_index = 176, .adv_w = 550, .box_w = 33, .box_h = 45, .ofs_x = 1, .ofs_y = 0},
    {.bitmap_index = 548, .adv_w = 506, .box_w = 28, .box_h = 52, .ofs_x = 1, .ofs_y = -4},
    {.bitmap_index = 912, .adv_w = 914, .box_w = 53, .box_h = 48, .ofs_x = 2, .ofs_y = -2},
    {.bitmap_index = 1548, .adv_w = 622, .box_w = 33, .box_h = 47, .ofs_x = 3, .ofs_y = 0},
    {.bitmap_index = 1936, .adv_w = 193, .box_w = 8, .box_h = 18, .ofs_x = 2, .ofs_y = 27},
    {.bitmap_index = 1972, .adv_w = 314, .box_w = 14, .box_h = 54, .ofs_x = 3, .ofs_y = -5},
    {.bitmap_index = 2161, .adv_w = 314, .box_w = 14, .box_h = 54, .ofs_x = 3, .ofs_y = -5},
    {.bitmap_index = 2350, .adv_w = 392, .box_w = 19, .box_h = 20, .ofs_x = 3, .ofs_y = 25},
    {.bitmap_index = 2445, .adv_w = 543, .box_w = 28, .box_h = 28, .ofs_x = 3, .ofs_y = 4},
    {.bitmap_index = 2641, .adv_w = 193, .box_w = 8, .box_h = 18, .ofs_x = 2, .ofs_y = -10},
    {.bitmap_index = 2677, .adv_w = 408, .box_w = 19, .box_h = 7, .ofs_x = 3, .ofs_y = 19},
    {.bitmap_index = 2711, .adv_w = 216, .box_w = 9, .box_h = 9, .ofs_x = 2, .ofs_y = 0},
    {.bitmap_index = 2732, .adv_w = 416, .box_w = 20, .box_h = 46, .ofs_x = 3, .ofs_y = -1},
    {.bitmap_index = 2962, .adv_w = 525, .box_w = 27, .box_h = 47, .ofs_x = 3, .ofs_y = 0},
    {.bitmap_index = 3280, .adv_w = 354, .box_w = 16, .box_h = 45, .ofs_x = 2, .ofs_y = 0},
    {.bitmap_index = 3460, .adv_w = 504, .box_w = 26, .box_h = 46, .ofs_x = 3, .ofs_y = 0},
    {.bitmap_index = 3759, .adv_w = 521, .box_w = 26, .box_h = 47, .ofs_x = 3, .ofs_y = 0},
    {.bitmap_index = 4065, .adv_w = 533, .box_w = 29, .box_h = 45, .ofs_x = 2, .ofs_y = 0},
    {.bitmap_index = 4392, .adv_w = 512, .box_w = 26, .box_h = 45, .ofs_x = 3, .ofs_y = 0},
    {.bitmap_index = 4685, .adv_w = 528, .box_w = 27, .box_h = 45, .ofs_x = 3, .ofs_y = 0},
    {.bitmap_index = 4989, .adv_w = 465, .box_w = 25, .box_h = 45, .ofs_x = 2, .ofs_y = 0},
    {.bitmap_index = 5271, .adv_w = 541, .box_w = 28, .box_h = 47, .ofs_x = 3, .ofs_y = 0},
    {.bitmap_index = 5600, .adv_w = 528, .box_w = 27, .box_h = 46, .ofs_x = 3, .ofs_y = 0},
    {.bitmap_index = 5911, .adv_w = 216, .box_w = 9, .box_h = 31, .ofs_x = 2, .ofs_y = 0},
    {.bitmap_index = 5981, .adv_w = 216, .box_w = 9, .box_h = 41, .ofs_x = 2, .ofs_y = -10},
    {.bitmap_index = 6074, .adv_w = 543, .box_w = 28, .box_h = 28, .ofs_x = 3, .ofs_y = 4},
    {.bitmap_index = 6270, .adv_w = 543, .box_w = 28, .box_h = 20, .ofs_x = 3, .ofs_y = 8},
    {.bitmap_index = 6410, .adv_w = 543, .box_w = 28, .box_h = 28, .ofs_x = 3, .ofs_y = 4},
    {.bitmap_index = 6606, .adv_w = 461, .box_w = 25, .box_h = 46, .ofs_x = 2, .ofs_y = 0},
    {.bitmap_index = 6894, .adv_w = 907, .box_w = 51, .box_h = 54, .ofs_x = 3, .ofs_y = -9},
    {.bitmap_index = 7583, .adv_w = 620, .box_w = 39, .box_h = 45, .ofs_x = 0, .ofs_y = 0},
    {.bitmap_index = 8022, .adv_w = 627, .box_w = 32, .box_h = 45, .ofs_x = 4, .ofs_y = 0},
    {.bitmap_index = 8382, .adv_w = 627, .box_w = 33, .box_h = 46, .ofs_x = 3, .ofs_y = 0},
    {.bitmap_index = 8762, .adv_w = 631, .box_w = 32, .box_h = 45, .ofs_x = 4, .ofs_y = 0},
    {.bitmap_index = 9122, .adv_w = 575, .box_w = 30, .box_h = 45, .ofs_x = 4, .ofs_y = 0},
    {.bitmap_index = 9460, .adv_w = 575, .box_w = 30, .box_h = 45, .ofs_x = 4, .ofs_y = 0},
    {.bitmap_index = 9798, .adv_w = 627, .box_w = 33, .box_h = 46, .ofs_x = 3, .ofs_y = 0},
    {.bitmap_index = 10178, .adv_w = 640, .box_w = 32, .box_h = 45, .ofs_x = 4, .ofs_y = 0},
    {.bitmap_index = 10538, .adv_w = 258, .box_w = 8, .box_h = 45, .ofs_x = 4, .ofs_y = 0},
    {.bitmap_index = 10628, .adv_w = 337, .box_w = 16, .box_h = 45, .ofs_x = 1, .ofs_y = 0},
    {.bitmap_index = 10808, .adv_w = 630, .box_w = 35, .box_h = 45, .ofs_x = 4, .ofs_y = 0},
    {.bitmap_index = 11202, .adv_w = 540, .box_w = 29, .box_h = 45, .ofs_x = 4, .ofs_y = 0},
    {.bitmap_index = 11529, .adv_w = 783, .box_w = 41, .box_h = 45, .ofs_x = 4, .ofs_y = 0},
    {.bitmap_index = 11991, .adv_w = 669, .box_w = 34, .box_h = 45, .ofs_x = 4, .ofs_y = 0},
    {.bitmap_index = 12374, .adv_w = 627, .box_w = 33, .box_h = 46, .ofs_x = 3, .ofs_y = 0},
    {.bitmap_index = 12754, .adv_w = 592, .box_w = 32, .box_h = 45, .ofs_x = 4, .ofs_y = 0},
    {.bitmap_index = 13114, .adv_w = 627, .box_w = 33, .box_h = 56, .ofs_x = 3, .ofs_y = -10},
    {.bitmap_index = 13576, .adv_w = 624, .box_w = 33, .box_h = 45, .ofs_x = 4, .ofs_y = 0},
    {.bitmap_index = 13948, .adv_w = 569, .box_w = 33, .box_h = 46, .ofs_x = 1, .ofs_y = 0},
    {.bitmap_index = 14328, .adv_w = 530, .box_w = 32, .box_h = 45, .ofs_x = 1, .ofs_y = 0},
    {.bitmap_index = 14688, .adv_w = 645, .box_w = 33, .box_h = 45, .ofs_x = 4, .ofs_y = 0},
    {.bitmap_index = 15060, .adv_w = 565, .box_w = 35, .box_h = 45, .ofs_x = 0, .ofs_y = 0},
    {.bitmap_index = 15454, .adv_w = 853, .box_w = 53, .box_h = 45, .ofs_x = 0, .ofs_y = 0},
    {.bitmap_index = 16051, .adv_w = 607, .box_w = 38, .box_h = 45, .ofs_x = 0, .ofs_y = 0},
    {.bitmap_index = 16479, .adv_w = 547, .box_w = 34, .box_h = 45, .ofs_x = 0, .ofs_y = 0},
    {.bitmap_index = 16862, .adv_w = 529, .box_w = 30, .box_h = 45, .ofs_x = 2, .ofs_y = 0},
    {.bitmap_index = 17200, .adv_w = 320, .box_w = 13, .box_h = 54, .ofs_x = 4, .ofs_y = -5},
    {.bitmap_index = 17376, .adv_w = 416, .box_w = 20, .box_h = 46, .ofs_x = 3, .ofs_y = -1},
    {.bitmap_index = 17606, .adv_w = 321, .box_w = 13, .box_h = 54, .ofs_x = 3, .ofs_y = -5},
    {.bitmap_index = 17782, .adv_w = 543, .box_w = 30, .box_h = 27, .ofs_x = 2, .ofs_y = 18},
    {.bitmap_index = 17985, .adv_w = 505, .box_w = 32, .box_h = 5, .ofs_x = 0, .ofs_y = -7},
    {.bitmap_index = 18025, .adv_w = 520, .box_w = 16, .box_h = 9, .ofs_x = 8, .ofs_y = 38},
    {.bitmap_index = 18061, .adv_w = 367, .box_w = 17, .box_h = 54, .ofs_x = 3, .ofs_y = -5},
    {.bitmap_index = 18291, .adv_w = 315, .box_w = 8, .box_h = 54, .ofs_x = 6, .ofs_y = -5},
    {.bitmap_index = 18399, .adv_w = 367, .box_w = 17, .box_h = 54, .ofs_x = 3, .ofs_y = -5},
    {.bitmap_index = 18629, .adv_w = 543, .box_w = 30, .box_h = 10, .ofs_x = 2, .ofs_y = 13}
};

/*---------------------
 *  CHARACTER MAPPING
 *--------------------*/



/*Collect the unicode lists and glyph_id offsets*/
static const lv_font_fmt_txt_cmap_t cmaps[] =
{
    {
        .range_start = 33, .range_length = 64, .glyph_id_start = 1,
        .unicode_list = NULL, .glyph_id_ofs_list = NULL, .list_length = 0, .type = LV_FONT_FMT_TXT_CMAP_FORMAT0_TINY
    },
    {
        .range_start = 123, .range_length = 4, .glyph_id_start = 65,
        .unicode_list = NULL, .glyph_id_ofs_list = NULL, .list_length = 0, .type = LV_FONT_FMT_TXT_CMAP_FORMAT0_TINY
    }
};

/*-----------------
 *    KERNING
 *----------------*/


/*Pair left and right glyphs for kerning*/
static const uint8_t kern_pair_glyph_ids[] =
{
    13, 52,
    13, 54,
    13, 55,
    13, 57,
    16, 23,
    18, 23,
    19, 23,
    20, 23,
    22, 23,
    23, 19,
    23, 20,
    23, 22,
    23, 24,
    23, 25,
    24, 23,
    25, 23,
    33, 12,
    33, 14,
    33, 35,
    33, 39,
    33, 47,
    33, 49,
    33, 52,
    33, 53,
    33, 54,
    33, 55,
    33, 57,
    34, 54,
    34, 55,
    34, 57,
    38, 12,
    38, 14,
    38, 33,
    43, 35,
    43, 39,
    43, 47,
    43, 49,
    44, 13,
    44, 35,
    44, 39,
    44, 47,
    44, 49,
    44, 52,
    44, 53,
    44, 54,
    44, 55,
    44, 57,
    44, 60,
    48, 12,
    48, 14,
    48, 33,
    50, 55,
    51, 57,
    52, 12,
    52, 13,
    52, 14,
    52, 26,
    52, 27,
    52, 33,
    52, 35,
    52, 39,
    52, 47,
    52, 49,
    52, 55,
    53, 12,
    53, 14,
    53, 33,
    54, 12,
    54, 13,
    54, 14,
    54, 26,
    54, 27,
    54, 33,
    54, 35,
    54, 39,
    54, 47,
    54, 49,
    55, 12,
    55, 13,
    55, 14,
    55, 33,
    56, 35,
    56, 39,
    56, 47,
    56, 49
};

/* Kerning between the respective left and right glyphs
 * 4.4 format which needs to scaled with `kern_scale`*/
static const int8_t kern_pair_values[] =
{
    -58, -32, -26, -58, -16, -8, -25, -33,
    -26, -16, -33, -33, -8, -12, -25, -16,
    16, 16, -7, -7, -7, -7, -64, -15,
    -31, -15, -39, -11, -4, -8, -115, -115,
    -57, -21, -21, -21, -21, -108, -32, -32,
    -32, -32, -95, -45, -84, -58, -89, -41,
    -93, -93, -37, 8, -8, -65, -58, -65,
    -32, -32, -64, -25, -25, -25, -25, 16,
    -32, -32, -20, -57, -32, -57, -15, -15,
    -25, -7, -7, -7, -7, -46, -26, -46,
    -15, -14, -14, -14, -14
};

/*Collect the kern pair's data in one place*/
static const lv_font_fmt_txt_kern_pair_t kern_pairs =
{
    .glyph_ids = kern_pair_glyph_ids,
    .values = kern_pair_values,
    .pair_cnt = 85,
    .glyph_ids_size = 0
};

/*--------------------
 *  ALL CUSTOM DATA
 *--------------------*/

#if LVGL_VERSION_MAJOR == 8
/*Store all the custom data of the font*/
static  lv_font_fmt_txt_glyph_cache_t cache;
#endif

#if LVGL_VERSION_MAJOR >= 8
static const lv_font_fmt_txt_dsc_t font_dsc = {
#else
static lv_font_fmt_txt_dsc_t font_dsc = {
#endif
    .glyph_bitmap = glyph_bitmap,
    .glyph_dsc = glyph_dsc,
    .cmaps = cmaps,
    .kern_dsc = &kern_pairs,
    .kern_scale = 20,
    .cmap_num = 2,
    .bpp = 2,
    .kern_classes = 0,
    .bitmap_format = 0,
#if LVGL_VERSION_MAJOR == 8
    .cache = &cache
#endif
};



/*-----------------
 *  PUBLIC FONT
 *----------------*/

/*Initialize a public general font descriptor*/
#if LVGL_VERSION_MAJOR >= 8
const lv_font_t DINish_SemiBold_65 = {
#else
lv_font_t DINish_SemiBold_65 = {
#endif
    .get_glyph_dsc = lv_font_get_glyph_dsc_fmt_txt,    /*Function pointer to get glyph's data*/
    .get_glyph_bitmap = lv_font_get_bitmap_fmt_txt,    /*Function pointer to get glyph's bitmap*/
    .line_height = 59,          /*The maximum line height required by the font*/
    .base_line = 10,             /*Baseline measured from the bottom of the line*/
#if !(LVGL_VERSION_MAJOR == 6 && LVGL_VERSION_MINOR == 0)
    .subpx = LV_FONT_SUBPX_NONE,
#endif
#if LV_VERSION_CHECK(7, 4, 0) || LVGL_VERSION_MAJOR >= 8
    .underline_position = -10,
    .underline_thickness = 3,
#endif
    .dsc = &font_dsc,          /*The custom font data. Will be accessed by `get_glyph_bitmap/dsc` */
#if LV_VERSION_CHECK(8, 2, 0) || LVGL_VERSION_MAJOR >= 9
    .fallback = NULL,
#endif
    .user_data = NULL,
};



#endif /*#if DINISH_SEMIBOLD_65*/

