#include <lvgl.h>
/*******************************************************************************
 * Size: 61 px
 * Bpp: 2
 * Opts: --font ttf/DINish-SemiBold.ttf --bpp 2 --size 61 --no-compress --format lvgl --r 0x21-0x60,0x7B-0x7E -o 61/DINish_SemiBold_61.c
 ******************************************************************************/


#ifndef DINISH_SEMIBOLD_61
#define DINISH_SEMIBOLD_61 1
#endif

#if DINISH_SEMIBOLD_61

/*-----------------
 *    BITMAPS
 *----------------*/

/*Store the image of the glyphs*/
static LV_ATTRIBUTE_LARGE_CONST const uint8_t glyph_bitmap[] = {
    /* U+0021 "!" */
    0x3f, 0xff, 0xf, 0xff, 0xc3, 0xff, 0xf0, 0xff,
    0xfc, 0x3f, 0xff, 0xf, 0xff, 0xc3, 0xff, 0xf0,
    0xff, 0xfc, 0x3f, 0xff, 0xf, 0xff, 0xc3, 0xff,
    0xf0, 0xbf, 0xf8, 0x2f, 0xfe, 0xb, 0xff, 0x82,
    0xff, 0xe0, 0xbf, 0xf8, 0x2f, 0xfe, 0x7, 0xff,
    0x41, 0xff, 0xd0, 0x7f, 0xf4, 0x1f, 0xfd, 0x7,
    0xff, 0x40, 0xff, 0xc0, 0x3f, 0xf0, 0xf, 0xfc,
    0x3, 0xff, 0x0, 0xff, 0xc0, 0x3f, 0xf0, 0xf,
    0xfc, 0x0, 0x0, 0x0, 0x0, 0x0, 0x0, 0x0,
    0x0, 0x0, 0x0, 0x0, 0x0, 0x0, 0x0, 0xff,
    0xfc, 0x3f, 0xff, 0xf, 0xff, 0xc3, 0xff, 0xf0,
    0xff, 0xfc, 0x3f, 0xff, 0xf, 0xff, 0xc0,

    /* U+0022 "\"" */
    0x7f, 0xfc, 0x3, 0xff, 0xc7, 0xff, 0xc0, 0x3f,
    0xfc, 0x7f, 0xfc, 0x3, 0xff, 0xc7, 0xff, 0xc0,
    0x3f, 0xfc, 0x7f, 0xfc, 0x3, 0xff, 0xc7, 0xff,
    0xc0, 0x3f, 0xfc, 0x7f, 0xfc, 0x3, 0xff, 0xc7,
    0xff, 0xc0, 0x3f, 0xfc, 0x7f, 0xfc, 0x3, 0xff,
    0xc7, 0xff, 0xc0, 0x3f, 0xfc, 0x7f, 0xfc, 0x3,
    0xff, 0xc7, 0xff, 0xc0, 0x3f, 0xfc, 0x7f, 0xfc,
    0x3, 0xff, 0xc7, 0xff, 0xc0, 0x3f, 0xfc, 0x7f,
    0xfc, 0x3, 0xff, 0xc7, 0xff, 0xc0, 0x3f, 0xfc,
    0x7f, 0xf8, 0x3, 0xff, 0xc0,

    /* U+0023 "#" */
    0x0, 0x0, 0x7f, 0xf0, 0x0, 0x3f, 0xf8, 0x0,
    0x0, 0x1, 0xff, 0xc0, 0x0, 0xff, 0xe0, 0x0,
    0x0, 0xb, 0xff, 0x0, 0x3, 0xff, 0x40, 0x0,
    0x0, 0x2f, 0xf8, 0x0, 0xf, 0xfc, 0x0, 0x0,
    0x0, 0xff, 0xe0, 0x0, 0x7f, 0xf0, 0x0, 0x0,
    0x3, 0xff, 0x40, 0x1, 0xff, 0xc0, 0x0, 0x0,
    0xf, 0xfd, 0x0, 0xb, 0xff, 0x0, 0x0, 0x0,
    0x3f, 0xf0, 0x0, 0x2f, 0xf8, 0x0, 0x0, 0x1,
    0xff, 0xc0, 0x0, 0xff, 0xe0, 0x0, 0x0, 0x7,
    0xff, 0x0, 0x3, 0xff, 0x40, 0x0, 0x0, 0x2f,
    0xfc, 0x0, 0xf, 0xfd, 0x0, 0x0, 0x0, 0xbf,
    0xe0, 0x0, 0x3f, 0xf0, 0x0, 0x1f, 0xff, 0xff,
    0xff, 0xff, 0xff, 0xff, 0xf0, 0x7f, 0xff, 0xff,
    0xff, 0xff, 0xff, 0xff, 0xc1, 0xff, 0xff, 0xff,
    0xff, 0xff, 0xff, 0xff, 0x7, 0xff, 0xff, 0xff,
    0xff, 0xff, 0xff, 0xfc, 0xf, 0xff, 0xff, 0xff,
    0xff, 0xff, 0xff, 0xf0, 0x0, 0x2f, 0xfc, 0x0,
    0xf, 0xfd, 0x0, 0x0, 0x0, 0xbf, 0xf0, 0x0,
    0x3f, 0xf4, 0x0, 0x0, 0x3, 0xff, 0x80, 0x1,
    0xff, 0xc0, 0x0, 0x0, 0xf, 0xfd, 0x0, 0x7,
    0xff, 0x0, 0x0, 0x0, 0x3f, 0xf4, 0x0, 0x2f,
    0xfc, 0x0, 0x0, 0x0, 0xff, 0xc0, 0x0, 0xbf,
    0xf0, 0x0, 0x0, 0x7, 0xff, 0x0, 0x3, 0xff,
    0x80, 0x0, 0xbf, 0xff, 0xff, 0xff, 0xff, 0xff,
    0xff, 0x43, 0xff, 0xff, 0xff, 0xff, 0xff, 0xff,
    0xfe, 0xf, 0xff, 0xff, 0xff, 0xff, 0xff, 0xff,
    0xf8, 0x3f, 0xff, 0xff, 0xff, 0xff, 0xff, 0xff,
    0xe0, 0xff, 0xff, 0xff, 0xff, 0xff, 0xff, 0xff,
    0x80, 0x0, 0xff, 0xc0, 0x0, 0xbf, 0xf0, 0x0,
    0x0, 0x7, 0xff, 0x0, 0x3, 0xff, 0x80, 0x0,
    0x0, 0x1f, 0xfc, 0x0, 0xf, 0xfe, 0x0, 0x0,
    0x0, 0xbf, 0xf0, 0x0, 0x3f, 0xf4, 0x0, 0x0,
    0x2, 0xff, 0x80, 0x0, 0xff, 0xd0, 0x0, 0x0,
    0xf, 0xfe, 0x0, 0x7, 0xff, 0x0, 0x0, 0x0,
    0x3f, 0xf4, 0x0, 0x1f, 0xfc, 0x0, 0x0, 0x0,
    0xff, 0xd0, 0x0, 0xbf, 0xf0, 0x0, 0x0, 0x3,
    0xff, 0x0, 0x2, 0xff, 0xc0, 0x0, 0x0, 0x1f,
    0xfc, 0x0, 0xf, 0xfe, 0x0, 0x0, 0x0, 0x7f,
    0xf0, 0x0, 0x3f, 0xf8, 0x0, 0x0, 0x2, 0xff,
    0xc0, 0x0, 0xff, 0xd0, 0x0, 0x0, 0xb, 0xfe,
    0x0, 0x3, 0xff, 0x40, 0x0, 0x0,

    /* U+0024 "$" */
    0x0, 0x0, 0x3, 0xff, 0x0, 0x0, 0x0, 0x0,
    0x0, 0x3f, 0xf0, 0x0, 0x0, 0x0, 0x0, 0x3,
    0xff, 0x0, 0x0, 0x0, 0x0, 0x0, 0x3f, 0xf0,
    0x0, 0x0, 0x0, 0x0, 0x3, 0xff, 0x0, 0x0,
    0x0, 0x0, 0x7, 0xff, 0xfe, 0x40, 0x0, 0x0,
    0x7, 0xff, 0xff, 0xff, 0x40, 0x0, 0x2, 0xff,
    0xff, 0xff, 0xfe, 0x0, 0x0, 0xff, 0xff, 0xff,
    0xff, 0xf8, 0x0, 0x2f, 0xff, 0xff, 0xff, 0xff,
    0xd0, 0x3, 0xff, 0xfd, 0x56, 0xff, 0xff, 0x0,
    0xbf, 0xfd, 0x0, 0x3, 0xff, 0xf4, 0xf, 0xff,
    0x80, 0x0, 0xf, 0xff, 0x80, 0xff, 0xf4, 0x0,
    0x0, 0x7f, 0xfc, 0xf, 0xff, 0x0, 0x0, 0x3,
    0xff, 0xc1, 0xff, 0xf0, 0x0, 0x0, 0x3f, 0xfc,
    0x1f, 0xff, 0x0, 0x0, 0x0, 0x0, 0x0, 0xff,
    0xf8, 0x0, 0x0, 0x0, 0x0, 0xf, 0xff, 0xd0,
    0x0, 0x0, 0x0, 0x0, 0xff, 0xff, 0x80, 0x0,
    0x0, 0x0, 0x7, 0xff, 0xff, 0x90, 0x0, 0x0,
    0x0, 0x3f, 0xff, 0xff, 0xfe, 0x40, 0x0, 0x1,
    0xff, 0xff, 0xff, 0xff, 0x40, 0x0, 0x7, 0xff,
    0xff, 0xff, 0xff, 0x0, 0x0, 0xb, 0xff, 0xff,
    0xff, 0xfc, 0x0, 0x0, 0xb, 0xff, 0xff, 0xff,
    0xf0, 0x0, 0x0, 0x2, 0xbf, 0xff, 0xff, 0x40,
    0x0, 0x0, 0x0, 0x2f, 0xff, 0xfc, 0x0, 0x0,
    0x0, 0x0, 0x2f, 0xff, 0xd0, 0x0, 0x0, 0x0,
    0x0, 0x7f, 0xfd, 0x0, 0x0, 0x0, 0x0, 0x3,
    0xff, 0xe0, 0x0, 0x0, 0x0, 0x0, 0x2f, 0xfe,
    0x3f, 0xfc, 0x0, 0x0, 0x2, 0xff, 0xe3, 0xff,
    0xc0, 0x0, 0x0, 0x2f, 0xfe, 0x3f, 0xfe, 0x0,
    0x0, 0x3, 0xff, 0xe2, 0xff, 0xf0, 0x0, 0x0,
    0x3f, 0xfd, 0xf, 0xff, 0xc0, 0x0, 0xf, 0xff,
    0xc0, 0xff, 0xff, 0x40, 0x7, 0xff, 0xf8, 0x3,
    0xff, 0xff, 0xff, 0xff, 0xff, 0x0, 0x2f, 0xff,
    0xff, 0xff, 0xff, 0xd0, 0x0, 0xbf, 0xff, 0xff,
    0xff, 0xf4, 0x0, 0x1, 0xff, 0xff, 0xff, 0xfd,
    0x0, 0x0, 0x1, 0xff, 0xff, 0xfd, 0x0, 0x0,
    0x0, 0x0, 0x7f, 0xf4, 0x0, 0x0, 0x0, 0x0,
    0x3, 0xff, 0x0, 0x0, 0x0, 0x0, 0x0, 0x3f,
    0xf0, 0x0, 0x0, 0x0, 0x0, 0x3, 0xff, 0x0,
    0x0, 0x0, 0x0, 0x0, 0x3f, 0xf0, 0x0, 0x0,
    0x0, 0x0, 0x3, 0xff, 0x0, 0x0, 0x0,

    /* U+0025 "%" */
    0x0, 0x1b, 0xff, 0x80, 0x0, 0x0, 0x0, 0x0,
    0x0, 0x0, 0x0, 0x0, 0x0, 0x3, 0xff, 0xff,
    0xe0, 0x0, 0x0, 0x0, 0x0, 0x2f, 0xfc, 0x0,
    0x0, 0x0, 0x3f, 0xff, 0xff, 0xf0, 0x0, 0x0,
    0x0, 0x0, 0xff, 0xc0, 0x0, 0x0, 0x2, 0xff,
    0xff, 0xff, 0xe0, 0x0, 0x0, 0x0, 0xb, 0xfe,
    0x0, 0x0, 0x0, 0xf, 0xff, 0xff, 0xff, 0xc0,
    0x0, 0x0, 0x0, 0x3f, 0xf0, 0x0, 0x0, 0x0,
    0xbf, 0xfc, 0xf, 0xff, 0x40, 0x0, 0x0, 0x2,
    0xff, 0x80, 0x0, 0x0, 0x3, 0xff, 0xc0, 0x1f,
    0xfe, 0x0, 0x0, 0x0, 0x1f, 0xfc, 0x0, 0x0,
    0x0, 0xf, 0xff, 0x0, 0x3f, 0xfc, 0x0, 0x0,
    0x0, 0xff, 0xd0, 0x0, 0x0, 0x0, 0x3f, 0xfc,
    0x0, 0xff, 0xf0, 0x0, 0x0, 0x7, 0xff, 0x0,
    0x0, 0x0, 0x0, 0xff, 0xf0, 0x3, 0xff, 0xc0,
    0x0, 0x0, 0x3f, 0xf4, 0x0, 0x0, 0x0, 0x3,
    0xff, 0xc0, 0xf, 0xff, 0x0, 0x0, 0x2, 0xff,
    0xc0, 0x0, 0x0, 0x0, 0xf, 0xff, 0x0, 0x3f,
    0xfc, 0x0, 0x0, 0xf, 0xfc, 0x0, 0x0, 0x0,
    0x0, 0x3f, 0xfc, 0x0, 0xff, 0xf0, 0x0, 0x0,
    0xbf, 0xe0, 0x0, 0x0, 0x0, 0x0, 0xff, 0xf0,
    0x3, 0xff, 0xc0, 0x0, 0x3, 0xff, 0x0, 0x0,
    0x0, 0x0, 0x3, 0xff, 0xc0, 0xf, 0xff, 0x0,
    0x0, 0x2f, 0xf8, 0x0, 0x0, 0x0, 0x0, 0xf,
    0xff, 0x0, 0x3f, 0xfc, 0x0, 0x1, 0xff, 0xc0,
    0x0, 0x0, 0x0, 0x0, 0x3f, 0xfc, 0x0, 0xff,
    0xf0, 0x0, 0xf, 0xfd, 0x0, 0x0, 0x0, 0x0,
    0x0, 0xff, 0xf0, 0x3, 0xff, 0xc0, 0x0, 0x7f,
    0xf0, 0x0, 0x1b, 0xfe, 0x40, 0x3, 0xff, 0xc0,
    0xf, 0xff, 0x0, 0x3, 0xff, 0x40, 0x7, 0xff,
    0xff, 0xe0, 0xf, 0xff, 0x0, 0x3f, 0xf8, 0x0,
    0x1f, 0xfc, 0x0, 0x7f, 0xff, 0xff, 0xe0, 0x3f,
    0xfc, 0x1, 0xff, 0xe0, 0x0, 0xff, 0xd0, 0x3,
    0xff, 0xff, 0xff, 0xd0, 0xbf, 0xf8, 0xf, 0xff,
    0x40, 0xb, 0xfe, 0x0, 0x1f, 0xff, 0xff, 0xff,
    0xc1, 0xff, 0xff, 0xff, 0xfc, 0x0, 0x3f, 0xf0,
    0x0, 0xff, 0xf8, 0x1f, 0xff, 0x2, 0xff, 0xff,
    0xff, 0xe0, 0x2, 0xff, 0x80, 0x3, 0xff, 0xc0,
    0x2f, 0xfd, 0x3, 0xff, 0xff, 0xff, 0x0, 0x1f,
    0xfc, 0x0, 0xf, 0xfe, 0x0, 0x7f, 0xf8, 0x3,
    0xff, 0xff, 0xe0, 0x0, 0xff, 0xd0, 0x0, 0x3f,
    0xf8, 0x0, 0xff, 0xe0, 0x1, 0xbf, 0xf9, 0x0,
    0x7, 0xff, 0x0, 0x1, 0xff, 0xe0, 0x3, 0xff,
    0x80, 0x0, 0x0, 0x0, 0x0, 0x3f, 0xf4, 0x0,
    0x7, 0xff, 0x80, 0xf, 0xfe, 0x0, 0x0, 0x0,
    0x0, 0x1, 0xff, 0xc0, 0x0, 0x1f, 0xfe, 0x0,
    0x3f, 0xf8, 0x0, 0x0, 0x0, 0x0, 0xf, 0xfd,
    0x0, 0x0, 0x7f, 0xf8, 0x0, 0xff, 0xe0, 0x0,
    0x0, 0x0, 0x0, 0xbf, 0xe0, 0x0, 0x1, 0xff,
    0xe0, 0x3, 0xff, 0x80, 0x0, 0x0, 0x0, 0x3,
    0xff, 0x0, 0x0, 0x7, 0xff, 0x80, 0xf, 0xfe,
    0x0, 0x0, 0x0, 0x0, 0x2f, 0xf8, 0x0, 0x0,
    0x1f, 0xfe, 0x0, 0x3f, 0xf8, 0x0, 0x0, 0x0,
    0x0, 0xff, 0xc0, 0x0, 0x0, 0x7f, 0xf8, 0x0,
    0xff, 0xe0, 0x0, 0x0, 0x0, 0xf, 0xfe, 0x0,
    0x0, 0x1, 0xff, 0xe0, 0x3, 0xff, 0x80, 0x0,
    0x0, 0x0, 0x7f, 0xf0, 0x0, 0x0, 0x3, 0xff,
    0x80, 0xf, 0xfe, 0x0, 0x0, 0x0, 0x3, 0xff,
    0x40, 0x0, 0x0, 0xf, 0xfe, 0x0, 0x7f, 0xf4,
    0x0, 0x0, 0x0, 0x1f, 0xfc, 0x0, 0x0, 0x0,
    0x3f, 0xfc, 0x2, 0xff, 0xd0, 0x0, 0x0, 0x0,
    0xff, 0xd0, 0x0, 0x0, 0x0, 0xff, 0xf8, 0xf,
    0xff, 0x0, 0x0, 0x0, 0xb, 0xfe, 0x0, 0x0,
    0x0, 0x2, 0xff, 0xff, 0xff, 0xfc, 0x0, 0x0,
    0x0, 0x3f, 0xf0, 0x0, 0x0, 0x0, 0x3, 0xff,
    0xff, 0xff, 0xd0, 0x0, 0x0, 0x2, 0xff, 0x80,
    0x0, 0x0, 0x0, 0x7, 0xff, 0xff, 0xfe, 0x0,
    0x0, 0x0, 0xf, 0xfc, 0x0, 0x0, 0x0, 0x0,
    0x7, 0xff, 0xff, 0xe0, 0x0, 0x0, 0x0, 0x0,
    0x0, 0x0, 0x0, 0x0, 0x0, 0x1, 0xbf, 0xf8,
    0x0,

    /* U+0026 "&" */
    0x0, 0x0, 0x1b, 0xfe, 0x40, 0x0, 0x0, 0x0,
    0x0, 0x7, 0xff, 0xff, 0xc0, 0x0, 0x0, 0x0,
    0x0, 0xbf, 0xff, 0xff, 0xd0, 0x0, 0x0, 0x0,
    0xb, 0xff, 0xff, 0xff, 0xd0, 0x0, 0x0, 0x0,
    0xbf, 0xff, 0xff, 0xff, 0xc0, 0x0, 0x0, 0x3,
    0xff, 0xf4, 0x2f, 0xff, 0x80, 0x0, 0x0, 0x1f,
    0xff, 0x0, 0x1f, 0xff, 0x0, 0x0, 0x0, 0xbf,
    0xf4, 0x0, 0x2f, 0xfd, 0x0, 0x0, 0x3, 0xff,
    0xc0, 0x0, 0x7f, 0xf4, 0x0, 0x0, 0xf, 0xff,
    0x0, 0x1, 0xff, 0xe0, 0x0, 0x0, 0x3f, 0xfd,
    0x0, 0xb, 0xff, 0x80, 0x0, 0x0, 0xff, 0xf8,
    0x0, 0x3f, 0xfd, 0x0, 0x0, 0x2, 0xff, 0xf0,
    0x1, 0xff, 0xf0, 0x0, 0x0, 0x3, 0xff, 0xe0,
    0x1f, 0xff, 0xc0, 0x0, 0x0, 0xb, 0xff, 0xd1,
    0xff, 0xfd, 0x0, 0x0, 0x0, 0xf, 0xff, 0xdf,
    0xff, 0xe0, 0x0, 0x0, 0x0, 0x2f, 0xff, 0xff,
    0xff, 0x0, 0x0, 0x0, 0x0, 0x3f, 0xff, 0xff,
    0xf0, 0x0, 0x0, 0x0, 0x0, 0x7f, 0xff, 0xff,
    0x40, 0x0, 0x0, 0x0, 0x0, 0xbf, 0xff, 0xf4,
    0x0, 0x0, 0x0, 0x0, 0x2, 0xff, 0xff, 0x40,
    0x0, 0x0, 0x0, 0x0, 0x3f, 0xff, 0xfc, 0x0,
    0x0, 0x0, 0x0, 0x3, 0xff, 0xff, 0xf8, 0x0,
    0x0, 0x0, 0x0, 0x3f, 0xff, 0xff, 0xf4, 0x0,
    0x0, 0x0, 0x2, 0xff, 0xff, 0xff, 0xf0, 0x0,
    0x14, 0x0, 0x1f, 0xff, 0xdb, 0xff, 0xf0, 0x0,
    0xf8, 0x0, 0xff, 0xfd, 0xf, 0xff, 0xd0, 0xf,
    0xf8, 0xb, 0xff, 0xe0, 0xf, 0xff, 0xc0, 0xbf,
    0xf8, 0x3f, 0xfe, 0x0, 0x1f, 0xff, 0xc7, 0xff,
    0xe1, 0xff, 0xf0, 0x0, 0x3f, 0xff, 0xbf, 0xff,
    0xb, 0xff, 0x80, 0x0, 0x3f, 0xff, 0xff, 0xf0,
    0x3f, 0xfd, 0x0, 0x0, 0x7f, 0xff, 0xff, 0x40,
    0xff, 0xf4, 0x0, 0x0, 0xbf, 0xff, 0xf8, 0x3,
    0xff, 0xd0, 0x0, 0x0, 0xff, 0xff, 0xc0, 0xf,
    0xff, 0x40, 0x0, 0x1, 0xff, 0xfc, 0x0, 0x3f,
    0xff, 0x0, 0x0, 0xf, 0xff, 0xf8, 0x0, 0xbf,
    0xfd, 0x0, 0x0, 0xff, 0xff, 0xf4, 0x0, 0xff,
    0xfd, 0x0, 0x1f, 0xff, 0xff, 0xf4, 0x3, 0xff,
    0xff, 0xaf, 0xff, 0xff, 0xff, 0xfe, 0x47, 0xff,
    0xff, 0xff, 0xff, 0xe7, 0xff, 0xfd, 0x7, 0xff,
    0xff, 0xff, 0xfe, 0xb, 0xff, 0xf4, 0xb, 0xff,
    0xff, 0xff, 0xe0, 0xf, 0xff, 0xd0, 0x7, 0xff,
    0xff, 0xfc, 0x0, 0xf, 0xff, 0x40, 0x1, 0xbf,
    0xfe, 0x0, 0x0, 0xb, 0xfd,

    /* U+0027 "'" */
    0x7f, 0xfd, 0xff, 0xf7, 0xff, 0xdf, 0xff, 0x7f,
    0xfd, 0xff, 0xf7, 0xff, 0xdf, 0xff, 0x7f, 0xfd,
    0xff, 0xf7, 0xff, 0xdf, 0xff, 0x7f, 0xfd, 0xff,
    0xf7, 0xff, 0xdf, 0xff, 0x7f, 0xf8,

    /* U+0028 "(" */
    0x0, 0x0, 0x55, 0x0, 0x0, 0xff, 0xc0, 0x0,
    0xbf, 0xd0, 0x0, 0x3f, 0xf0, 0x0, 0x2f, 0xf8,
    0x0, 0xf, 0xfc, 0x0, 0xb, 0xff, 0x0, 0x3,
    0xff, 0x40, 0x2, 0xff, 0xc0, 0x0, 0xff, 0xf0,
    0x0, 0x7f, 0xf8, 0x0, 0x2f, 0xfd, 0x0, 0xf,
    0xff, 0x0, 0x7, 0xff, 0xc0, 0x2, 0xff, 0xe0,
    0x0, 0xff, 0xf4, 0x0, 0x3f, 0xfc, 0x0, 0xf,
    0xff, 0x0, 0x7, 0xff, 0xc0, 0x2, 0xff, 0xf0,
    0x0, 0xbf, 0xf8, 0x0, 0x3f, 0xfe, 0x0, 0xf,
    0xff, 0x80, 0x3, 0xff, 0xd0, 0x0, 0xff, 0xf4,
    0x0, 0x3f, 0xfd, 0x0, 0xf, 0xff, 0x40, 0x3,
    0xff, 0xd0, 0x0, 0xff, 0xf4, 0x0, 0x3f, 0xfe,
    0x0, 0xb, 0xff, 0x80, 0x2, 0xff, 0xe0, 0x0,
    0x7f, 0xfc, 0x0, 0x1f, 0xff, 0x0, 0x3, 0xff,
    0xc0, 0x0, 0xff, 0xf4, 0x0, 0x2f, 0xfd, 0x0,
    0x7, 0xff, 0x80, 0x0, 0xff, 0xf0, 0x0, 0x3f,
    0xfc, 0x0, 0xb, 0xff, 0x40, 0x0, 0xff, 0xe0,
    0x0, 0x3f, 0xfc, 0x0, 0x7, 0xff, 0x40, 0x0,
    0xff, 0xe0, 0x0, 0x1f, 0xfc, 0x0, 0x3, 0xff,
    0x40, 0x0, 0x7f, 0xf0, 0x0, 0xf, 0xfd, 0x0,
    0x1, 0xff, 0x80, 0x0, 0x2f, 0xf0,

    /* U+0029 ")" */
    0x55, 0x40, 0x0, 0x2f, 0xf4, 0x0, 0x3, 0xff,
    0x0, 0x0, 0xbf, 0xe0, 0x0, 0xf, 0xfc, 0x0,
    0x3, 0xff, 0x80, 0x0, 0x7f, 0xf0, 0x0, 0xf,
    0xfe, 0x0, 0x2, 0xff, 0xc0, 0x0, 0x7f, 0xf4,
    0x0, 0xf, 0xff, 0x0, 0x3, 0xff, 0xc0, 0x0,
    0xbf, 0xf4, 0x0, 0x1f, 0xfe, 0x0, 0x3, 0xff,
    0xc0, 0x0, 0xff, 0xf4, 0x0, 0x2f, 0xfd, 0x0,
    0xb, 0xff, 0x80, 0x1, 0xff, 0xf0, 0x0, 0x7f,
    0xfc, 0x0, 0xf, 0xff, 0x0, 0x3, 0xff, 0xc0,
    0x0, 0xff, 0xf4, 0x0, 0x3f, 0xfd, 0x0, 0xf,
    0xff, 0x40, 0x3, 0xff, 0xd0, 0x0, 0xff, 0xf4,
    0x0, 0x3f, 0xfd, 0x0, 0xf, 0xff, 0x40, 0x3,
    0xff, 0xd0, 0x0, 0xff, 0xf0, 0x0, 0x7f, 0xfc,
    0x0, 0x1f, 0xff, 0x0, 0xb, 0xff, 0x80, 0x2,
    0xff, 0xe0, 0x0, 0xff, 0xf4, 0x0, 0x3f, 0xfc,
    0x0, 0x1f, 0xff, 0x0, 0x7, 0xff, 0x80, 0x2,
    0xff, 0xd0, 0x0, 0xff, 0xf0, 0x0, 0x7f, 0xf8,
    0x0, 0x2f, 0xfc, 0x0, 0xf, 0xff, 0x0, 0x3,
    0xff, 0x40, 0x2, 0xff, 0xc0, 0x0, 0xff, 0xd0,
    0x0, 0x7f, 0xf0, 0x0, 0x3f, 0xf4, 0x0, 0x1f,
    0xf8, 0x0, 0xb, 0xfc, 0x0, 0x0,

    /* U+002A "*" */
    0x0, 0x7, 0xf4, 0x0, 0x0, 0x1, 0xfd, 0x0,
    0x0, 0x0, 0x7f, 0x40, 0x0, 0x90, 0x1f, 0xd0,
    0x28, 0x3f, 0x47, 0xf4, 0x7f, 0x2f, 0xfe, 0xfe,
    0xff, 0xe3, 0xff, 0xff, 0xff, 0xf0, 0x1f, 0xff,
    0xff, 0xd0, 0x0, 0xbf, 0xff, 0x80, 0x0, 0x3f,
    0xff, 0xf0, 0x0, 0xbf, 0xff, 0xff, 0x81, 0xff,
    0xff, 0xff, 0xfd, 0xbf, 0xe7, 0xf6, 0xff, 0x8f,
    0x81, 0xfd, 0xb, 0xc1, 0x0, 0x7f, 0x40, 0x50,
    0x0, 0x1f, 0xd0, 0x0, 0x0, 0x7, 0xf4, 0x0,
    0x0, 0x1, 0xfd, 0x0, 0x0,

    /* U+002B "+" */
    0x0, 0x0, 0xf, 0xff, 0x0, 0x0, 0x0, 0x0,
    0x0, 0xff, 0xf0, 0x0, 0x0, 0x0, 0x0, 0xf,
    0xff, 0x0, 0x0, 0x0, 0x0, 0x0, 0xff, 0xf0,
    0x0, 0x0, 0x0, 0x0, 0xf, 0xff, 0x0, 0x0,
    0x0, 0x0, 0x0, 0xff, 0xf0, 0x0, 0x0, 0x0,
    0x0, 0xf, 0xff, 0x0, 0x0, 0x0, 0x0, 0x0,
    0xff, 0xf0, 0x0, 0x0, 0x0, 0x0, 0xf, 0xff,
    0x0, 0x0, 0x0, 0x0, 0x0, 0xff, 0xf0, 0x0,
    0x0, 0xff, 0xff, 0xff, 0xff, 0xff, 0xff, 0xff,
    0xff, 0xff, 0xff, 0xff, 0xff, 0xff, 0xff, 0xff,
    0xff, 0xff, 0xff, 0xff, 0xff, 0xff, 0xff, 0xff,
    0xff, 0xff, 0xff, 0xff, 0xff, 0xff, 0xff, 0xff,
    0xff, 0xff, 0xff, 0xff, 0xff, 0xff, 0xff, 0xff,
    0x0, 0x0, 0xf, 0xff, 0x0, 0x0, 0x0, 0x0,
    0x0, 0xff, 0xf0, 0x0, 0x0, 0x0, 0x0, 0xf,
    0xff, 0x0, 0x0, 0x0, 0x0, 0x0, 0xff, 0xf0,
    0x0, 0x0, 0x0, 0x0, 0xf, 0xff, 0x0, 0x0,
    0x0, 0x0, 0x0, 0xff, 0xf0, 0x0, 0x0, 0x0,
    0x0, 0xf, 0xff, 0x0, 0x0, 0x0, 0x0, 0x0,
    0xff, 0xf0, 0x0, 0x0, 0x0, 0x0, 0xf, 0xff,
    0x0, 0x0, 0x0, 0x0, 0x0, 0xff, 0xf0, 0x0,
    0x0,

    /* U+002C "," */
    0x7f, 0xfd, 0xff, 0xf7, 0xff, 0xdf, 0xff, 0x7f,
    0xfd, 0xff, 0xf7, 0xff, 0xdf, 0xff, 0x7f, 0xfd,
    0xff, 0xf7, 0xff, 0xdf, 0xfe, 0x7f, 0xe1, 0xfe,
    0x7, 0xd0, 0x1d, 0x0, 0x40, 0x0,

    /* U+002D "-" */
    0x0, 0x0, 0x0, 0x0, 0x7, 0xff, 0xff, 0xff,
    0xfd, 0x7f, 0xff, 0xff, 0xff, 0xd7, 0xff, 0xff,
    0xff, 0xfd, 0x7f, 0xff, 0xff, 0xff, 0xd7, 0xff,
    0xff, 0xff, 0xfd, 0x7f, 0xff, 0xff, 0xff, 0xd0,

    /* U+002E "." */
    0x2a, 0xaa, 0x1f, 0xff, 0xc7, 0xff, 0xf1, 0xff,
    0xfc, 0x7f, 0xff, 0x1f, 0xff, 0xc7, 0xff, 0xf1,
    0xff, 0xfc,

    /* U+002F "/" */
    0x0, 0x0, 0x0, 0x3f, 0xf4, 0x0, 0x0, 0x1,
    0xff, 0xc0, 0x0, 0x0, 0xf, 0xfe, 0x0, 0x0,
    0x0, 0x3f, 0xf4, 0x0, 0x0, 0x1, 0xff, 0xc0,
    0x0, 0x0, 0xb, 0xff, 0x0, 0x0, 0x0, 0x3f,
    0xf4, 0x0, 0x0, 0x1, 0xff, 0xc0, 0x0, 0x0,
    0xb, 0xff, 0x0, 0x0, 0x0, 0x3f, 0xf8, 0x0,
    0x0, 0x0, 0xff, 0xd0, 0x0, 0x0, 0x7, 0xff,
    0x0, 0x0, 0x0, 0x3f, 0xf8, 0x0, 0x0, 0x0,
    0xff, 0xd0, 0x0, 0x0, 0x7, 0xff, 0x0, 0x0,
    0x0, 0x2f, 0xfc, 0x0, 0x0, 0x0, 0xff, 0xd0,
    0x0, 0x0, 0x7, 0xff, 0x0, 0x0, 0x0, 0x2f,
    0xfc, 0x0, 0x0, 0x0, 0xff, 0xe0, 0x0, 0x0,
    0x3, 0xff, 0x40, 0x0, 0x0, 0x2f, 0xfc, 0x0,
    0x0, 0x0, 0xff, 0xe0, 0x0, 0x0, 0x3, 0xff,
    0x40, 0x0, 0x0, 0x1f, 0xfc, 0x0, 0x0, 0x0,
    0xbf, 0xe0, 0x0, 0x0, 0x3, 0xff, 0x40, 0x0,
    0x0, 0x1f, 0xfc, 0x0, 0x0, 0x0, 0xbf, 0xf0,
    0x0, 0x0, 0x3, 0xff, 0x80, 0x0, 0x0, 0xf,
    0xfc, 0x0, 0x0, 0x0, 0xbf, 0xf0, 0x0, 0x0,
    0x3, 0xff, 0x80, 0x0, 0x0, 0xf, 0xfd, 0x0,
    0x0, 0x0, 0x7f, 0xf0, 0x0, 0x0, 0x2, 0xff,
    0x80, 0x0, 0x0, 0xf, 0xfd, 0x0, 0x0, 0x0,
    0x7f, 0xf0, 0x0, 0x0, 0x2, 0xff, 0xc0, 0x0,
    0x0, 0xf, 0xfe, 0x0, 0x0, 0x0, 0x3f, 0xf0,
    0x0, 0x0, 0x2, 0xff, 0xc0, 0x0, 0x0, 0xf,
    0xfe, 0x0, 0x0, 0x0, 0x0,

    /* U+0030 "0" */
    0x0, 0x0, 0x6f, 0xfe, 0x40, 0x0, 0x0, 0x2,
    0xff, 0xff, 0xfe, 0x0, 0x0, 0x7, 0xff, 0xff,
    0xff, 0xf4, 0x0, 0x7, 0xff, 0xff, 0xff, 0xff,
    0x40, 0x3, 0xff, 0xff, 0xff, 0xff, 0xf0, 0x3,
    0xff, 0xff, 0xff, 0xff, 0xff, 0x1, 0xff, 0xff,
    0x40, 0x7f, 0xff, 0xc0, 0xbf, 0xff, 0x0, 0x3,
    0xff, 0xf8, 0x3f, 0xff, 0x0, 0x0, 0x7f, 0xff,
    0xf, 0xff, 0xc0, 0x0, 0xf, 0xff, 0xc7, 0xff,
    0xe0, 0x0, 0x2, 0xff, 0xf1, 0xff, 0xf4, 0x0,
    0x0, 0xbf, 0xfd, 0xbf, 0xfd, 0x0, 0x0, 0x1f,
    0xff, 0x6f, 0xff, 0x0, 0x0, 0x7, 0xff, 0xdb,
    0xff, 0xc0, 0x0, 0x1, 0xff, 0xf6, 0xff, 0xf0,
    0x0, 0x0, 0x7f, 0xfd, 0xbf, 0xfc, 0x0, 0x0,
    0x1f, 0xff, 0x6f, 0xff, 0x0, 0x0, 0x7, 0xff,
    0xdb, 0xff, 0xc0, 0x0, 0x1, 0xff, 0xf6, 0xff,
    0xf0, 0x0, 0x0, 0x7f, 0xfd, 0xbf, 0xfc, 0x0,
    0x0, 0x1f, 0xff, 0x6f, 0xff, 0x0, 0x0, 0x7,
    0xff, 0xdb, 0xff, 0xc0, 0x0, 0x1, 0xff, 0xf6,
    0xff, 0xf0, 0x0, 0x0, 0x7f, 0xfd, 0xbf, 0xfc,
    0x0, 0x0, 0x1f, 0xff, 0x6f, 0xff, 0x0, 0x0,
    0x7, 0xff, 0xdb, 0xff, 0xc0, 0x0, 0x1, 0xff,
    0xf6, 0xff, 0xf0, 0x0, 0x0, 0x7f, 0xfd, 0xbf,
    0xfc, 0x0, 0x0, 0x1f, 0xff, 0x6f, 0xff, 0x0,
    0x0, 0x7, 0xff, 0xdb, 0xff, 0xc0, 0x0, 0x1,
    0xff, 0xf6, 0xff, 0xf4, 0x0, 0x0, 0x7f, 0xfd,
    0x7f, 0xfd, 0x0, 0x0, 0x2f, 0xff, 0x5f, 0xff,
    0x80, 0x0, 0xb, 0xff, 0xc3, 0xff, 0xf0, 0x0,
    0x3, 0xff, 0xf0, 0xff, 0xfc, 0x0, 0x1, 0xff,
    0xfc, 0x2f, 0xff, 0x80, 0x0, 0xff, 0xfe, 0x7,
    0xff, 0xfd, 0x1, 0xff, 0xff, 0x0, 0xff, 0xff,
    0xff, 0xff, 0xff, 0x80, 0x1f, 0xff, 0xff, 0xff,
    0xff, 0xc0, 0x2, 0xff, 0xff, 0xff, 0xff, 0xd0,
    0x0, 0x2f, 0xff, 0xff, 0xff, 0xd0, 0x0, 0x1,
    0xff, 0xff, 0xff, 0x80, 0x0, 0x0, 0x1, 0xbf,
    0xf9, 0x0, 0x0,

    /* U+0031 "1" */
    0x0, 0x3, 0xff, 0xf4, 0x0, 0x7f, 0xff, 0xd0,
    0xb, 0xff, 0xff, 0x40, 0xff, 0xff, 0xfd, 0x1f,
    0xff, 0xff, 0xf5, 0xff, 0xff, 0xff, 0xdb, 0xff,
    0xff, 0xff, 0x6f, 0xff, 0xff, 0xfd, 0xbf, 0xf5,
    0xff, 0xf6, 0xff, 0x7, 0xff, 0xdb, 0xe0, 0x1f,
    0xff, 0x6d, 0x0, 0x7f, 0xfd, 0x40, 0x1, 0xff,
    0xf4, 0x0, 0x7, 0xff, 0xd0, 0x0, 0x1f, 0xff,
    0x40, 0x0, 0x7f, 0xfd, 0x0, 0x1, 0xff, 0xf4,
    0x0, 0x7, 0xff, 0xd0, 0x0, 0x1f, 0xff, 0x40,
    0x0, 0x7f, 0xfd, 0x0, 0x1, 0xff, 0xf4, 0x0,
    0x7, 0xff, 0xd0, 0x0, 0x1f, 0xff, 0x40, 0x0,
    0x7f, 0xfd, 0x0, 0x1, 0xff, 0xf4, 0x0, 0x7,
    0xff, 0xd0, 0x0, 0x1f, 0xff, 0x40, 0x0, 0x7f,
    0xfd, 0x0, 0x1, 0xff, 0xf4, 0x0, 0x7, 0xff,
    0xd0, 0x0, 0x1f, 0xff, 0x40, 0x0, 0x7f, 0xfd,
    0x0, 0x1, 0xff, 0xf4, 0x0, 0x7, 0xff, 0xd0,
    0x0, 0x1f, 0xff, 0x40, 0x0, 0x7f, 0xfd, 0x0,
    0x1, 0xff, 0xf4, 0x0, 0x7, 0xff, 0xd0, 0x0,
    0x1f, 0xff, 0x40, 0x0, 0x7f, 0xfd, 0x0, 0x1,
    0xff, 0xf4, 0x0, 0x7, 0xff, 0xd0,

    /* U+0032 "2" */
    0x0, 0x1, 0xaf, 0xf9, 0x0, 0x0, 0x0, 0x1f,
    0xff, 0xff, 0xe0, 0x0, 0x0, 0xff, 0xff, 0xff,
    0xfd, 0x0, 0x3, 0xff, 0xff, 0xff, 0xff, 0x40,
    0xf, 0xff, 0xff, 0xff, 0xff, 0xd0, 0x2f, 0xff,
    0xff, 0xff, 0xff, 0xf0, 0x3f, 0xff, 0xd0, 0x1f,
    0xff, 0xf8, 0x7f, 0xff, 0x0, 0x2, 0xff, 0xfc,
    0xbf, 0xfd, 0x0, 0x0, 0xff, 0xfc, 0xff, 0xfc,
    0x0, 0x0, 0xbf, 0xfd, 0xff, 0xf8, 0x0, 0x0,
    0x7f, 0xfe, 0xff, 0xf8, 0x0, 0x0, 0x7f, 0xfe,
    0xaa, 0xa4, 0x0, 0x0, 0x7f, 0xfe, 0x0, 0x0,
    0x0, 0x0, 0x7f, 0xfd, 0x0, 0x0, 0x0, 0x0,
    0xbf, 0xfd, 0x0, 0x0, 0x0, 0x0, 0xff, 0xfc,
    0x0, 0x0, 0x0, 0x2, 0xff, 0xfc, 0x0, 0x0,
    0x0, 0x3, 0xff, 0xf4, 0x0, 0x0, 0x0, 0xb,
    0xff, 0xf0, 0x0, 0x0, 0x0, 0x1f, 0xff, 0xd0,
    0x0, 0x0, 0x0, 0x3f, 0xff, 0xc0, 0x0, 0x0,
    0x0, 0xff, 0xff, 0x0, 0x0, 0x0, 0x2, 0xff,
    0xfd, 0x0, 0x0, 0x0, 0x7, 0xff, 0xf8, 0x0,
    0x0, 0x0, 0xf, 0xff, 0xf0, 0x0, 0x0, 0x0,
    0x3f, 0xff, 0xc0, 0x0, 0x0, 0x0, 0xbf, 0xff,
    0x40, 0x0, 0x0, 0x1, 0xff, 0xfe, 0x0, 0x0,
    0x0, 0x3, 0xff, 0xfc, 0x0, 0x0, 0x0, 0xf,
    0xff, 0xf0, 0x0, 0x0, 0x0, 0x2f, 0xff, 0xd0,
    0x0, 0x0, 0x0, 0x7f, 0xff, 0x80, 0x0, 0x0,
    0x0, 0xff, 0xff, 0x0, 0x0, 0x0, 0x3, 0xff,
    0xfc, 0x0, 0x0, 0x0, 0xb, 0xff, 0xf4, 0x0,
    0x0, 0x0, 0x1f, 0xff, 0xe0, 0x0, 0x0, 0x0,
    0x3f, 0xff, 0xc0, 0x0, 0x0, 0x0, 0xbf, 0xff,
    0xff, 0xff, 0xff, 0xfe, 0xff, 0xff, 0xff, 0xff,
    0xff, 0xfe, 0xff, 0xff, 0xff, 0xff, 0xff, 0xfe,
    0xff, 0xff, 0xff, 0xff, 0xff, 0xfe, 0xff, 0xff,
    0xff, 0xff, 0xff, 0xfe, 0xff, 0xff, 0xff, 0xff,
    0xff, 0xfe,

    /* U+0033 "3" */
    0x0, 0x0, 0x6f, 0xf9, 0x0, 0x0, 0x0, 0x7,
    0xff, 0xff, 0xfd, 0x0, 0x0, 0xb, 0xff, 0xff,
    0xff, 0xe0, 0x0, 0xf, 0xff, 0xff, 0xff, 0xfe,
    0x0, 0xb, 0xff, 0xff, 0xff, 0xff, 0xd0, 0x3,
    0xff, 0xff, 0xff, 0xff, 0xfc, 0x2, 0xff, 0xfd,
    0x1, 0xbf, 0xff, 0x80, 0xff, 0xfc, 0x0, 0xb,
    0xff, 0xf0, 0x7f, 0xfd, 0x0, 0x0, 0xff, 0xfc,
    0x1f, 0xff, 0x0, 0x0, 0x1f, 0xff, 0x47, 0xff,
    0xc0, 0x0, 0x3, 0xff, 0xd2, 0xff, 0xe0, 0x0,
    0x0, 0xff, 0xf8, 0x55, 0x54, 0x0, 0x0, 0x3f,
    0xfe, 0x0, 0x0, 0x0, 0x0, 0xf, 0xff, 0x40,
    0x0, 0x0, 0x0, 0x7, 0xff, 0xd0, 0x0, 0x0,
    0x0, 0x2, 0xff, 0xf0, 0x0, 0x0, 0x0, 0x0,
    0xff, 0xfc, 0x0, 0x0, 0x0, 0x0, 0xbf, 0xfd,
    0x0, 0x0, 0x0, 0x1, 0xff, 0xfe, 0x0, 0x0,
    0x0, 0xbf, 0xff, 0xff, 0x0, 0x0, 0x0, 0x2f,
    0xff, 0xfe, 0x0, 0x0, 0x0, 0xb, 0xff, 0xff,
    0x0, 0x0, 0x0, 0x2, 0xff, 0xff, 0xf4, 0x0,
    0x0, 0x0, 0xbf, 0xff, 0xff, 0x80, 0x0, 0x0,
    0x2f, 0xff, 0xff, 0xf4, 0x0, 0x0, 0x0, 0x1,
    0xff, 0xff, 0x0, 0x0, 0x0, 0x0, 0xf, 0xff,
    0xd0, 0x0, 0x0, 0x0, 0x1, 0xff, 0xf8, 0x0,
    0x0, 0x0, 0x0, 0x3f, 0xff, 0x0, 0x0, 0x0,
    0x0, 0xb, 0xff, 0xc0, 0x0, 0x0, 0x0, 0x1,
    0xff, 0xf0, 0x0, 0x0, 0x0, 0x0, 0x7f, 0xfc,
    0xaa, 0xa4, 0x0, 0x0, 0x1f, 0xff, 0x3f, 0xfe,
    0x0, 0x0, 0xb, 0xff, 0xcf, 0xff, 0x80, 0x0,
    0x3, 0xff, 0xf3, 0xff, 0xf0, 0x0, 0x0, 0xff,
    0xfc, 0xbf, 0xfe, 0x0, 0x0, 0xff, 0xfd, 0x1f,
    0xff, 0xe4, 0x1, 0xff, 0xff, 0x3, 0xff, 0xff,
    0xff, 0xff, 0xff, 0x80, 0x7f, 0xff, 0xff, 0xff,
    0xff, 0xc0, 0x7, 0xff, 0xff, 0xff, 0xff, 0xc0,
    0x0, 0x7f, 0xff, 0xff, 0xff, 0xc0, 0x0, 0x2,
    0xff, 0xff, 0xff, 0x40, 0x0, 0x0, 0x6, 0xff,
    0xf9, 0x0, 0x0,

    /* U+0034 "4" */
    0x0, 0x0, 0x0, 0xbf, 0xfc, 0x0, 0x0, 0x0,
    0x0, 0x0, 0xff, 0xfc, 0x0, 0x0, 0x0, 0x0,
    0x1, 0xff, 0xf4, 0x0, 0x0, 0x0, 0x0, 0x3,
    0xff, 0xf0, 0x0, 0x0, 0x0, 0x0, 0x7, 0xff,
    0xd0, 0x0, 0x0, 0x0, 0x0, 0xb, 0xff, 0xc0,
    0x0, 0x0, 0x0, 0x0, 0xf, 0xff, 0x80, 0x0,
    0x0, 0x0, 0x0, 0x2f, 0xff, 0x0, 0x0, 0x0,
    0x0, 0x0, 0x3f, 0xff, 0x0, 0x0, 0x0, 0x0,
    0x0, 0x7f, 0xfd, 0x0, 0x0, 0x0, 0x0, 0x0,
    0xff, 0xfc, 0x0, 0x0, 0x0, 0x0, 0x1, 0xff,
    0xf8, 0x0, 0x0, 0x0, 0x0, 0x2, 0xff, 0xf0,
    0x0, 0x0, 0x0, 0x0, 0x3, 0xff, 0xe0, 0x0,
    0x0, 0x0, 0x0, 0xb, 0xff, 0xd0, 0x0, 0x0,
    0x0, 0x0, 0xf, 0xff, 0xc0, 0x0, 0x0, 0x0,
    0x0, 0x1f, 0xff, 0x40, 0x0, 0x0, 0x0, 0x0,
    0x3f, 0xff, 0x0, 0x0, 0x0, 0x0, 0x0, 0x3f,
    0xfe, 0x0, 0x6a, 0xa8, 0x0, 0x0, 0xbf, 0xfc,
    0x0, 0xbf, 0xfc, 0x0, 0x0, 0xff, 0xf8, 0x0,
    0xbf, 0xfc, 0x0, 0x1, 0xff, 0xf4, 0x0, 0xbf,
    0xfc, 0x0, 0x3, 0xff, 0xf0, 0x0, 0xbf, 0xfc,
    0x0, 0x7, 0xff, 0xd0, 0x0, 0xbf, 0xfc, 0x0,
    0xb, 0xff, 0xc0, 0x0, 0xbf, 0xfc, 0x0, 0xf,
    0xff, 0x80, 0x0, 0xbf, 0xfc, 0x0, 0x2f, 0xff,
    0x0, 0x0, 0xbf, 0xfc, 0x0, 0x3f, 0xff, 0x0,
    0x0, 0xbf, 0xfc, 0x0, 0x7f, 0xfd, 0x0, 0x0,
    0xbf, 0xfc, 0x0, 0xbf, 0xff, 0xff, 0xff, 0xff,
    0xff, 0xfc, 0xbf, 0xff, 0xff, 0xff, 0xff, 0xff,
    0xfc, 0xbf, 0xff, 0xff, 0xff, 0xff, 0xff, 0xfc,
    0xbf, 0xff, 0xff, 0xff, 0xff, 0xff, 0xfc, 0xbf,
    0xff, 0xff, 0xff, 0xff, 0xff, 0xfc, 0xbf, 0xff,
    0xff, 0xff, 0xff, 0xff, 0xfc, 0x0, 0x0, 0x0,
    0x0, 0xbf, 0xfc, 0x0, 0x0, 0x0, 0x0, 0x0,
    0xbf, 0xfc, 0x0, 0x0, 0x0, 0x0, 0x0, 0xbf,
    0xfc, 0x0, 0x0, 0x0, 0x0, 0x0, 0xbf, 0xfc,
    0x0, 0x0, 0x0, 0x0, 0x0, 0xbf, 0xfc, 0x0,
    0x0, 0x0, 0x0, 0x0, 0xbf, 0xfc, 0x0, 0x0,
    0x0, 0x0, 0x0, 0xbf, 0xfc, 0x0,

    /* U+0035 "5" */
    0x3f, 0xff, 0xff, 0xff, 0xff, 0xfc, 0x3f, 0xff,
    0xff, 0xff, 0xff, 0xfc, 0x3f, 0xff, 0xff, 0xff,
    0xff, 0xfc, 0x3f, 0xff, 0xff, 0xff, 0xff, 0xfc,
    0x3f, 0xff, 0xff, 0xff, 0xff, 0xfc, 0x3f, 0xff,
    0xff, 0xff, 0xff, 0xfc, 0x3f, 0xfc, 0x0, 0x0,
    0x0, 0x0, 0x3f, 0xfc, 0x0, 0x0, 0x0, 0x0,
    0x3f, 0xfc, 0x0, 0x0, 0x0, 0x0, 0x3f, 0xfc,
    0x0, 0x0, 0x0, 0x0, 0x3f, 0xfc, 0x0, 0x0,
    0x0, 0x0, 0x3f, 0xfc, 0x0, 0x0, 0x0, 0x0,
    0x3f, 0xfc, 0x0, 0x0, 0x0, 0x0, 0x3f, 0xfc,
    0x0, 0x0, 0x0, 0x0, 0x3f, 0xfc, 0x1b, 0xff,
    0x90, 0x0, 0x3f, 0xfc, 0xff, 0xff, 0xfd, 0x0,
    0x3f, 0xff, 0xff, 0xff, 0xff, 0x40, 0x3f, 0xff,
    0xff, 0xff, 0xff, 0xd0, 0x3f, 0xff, 0xff, 0xff,
    0xff, 0xf0, 0x3f, 0xff, 0xff, 0xff, 0xff, 0xf4,
    0x3f, 0xff, 0xd0, 0x7, 0xff, 0xfc, 0x3f, 0xff,
    0x0, 0x1, 0xff, 0xfc, 0x3f, 0xfd, 0x0, 0x0,
    0xbf, 0xfd, 0x0, 0x0, 0x0, 0x0, 0x7f, 0xfe,
    0x0, 0x0, 0x0, 0x0, 0x3f, 0xfe, 0x0, 0x0,
    0x0, 0x0, 0x3f, 0xfe, 0x0, 0x0, 0x0, 0x0,
    0x3f, 0xfe, 0x0, 0x0, 0x0, 0x0, 0x3f, 0xfe,
    0x0, 0x0, 0x0, 0x0, 0x3f, 0xfe, 0x0, 0x0,
    0x0, 0x0, 0x3f, 0xfe, 0x0, 0x0, 0x0, 0x0,
    0x3f, 0xfe, 0xbf, 0xf8, 0x0, 0x0, 0x3f, 0xfe,
    0xbf, 0xfc, 0x0, 0x0, 0x7f, 0xfe, 0x7f, 0xfc,
    0x0, 0x0, 0xbf, 0xfd, 0x7f, 0xfe, 0x0, 0x1,
    0xff, 0xfc, 0x3f, 0xff, 0xd0, 0x7, 0xff, 0xf8,
    0x2f, 0xff, 0xff, 0xff, 0xff, 0xf0, 0xf, 0xff,
    0xff, 0xff, 0xff, 0xe0, 0x7, 0xff, 0xff, 0xff,
    0xff, 0xc0, 0x1, 0xff, 0xff, 0xff, 0xfe, 0x0,
    0x0, 0x2f, 0xff, 0xff, 0xf4, 0x0, 0x0, 0x1,
    0xbf, 0xfe, 0x40, 0x0,

    /* U+0036 "6" */
    0x0, 0x0, 0x0, 0xff, 0xfd, 0x0, 0x0, 0x0,
    0x0, 0x7f, 0xfe, 0x0, 0x0, 0x0, 0x0, 0x3f,
    0xff, 0x0, 0x0, 0x0, 0x0, 0x1f, 0xff, 0x80,
    0x0, 0x0, 0x0, 0xf, 0xff, 0xc0, 0x0, 0x0,
    0x0, 0x7, 0xff, 0xe0, 0x0, 0x0, 0x0, 0x3,
    0xff, 0xf0, 0x0, 0x0, 0x0, 0x2, 0xff, 0xf8,
    0x0, 0x0, 0x0, 0x0, 0xff, 0xfc, 0x0, 0x0,
    0x0, 0x0, 0xbf, 0xfe, 0x0, 0x0, 0x0, 0x0,
    0x3f, 0xff, 0x0, 0x0, 0x0, 0x0, 0x2f, 0xff,
    0x40, 0x0, 0x0, 0x0, 0xf, 0xff, 0xc0, 0x0,
    0x0, 0x0, 0xb, 0xff, 0xd0, 0x0, 0x0, 0x0,
    0x3, 0xff, 0xf0, 0x0, 0x0, 0x0, 0x2, 0xff,
    0xf4, 0x0, 0x0, 0x0, 0x0, 0xff, 0xfd, 0xff,
    0xe0, 0x0, 0x0, 0xbf, 0xff, 0xff, 0xff, 0xc0,
    0x0, 0x3f, 0xff, 0xff, 0xff, 0xfd, 0x0, 0x2f,
    0xff, 0xff, 0xff, 0xff, 0xd0, 0xf, 0xff, 0xff,
    0xff, 0xff, 0xfc, 0xb, 0xff, 0xff, 0xff, 0xff,
    0xff, 0x83, 0xff, 0xfe, 0x0, 0x2f, 0xff, 0xf1,
    0xff, 0xfd, 0x0, 0x1, 0xff, 0xfd, 0xbf, 0xfe,
    0x0, 0x0, 0x2f, 0xff, 0xbf, 0xff, 0x40, 0x0,
    0x3, 0xff, 0xff, 0xff, 0xc0, 0x0, 0x0, 0xff,
    0xff, 0xff, 0xf0, 0x0, 0x0, 0x3f, 0xff, 0xff,
    0xfc, 0x0, 0x0, 0xf, 0xff, 0xff, 0xff, 0x0,
    0x0, 0x3, 0xff, 0xff, 0xff, 0xc0, 0x0, 0x0,
    0xff, 0xff, 0xff, 0xf0, 0x0, 0x0, 0x3f, 0xff,
    0xff, 0xfd, 0x0, 0x0, 0xf, 0xff, 0xaf, 0xff,
    0x80, 0x0, 0xb, 0xff, 0xd7, 0xff, 0xf4, 0x0,
    0x7, 0xff, 0xf0, 0xff, 0xff, 0x80, 0xb, 0xff,
    0xfc, 0x1f, 0xff, 0xff, 0xff, 0xff, 0xfd, 0x2,
    0xff, 0xff, 0xff, 0xff, 0xfe, 0x0, 0x3f, 0xff,
    0xff, 0xff, 0xfe, 0x0, 0x2, 0xff, 0xff, 0xff,
    0xfe, 0x0, 0x0, 0x1f, 0xff, 0xff, 0xf8, 0x0,
    0x0, 0x0, 0x1b, 0xff, 0x90, 0x0, 0x0,

    /* U+0037 "7" */
    0xff, 0xff, 0xff, 0xff, 0xff, 0xfd, 0xff, 0xff,
    0xff, 0xff, 0xff, 0xfd, 0xff, 0xff, 0xff, 0xff,
    0xff, 0xfd, 0xff, 0xff, 0xff, 0xff, 0xff, 0xfd,
    0xff, 0xff, 0xff, 0xff, 0xff, 0xfd, 0xff, 0xff,
    0xff, 0xff, 0xff, 0xfd, 0x0, 0x0, 0x0, 0x0,
    0x7f, 0xfc, 0x0, 0x0, 0x0, 0x0, 0xff, 0xfc,
    0x0, 0x0, 0x0, 0x0, 0xff, 0xf4, 0x0, 0x0,
    0x0, 0x2, 0xff, 0xf0, 0x0, 0x0, 0x0, 0x3,
    0xff, 0xe0, 0x0, 0x0, 0x0, 0x7, 0xff, 0xd0,
    0x0, 0x0, 0x0, 0xb, 0xff, 0xc0, 0x0, 0x0,
    0x0, 0xf, 0xff, 0x80, 0x0, 0x0, 0x0, 0x1f,
    0xff, 0x0, 0x0, 0x0, 0x0, 0x3f, 0xff, 0x0,
    0x0, 0x0, 0x0, 0x3f, 0xfe, 0x0, 0x0, 0x0,
    0x0, 0xbf, 0xfc, 0x0, 0x0, 0x0, 0x0, 0xff,
    0xfc, 0x0, 0x0, 0x0, 0x1, 0xff, 0xf4, 0x0,
    0x0, 0x0, 0x2, 0xff, 0xf0, 0x0, 0x0, 0x0,
    0x3, 0xff, 0xe0, 0x0, 0x0, 0x0, 0x7, 0xff,
    0xd0, 0x0, 0x0, 0x0, 0xf, 0xff, 0xc0, 0x0,
    0x0, 0x0, 0xf, 0xff, 0x80, 0x0, 0x0, 0x0,
    0x2f, 0xff, 0x0, 0x0, 0x0, 0x0, 0x3f, 0xff,
    0x0, 0x0, 0x0, 0x0, 0x7f, 0xfd, 0x0, 0x0,
    0x0, 0x0, 0xbf, 0xfc, 0x0, 0x0, 0x0, 0x0,
    0xff, 0xfc, 0x0, 0x0, 0x0, 0x1, 0xff, 0xf4,
    0x0, 0x0, 0x0, 0x2, 0xff, 0xf0, 0x0, 0x0,
    0x0, 0x3, 0xff, 0xe0, 0x0, 0x0, 0x0, 0x7,
    0xff, 0xd0, 0x0, 0x0, 0x0, 0xf, 0xff, 0xc0,
    0x0, 0x0, 0x0, 0xf, 0xff, 0x80, 0x0, 0x0,
    0x0, 0x2f, 0xff, 0x0, 0x0, 0x0, 0x0, 0x3f,
    0xff, 0x0, 0x0, 0x0, 0x0, 0x7f, 0xfd, 0x0,
    0x0, 0x0, 0x0, 0xbf, 0xfc, 0x0, 0x0, 0x0,
    0x0, 0xff, 0xfc, 0x0, 0x0, 0x0, 0x1, 0xff,
    0xf4, 0x0, 0x0, 0x0,

    /* U+0038 "8" */
    0x0, 0x0, 0x1b, 0xfe, 0x40, 0x0, 0x0, 0x0,
    0x2f, 0xff, 0xff, 0x80, 0x0, 0x0, 0x2f, 0xff,
    0xff, 0xff, 0x40, 0x0, 0xb, 0xff, 0xff, 0xff,
    0xfd, 0x0, 0x2, 0xff, 0xff, 0xff, 0xff, 0xf4,
    0x0, 0x3f, 0xff, 0xff, 0xff, 0xff, 0xc0, 0xb,
    0xff, 0xf8, 0x2, 0xff, 0xfe, 0x0, 0xff, 0xfd,
    0x0, 0x7, 0xff, 0xf0, 0x1f, 0xff, 0x80, 0x0,
    0x2f, 0xff, 0x42, 0xff, 0xf0, 0x0, 0x1, 0xff,
    0xf4, 0x2f, 0xff, 0x0, 0x0, 0xf, 0xff, 0x83,
    0xff, 0xf0, 0x0, 0x0, 0xff, 0xf8, 0x3f, 0xff,
    0x0, 0x0, 0xf, 0xff, 0x82, 0xff, 0xf0, 0x0,
    0x0, 0xff, 0xf8, 0x2f, 0xff, 0x0, 0x0, 0xf,
    0xff, 0x41, 0xff, 0xf4, 0x0, 0x2, 0xff, 0xf0,
    0xf, 0xff, 0xc0, 0x0, 0x7f, 0xff, 0x0, 0xbf,
    0xff, 0x40, 0x1f, 0xff, 0xd0, 0x3, 0xff, 0xff,
    0xff, 0xff, 0xf8, 0x0, 0xf, 0xff, 0xff, 0xff,
    0xff, 0x0, 0x0, 0x2f, 0xff, 0xff, 0xff, 0x80,
    0x0, 0x3, 0xff, 0xff, 0xff, 0xf8, 0x0, 0x1,
    0xff, 0xff, 0xff, 0xff, 0xf0, 0x0, 0x7f, 0xff,
    0xff, 0xff, 0xff, 0xc0, 0xf, 0xff, 0xf4, 0x2,
    0xff, 0xfe, 0x2, 0xff, 0xfc, 0x0, 0x3, 0xff,
    0xf0, 0x3f, 0xff, 0x0, 0x0, 0x1f, 0xff, 0x83,
    0xff, 0xe0, 0x0, 0x0, 0xff, 0xfc, 0x7f, 0xfc,
    0x0, 0x0, 0x7, 0xff, 0xcb, 0xff, 0xc0, 0x0,
    0x0, 0x7f, 0xfd, 0xbf, 0xfc, 0x0, 0x0, 0x7,
    0xff, 0xdb, 0xff, 0xc0, 0x0, 0x0, 0x7f, 0xfd,
    0xbf, 0xfc, 0x0, 0x0, 0x7, 0xff, 0xdb, 0xff,
    0xc0, 0x0, 0x0, 0x7f, 0xfc, 0x7f, 0xfe, 0x0,
    0x0, 0xb, 0xff, 0xc3, 0xff, 0xf0, 0x0, 0x0,
    0xff, 0xfc, 0x3f, 0xff, 0x80, 0x0, 0x3f, 0xff,
    0x81, 0xff, 0xff, 0x40, 0x1f, 0xff, 0xf0, 0xf,
    0xff, 0xff, 0xff, 0xff, 0xfe, 0x0, 0x3f, 0xff,
    0xff, 0xff, 0xff, 0xc0, 0x0, 0xff, 0xff, 0xff,
    0xff, 0xf0, 0x0, 0x3, 0xff, 0xff, 0xff, 0xf8,
    0x0, 0x0, 0x7, 0xff, 0xff, 0xfd, 0x0, 0x0,
    0x0, 0x6, 0xff, 0xf9, 0x0, 0x0,

    /* U+0039 "9" */
    0x0, 0x0, 0x6f, 0xfe, 0x40, 0x0, 0x0, 0x2,
    0xff, 0xff, 0xfe, 0x0, 0x0, 0x7, 0xff, 0xff,
    0xff, 0xf8, 0x0, 0xb, 0xff, 0xff, 0xff, 0xff,
    0x80, 0x7, 0xff, 0xff, 0xff, 0xff, 0xf8, 0x3,
    0xff, 0xff, 0xff, 0xff, 0xff, 0x42, 0xff, 0xff,
    0x40, 0x7f, 0xff, 0xf0, 0xff, 0xfe, 0x0, 0x2,
    0xff, 0xfc, 0x7f, 0xfe, 0x0, 0x0, 0x2f, 0xff,
    0x6f, 0xff, 0x40, 0x0, 0x7, 0xff, 0xef, 0xff,
    0xc0, 0x0, 0x0, 0xff, 0xff, 0xff, 0xf0, 0x0,
    0x0, 0x3f, 0xff, 0xff, 0xfc, 0x0, 0x0, 0xf,
    0xff, 0xff, 0xff, 0x0, 0x0, 0x3, 0xff, 0xff,
    0xff, 0xc0, 0x0, 0x0, 0xff, 0xff, 0xff, 0xf0,
    0x0, 0x0, 0x3f, 0xff, 0xff, 0xfc, 0x0, 0x0,
    0xf, 0xff, 0xef, 0xff, 0x80, 0x0, 0xb, 0xff,
    0xe7, 0xff, 0xf4, 0x0, 0x7, 0xff, 0xf4, 0xff,
    0xff, 0x80, 0xb, 0xff, 0xfc, 0x2f, 0xff, 0xff,
    0xff, 0xff, 0xff, 0x3, 0xff, 0xff, 0xff, 0xff,
    0xff, 0x40, 0x7f, 0xff, 0xff, 0xff, 0xff, 0xc0,
    0x7, 0xff, 0xff, 0xff, 0xff, 0xd0, 0x0, 0x3f,
    0xff, 0xff, 0xff, 0xf0, 0x0, 0x0, 0xbf, 0xfb,
    0xff, 0xf4, 0x0, 0x0, 0x0, 0x1, 0xff, 0xfc,
    0x0, 0x0, 0x0, 0x0, 0xff, 0xfd, 0x0, 0x0,
    0x0, 0x0, 0x7f, 0xff, 0x0, 0x0, 0x0, 0x0,
    0x3f, 0xff, 0x40, 0x0, 0x0, 0x0, 0x1f, 0xff,
    0xc0, 0x0, 0x0, 0x0, 0xf, 0xff, 0xd0, 0x0,
    0x0, 0x0, 0x7, 0xff, 0xf0, 0x0, 0x0, 0x0,
    0x3, 0xff, 0xf4, 0x0, 0x0, 0x0, 0x1, 0xff,
    0xfc, 0x0, 0x0, 0x0, 0x0, 0xff, 0xfd, 0x0,
    0x0, 0x0, 0x0, 0x7f, 0xff, 0x0, 0x0, 0x0,
    0x0, 0x3f, 0xff, 0x40, 0x0, 0x0, 0x0, 0x1f,
    0xff, 0xc0, 0x0, 0x0, 0x0, 0xf, 0xff, 0xd0,
    0x0, 0x0, 0x0, 0x7, 0xff, 0xf0, 0x0, 0x0,
    0x0, 0x2, 0xff, 0xf4, 0x0, 0x0, 0x0, 0x0,
    0xff, 0xfc, 0x0, 0x0, 0x0,

    /* U+003A ":" */
    0x6a, 0xaa, 0x1f, 0xff, 0xc7, 0xff, 0xf1, 0xff,
    0xfc, 0x7f, 0xff, 0x1f, 0xff, 0xc7, 0xff, 0xf1,
    0xff, 0xfc, 0x0, 0x0, 0x0, 0x0, 0x0, 0x0,
    0x0, 0x0, 0x0, 0x0, 0x0, 0x0, 0x0, 0x0,
    0x0, 0x0, 0x0, 0x0, 0x0, 0x0, 0x0, 0x0,
    0x0, 0x0, 0x0, 0x0, 0x0, 0x0, 0x0, 0xa,
    0xaa, 0x87, 0xff, 0xf1, 0xff, 0xfc, 0x7f, 0xff,
    0x1f, 0xff, 0xc7, 0xff, 0xf1, 0xff, 0xfc, 0x7f,
    0xff, 0x0,

    /* U+003B ";" */
    0x6a, 0xaa, 0x1f, 0xff, 0xc7, 0xff, 0xf1, 0xff,
    0xfc, 0x7f, 0xff, 0x1f, 0xff, 0xc7, 0xff, 0xf1,
    0xff, 0xfc, 0x0, 0x0, 0x0, 0x0, 0x0, 0x0,
    0x0, 0x0, 0x0, 0x0, 0x0, 0x0, 0x0, 0x0,
    0x0, 0x0, 0x0, 0x0, 0x0, 0x0, 0x0, 0x0,
    0x0, 0x0, 0x0, 0x0, 0x0, 0x0, 0x0, 0x3,
    0xff, 0xc0, 0xff, 0xf0, 0x3f, 0xfc, 0xf, 0xff,
    0x3, 0xff, 0xc0, 0xff, 0xf0, 0x3f, 0xfc, 0xf,
    0xff, 0x3, 0xff, 0xc0, 0xff, 0xf0, 0x3f, 0xfc,
    0xf, 0xff, 0x3, 0xff, 0x0, 0xfe, 0x0, 0x3e,
    0x0, 0xd, 0x0, 0x1, 0x0, 0x0,

    /* U+003C "<" */
    0x0, 0x0, 0x0, 0x0, 0x0, 0x0, 0x50, 0x0,
    0x0, 0x0, 0x0, 0x0, 0x7f, 0x0, 0x0, 0x0,
    0x0, 0x1, 0xbf, 0xf0, 0x0, 0x0, 0x0, 0x1,
    0xff, 0xff, 0x0, 0x0, 0x0, 0x6, 0xff, 0xff,
    0xf0, 0x0, 0x0, 0xb, 0xff, 0xff, 0xff, 0x0,
    0x0, 0x1b, 0xff, 0xff, 0xff, 0xd0, 0x0, 0x2f,
    0xff, 0xff, 0xff, 0x90, 0x0, 0x6f, 0xff, 0xff,
    0xff, 0x40, 0x0, 0xbf, 0xff, 0xff, 0xfe, 0x0,
    0x0, 0xbf, 0xff, 0xff, 0xf9, 0x0, 0x0, 0xf,
    0xff, 0xff, 0xf8, 0x0, 0x0, 0x0, 0xff, 0xff,
    0xe4, 0x0, 0x0, 0x0, 0xf, 0xff, 0xfd, 0x0,
    0x0, 0x0, 0x0, 0xff, 0xff, 0xfe, 0x0, 0x0,
    0x0, 0xf, 0xff, 0xff, 0xff, 0x40, 0x0, 0x0,
    0x1f, 0xff, 0xff, 0xff, 0x90, 0x0, 0x0, 0x1b,
    0xff, 0xff, 0xff, 0xd0, 0x0, 0x0, 0x7, 0xff,
    0xff, 0xff, 0xe4, 0x0, 0x0, 0x2, 0xff, 0xff,
    0xff, 0xf8, 0x0, 0x0, 0x1, 0xff, 0xff, 0xff,
    0xf0, 0x0, 0x0, 0x0, 0xbf, 0xff, 0xff, 0x0,
    0x0, 0x0, 0x0, 0x7f, 0xff, 0xf0, 0x0, 0x0,
    0x0, 0x0, 0x2f, 0xff, 0x0, 0x0, 0x0, 0x0,
    0x0, 0x1f, 0xf0, 0x0, 0x0, 0x0, 0x0, 0x0,
    0xa, 0x0, 0x0, 0x0, 0x0, 0x0, 0x0, 0x0,

    /* U+003D "=" */
    0xff, 0xff, 0xff, 0xff, 0xff, 0xff, 0xff, 0xff,
    0xff, 0xff, 0xff, 0xff, 0xff, 0xff, 0xff, 0xff,
    0xff, 0xff, 0xff, 0xff, 0xff, 0xff, 0xff, 0xff,
    0xff, 0xff, 0xff, 0xff, 0xff, 0xff, 0xff, 0xff,
    0xff, 0xff, 0xff, 0xff, 0xff, 0xff, 0xfe, 0x0,
    0x0, 0x0, 0x0, 0x0, 0x0, 0x0, 0x0, 0x0,
    0x0, 0x0, 0x0, 0x0, 0x0, 0x0, 0x0, 0x0,
    0x0, 0x0, 0x0, 0x0, 0x0, 0x0, 0x0, 0x0,
    0x0, 0x0, 0x0, 0x0, 0x0, 0x0, 0x0, 0x0,
    0x0, 0x0, 0x0, 0x0, 0x0, 0x0, 0xff, 0xff,
    0xff, 0xff, 0xff, 0xff, 0xef, 0xff, 0xff, 0xff,
    0xff, 0xff, 0xff, 0xff, 0xff, 0xff, 0xff, 0xff,
    0xff, 0xff, 0xff, 0xff, 0xff, 0xff, 0xff, 0xff,
    0xff, 0xff, 0xff, 0xff, 0xff, 0xff, 0xff, 0xff,
    0xff, 0xff, 0xff, 0xff, 0xff,

    /* U+003E ">" */
    0x80, 0x0, 0x0, 0x0, 0x0, 0x0, 0xf, 0xd0,
    0x0, 0x0, 0x0, 0x0, 0x0, 0xff, 0xe0, 0x0,
    0x0, 0x0, 0x0, 0xf, 0xff, 0xf4, 0x0, 0x0,
    0x0, 0x0, 0xff, 0xff, 0xf8, 0x0, 0x0, 0x0,
    0xf, 0xff, 0xff, 0xfd, 0x0, 0x0, 0x0, 0x7f,
    0xff, 0xff, 0xfe, 0x40, 0x0, 0x0, 0x6f, 0xff,
    0xff, 0xff, 0x40, 0x0, 0x0, 0x1f, 0xff, 0xff,
    0xff, 0x90, 0x0, 0x0, 0xb, 0xff, 0xff, 0xff,
    0xd0, 0x0, 0x0, 0x7, 0xff, 0xff, 0xff, 0xe0,
    0x0, 0x0, 0x2, 0xff, 0xff, 0xff, 0x0, 0x0,
    0x0, 0x1, 0xbf, 0xff, 0xf0, 0x0, 0x0, 0x0,
    0x7, 0xff, 0xff, 0x0, 0x0, 0x0, 0x1b, 0xff,
    0xff, 0xf0, 0x0, 0x0, 0x1f, 0xff, 0xff, 0xff,
    0x0, 0x0, 0x6f, 0xff, 0xff, 0xff, 0x40, 0x0,
    0xbf, 0xff, 0xff, 0xfe, 0x0, 0x1, 0xff, 0xff,
    0xff, 0xfd, 0x0, 0x2, 0xff, 0xff, 0xff, 0xf8,
    0x0, 0x0, 0xff, 0xff, 0xff, 0xf4, 0x0, 0x0,
    0xf, 0xff, 0xff, 0xe0, 0x0, 0x0, 0x0, 0xff,
    0xff, 0xd0, 0x0, 0x0, 0x0, 0xf, 0xff, 0x80,
    0x0, 0x0, 0x0, 0x0, 0xff, 0x40, 0x0, 0x0,
    0x0, 0x0, 0xe, 0x0, 0x0, 0x0, 0x0, 0x0,
    0x0, 0x0, 0x0, 0x0, 0x0, 0x0, 0x0, 0x0,

    /* U+003F "?" */
    0x0, 0x0, 0x6f, 0xfe, 0x40, 0x0, 0x0, 0xf,
    0xff, 0xff, 0xf4, 0x0, 0x0, 0x7f, 0xff, 0xff,
    0xff, 0x0, 0x1, 0xff, 0xff, 0xff, 0xff, 0xc0,
    0x3, 0xff, 0xff, 0xff, 0xff, 0xf0, 0xf, 0xff,
    0xff, 0xff, 0xff, 0xf4, 0xf, 0xff, 0xe0, 0x7,
    0xff, 0xfc, 0x2f, 0xff, 0x40, 0x0, 0xff, 0xfd,
    0x3f, 0xff, 0x0, 0x0, 0x7f, 0xfd, 0x3f, 0xfe,
    0x0, 0x0, 0x3f, 0xfe, 0x3f, 0xfd, 0x0, 0x0,
    0x3f, 0xfe, 0x15, 0x54, 0x0, 0x0, 0x3f, 0xfe,
    0x0, 0x0, 0x0, 0x0, 0x3f, 0xfe, 0x0, 0x0,
    0x0, 0x0, 0xbf, 0xfd, 0x0, 0x0, 0x0, 0x0,
    0xff, 0xfc, 0x0, 0x0, 0x0, 0x2, 0xff, 0xf8,
    0x0, 0x0, 0x0, 0x7, 0xff, 0xf0, 0x0, 0x0,
    0x0, 0xf, 0xff, 0xe0, 0x0, 0x0, 0x0, 0x3f,
    0xff, 0xc0, 0x0, 0x0, 0x0, 0xbf, 0xff, 0x0,
    0x0, 0x0, 0x1, 0xff, 0xfd, 0x0, 0x0, 0x0,
    0x3, 0xff, 0xf8, 0x0, 0x0, 0x0, 0xb, 0xff,
    0xf0, 0x0, 0x0, 0x0, 0x1f, 0xff, 0xd0, 0x0,
    0x0, 0x0, 0x2f, 0xff, 0x80, 0x0, 0x0, 0x0,
    0x3f, 0xff, 0x0, 0x0, 0x0, 0x0, 0x3f, 0xfe,
    0x0, 0x0, 0x0, 0x0, 0x3f, 0xfe, 0x0, 0x0,
    0x0, 0x0, 0x3f, 0xfd, 0x0, 0x0, 0x0, 0x0,
    0x3f, 0xfd, 0x0, 0x0, 0x0, 0x0, 0x3f, 0xfd,
    0x0, 0x0, 0x0, 0x0, 0x15, 0x54, 0x0, 0x0,
    0x0, 0x0, 0x0, 0x0, 0x0, 0x0, 0x0, 0x0,
    0x0, 0x0, 0x0, 0x0, 0x0, 0x0, 0x0, 0x0,
    0x0, 0x0, 0x0, 0x0, 0x0, 0x0, 0x0, 0x0,
    0x0, 0x0, 0x7f, 0xfe, 0x0, 0x0, 0x0, 0x0,
    0x7f, 0xfe, 0x0, 0x0, 0x0, 0x0, 0x7f, 0xfe,
    0x0, 0x0, 0x0, 0x0, 0x7f, 0xfe, 0x0, 0x0,
    0x0, 0x0, 0x7f, 0xfe, 0x0, 0x0, 0x0, 0x0,
    0x7f, 0xfe, 0x0, 0x0, 0x0, 0x0, 0x7f, 0xfe,
    0x0, 0x0,

    /* U+0040 "@" */
    0x0, 0x0, 0x0, 0x0, 0x16, 0xff, 0xfe, 0x90,
    0x0, 0x0, 0x0, 0x0, 0x0, 0x0, 0x0, 0x6,
    0xff, 0xff, 0xff, 0xff, 0x80, 0x0, 0x0, 0x0,
    0x0, 0x0, 0x0, 0xbf, 0xff, 0xff, 0xff, 0xff,
    0xf8, 0x0, 0x0, 0x0, 0x0, 0x0, 0x7, 0xff,
    0xff, 0xff, 0xff, 0xff, 0xff, 0x80, 0x0, 0x0,
    0x0, 0x0, 0x3f, 0xff, 0xff, 0xff, 0xff, 0xff,
    0xff, 0xf4, 0x0, 0x0, 0x0, 0x0, 0xff, 0xff,
    0xff, 0x95, 0x5a, 0xff, 0xff, 0xfd, 0x0, 0x0,
    0x0, 0x7, 0xff, 0xff, 0x80, 0x0, 0x0, 0x7,
    0xff, 0xff, 0x80, 0x0, 0x0, 0x1f, 0xff, 0xf4,
    0x0, 0x0, 0x0, 0x0, 0x7f, 0xff, 0xe0, 0x0,
    0x0, 0x3f, 0xff, 0x80, 0x0, 0x0, 0x0, 0x0,
    0xb, 0xff, 0xf4, 0x0, 0x0, 0xff, 0xfe, 0x0,
    0x0, 0x0, 0x0, 0x0, 0x1, 0xff, 0xfc, 0x0,
    0x1, 0xff, 0xf8, 0x0, 0x0, 0x0, 0x0, 0x0,
    0x0, 0x7f, 0xff, 0x0, 0x3, 0xff, 0xe0, 0x0,
    0x0, 0x0, 0x0, 0x0, 0x0, 0x1f, 0xff, 0x40,
    0xb, 0xff, 0xc0, 0x0, 0xb, 0xff, 0x80, 0x55,
    0x50, 0xb, 0xff, 0xc0, 0xf, 0xff, 0x40, 0x0,
    0xbf, 0xff, 0xf8, 0xff, 0xf0, 0x3, 0xff, 0xd0,
    0x1f, 0xff, 0x0, 0x2, 0xff, 0xff, 0xfe, 0xff,
    0xf0, 0x2, 0xff, 0xf0, 0x3f, 0xfd, 0x0, 0x7,
    0xff, 0xff, 0xff, 0xff, 0xf0, 0x0, 0xff, 0xf0,
    0x3f, 0xfc, 0x0, 0xf, 0xff, 0xff, 0xff, 0xff,
    0xf0, 0x0, 0xff, 0xf4, 0x7f, 0xfc, 0x0, 0x1f,
    0xff, 0xd0, 0x1f, 0xff, 0xf0, 0x0, 0x7f, 0xf8,
    0xbf, 0xf8, 0x0, 0x2f, 0xff, 0x0, 0x3, 0xff,
    0xf0, 0x0, 0x3f, 0xfc, 0xbf, 0xf4, 0x0, 0x3f,
    0xfd, 0x0, 0x2, 0xff, 0xf0, 0x0, 0x3f, 0xfc,
    0xff, 0xf0, 0x0, 0x3f, 0xfc, 0x0, 0x1, 0xff,
    0xf0, 0x0, 0x3f, 0xfc, 0xff, 0xf0, 0x0, 0x3f,
    0xfc, 0x0, 0x0, 0xff, 0xf0, 0x0, 0x3f, 0xfc,
    0xff, 0xf0, 0x0, 0x3f, 0xfc, 0x0, 0x0, 0xff,
    0xf0, 0x0, 0x3f, 0xfc, 0xff, 0xf0, 0x0, 0x3f,
    0xfc, 0x0, 0x0, 0xff, 0xf0, 0x0, 0x3f, 0xfc,
    0xff, 0xf0, 0x0, 0x3f, 0xfc, 0x0, 0x0, 0xff,
    0xf0, 0x0, 0x3f, 0xfc, 0xff, 0xf0, 0x0, 0x3f,
    0xfc, 0x0, 0x0, 0xff, 0xf0, 0x0, 0x3f, 0xfc,
    0xff, 0xf0, 0x0, 0x3f, 0xfc, 0x0, 0x0, 0xff,
    0xf0, 0x0, 0x3f, 0xfc, 0xff, 0xf0, 0x0, 0x3f,
    0xfc, 0x0, 0x0, 0xff, 0xf0, 0x0, 0x3f, 0xfc,
    0xff, 0xf0, 0x0, 0x3f, 0xfc, 0x0, 0x0, 0xff,
    0xf0, 0x0, 0x3f, 0xfc, 0xff, 0xf0, 0x0, 0x3f,
    0xfc, 0x0, 0x0, 0xff, 0xf0, 0x0, 0x3f, 0xfc,
    0xff, 0xf0, 0x0, 0x3f, 0xfc, 0x0, 0x1, 0xff,
    0xf0, 0x0, 0x3f, 0xfc, 0xbf, 0xf4, 0x0, 0x3f,
    0xfd, 0x0, 0x2, 0xff, 0xf0, 0x0, 0x7f, 0xf8,
    0xbf, 0xf8, 0x0, 0x2f, 0xff, 0x0, 0x3, 0xff,
    0xf8, 0x0, 0xff, 0xf4, 0x7f, 0xfc, 0x0, 0x1f,
    0xff, 0xd0, 0x1f, 0xff, 0xfe, 0x2, 0xff, 0xf0,
    0x3f, 0xfc, 0x0, 0xf, 0xff, 0xff, 0xff, 0xff,
    0xff, 0xff, 0xff, 0xd0, 0x3f, 0xfe, 0x0, 0x7,
    0xff, 0xff, 0xff, 0xdf, 0xff, 0xff, 0xff, 0x80,
    0x1f, 0xff, 0x0, 0x2, 0xff, 0xff, 0xff, 0x83,
    0xff, 0xff, 0xff, 0x0, 0xf, 0xff, 0x40, 0x0,
    0xbf, 0xff, 0xfe, 0x0, 0xff, 0xff, 0xf8, 0x0,
    0xb, 0xff, 0xc0, 0x0, 0x6, 0xff, 0xe0, 0x0,
    0x1b, 0xff, 0x40, 0x0, 0x3, 0xff, 0xf0, 0x0,
    0x0, 0x0, 0x0, 0x0, 0x0, 0x0, 0x0, 0x0,
    0x1, 0xff, 0xf8, 0x0, 0x0, 0x0, 0x0, 0x0,
    0x0, 0x0, 0x0, 0x0, 0x0, 0xff, 0xfe, 0x0,
    0x0, 0x0, 0x0, 0x0, 0x0, 0x0, 0x0, 0x0,
    0x0, 0x3f, 0xff, 0xc0, 0x0, 0x0, 0x0, 0x0,
    0x1, 0x40, 0x0, 0x0, 0x0, 0xf, 0xff, 0xf8,
    0x0, 0x0, 0x0, 0x0, 0x1f, 0xc0, 0x0, 0x0,
    0x0, 0x7, 0xff, 0xff, 0x90, 0x0, 0x0, 0x6,
    0xff, 0xd0, 0x0, 0x0, 0x0, 0x0, 0xff, 0xff,
    0xff, 0xa5, 0x5a, 0xff, 0xff, 0xf0, 0x0, 0x0,
    0x0, 0x0, 0x3f, 0xff, 0xff, 0xff, 0xff, 0xff,
    0xff, 0xf4, 0x0, 0x0, 0x0, 0x0, 0x7, 0xff,
    0xff, 0xff, 0xff, 0xff, 0xff, 0xf0, 0x0, 0x0,
    0x0, 0x0, 0x0, 0xbf, 0xff, 0xff, 0xff, 0xff,
    0xff, 0x40, 0x0, 0x0, 0x0, 0x0, 0x0, 0x7,
    0xff, 0xff, 0xff, 0xff, 0xe0, 0x0, 0x0, 0x0,
    0x0, 0x0, 0x0, 0x0, 0x1a, 0xff, 0xff, 0x94,
    0x0, 0x0, 0x0, 0x0,

    /* U+0041 "A" */
    0x0, 0x0, 0x0, 0x3, 0xff, 0xc0, 0x0, 0x0,
    0x0, 0x0, 0x0, 0x0, 0x0, 0xff, 0xf8, 0x0,
    0x0, 0x0, 0x0, 0x0, 0x0, 0x0, 0xbf, 0xff,
    0x0, 0x0, 0x0, 0x0, 0x0, 0x0, 0x0, 0x3f,
    0xff, 0xc0, 0x0, 0x0, 0x0, 0x0, 0x0, 0x0,
    0xf, 0xff, 0xf8, 0x0, 0x0, 0x0, 0x0, 0x0,
    0x0, 0xb, 0xff, 0xff, 0x0, 0x0, 0x0, 0x0,
    0x0, 0x0, 0x3, 0xff, 0xff, 0xd0, 0x0, 0x0,
    0x0, 0x0, 0x0, 0x1, 0xff, 0xff, 0xf8, 0x0,
    0x0, 0x0, 0x0, 0x0, 0x0, 0xbf, 0xff, 0xff,
    0x0, 0x0, 0x0, 0x0, 0x0, 0x0, 0x3f, 0xff,
    0xff, 0xd0, 0x0, 0x0, 0x0, 0x0, 0x0, 0x1f,
    0xff, 0xbf, 0xf8, 0x0, 0x0, 0x0, 0x0, 0x0,
    0xf, 0xff, 0x4f, 0xff, 0x0, 0x0, 0x0, 0x0,
    0x0, 0x3, 0xff, 0xc3, 0xff, 0xd0, 0x0, 0x0,
    0x0, 0x0, 0x1, 0xff, 0xf0, 0xbf, 0xfc, 0x0,
    0x0, 0x0, 0x0, 0x0, 0xff, 0xf4, 0xf, 0xff,
    0x0, 0x0, 0x0, 0x0, 0x0, 0x3f, 0xfc, 0x3,
    0xff, 0xe0, 0x0, 0x0, 0x0, 0x0, 0x2f, 0xff,
    0x0, 0xbf, 0xfc, 0x0, 0x0, 0x0, 0x0, 0xf,
    0xff, 0x40, 0xf, 0xff, 0x40, 0x0, 0x0, 0x0,
    0x7, 0xff, 0xc0, 0x3, 0xff, 0xe0, 0x0, 0x0,
    0x0, 0x2, 0xff, 0xf0, 0x0, 0x7f, 0xfc, 0x0,
    0x0, 0x0, 0x0, 0xff, 0xf4, 0x0, 0xf, 0xff,
    0x40, 0x0, 0x0, 0x0, 0x7f, 0xfc, 0x0, 0x3,
    0xff, 0xe0, 0x0, 0x0, 0x0, 0x2f, 0xff, 0x0,
    0x0, 0x7f, 0xfc, 0x0, 0x0, 0x0, 0xf, 0xff,
    0x40, 0x0, 0xf, 0xff, 0x40, 0x0, 0x0, 0x7,
    0xff, 0xc0, 0x0, 0x3, 0xff, 0xf0, 0x0, 0x0,
    0x3, 0xff, 0xf0, 0x0, 0x0, 0x7f, 0xfc, 0x0,
    0x0, 0x0, 0xff, 0xf4, 0x0, 0x0, 0xf, 0xff,
    0x40, 0x0, 0x0, 0xbf, 0xff, 0xff, 0xff, 0xff,
    0xff, 0xf0, 0x0, 0x0, 0x3f, 0xff, 0xff, 0xff,
    0xff, 0xff, 0xfc, 0x0, 0x0, 0xf, 0xff, 0xff,
    0xff, 0xff, 0xff, 0xff, 0x80, 0x0, 0xb, 0xff,
    0xff, 0xff, 0xff, 0xff, 0xff, 0xf0, 0x0, 0x3,
    0xff, 0xff, 0xff, 0xff, 0xff, 0xff, 0xfd, 0x0,
    0x1, 0xff, 0xff, 0xff, 0xff, 0xff, 0xff, 0xff,
    0x80, 0x0, 0xbf, 0xfc, 0x0, 0x0, 0x0, 0x3,
    0xff, 0xf0, 0x0, 0x3f, 0xff, 0x0, 0x0, 0x0,
    0x0, 0xbf, 0xfd, 0x0, 0x1f, 0xff, 0x80, 0x0,
    0x0, 0x0, 0xf, 0xff, 0x80, 0xb, 0xff, 0xc0,
    0x0, 0x0, 0x0, 0x3, 0xff, 0xf0, 0x3, 0xff,
    0xf0, 0x0, 0x0, 0x0, 0x0, 0xbf, 0xfd, 0x1,
    0xff, 0xf8, 0x0, 0x0, 0x0, 0x0, 0x1f, 0xff,
    0xc0, 0xff, 0xfd, 0x0, 0x0, 0x0, 0x0, 0x3,
    0xff, 0xf0, 0x3f, 0xff, 0x0, 0x0, 0x0, 0x0,
    0x0, 0xbf, 0xfe, 0x2f, 0xff, 0x80, 0x0, 0x0,
    0x0, 0x0, 0x1f, 0xff, 0xc0,

    /* U+0042 "B" */
    0x3f, 0xff, 0xff, 0xff, 0xff, 0x90, 0x0, 0x0,
    0xff, 0xff, 0xff, 0xff, 0xff, 0xfd, 0x0, 0x3,
    0xff, 0xff, 0xff, 0xff, 0xff, 0xfe, 0x0, 0xf,
    0xff, 0xff, 0xff, 0xff, 0xff, 0xff, 0x0, 0x3f,
    0xff, 0xff, 0xff, 0xff, 0xff, 0xff, 0x0, 0xff,
    0xff, 0xff, 0xff, 0xff, 0xff, 0xfd, 0x3, 0xff,
    0xf0, 0x0, 0x0, 0x1f, 0xff, 0xfc, 0xf, 0xff,
    0xc0, 0x0, 0x0, 0xb, 0xff, 0xf4, 0x3f, 0xff,
    0x0, 0x0, 0x0, 0xf, 0xff, 0xe0, 0xff, 0xfc,
    0x0, 0x0, 0x0, 0x1f, 0xff, 0x83, 0xff, 0xf0,
    0x0, 0x0, 0x0, 0x3f, 0xff, 0xf, 0xff, 0xc0,
    0x0, 0x0, 0x0, 0xff, 0xfc, 0x3f, 0xff, 0x0,
    0x0, 0x0, 0x3, 0xff, 0xe0, 0xff, 0xfc, 0x0,
    0x0, 0x0, 0x1f, 0xff, 0x83, 0xff, 0xf0, 0x0,
    0x0, 0x0, 0xff, 0xfc, 0xf, 0xff, 0xc0, 0x0,
    0x0, 0xb, 0xff, 0xf0, 0x3f, 0xff, 0x0, 0x0,
    0x1, 0xff, 0xff, 0x0, 0xff, 0xff, 0xff, 0xff,
    0xff, 0xff, 0xf4, 0x3, 0xff, 0xff, 0xff, 0xff,
    0xff, 0xff, 0x40, 0xf, 0xff, 0xff, 0xff, 0xff,
    0xff, 0xe0, 0x0, 0x3f, 0xff, 0xff, 0xff, 0xff,
    0xff, 0xe0, 0x0, 0xff, 0xff, 0xff, 0xff, 0xff,
    0xff, 0xf0, 0x3, 0xff, 0xff, 0xff, 0xff, 0xff,
    0xff, 0xf0, 0xf, 0xff, 0xc0, 0x0, 0x0, 0x6f,
    0xff, 0xf0, 0x3f, 0xff, 0x0, 0x0, 0x0, 0x1f,
    0xff, 0xd0, 0xff, 0xfc, 0x0, 0x0, 0x0, 0x1f,
    0xff, 0x83, 0xff, 0xf0, 0x0, 0x0, 0x0, 0x3f,
    0xff, 0xf, 0xff, 0xc0, 0x0, 0x0, 0x0, 0xbf,
    0xfc, 0x3f, 0xff, 0x0, 0x0, 0x0, 0x1, 0xff,
    0xf4, 0xff, 0xfc, 0x0, 0x0, 0x0, 0x7, 0xff,
    0xd3, 0xff, 0xf0, 0x0, 0x0, 0x0, 0x1f, 0xff,
    0x4f, 0xff, 0xc0, 0x0, 0x0, 0x0, 0xbf, 0xfd,
    0x3f, 0xff, 0x0, 0x0, 0x0, 0x3, 0xff, 0xf0,
    0xff, 0xfc, 0x0, 0x0, 0x0, 0x2f, 0xff, 0xc3,
    0xff, 0xf0, 0x0, 0x0, 0x1, 0xff, 0xfe, 0xf,
    0xff, 0xc0, 0x0, 0x0, 0x7f, 0xff, 0xf4, 0x3f,
    0xff, 0xff, 0xff, 0xff, 0xff, 0xff, 0x80, 0xff,
    0xff, 0xff, 0xff, 0xff, 0xff, 0xfc, 0x3, 0xff,
    0xff, 0xff, 0xff, 0xff, 0xff, 0xc0, 0xf, 0xff,
    0xff, 0xff, 0xff, 0xff, 0xfc, 0x0, 0x3f, 0xff,
    0xff, 0xff, 0xff, 0xff, 0x40, 0x0, 0xff, 0xff,
    0xff, 0xff, 0xff, 0x90, 0x0, 0x0,

    /* U+0043 "C" */
    0x0, 0x0, 0x0, 0x0, 0x0, 0x0, 0x0, 0x0,
    0x0, 0x0, 0x1b, 0xff, 0xf9, 0x0, 0x0, 0x0,
    0x0, 0x1f, 0xff, 0xff, 0xff, 0xd0, 0x0, 0x0,
    0x3, 0xff, 0xff, 0xff, 0xff, 0xf0, 0x0, 0x0,
    0x3f, 0xff, 0xff, 0xff, 0xff, 0xf4, 0x0, 0x3,
    0xff, 0xff, 0xff, 0xff, 0xff, 0xf4, 0x0, 0x3f,
    0xff, 0xff, 0xff, 0xff, 0xff, 0xf0, 0x1, 0xff,
    0xff, 0xd0, 0x1, 0xff, 0xff, 0xe0, 0xf, 0xff,
    0xf4, 0x0, 0x0, 0x7f, 0xff, 0xc0, 0x7f, 0xff,
    0x40, 0x0, 0x0, 0x3f, 0xff, 0x82, 0xff, 0xf8,
    0x0, 0x0, 0x0, 0x7f, 0xff, 0xf, 0xff, 0xc0,
    0x0, 0x0, 0x0, 0xff, 0xfc, 0x3f, 0xff, 0x0,
    0x0, 0x0, 0x2, 0xff, 0xf5, 0xff, 0xf8, 0x0,
    0x0, 0x0, 0x7, 0xff, 0xd7, 0xff, 0xd0, 0x0,
    0x0, 0x0, 0x5, 0x55, 0x2f, 0xff, 0x40, 0x0,
    0x0, 0x0, 0x0, 0x0, 0xbf, 0xfc, 0x0, 0x0,
    0x0, 0x0, 0x0, 0x2, 0xff, 0xf0, 0x0, 0x0,
    0x0, 0x0, 0x0, 0xb, 0xff, 0xc0, 0x0, 0x0,
    0x0, 0x0, 0x0, 0x2f, 0xff, 0x0, 0x0, 0x0,
    0x0, 0x0, 0x0, 0xbf, 0xfc, 0x0, 0x0, 0x0,
    0x0, 0x0, 0x2, 0xff, 0xf0, 0x0, 0x0, 0x0,
    0x0, 0x0, 0xb, 0xff, 0xc0, 0x0, 0x0, 0x0,
    0x0, 0x0, 0x2f, 0xff, 0x0, 0x0, 0x0, 0x0,
    0x0, 0x0, 0xbf, 0xfc, 0x0, 0x0, 0x0, 0x0,
    0x0, 0x2, 0xff, 0xf0, 0x0, 0x0, 0x0, 0x0,
    0x0, 0xb, 0xff, 0xc0, 0x0, 0x0, 0x0, 0x0,
    0x0, 0x2f, 0xff, 0x0, 0x0, 0x0, 0x0, 0x0,
    0x0, 0xbf, 0xfc, 0x0, 0x0, 0x0, 0x0, 0x0,
    0x2, 0xff, 0xf4, 0x0, 0x0, 0x0, 0x0, 0x0,
    0x7, 0xff, 0xd0, 0x0, 0x0, 0x0, 0x0, 0x0,
    0x1f, 0xff, 0x80, 0x0, 0x0, 0x0, 0x7f, 0xfd,
    0x3f, 0xff, 0x0, 0x0, 0x0, 0x2, 0xff, 0xf0,
    0xff, 0xfc, 0x0, 0x0, 0x0, 0xf, 0xff, 0xc2,
    0xff, 0xf8, 0x0, 0x0, 0x0, 0x7f, 0xff, 0x7,
    0xff, 0xf4, 0x0, 0x0, 0x3, 0xff, 0xf8, 0xf,
    0xff, 0xf8, 0x0, 0x0, 0x7f, 0xff, 0xd0, 0x2f,
    0xff, 0xfe, 0x50, 0x6f, 0xff, 0xfe, 0x0, 0x3f,
    0xff, 0xff, 0xff, 0xff, 0xff, 0xf0, 0x0, 0x3f,
    0xff, 0xff, 0xff, 0xff, 0xff, 0x40, 0x0, 0x3f,
    0xff, 0xff, 0xff, 0xff, 0xf4, 0x0, 0x0, 0x2f,
    0xff, 0xff, 0xff, 0xff, 0x0, 0x0, 0x0, 0x1b,
    0xff, 0xff, 0xff, 0xd0, 0x0, 0x0, 0x0, 0x1,
    0xbf, 0xff, 0x90, 0x0, 0x0,

    /* U+0044 "D" */
    0x3f, 0xff, 0xff, 0xff, 0xfe, 0x40, 0x0, 0x0,
    0xff, 0xff, 0xff, 0xff, 0xff, 0xe4, 0x0, 0x3,
    0xff, 0xff, 0xff, 0xff, 0xff, 0xf8, 0x0, 0xf,
    0xff, 0xff, 0xff, 0xff, 0xff, 0xfc, 0x0, 0x3f,
    0xff, 0xff, 0xff, 0xff, 0xff, 0xfc, 0x0, 0xff,
    0xff, 0xff, 0xff, 0xff, 0xff, 0xfc, 0x3, 0xff,
    0xf0, 0x0, 0x0, 0x7f, 0xff, 0xf8, 0xf, 0xff,
    0xc0, 0x0, 0x0, 0x1f, 0xff, 0xf0, 0x3f, 0xff,
    0x0, 0x0, 0x0, 0x1f, 0xff, 0xd0, 0xff, 0xfc,
    0x0, 0x0, 0x0, 0x2f, 0xff, 0xc3, 0xff, 0xf0,
    0x0, 0x0, 0x0, 0x3f, 0xff, 0xf, 0xff, 0xc0,
    0x0, 0x0, 0x0, 0xff, 0xfc, 0x3f, 0xff, 0x0,
    0x0, 0x0, 0x2, 0xff, 0xf4, 0xff, 0xfc, 0x0,
    0x0, 0x0, 0x7, 0xff, 0xe3, 0xff, 0xf0, 0x0,
    0x0, 0x0, 0x1f, 0xff, 0x8f, 0xff, 0xc0, 0x0,
    0x0, 0x0, 0x7f, 0xfe, 0x3f, 0xff, 0x0, 0x0,
    0x0, 0x0, 0xff, 0xf8, 0xff, 0xfc, 0x0, 0x0,
    0x0, 0x3, 0xff, 0xe3, 0xff, 0xf0, 0x0, 0x0,
    0x0, 0xf, 0xff, 0x8f, 0xff, 0xc0, 0x0, 0x0,
    0x0, 0x3f, 0xfe, 0x3f, 0xff, 0x0, 0x0, 0x0,
    0x0, 0xff, 0xf8, 0xff, 0xfc, 0x0, 0x0, 0x0,
    0x3, 0xff, 0xe3, 0xff, 0xf0, 0x0, 0x0, 0x0,
    0xf, 0xff, 0x8f, 0xff, 0xc0, 0x0, 0x0, 0x0,
    0x3f, 0xfe, 0x3f, 0xff, 0x0, 0x0, 0x0, 0x0,
    0xff, 0xf8, 0xff, 0xfc, 0x0, 0x0, 0x0, 0x3,
    0xff, 0xe3, 0xff, 0xf0, 0x0, 0x0, 0x0, 0xf,
    0xff, 0x8f, 0xff, 0xc0, 0x0, 0x0, 0x0, 0x7f,
    0xfe, 0x3f, 0xff, 0x0, 0x0, 0x0, 0x1, 0xff,
    0xf4, 0xff, 0xfc, 0x0, 0x0, 0x0, 0xb, 0xff,
    0xd3, 0xff, 0xf0, 0x0, 0x0, 0x0, 0x3f, 0xff,
    0xf, 0xff, 0xc0, 0x0, 0x0, 0x0, 0xff, 0xfc,
    0x3f, 0xff, 0x0, 0x0, 0x0, 0xb, 0xff, 0xf0,
    0xff, 0xfc, 0x0, 0x0, 0x0, 0x7f, 0xff, 0x43,
    0xff, 0xf0, 0x0, 0x0, 0x7, 0xff, 0xfc, 0xf,
    0xff, 0xc0, 0x0, 0x1, 0xff, 0xff, 0xe0, 0x3f,
    0xff, 0xff, 0xff, 0xff, 0xff, 0xff, 0x0, 0xff,
    0xff, 0xff, 0xff, 0xff, 0xff, 0xf0, 0x3, 0xff,
    0xff, 0xff, 0xff, 0xff, 0xff, 0x0, 0xf, 0xff,
    0xff, 0xff, 0xff, 0xff, 0xe0, 0x0, 0x3f, 0xff,
    0xff, 0xff, 0xff, 0xf8, 0x0, 0x0, 0xff, 0xff,
    0xff, 0xff, 0xf9, 0x0, 0x0, 0x0,

    /* U+0045 "E" */
    0x3f, 0xff, 0xff, 0xff, 0xff, 0xff, 0xff, 0xf,
    0xff, 0xff, 0xff, 0xff, 0xff, 0xff, 0xc3, 0xff,
    0xff, 0xff, 0xff, 0xff, 0xff, 0xf0, 0xff, 0xff,
    0xff, 0xff, 0xff, 0xff, 0xfc, 0x3f, 0xff, 0xff,
    0xff, 0xff, 0xff, 0xff, 0xf, 0xff, 0xff, 0xff,
    0xff, 0xff, 0xff, 0xc3, 0xff, 0xf0, 0x0, 0x0,
    0x0, 0x0, 0x0, 0xff, 0xfc, 0x0, 0x0, 0x0,
    0x0, 0x0, 0x3f, 0xff, 0x0, 0x0, 0x0, 0x0,
    0x0, 0xf, 0xff, 0xc0, 0x0, 0x0, 0x0, 0x0,
    0x3, 0xff, 0xf0, 0x0, 0x0, 0x0, 0x0, 0x0,
    0xff, 0xfc, 0x0, 0x0, 0x0, 0x0, 0x0, 0x3f,
    0xff, 0x0, 0x0, 0x0, 0x0, 0x0, 0xf, 0xff,
    0xc0, 0x0, 0x0, 0x0, 0x0, 0x3, 0xff, 0xf0,
    0x0, 0x0, 0x0, 0x0, 0x0, 0xff, 0xfc, 0x0,
    0x0, 0x0, 0x0, 0x0, 0x3f, 0xff, 0x0, 0x0,
    0x0, 0x0, 0x0, 0xf, 0xff, 0xc0, 0x0, 0x0,
    0x0, 0x0, 0x3, 0xff, 0xff, 0xff, 0xff, 0xff,
    0xfd, 0x0, 0xff, 0xff, 0xff, 0xff, 0xff, 0xff,
    0x40, 0x3f, 0xff, 0xff, 0xff, 0xff, 0xff, 0xd0,
    0xf, 0xff, 0xff, 0xff, 0xff, 0xff, 0xf4, 0x3,
    0xff, 0xff, 0xff, 0xff, 0xff, 0xfd, 0x0, 0xff,
    0xff, 0xff, 0xff, 0xff, 0xff, 0x40, 0x3f, 0xff,
    0x0, 0x0, 0x0, 0x0, 0x0, 0xf, 0xff, 0xc0,
    0x0, 0x0, 0x0, 0x0, 0x3, 0xff, 0xf0, 0x0,
    0x0, 0x0, 0x0, 0x0, 0xff, 0xfc, 0x0, 0x0,
    0x0, 0x0, 0x0, 0x3f, 0xff, 0x0, 0x0, 0x0,
    0x0, 0x0, 0xf, 0xff, 0xc0, 0x0, 0x0, 0x0,
    0x0, 0x3, 0xff, 0xf0, 0x0, 0x0, 0x0, 0x0,
    0x0, 0xff, 0xfc, 0x0, 0x0, 0x0, 0x0, 0x0,
    0x3f, 0xff, 0x0, 0x0, 0x0, 0x0, 0x0, 0xf,
    0xff, 0xc0, 0x0, 0x0, 0x0, 0x0, 0x3, 0xff,
    0xf0, 0x0, 0x0, 0x0, 0x0, 0x0, 0xff, 0xfc,
    0x0, 0x0, 0x0, 0x0, 0x0, 0x3f, 0xff, 0xff,
    0xff, 0xff, 0xff, 0xff, 0xf, 0xff, 0xff, 0xff,
    0xff, 0xff, 0xff, 0xc3, 0xff, 0xff, 0xff, 0xff,
    0xff, 0xff, 0xf0, 0xff, 0xff, 0xff, 0xff, 0xff,
    0xff, 0xfc, 0x3f, 0xff, 0xff, 0xff, 0xff, 0xff,
    0xff, 0xf, 0xff, 0xff, 0xff, 0xff, 0xff, 0xff,
    0xc0,

    /* U+0046 "F" */
    0x3f, 0xff, 0xff, 0xff, 0xff, 0xff, 0xff, 0xf,
    0xff, 0xff, 0xff, 0xff, 0xff, 0xff, 0xc3, 0xff,
    0xff, 0xff, 0xff, 0xff, 0xff, 0xf0, 0xff, 0xff,
    0xff, 0xff, 0xff, 0xff, 0xfc, 0x3f, 0xff, 0xff,
    0xff, 0xff, 0xff, 0xff, 0xf, 0xff, 0xff, 0xff,
    0xff, 0xff, 0xff, 0xc3, 0xff, 0xf0, 0x0, 0x0,
    0x0, 0x0, 0x0, 0xff, 0xfc, 0x0, 0x0, 0x0,
    0x0, 0x0, 0x3f, 0xff, 0x0, 0x0, 0x0, 0x0,
    0x0, 0xf, 0xff, 0xc0, 0x0, 0x0, 0x0, 0x0,
    0x3, 0xff, 0xf0, 0x0, 0x0, 0x0, 0x0, 0x0,
    0xff, 0xfc, 0x0, 0x0, 0x0, 0x0, 0x0, 0x3f,
    0xff, 0x0, 0x0, 0x0, 0x0, 0x0, 0xf, 0xff,
    0xc0, 0x0, 0x0, 0x0, 0x0, 0x3, 0xff, 0xf0,
    0x0, 0x0, 0x0, 0x0, 0x0, 0xff, 0xfc, 0x0,
    0x0, 0x0, 0x0, 0x0, 0x3f, 0xff, 0x0, 0x0,
    0x0, 0x0, 0x0, 0xf, 0xff, 0xc0, 0x0, 0x0,
    0x0, 0x0, 0x3, 0xff, 0xff, 0xff, 0xff, 0xff,
    0xfd, 0x0, 0xff, 0xff, 0xff, 0xff, 0xff, 0xff,
    0x40, 0x3f, 0xff, 0xff, 0xff, 0xff, 0xff, 0xd0,
    0xf, 0xff, 0xff, 0xff, 0xff, 0xff, 0xf4, 0x3,
    0xff, 0xff, 0xff, 0xff, 0xff, 0xfd, 0x0, 0xff,
    0xff, 0xff, 0xff, 0xff, 0xff, 0x40, 0x3f, 0xff,
    0x0, 0x0, 0x0, 0x0, 0x0, 0xf, 0xff, 0xc0,
    0x0, 0x0, 0x0, 0x0, 0x3, 0xff, 0xf0, 0x0,
    0x0, 0x0, 0x0, 0x0, 0xff, 0xfc, 0x0, 0x0,
    0x0, 0x0, 0x0, 0x3f, 0xff, 0x0, 0x0, 0x0,
    0x0, 0x0, 0xf, 0xff, 0xc0, 0x0, 0x0, 0x0,
    0x0, 0x3, 0xff, 0xf0, 0x0, 0x0, 0x0, 0x0,
    0x0, 0xff, 0xfc, 0x0, 0x0, 0x0, 0x0, 0x0,
    0x3f, 0xff, 0x0, 0x0, 0x0, 0x0, 0x0, 0xf,
    0xff, 0xc0, 0x0, 0x0, 0x0, 0x0, 0x3, 0xff,
    0xf0, 0x0, 0x0, 0x0, 0x0, 0x0, 0xff, 0xfc,
    0x0, 0x0, 0x0, 0x0, 0x0, 0x3f, 0xff, 0x0,
    0x0, 0x0, 0x0, 0x0, 0xf, 0xff, 0xc0, 0x0,
    0x0, 0x0, 0x0, 0x3, 0xff, 0xf0, 0x0, 0x0,
    0x0, 0x0, 0x0, 0xff, 0xfc, 0x0, 0x0, 0x0,
    0x0, 0x0, 0x3f, 0xff, 0x0, 0x0, 0x0, 0x0,
    0x0, 0xf, 0xff, 0xc0, 0x0, 0x0, 0x0, 0x0,
    0x0,

    /* U+0047 "G" */
    0x0, 0x0, 0x0, 0x0, 0x0, 0x0, 0x0, 0x0,
    0x0, 0x0, 0x2b, 0xff, 0xf9, 0x0, 0x0, 0x0,
    0x0, 0x1f, 0xff, 0xff, 0xff, 0xd0, 0x0, 0x0,
    0x3, 0xff, 0xff, 0xff, 0xff, 0xf0, 0x0, 0x0,
    0x3f, 0xff, 0xff, 0xff, 0xff, 0xf4, 0x0, 0x3,
    0xff, 0xff, 0xff, 0xff, 0xff, 0xf0, 0x0, 0x3f,
    0xff, 0xff, 0xff, 0xff, 0xff, 0xf0, 0x2, 0xff,
    0xff, 0xd0, 0x1, 0xff, 0xff, 0xe0, 0xf, 0xff,
    0xf4, 0x0, 0x0, 0x7f, 0xff, 0xc0, 0x7f, 0xff,
    0x40, 0x0, 0x0, 0x3f, 0xff, 0x82, 0xff, 0xf8,
    0x0, 0x0, 0x0, 0x7f, 0xff, 0xf, 0xff, 0xc0,
    0x0, 0x0, 0x0, 0xff, 0xfc, 0x3f, 0xff, 0x0,
    0x0, 0x0, 0x2, 0xff, 0xf1, 0xff, 0xf8, 0x0,
    0x0, 0x0, 0x7, 0xff, 0xd7, 0xff, 0xd0, 0x0,
    0x0, 0x0, 0x5, 0x55, 0x2f, 0xff, 0x40, 0x0,
    0x0, 0x0, 0x0, 0x0, 0xbf, 0xfc, 0x0, 0x0,
    0x0, 0x0, 0x0, 0x2, 0xff, 0xf0, 0x0, 0x0,
    0x0, 0x0, 0x0, 0xb, 0xff, 0xc0, 0x0, 0x0,
    0x0, 0x0, 0x0, 0x2f, 0xff, 0x0, 0x0, 0x0,
    0x0, 0x0, 0x0, 0xbf, 0xfc, 0x0, 0x0, 0x0,
    0x0, 0x0, 0x2, 0xff, 0xf0, 0x0, 0xb, 0xff,
    0xff, 0xff, 0xdb, 0xff, 0xc0, 0x0, 0x2f, 0xff,
    0xff, 0xff, 0x6f, 0xff, 0x0, 0x0, 0xbf, 0xff,
    0xff, 0xfd, 0xbf, 0xfc, 0x0, 0x2, 0xff, 0xff,
    0xff, 0xf6, 0xff, 0xf0, 0x0, 0xb, 0xff, 0xff,
    0xff, 0xdb, 0xff, 0xc0, 0x0, 0x1a, 0xaa, 0xbf,
    0xff, 0x6f, 0xff, 0x0, 0x0, 0x0, 0x0, 0x7f,
    0xfd, 0xbf, 0xfc, 0x0, 0x0, 0x0, 0x1, 0xff,
    0xf6, 0xff, 0xf4, 0x0, 0x0, 0x0, 0x7, 0xff,
    0xd7, 0xff, 0xd0, 0x0, 0x0, 0x0, 0x1f, 0xff,
    0x5f, 0xff, 0x80, 0x0, 0x0, 0x0, 0x7f, 0xfc,
    0x3f, 0xff, 0x0, 0x0, 0x0, 0x2, 0xff, 0xf0,
    0xff, 0xfc, 0x0, 0x0, 0x0, 0xf, 0xff, 0xc2,
    0xff, 0xf8, 0x0, 0x0, 0x0, 0x7f, 0xfe, 0x7,
    0xff, 0xf4, 0x0, 0x0, 0x3, 0xff, 0xf4, 0xf,
    0xff, 0xf8, 0x0, 0x0, 0x7f, 0xff, 0xc0, 0x2f,
    0xff, 0xfe, 0x50, 0x6f, 0xff, 0xfd, 0x0, 0x3f,
    0xff, 0xff, 0xff, 0xff, 0xff, 0xf0, 0x0, 0x3f,
    0xff, 0xff, 0xff, 0xff, 0xff, 0x0, 0x0, 0x3f,
    0xff, 0xff, 0xff, 0xff, 0xf0, 0x0, 0x0, 0x2f,
    0xff, 0xff, 0xff, 0xfe, 0x0, 0x0, 0x0, 0x1b,
    0xff, 0xff, 0xff, 0x80, 0x0, 0x0, 0x0, 0x1,
    0xbf, 0xff, 0x90, 0x0, 0x0,

    /* U+0048 "H" */
    0x3f, 0xff, 0x0, 0x0, 0x0, 0x1, 0xff, 0xf8,
    0xff, 0xfc, 0x0, 0x0, 0x0, 0x7, 0xff, 0xe3,
    0xff, 0xf0, 0x0, 0x0, 0x0, 0x1f, 0xff, 0x8f,
    0xff, 0xc0, 0x0, 0x0, 0x0, 0x7f, 0xfe, 0x3f,
    0xff, 0x0, 0x0, 0x0, 0x1, 0xff, 0xf8, 0xff,
    0xfc, 0x0, 0x0, 0x0, 0x7, 0xff, 0xe3, 0xff,
    0xf0, 0x0, 0x0, 0x0, 0x1f, 0xff, 0x8f, 0xff,
    0xc0, 0x0, 0x0, 0x0, 0x7f, 0xfe, 0x3f, 0xff,
    0x0, 0x0, 0x0, 0x1, 0xff, 0xf8, 0xff, 0xfc,
    0x0, 0x0, 0x0, 0x7, 0xff, 0xe3, 0xff, 0xf0,
    0x0, 0x0, 0x0, 0x1f, 0xff, 0x8f, 0xff, 0xc0,
    0x0, 0x0, 0x0, 0x7f, 0xfe, 0x3f, 0xff, 0x0,
    0x0, 0x0, 0x1, 0xff, 0xf8, 0xff, 0xfc, 0x0,
    0x0, 0x0, 0x7, 0xff, 0xe3, 0xff, 0xf0, 0x0,
    0x0, 0x0, 0x1f, 0xff, 0x8f, 0xff, 0xc0, 0x0,
    0x0, 0x0, 0x7f, 0xfe, 0x3f, 0xff, 0x0, 0x0,
    0x0, 0x1, 0xff, 0xf8, 0xff, 0xfc, 0x0, 0x0,
    0x0, 0x7, 0xff, 0xe3, 0xff, 0xff, 0xff, 0xff,
    0xff, 0xff, 0xff, 0x8f, 0xff, 0xff, 0xff, 0xff,
    0xff, 0xff, 0xfe, 0x3f, 0xff, 0xff, 0xff, 0xff,
    0xff, 0xff, 0xf8, 0xff, 0xff, 0xff, 0xff, 0xff,
    0xff, 0xff, 0xe3, 0xff, 0xff, 0xff, 0xff, 0xff,
    0xff, 0xff, 0x8f, 0xff, 0xff, 0xff, 0xff, 0xff,
    0xff, 0xfe, 0x3f, 0xff, 0x0, 0x0, 0x0, 0x1,
    0xff, 0xf8, 0xff, 0xfc, 0x0, 0x0, 0x0, 0x7,
    0xff, 0xe3, 0xff, 0xf0, 0x0, 0x0, 0x0, 0x1f,
    0xff, 0x8f, 0xff, 0xc0, 0x0, 0x0, 0x0, 0x7f,
    0xfe, 0x3f, 0xff, 0x0, 0x0, 0x0, 0x1, 0xff,
    0xf8, 0xff, 0xfc, 0x0, 0x0, 0x0, 0x7, 0xff,
    0xe3, 0xff, 0xf0, 0x0, 0x0, 0x0, 0x1f, 0xff,
    0x8f, 0xff, 0xc0, 0x0, 0x0, 0x0, 0x7f, 0xfe,
    0x3f, 0xff, 0x0, 0x0, 0x0, 0x1, 0xff, 0xf8,
    0xff, 0xfc, 0x0, 0x0, 0x0, 0x7, 0xff, 0xe3,
    0xff, 0xf0, 0x0, 0x0, 0x0, 0x1f, 0xff, 0x8f,
    0xff, 0xc0, 0x0, 0x0, 0x0, 0x7f, 0xfe, 0x3f,
    0xff, 0x0, 0x0, 0x0, 0x1, 0xff, 0xf8, 0xff,
    0xfc, 0x0, 0x0, 0x0, 0x7, 0xff, 0xe3, 0xff,
    0xf0, 0x0, 0x0, 0x0, 0x1f, 0xff, 0x8f, 0xff,
    0xc0, 0x0, 0x0, 0x0, 0x7f, 0xfe, 0x3f, 0xff,
    0x0, 0x0, 0x0, 0x1, 0xff, 0xf8, 0xff, 0xfc,
    0x0, 0x0, 0x0, 0x7, 0xff, 0xe0,

    /* U+0049 "I" */
    0xff, 0xff, 0xff, 0xff, 0xff, 0xff, 0xff, 0xff,
    0xff, 0xff, 0xff, 0xff, 0xff, 0xff, 0xff, 0xff,
    0xff, 0xff, 0xff, 0xff, 0xff, 0xff, 0xff, 0xff,
    0xff, 0xff, 0xff, 0xff, 0xff, 0xff, 0xff, 0xff,
    0xff, 0xff, 0xff, 0xff, 0xff, 0xff, 0xff, 0xff,
    0xff, 0xff, 0xff, 0xff, 0xff, 0xff, 0xff, 0xff,
    0xff, 0xff, 0xff, 0xff, 0xff, 0xff, 0xff, 0xff,
    0xff, 0xff, 0xff, 0xff, 0xff, 0xff, 0xff, 0xff,
    0xff, 0xff, 0xff, 0xff, 0xff, 0xff, 0xff, 0xff,
    0xff, 0xf0,

    /* U+004A "J" */
    0x0, 0x1, 0xff, 0xf4, 0x0, 0x7, 0xff, 0xd0,
    0x0, 0x1f, 0xff, 0x40, 0x0, 0x7f, 0xfd, 0x0,
    0x1, 0xff, 0xf4, 0x0, 0x7, 0xff, 0xd0, 0x0,
    0x1f, 0xff, 0x40, 0x0, 0x7f, 0xfd, 0x0, 0x1,
    0xff, 0xf4, 0x0, 0x7, 0xff, 0xd0, 0x0, 0x1f,
    0xff, 0x40, 0x0, 0x7f, 0xfd, 0x0, 0x1, 0xff,
    0xf4, 0x0, 0x7, 0xff, 0xd0, 0x0, 0x1f, 0xff,
    0x40, 0x0, 0x7f, 0xfd, 0x0, 0x1, 0xff, 0xf4,
    0x0, 0x7, 0xff, 0xd0, 0x0, 0x1f, 0xff, 0x40,
    0x0, 0x7f, 0xfd, 0x0, 0x1, 0xff, 0xf4, 0x0,
    0x7, 0xff, 0xd0, 0x0, 0x1f, 0xff, 0x40, 0x0,
    0x7f, 0xfd, 0x0, 0x1, 0xff, 0xf4, 0x0, 0x7,
    0xff, 0xd0, 0x0, 0x1f, 0xff, 0x40, 0x0, 0x7f,
    0xfd, 0x0, 0x1, 0xff, 0xf4, 0x0, 0x7, 0xff,
    0xd0, 0x0, 0x1f, 0xff, 0x40, 0x0, 0x7f, 0xfd,
    0x0, 0x2, 0xff, 0xf4, 0x0, 0xb, 0xff, 0xd0,
    0x0, 0x3f, 0xff, 0x40, 0x7, 0xff, 0xfc, 0x7f,
    0xff, 0xff, 0xf1, 0xff, 0xff, 0xff, 0x47, 0xff,
    0xff, 0xfc, 0x1f, 0xff, 0xff, 0xc0, 0x7f, 0xff,
    0xfc, 0x1, 0xff, 0xfe, 0x40, 0x0,

    /* U+004B "K" */
    0x3f, 0xff, 0x0, 0x0, 0x0, 0x1, 0xff, 0xff,
    0x3, 0xff, 0xf0, 0x0, 0x0, 0x0, 0x3f, 0xff,
    0xc0, 0x3f, 0xff, 0x0, 0x0, 0x0, 0xf, 0xff,
    0xf0, 0x3, 0xff, 0xf0, 0x0, 0x0, 0x2, 0xff,
    0xfd, 0x0, 0x3f, 0xff, 0x0, 0x0, 0x0, 0x7f,
    0xff, 0x80, 0x3, 0xff, 0xf0, 0x0, 0x0, 0xf,
    0xff, 0xf0, 0x0, 0x3f, 0xff, 0x0, 0x0, 0x3,
    0xff, 0xfc, 0x0, 0x3, 0xff, 0xf0, 0x0, 0x0,
    0xbf, 0xff, 0x0, 0x0, 0x3f, 0xff, 0x0, 0x0,
    0x1f, 0xff, 0xd0, 0x0, 0x3, 0xff, 0xf0, 0x0,
    0x3, 0xff, 0xf8, 0x0, 0x0, 0x3f, 0xff, 0x0,
    0x0, 0xff, 0xfe, 0x0, 0x0, 0x3, 0xff, 0xf0,
    0x0, 0x2f, 0xff, 0xc0, 0x0, 0x0, 0x3f, 0xff,
    0x0, 0xb, 0xff, 0xf0, 0x0, 0x0, 0x3, 0xff,
    0xf0, 0x1, 0xff, 0xfd, 0x0, 0x0, 0x0, 0x3f,
    0xff, 0x0, 0x3f, 0xff, 0x80, 0x0, 0x0, 0x3,
    0xff, 0xf0, 0xf, 0xff, 0xe0, 0x0, 0x0, 0x0,
    0x3f, 0xff, 0x2, 0xff, 0xfc, 0x0, 0x0, 0x0,
    0x3, 0xff, 0xf0, 0x7f, 0xff, 0xd0, 0x0, 0x0,
    0x0, 0x3f, 0xff, 0xf, 0xff, 0xff, 0x0, 0x0,
    0x0, 0x3, 0xff, 0xf3, 0xff, 0xff, 0xf4, 0x0,
    0x0, 0x0, 0x3f, 0xff, 0xbf, 0xff, 0xff, 0xc0,
    0x0, 0x0, 0x3, 0xff, 0xff, 0xff, 0xff, 0xfe,
    0x0, 0x0, 0x0, 0x3f, 0xff, 0xff, 0xfb, 0xff,
    0xf0, 0x0, 0x0, 0x3, 0xff, 0xff, 0xfd, 0x3f,
    0xff, 0xc0, 0x0, 0x0, 0x3f, 0xff, 0xff, 0x81,
    0xff, 0xfd, 0x0, 0x0, 0x3, 0xff, 0xff, 0xe0,
    0xb, 0xff, 0xf0, 0x0, 0x0, 0x3f, 0xff, 0xfc,
    0x0, 0x3f, 0xff, 0x80, 0x0, 0x3, 0xff, 0xff,
    0x0, 0x2, 0xff, 0xfc, 0x0, 0x0, 0x3f, 0xff,
    0xd0, 0x0, 0xf, 0xff, 0xe0, 0x0, 0x3, 0xff,
    0xf4, 0x0, 0x0, 0x7f, 0xff, 0x0, 0x0, 0x3f,
    0xff, 0x0, 0x0, 0x3, 0xff, 0xfc, 0x0, 0x3,
    0xff, 0xf0, 0x0, 0x0, 0x1f, 0xff, 0xd0, 0x0,
    0x3f, 0xff, 0x0, 0x0, 0x0, 0xbf, 0xff, 0x0,
    0x3, 0xff, 0xf0, 0x0, 0x0, 0x3, 0xff, 0xf8,
    0x0, 0x3f, 0xff, 0x0, 0x0, 0x0, 0x2f, 0xff,
    0xc0, 0x3, 0xff, 0xf0, 0x0, 0x0, 0x0, 0xff,
    0xfe, 0x0, 0x3f, 0xff, 0x0, 0x0, 0x0, 0x7,
    0xff, 0xf4, 0x3, 0xff, 0xf0, 0x0, 0x0, 0x0,
    0x3f, 0xff, 0xc0, 0x3f, 0xff, 0x0, 0x0, 0x0,
    0x1, 0xff, 0xfd, 0x3, 0xff, 0xf0, 0x0, 0x0,
    0x0, 0xf, 0xff, 0xf0, 0x3f, 0xff, 0x0, 0x0,
    0x0, 0x0, 0x3f, 0xff, 0x83, 0xff, 0xf0, 0x0,
    0x0, 0x0, 0x2, 0xff, 0xfc,

    /* U+004C "L" */
    0x3f, 0xff, 0x0, 0x0, 0x0, 0x0, 0x0, 0x3f,
    0xff, 0x0, 0x0, 0x0, 0x0, 0x0, 0x3f, 0xff,
    0x0, 0x0, 0x0, 0x0, 0x0, 0x3f, 0xff, 0x0,
    0x0, 0x0, 0x0, 0x0, 0x3f, 0xff, 0x0, 0x0,
    0x0, 0x0, 0x0, 0x3f, 0xff, 0x0, 0x0, 0x0,
    0x0, 0x0, 0x3f, 0xff, 0x0, 0x0, 0x0, 0x0,
    0x0, 0x3f, 0xff, 0x0, 0x0, 0x0, 0x0, 0x0,
    0x3f, 0xff, 0x0, 0x0, 0x0, 0x0, 0x0, 0x3f,
    0xff, 0x0, 0x0, 0x0, 0x0, 0x0, 0x3f, 0xff,
    0x0, 0x0, 0x0, 0x0, 0x0, 0x3f, 0xff, 0x0,
    0x0, 0x0, 0x0, 0x0, 0x3f, 0xff, 0x0, 0x0,
    0x0, 0x0, 0x0, 0x3f, 0xff, 0x0, 0x0, 0x0,
    0x0, 0x0, 0x3f, 0xff, 0x0, 0x0, 0x0, 0x0,
    0x0, 0x3f, 0xff, 0x0, 0x0, 0x0, 0x0, 0x0,
    0x3f, 0xff, 0x0, 0x0, 0x0, 0x0, 0x0, 0x3f,
    0xff, 0x0, 0x0, 0x0, 0x0, 0x0, 0x3f, 0xff,
    0x0, 0x0, 0x0, 0x0, 0x0, 0x3f, 0xff, 0x0,
    0x0, 0x0, 0x0, 0x0, 0x3f, 0xff, 0x0, 0x0,
    0x0, 0x0, 0x0, 0x3f, 0xff, 0x0, 0x0, 0x0,
    0x0, 0x0, 0x3f, 0xff, 0x0, 0x0, 0x0, 0x0,
    0x0, 0x3f, 0xff, 0x0, 0x0, 0x0, 0x0, 0x0,
    0x3f, 0xff, 0x0, 0x0, 0x0, 0x0, 0x0, 0x3f,
    0xff, 0x0, 0x0, 0x0, 0x0, 0x0, 0x3f, 0xff,
    0x0, 0x0, 0x0, 0x0, 0x0, 0x3f, 0xff, 0x0,
    0x0, 0x0, 0x0, 0x0, 0x3f, 0xff, 0x0, 0x0,
    0x0, 0x0, 0x0, 0x3f, 0xff, 0x0, 0x0, 0x0,
    0x0, 0x0, 0x3f, 0xff, 0x0, 0x0, 0x0, 0x0,
    0x0, 0x3f, 0xff, 0x0, 0x0, 0x0, 0x0, 0x0,
    0x3f, 0xff, 0x0, 0x0, 0x0, 0x0, 0x0, 0x3f,
    0xff, 0x0, 0x0, 0x0, 0x0, 0x0, 0x3f, 0xff,
    0x0, 0x0, 0x0, 0x0, 0x0, 0x3f, 0xff, 0x0,
    0x0, 0x0, 0x0, 0x0, 0x3f, 0xff, 0xff, 0xff,
    0xff, 0xff, 0xfc, 0x3f, 0xff, 0xff, 0xff, 0xff,
    0xff, 0xfc, 0x3f, 0xff, 0xff, 0xff, 0xff, 0xff,
    0xfc, 0x3f, 0xff, 0xff, 0xff, 0xff, 0xff, 0xfc,
    0x3f, 0xff, 0xff, 0xff, 0xff, 0xff, 0xfc, 0x3f,
    0xff, 0xff, 0xff, 0xff, 0xff, 0xfc,

    /* U+004D "M" */
    0xbf, 0xfe, 0x0, 0x0, 0x0, 0x0, 0x0, 0xb,
    0xff, 0xdb, 0xff, 0xf0, 0x0, 0x0, 0x0, 0x0,
    0x0, 0xff, 0xfd, 0xbf, 0xff, 0x40, 0x0, 0x0,
    0x0, 0x0, 0x1f, 0xff, 0xdb, 0xff, 0xfc, 0x0,
    0x0, 0x0, 0x0, 0x3, 0xff, 0xfd, 0xbf, 0xff,
    0xd0, 0x0, 0x0, 0x0, 0x0, 0x7f, 0xff, 0xdb,
    0xff, 0xff, 0x0, 0x0, 0x0, 0x0, 0xf, 0xff,
    0xfd, 0xbf, 0xff, 0xf4, 0x0, 0x0, 0x0, 0x1,
    0xff, 0xff, 0xdb, 0xff, 0xff, 0xc0, 0x0, 0x0,
    0x0, 0x3f, 0xff, 0xfd, 0xbf, 0xff, 0xfd, 0x0,
    0x0, 0x0, 0x7, 0xff, 0xff, 0xdb, 0xff, 0xff,
    0xf0, 0x0, 0x0, 0x0, 0xff, 0xff, 0xfd, 0xbf,
    0xff, 0xff, 0x0, 0x0, 0x0, 0xf, 0xff, 0xff,
    0xdb, 0xff, 0xff, 0xf8, 0x0, 0x0, 0x2, 0xff,
    0xff, 0xfd, 0xbf, 0xff, 0xff, 0xc0, 0x0, 0x0,
    0x3f, 0xff, 0xff, 0xdb, 0xff, 0xff, 0xfe, 0x0,
    0x0, 0xb, 0xff, 0xff, 0xfd, 0xbf, 0xff, 0xff,
    0xf0, 0x0, 0x0, 0xff, 0xff, 0xff, 0xdb, 0xff,
    0xdf, 0xff, 0x80, 0x0, 0x2f, 0xff, 0x7f, 0xfd,
    0xbf, 0xfd, 0xbf, 0xfc, 0x0, 0x3, 0xff, 0xe7,
    0xff, 0xdb, 0xff, 0xd3, 0xff, 0xe0, 0x0, 0x7f,
    0xfc, 0x7f, 0xfd, 0xbf, 0xfd, 0x2f, 0xff, 0x0,
    0xf, 0xff, 0x87, 0xff, 0xdb, 0xff, 0xd0, 0xff,
    0xf4, 0x1, 0xff, 0xf0, 0x7f, 0xfd, 0xbf, 0xfd,
    0xb, 0xff, 0xc0, 0x3f, 0xff, 0x7, 0xff, 0xdb,
    0xff, 0xd0, 0x3f, 0xfd, 0x7, 0xff, 0xd0, 0x7f,
    0xfd, 0xbf, 0xfd, 0x3, 0xff, 0xf0, 0xff, 0xfc,
    0x7, 0xff, 0xdb, 0xff, 0xd0, 0x1f, 0xff, 0x5f,
    0xff, 0x40, 0x7f, 0xfd, 0xbf, 0xfd, 0x0, 0xff,
    0xfe, 0xff, 0xf0, 0x7, 0xff, 0xdb, 0xff, 0xd0,
    0x7, 0xff, 0xff, 0xfd, 0x0, 0x7f, 0xfd, 0xbf,
    0xfd, 0x0, 0x3f, 0xff, 0xff, 0xc0, 0x7, 0xff,
    0xdb, 0xff, 0xd0, 0x1, 0xff, 0xff, 0xf4, 0x0,
    0x7f, 0xfd, 0xbf, 0xfd, 0x0, 0xf, 0xff, 0xff,
    0x0, 0x7, 0xff, 0xdb, 0xff, 0xd0, 0x0, 0x7f,
    0xff, 0xd0, 0x0, 0x7f, 0xfd, 0xbf, 0xfd, 0x0,
    0x3, 0xff, 0xfc, 0x0, 0x7, 0xff, 0xdb, 0xff,
    0xd0, 0x0, 0x1f, 0xff, 0x40, 0x0, 0x7f, 0xfd,
    0xbf, 0xfd, 0x0, 0x0, 0xff, 0xf0, 0x0, 0x7,
    0xff, 0xdb, 0xff, 0xd0, 0x0, 0x7, 0xfd, 0x0,
    0x0, 0x7f, 0xfd, 0xbf, 0xfd, 0x0, 0x0, 0x0,
    0x0, 0x0, 0x7, 0xff, 0xdb, 0xff, 0xd0, 0x0,
    0x0, 0x0, 0x0, 0x0, 0x7f, 0xfd, 0xbf, 0xfd,
    0x0, 0x0, 0x0, 0x0, 0x0, 0x7, 0xff, 0xdb,
    0xff, 0xd0, 0x0, 0x0, 0x0, 0x0, 0x0, 0x7f,
    0xfd, 0xbf, 0xfd, 0x0, 0x0, 0x0, 0x0, 0x0,
    0x7, 0xff, 0xdb, 0xff, 0xd0, 0x0, 0x0, 0x0,
    0x0, 0x0, 0x7f, 0xfd, 0xbf, 0xfd, 0x0, 0x0,
    0x0, 0x0, 0x0, 0x7, 0xff, 0xdb, 0xff, 0xd0,
    0x0, 0x0, 0x0, 0x0, 0x0, 0x7f, 0xfd,

    /* U+004E "N" */
    0x3f, 0xff, 0x0, 0x0, 0x0, 0x0, 0x2f, 0xff,
    0x4f, 0xff, 0xf0, 0x0, 0x0, 0x0, 0xb, 0xff,
    0xd3, 0xff, 0xfd, 0x0, 0x0, 0x0, 0x2, 0xff,
    0xf4, 0xff, 0xff, 0xc0, 0x0, 0x0, 0x0, 0xbf,
    0xfd, 0x3f, 0xff, 0xf8, 0x0, 0x0, 0x0, 0x2f,
    0xff, 0x4f, 0xff, 0xff, 0x0, 0x0, 0x0, 0xb,
    0xff, 0xd3, 0xff, 0xff, 0xf0, 0x0, 0x0, 0x2,
    0xff, 0xf4, 0xff, 0xff, 0xfd, 0x0, 0x0, 0x0,
    0xbf, 0xfd, 0x3f, 0xff, 0xff, 0xc0, 0x0, 0x0,
    0x2f, 0xff, 0x4f, 0xff, 0xff, 0xf8, 0x0, 0x0,
    0xb, 0xff, 0xd3, 0xff, 0xff, 0xff, 0x40, 0x0,
    0x2, 0xff, 0xf4, 0xff, 0xff, 0xff, 0xf0, 0x0,
    0x0, 0xbf, 0xfd, 0x3f, 0xff, 0xff, 0xfd, 0x0,
    0x0, 0x2f, 0xff, 0x4f, 0xff, 0xff, 0xff, 0xc0,
    0x0, 0xb, 0xff, 0xd3, 0xff, 0xf7, 0xff, 0xf8,
    0x0, 0x2, 0xff, 0xf4, 0xff, 0xfc, 0xff, 0xff,
    0x40, 0x0, 0xbf, 0xfd, 0x3f, 0xff, 0xf, 0xff,
    0xf0, 0x0, 0x2f, 0xff, 0x4f, 0xff, 0xc2, 0xff,
    0xfe, 0x0, 0xb, 0xff, 0xd3, 0xff, 0xf0, 0x3f,
    0xff, 0xc0, 0x2, 0xff, 0xf4, 0xff, 0xfc, 0x7,
    0xff, 0xf8, 0x0, 0xbf, 0xfd, 0x3f, 0xff, 0x0,
    0xbf, 0xff, 0x40, 0x2f, 0xff, 0x4f, 0xff, 0xc0,
    0xf, 0xff, 0xf0, 0xb, 0xff, 0xd3, 0xff, 0xf0,
    0x2, 0xff, 0xfe, 0x2, 0xff, 0xf4, 0xff, 0xfc,
    0x0, 0x3f, 0xff, 0xc0, 0xbf, 0xfd, 0x3f, 0xff,
    0x0, 0x7, 0xff, 0xfc, 0x2f, 0xff, 0x4f, 0xff,
    0xc0, 0x0, 0xbf, 0xff, 0x4b, 0xff, 0xd3, 0xff,
    0xf0, 0x0, 0xf, 0xff, 0xf2, 0xff, 0xf4, 0xff,
    0xfc, 0x0, 0x1, 0xff, 0xfe, 0xbf, 0xfd, 0x3f,
    0xff, 0x0, 0x0, 0x3f, 0xff, 0xff, 0xff, 0x4f,
    0xff, 0xc0, 0x0, 0x3, 0xff, 0xff, 0xff, 0xd3,
    0xff, 0xf0, 0x0, 0x0, 0xbf, 0xff, 0xff, 0xf4,
    0xff, 0xfc, 0x0, 0x0, 0xf, 0xff, 0xff, 0xfd,
    0x3f, 0xff, 0x0, 0x0, 0x1, 0xff, 0xff, 0xff,
    0x4f, 0xff, 0xc0, 0x0, 0x0, 0x3f, 0xff, 0xff,
    0xd3, 0xff, 0xf0, 0x0, 0x0, 0x3, 0xff, 0xff,
    0xf4, 0xff, 0xfc, 0x0, 0x0, 0x0, 0xbf, 0xff,
    0xfd, 0x3f, 0xff, 0x0, 0x0, 0x0, 0xf, 0xff,
    0xff, 0x4f, 0xff, 0xc0, 0x0, 0x0, 0x1, 0xff,
    0xff, 0xd3, 0xff, 0xf0, 0x0, 0x0, 0x0, 0x2f,
    0xff, 0xf4, 0xff, 0xfc, 0x0, 0x0, 0x0, 0x3,
    0xff, 0xfd, 0x3f, 0xff, 0x0, 0x0, 0x0, 0x0,
    0x7f, 0xff, 0x4f, 0xff, 0xc0, 0x0, 0x0, 0x0,
    0xf, 0xff, 0xd0,

    /* U+004F "O" */
    0x0, 0x0, 0x0, 0x0, 0x0, 0x0, 0x0, 0x0,
    0x0, 0x0, 0x2b, 0xff, 0xf9, 0x0, 0x0, 0x0,
    0x0, 0x1f, 0xff, 0xff, 0xff, 0x80, 0x0, 0x0,
    0x3, 0xff, 0xff, 0xff, 0xff, 0xe0, 0x0, 0x0,
    0x3f, 0xff, 0xff, 0xff, 0xff, 0xf0, 0x0, 0x3,
    0xff, 0xff, 0xff, 0xff, 0xff, 0xf0, 0x0, 0x3f,
    0xff, 0xff, 0xff, 0xff, 0xff, 0xe0, 0x2, 0xff,
    0xff, 0xd0, 0x1, 0xff, 0xff, 0xd0, 0xf, 0xff,
    0xf4, 0x0, 0x0, 0xbf, 0xff, 0xc0, 0x7f, 0xff,
    0x40, 0x0, 0x0, 0xbf, 0xff, 0x2, 0xff, 0xf8,
    0x0, 0x0, 0x0, 0xff, 0xfe, 0xf, 0xff, 0xc0,
    0x0, 0x0, 0x1, 0xff, 0xfc, 0x3f, 0xff, 0x0,
    0x0, 0x0, 0x3, 0xff, 0xf1, 0xff, 0xf8, 0x0,
    0x0, 0x0, 0xf, 0xff, 0xc7, 0xff, 0xd0, 0x0,
    0x0, 0x0, 0x2f, 0xff, 0x6f, 0xff, 0x40, 0x0,
    0x0, 0x0, 0x7f, 0xfd, 0xbf, 0xfc, 0x0, 0x0,
    0x0, 0x1, 0xff, 0xf6, 0xff, 0xf0, 0x0, 0x0,
    0x0, 0x7, 0xff, 0xdb, 0xff, 0xc0, 0x0, 0x0,
    0x0, 0x1f, 0xff, 0x6f, 0xff, 0x0, 0x0, 0x0,
    0x0, 0x7f, 0xfd, 0xbf, 0xfc, 0x0, 0x0, 0x0,
    0x1, 0xff, 0xf6, 0xff, 0xf0, 0x0, 0x0, 0x0,
    0x7, 0xff, 0xdb, 0xff, 0xc0, 0x0, 0x0, 0x0,
    0x1f, 0xff, 0x6f, 0xff, 0x0, 0x0, 0x0, 0x0,
    0x7f, 0xfd, 0xbf, 0xfc, 0x0, 0x0, 0x0, 0x1,
    0xff, 0xf6, 0xff, 0xf0, 0x0, 0x0, 0x0, 0x7,
    0xff, 0xdb, 0xff, 0xc0, 0x0, 0x0, 0x0, 0x1f,
    0xff, 0x6f, 0xff, 0x0, 0x0, 0x0, 0x0, 0x7f,
    0xfd, 0xbf, 0xfc, 0x0, 0x0, 0x0, 0x1, 0xff,
    0xf6, 0xff, 0xf4, 0x0, 0x0, 0x0, 0x7, 0xff,
    0xd7, 0xff, 0xd0, 0x0, 0x0, 0x0, 0x2f, 0xff,
    0x5f, 0xff, 0x80, 0x0, 0x0, 0x0, 0xff, 0xfc,
    0x3f, 0xff, 0x0, 0x0, 0x0, 0x3, 0xff, 0xf0,
    0xff, 0xfc, 0x0, 0x0, 0x0, 0x1f, 0xff, 0xc2,
    0xff, 0xf8, 0x0, 0x0, 0x0, 0xff, 0xfe, 0x7,
    0xff, 0xf4, 0x0, 0x0, 0xb, 0xff, 0xf0, 0xf,
    0xff, 0xf4, 0x0, 0x0, 0xbf, 0xff, 0xc0, 0x2f,
    0xff, 0xfe, 0x41, 0x6f, 0xff, 0xfc, 0x0, 0x3f,
    0xff, 0xff, 0xff, 0xff, 0xff, 0xe0, 0x0, 0x3f,
    0xff, 0xff, 0xff, 0xff, 0xff, 0x0, 0x0, 0x3f,
    0xff, 0xff, 0xff, 0xff, 0xf0, 0x0, 0x0, 0x3f,
    0xff, 0xff, 0xff, 0xfe, 0x0, 0x0, 0x0, 0x1f,
    0xff, 0xff, 0xff, 0x80, 0x0, 0x0, 0x0, 0x1,
    0xbf, 0xfe, 0x90, 0x0, 0x0,

    /* U+0050 "P" */
    0x3f, 0xff, 0xff, 0xff, 0xff, 0x90, 0x0, 0x0,
    0xff, 0xff, 0xff, 0xff, 0xff, 0xf8, 0x0, 0x3,
    0xff, 0xff, 0xff, 0xff, 0xff, 0xfd, 0x0, 0xf,
    0xff, 0xff, 0xff, 0xff, 0xff, 0xfe, 0x0, 0x3f,
    0xff, 0xff, 0xff, 0xff, 0xff, 0xfe, 0x0, 0xff,
    0xff, 0xff, 0xff, 0xff, 0xff, 0xfd, 0x3, 0xff,
    0xf0, 0x0, 0x0, 0x6f, 0xff, 0xfc, 0xf, 0xff,
    0xc0, 0x0, 0x0, 0xf, 0xff, 0xf4, 0x3f, 0xff,
    0x0, 0x0, 0x0, 0xf, 0xff, 0xe0, 0xff, 0xfc,
    0x0, 0x0, 0x0, 0x1f, 0xff, 0xc3, 0xff, 0xf0,
    0x0, 0x0, 0x0, 0x3f, 0xff, 0xf, 0xff, 0xc0,
    0x0, 0x0, 0x0, 0xff, 0xfc, 0x3f, 0xff, 0x0,
    0x0, 0x0, 0x2, 0xff, 0xf0, 0xff, 0xfc, 0x0,
    0x0, 0x0, 0xb, 0xff, 0xc3, 0xff, 0xf0, 0x0,
    0x0, 0x0, 0x3f, 0xff, 0xf, 0xff, 0xc0, 0x0,
    0x0, 0x0, 0xff, 0xfc, 0x3f, 0xff, 0x0, 0x0,
    0x0, 0xf, 0xff, 0xe0, 0xff, 0xfc, 0x0, 0x0,
    0x0, 0xbf, 0xff, 0x43, 0xff, 0xf0, 0x0, 0x0,
    0x6f, 0xff, 0xfc, 0xf, 0xff, 0xff, 0xff, 0xff,
    0xff, 0xff, 0xd0, 0x3f, 0xff, 0xff, 0xff, 0xff,
    0xff, 0xfe, 0x0, 0xff, 0xff, 0xff, 0xff, 0xff,
    0xff, 0xe0, 0x3, 0xff, 0xff, 0xff, 0xff, 0xff,
    0xfd, 0x0, 0xf, 0xff, 0xff, 0xff, 0xff, 0xff,
    0x80, 0x0, 0x3f, 0xff, 0xff, 0xff, 0xff, 0x90,
    0x0, 0x0, 0xff, 0xfc, 0x0, 0x0, 0x0, 0x0,
    0x0, 0x3, 0xff, 0xf0, 0x0, 0x0, 0x0, 0x0,
    0x0, 0xf, 0xff, 0xc0, 0x0, 0x0, 0x0, 0x0,
    0x0, 0x3f, 0xff, 0x0, 0x0, 0x0, 0x0, 0x0,
    0x0, 0xff, 0xfc, 0x0, 0x0, 0x0, 0x0, 0x0,
    0x3, 0xff, 0xf0, 0x0, 0x0, 0x0, 0x0, 0x0,
    0xf, 0xff, 0xc0, 0x0, 0x0, 0x0, 0x0, 0x0,
    0x3f, 0xff, 0x0, 0x0, 0x0, 0x0, 0x0, 0x0,
    0xff, 0xfc, 0x0, 0x0, 0x0, 0x0, 0x0, 0x3,
    0xff, 0xf0, 0x0, 0x0, 0x0, 0x0, 0x0, 0xf,
    0xff, 0xc0, 0x0, 0x0, 0x0, 0x0, 0x0, 0x3f,
    0xff, 0x0, 0x0, 0x0, 0x0, 0x0, 0x0, 0xff,
    0xfc, 0x0, 0x0, 0x0, 0x0, 0x0, 0x3, 0xff,
    0xf0, 0x0, 0x0, 0x0, 0x0, 0x0, 0xf, 0xff,
    0xc0, 0x0, 0x0, 0x0, 0x0, 0x0, 0x3f, 0xff,
    0x0, 0x0, 0x0, 0x0, 0x0, 0x0, 0xff, 0xfc,
    0x0, 0x0, 0x0, 0x0, 0x0, 0x0,

    /* U+0051 "Q" */
    0x0, 0x0, 0x0, 0x0, 0x0, 0x0, 0x0, 0x0,
    0x0, 0x0, 0x2b, 0xff, 0xf9, 0x0, 0x0, 0x0,
    0x0, 0x1f, 0xff, 0xff, 0xff, 0x80, 0x0, 0x0,
    0x3, 0xff, 0xff, 0xff, 0xff, 0xe0, 0x0, 0x0,
    0x3f, 0xff, 0xff, 0xff, 0xff, 0xf0, 0x0, 0x3,
    0xff, 0xff, 0xff, 0xff, 0xff, 0xf0, 0x0, 0x3f,
    0xff, 0xff, 0xff, 0xff, 0xff, 0xe0, 0x2, 0xff,
    0xff, 0xd0, 0x1, 0xff, 0xff, 0xd0, 0xf, 0xff,
    0xf4, 0x0, 0x0, 0xbf, 0xff, 0xc0, 0x7f, 0xff,
    0x40, 0x0, 0x0, 0xbf, 0xff, 0x2, 0xff, 0xf8,
    0x0, 0x0, 0x0, 0xff, 0xfe, 0xf, 0xff, 0xc0,
    0x0, 0x0, 0x1, 0xff, 0xfc, 0x3f, 0xff, 0x0,
    0x0, 0x0, 0x3, 0xff, 0xf1, 0xff, 0xf8, 0x0,
    0x0, 0x0, 0xf, 0xff, 0xc7, 0xff, 0xd0, 0x0,
    0x0, 0x0, 0x2f, 0xff, 0x6f, 0xff, 0x40, 0x0,
    0x0, 0x0, 0x7f, 0xfd, 0xbf, 0xfc, 0x0, 0x0,
    0x0, 0x1, 0xff, 0xf6, 0xff, 0xf0, 0x0, 0x0,
    0x0, 0x7, 0xff, 0xdb, 0xff, 0xc0, 0x0, 0x0,
    0x0, 0x1f, 0xff, 0x6f, 0xff, 0x0, 0x0, 0x0,
    0x0, 0x7f, 0xfd, 0xbf, 0xfc, 0x0, 0x0, 0x0,
    0x1, 0xff, 0xf6, 0xff, 0xf0, 0x0, 0x0, 0x0,
    0x7, 0xff, 0xdb, 0xff, 0xc0, 0x0, 0x0, 0x0,
    0x1f, 0xff, 0x6f, 0xff, 0x0, 0x0, 0x0, 0x0,
    0x7f, 0xfd, 0xbf, 0xfc, 0x0, 0x0, 0x0, 0x1,
    0xff, 0xf6, 0xff, 0xf0, 0x0, 0x0, 0x0, 0x7,
    0xff, 0xdb, 0xff, 0xc0, 0x0, 0x0, 0x0, 0x1f,
    0xff, 0x6f, 0xff, 0x0, 0x0, 0x0, 0x0, 0x7f,
    0xfd, 0xbf, 0xfc, 0x0, 0x0, 0x0, 0x1, 0xff,
    0xf6, 0xff, 0xf4, 0x0, 0x0, 0x0, 0x7, 0xff,
    0xd7, 0xff, 0xd0, 0x0, 0x0, 0x0, 0x2f, 0xff,
    0x5f, 0xff, 0x80, 0x0, 0x0, 0x0, 0xff, 0xfc,
    0x3f, 0xff, 0x0, 0x0, 0x0, 0x3, 0xff, 0xf0,
    0xff, 0xfc, 0x0, 0x0, 0x0, 0x1f, 0xff, 0xc2,
    0xff, 0xf8, 0x0, 0x0, 0x0, 0xff, 0xfe, 0x7,
    0xff, 0xf4, 0x0, 0x0, 0xb, 0xff, 0xf0, 0xf,
    0xff, 0xf4, 0x0, 0x0, 0xbf, 0xff, 0xc0, 0x2f,
    0xff, 0xfe, 0x40, 0x6f, 0xff, 0xfd, 0x0, 0x3f,
    0xff, 0xff, 0xff, 0xff, 0xff, 0xe0, 0x0, 0x3f,
    0xff, 0xff, 0xff, 0xff, 0xff, 0x0, 0x0, 0x3f,
    0xff, 0xff, 0xff, 0xff, 0xf0, 0x0, 0x0, 0x3f,
    0xff, 0xff, 0xff, 0xfe, 0x0, 0x0, 0x0, 0x1f,
    0xff, 0xff, 0xff, 0xfc, 0x0, 0x0, 0x0, 0x1,
    0xbf, 0xff, 0xff, 0xf4, 0x0, 0x0, 0x0, 0x0,
    0x0, 0x3, 0xff, 0xf0, 0x0, 0x0, 0x0, 0x0,
    0x0, 0x7, 0xff, 0xd0, 0x0, 0x0, 0x0, 0x0,
    0x0, 0xf, 0xff, 0xc0, 0x0, 0x0, 0x0, 0x0,
    0x0, 0x1f, 0xff, 0x40, 0x0, 0x0, 0x0, 0x0,
    0x0, 0x3f, 0xff, 0x0, 0x0, 0x0, 0x0, 0x0,
    0x0, 0x7f, 0xfe, 0x0, 0x0, 0x0, 0x0, 0x0,
    0x0, 0xff, 0xf0, 0x0, 0x0, 0x0, 0x0, 0x0,
    0x0, 0xfd, 0x0, 0x0, 0x0, 0x0, 0x0, 0x0,
    0x2, 0x40, 0x0,

    /* U+0052 "R" */
    0x3f, 0xff, 0xff, 0xff, 0xff, 0x90, 0x0, 0x0,
    0x3f, 0xff, 0xff, 0xff, 0xff, 0xfe, 0x0, 0x0,
    0x3f, 0xff, 0xff, 0xff, 0xff, 0xff, 0xd0, 0x0,
    0x3f, 0xff, 0xff, 0xff, 0xff, 0xff, 0xf8, 0x0,
    0x3f, 0xff, 0xff, 0xff, 0xff, 0xff, 0xfe, 0x0,
    0x3f, 0xff, 0xff, 0xff, 0xff, 0xff, 0xff, 0x40,
    0x3f, 0xff, 0x0, 0x0, 0x6, 0xff, 0xff, 0xc0,
    0x3f, 0xff, 0x0, 0x0, 0x0, 0x2f, 0xff, 0xd0,
    0x3f, 0xff, 0x0, 0x0, 0x0, 0xf, 0xff, 0xe0,
    0x3f, 0xff, 0x0, 0x0, 0x0, 0x7, 0xff, 0xf0,
    0x3f, 0xff, 0x0, 0x0, 0x0, 0x3, 0xff, 0xf0,
    0x3f, 0xff, 0x0, 0x0, 0x0, 0x3, 0xff, 0xf0,
    0x3f, 0xff, 0x0, 0x0, 0x0, 0x3, 0xff, 0xf0,
    0x3f, 0xff, 0x0, 0x0, 0x0, 0x3, 0xff, 0xf0,
    0x3f, 0xff, 0x0, 0x0, 0x0, 0x3, 0xff, 0xf0,
    0x3f, 0xff, 0x0, 0x0, 0x0, 0x7, 0xff, 0xf0,
    0x3f, 0xff, 0x0, 0x0, 0x0, 0xf, 0xff, 0xe0,
    0x3f, 0xff, 0x0, 0x0, 0x0, 0x3f, 0xff, 0xc0,
    0x3f, 0xff, 0x0, 0x0, 0x2, 0xff, 0xff, 0x80,
    0x3f, 0xff, 0xff, 0xff, 0xff, 0xff, 0xff, 0x0,
    0x3f, 0xff, 0xff, 0xff, 0xff, 0xff, 0xfd, 0x0,
    0x3f, 0xff, 0xff, 0xff, 0xff, 0xff, 0xf4, 0x0,
    0x3f, 0xff, 0xff, 0xff, 0xff, 0xff, 0x80, 0x0,
    0x3f, 0xff, 0xff, 0xff, 0xff, 0xf8, 0x0, 0x0,
    0x3f, 0xff, 0xaa, 0xab, 0xff, 0xf8, 0x0, 0x0,
    0x3f, 0xff, 0x0, 0x1, 0xff, 0xfc, 0x0, 0x0,
    0x3f, 0xff, 0x0, 0x0, 0xff, 0xfe, 0x0, 0x0,
    0x3f, 0xff, 0x0, 0x0, 0x7f, 0xff, 0x0, 0x0,
    0x3f, 0xff, 0x0, 0x0, 0x3f, 0xff, 0x80, 0x0,
    0x3f, 0xff, 0x0, 0x0, 0x1f, 0xff, 0xc0, 0x0,
    0x3f, 0xff, 0x0, 0x0, 0xf, 0xff, 0xe0, 0x0,
    0x3f, 0xff, 0x0, 0x0, 0x7, 0xff, 0xf0, 0x0,
    0x3f, 0xff, 0x0, 0x0, 0x3, 0xff, 0xf8, 0x0,
    0x3f, 0xff, 0x0, 0x0, 0x1, 0xff, 0xfc, 0x0,
    0x3f, 0xff, 0x0, 0x0, 0x0, 0xff, 0xfe, 0x0,
    0x3f, 0xff, 0x0, 0x0, 0x0, 0x7f, 0xff, 0x0,
    0x3f, 0xff, 0x0, 0x0, 0x0, 0x3f, 0xff, 0x80,
    0x3f, 0xff, 0x0, 0x0, 0x0, 0x2f, 0xff, 0xc0,
    0x3f, 0xff, 0x0, 0x0, 0x0, 0xf, 0xff, 0xe0,
    0x3f, 0xff, 0x0, 0x0, 0x0, 0xb, 0xff, 0xf4,
    0x3f, 0xff, 0x0, 0x0, 0x0, 0x3, 0xff, 0xfc,
    0x3f, 0xff, 0x0, 0x0, 0x0, 0x2, 0xff, 0xfd,

    /* U+0053 "S" */
    0x0, 0x0, 0x6, 0xff, 0xfe, 0x40, 0x0, 0x0,
    0x0, 0x2, 0xff, 0xff, 0xff, 0xe0, 0x0, 0x0,
    0x0, 0x7f, 0xff, 0xff, 0xff, 0xf4, 0x0, 0x0,
    0xb, 0xff, 0xff, 0xff, 0xff, 0xf4, 0x0, 0x0,
    0xbf, 0xff, 0xff, 0xff, 0xff, 0xf4, 0x0, 0xb,
    0xff, 0xff, 0xff, 0xff, 0xff, 0xf0, 0x0, 0x3f,
    0xff, 0xe0, 0x0, 0x6f, 0xff, 0xe0, 0x2, 0xff,
    0xfc, 0x0, 0x0, 0x1f, 0xff, 0xc0, 0xf, 0xff,
    0xc0, 0x0, 0x0, 0x1f, 0xff, 0x80, 0x3f, 0xfe,
    0x0, 0x0, 0x0, 0x3f, 0xff, 0x1, 0xff, 0xf4,
    0x0, 0x0, 0x0, 0xbf, 0xfc, 0x7, 0xff, 0xc0,
    0x0, 0x0, 0x1, 0xff, 0xf0, 0x1f, 0xff, 0x0,
    0x0, 0x0, 0x7, 0xff, 0xd0, 0x7f, 0xfd, 0x0,
    0x0, 0x0, 0xa, 0xaa, 0x1, 0xff, 0xf8, 0x0,
    0x0, 0x0, 0x0, 0x0, 0x3, 0xff, 0xf4, 0x0,
    0x0, 0x0, 0x0, 0x0, 0xf, 0xff, 0xf8, 0x0,
    0x0, 0x0, 0x0, 0x0, 0x1f, 0xff, 0xfe, 0x40,
    0x0, 0x0, 0x0, 0x0, 0x3f, 0xff, 0xff, 0xfe,
    0x50, 0x0, 0x0, 0x0, 0x3f, 0xff, 0xff, 0xff,
    0xfd, 0x0, 0x0, 0x0, 0x3f, 0xff, 0xff, 0xff,
    0xff, 0x80, 0x0, 0x0, 0x2f, 0xff, 0xff, 0xff,
    0xff, 0xc0, 0x0, 0x0, 0xb, 0xff, 0xff, 0xff,
    0xff, 0xd0, 0x0, 0x0, 0x1, 0xbf, 0xff, 0xff,
    0xff, 0xc0, 0x0, 0x0, 0x0, 0x1, 0x6f, 0xff,
    0xff, 0x80, 0x0, 0x0, 0x0, 0x0, 0x2, 0xff,
    0xff, 0x0, 0x0, 0x0, 0x0, 0x0, 0x1, 0xff,
    0xfd, 0x0, 0x0, 0x0, 0x0, 0x0, 0x1, 0xff,
    0xf8, 0x0, 0x0, 0x0, 0x0, 0x0, 0x3, 0xff,
    0xf0, 0x0, 0x0, 0x0, 0x0, 0x0, 0xf, 0xff,
    0xc3, 0xff, 0xd0, 0x0, 0x0, 0x0, 0x2f, 0xff,
    0xf, 0xff, 0x40, 0x0, 0x0, 0x0, 0xbf, 0xfc,
    0x3f, 0xfe, 0x0, 0x0, 0x0, 0x3, 0xff, 0xf0,
    0xbf, 0xfc, 0x0, 0x0, 0x0, 0xf, 0xff, 0x81,
    0xff, 0xfc, 0x0, 0x0, 0x0, 0xbf, 0xfd, 0x3,
    0xff, 0xf8, 0x0, 0x0, 0xb, 0xff, 0xf0, 0xb,
    0xff, 0xfe, 0x0, 0x1, 0xff, 0xff, 0x80, 0xf,
    0xff, 0xff, 0xff, 0xff, 0xff, 0xfc, 0x0, 0xf,
    0xff, 0xff, 0xff, 0xff, 0xff, 0xd0, 0x0, 0x1f,
    0xff, 0xff, 0xff, 0xff, 0xfd, 0x0, 0x0, 0xf,
    0xff, 0xff, 0xff, 0xff, 0x80, 0x0, 0x0, 0x7,
    0xff, 0xff, 0xff, 0xe4, 0x0, 0x0, 0x0, 0x0,
    0x6f, 0xff, 0xe4, 0x0, 0x0, 0x0,

    /* U+0054 "T" */
    0x3f, 0xff, 0xff, 0xff, 0xff, 0xff, 0xff, 0xf0,
    0xff, 0xff, 0xff, 0xff, 0xff, 0xff, 0xff, 0xc3,
    0xff, 0xff, 0xff, 0xff, 0xff, 0xff, 0xff, 0xf,
    0xff, 0xff, 0xff, 0xff, 0xff, 0xff, 0xfc, 0x3f,
    0xff, 0xff, 0xff, 0xff, 0xff, 0xff, 0xf0, 0xff,
    0xff, 0xff, 0xff, 0xff, 0xff, 0xff, 0xc0, 0x0,
    0x0, 0xf, 0xff, 0xc0, 0x0, 0x0, 0x0, 0x0,
    0x0, 0x3f, 0xff, 0x0, 0x0, 0x0, 0x0, 0x0,
    0x0, 0xff, 0xfc, 0x0, 0x0, 0x0, 0x0, 0x0,
    0x3, 0xff, 0xf0, 0x0, 0x0, 0x0, 0x0, 0x0,
    0xf, 0xff, 0xc0, 0x0, 0x0, 0x0, 0x0, 0x0,
    0x3f, 0xff, 0x0, 0x0, 0x0, 0x0, 0x0, 0x0,
    0xff, 0xfc, 0x0, 0x0, 0x0, 0x0, 0x0, 0x3,
    0xff, 0xf0, 0x0, 0x0, 0x0, 0x0, 0x0, 0xf,
    0xff, 0xc0, 0x0, 0x0, 0x0, 0x0, 0x0, 0x3f,
    0xff, 0x0, 0x0, 0x0, 0x0, 0x0, 0x0, 0xff,
    0xfc, 0x0, 0x0, 0x0, 0x0, 0x0, 0x3, 0xff,
    0xf0, 0x0, 0x0, 0x0, 0x0, 0x0, 0xf, 0xff,
    0xc0, 0x0, 0x0, 0x0, 0x0, 0x0, 0x3f, 0xff,
    0x0, 0x0, 0x0, 0x0, 0x0, 0x0, 0xff, 0xfc,
    0x0, 0x0, 0x0, 0x0, 0x0, 0x3, 0xff, 0xf0,
    0x0, 0x0, 0x0, 0x0, 0x0, 0xf, 0xff, 0xc0,
    0x0, 0x0, 0x0, 0x0, 0x0, 0x3f, 0xff, 0x0,
    0x0, 0x0, 0x0, 0x0, 0x0, 0xff, 0xfc, 0x0,
    0x0, 0x0, 0x0, 0x0, 0x3, 0xff, 0xf0, 0x0,
    0x0, 0x0, 0x0, 0x0, 0xf, 0xff, 0xc0, 0x0,
    0x0, 0x0, 0x0, 0x0, 0x3f, 0xff, 0x0, 0x0,
    0x0, 0x0, 0x0, 0x0, 0xff, 0xfc, 0x0, 0x0,
    0x0, 0x0, 0x0, 0x3, 0xff, 0xf0, 0x0, 0x0,
    0x0, 0x0, 0x0, 0xf, 0xff, 0xc0, 0x0, 0x0,
    0x0, 0x0, 0x0, 0x3f, 0xff, 0x0, 0x0, 0x0,
    0x0, 0x0, 0x0, 0xff, 0xfc, 0x0, 0x0, 0x0,
    0x0, 0x0, 0x3, 0xff, 0xf0, 0x0, 0x0, 0x0,
    0x0, 0x0, 0xf, 0xff, 0xc0, 0x0, 0x0, 0x0,
    0x0, 0x0, 0x3f, 0xff, 0x0, 0x0, 0x0, 0x0,
    0x0, 0x0, 0xff, 0xfc, 0x0, 0x0, 0x0, 0x0,
    0x0, 0x3, 0xff, 0xf0, 0x0, 0x0, 0x0, 0x0,
    0x0, 0xf, 0xff, 0xc0, 0x0, 0x0, 0x0, 0x0,
    0x0, 0x3f, 0xff, 0x0, 0x0, 0x0, 0x0, 0x0,
    0x0, 0xff, 0xfc, 0x0, 0x0, 0x0, 0x0, 0x0,
    0x3, 0xff, 0xf0, 0x0, 0x0, 0x0,

    /* U+0055 "U" */
    0x3f, 0xff, 0x0, 0x0, 0x0, 0x0, 0xff, 0xfc,
    0xff, 0xfc, 0x0, 0x0, 0x0, 0x3, 0xff, 0xf3,
    0xff, 0xf0, 0x0, 0x0, 0x0, 0xf, 0xff, 0xcf,
    0xff, 0xc0, 0x0, 0x0, 0x0, 0x3f, 0xff, 0x3f,
    0xff, 0x0, 0x0, 0x0, 0x0, 0xff, 0xfc, 0xff,
    0xfc, 0x0, 0x0, 0x0, 0x3, 0xff, 0xf3, 0xff,
    0xf0, 0x0, 0x0, 0x0, 0xf, 0xff, 0xcf, 0xff,
    0xc0, 0x0, 0x0, 0x0, 0x3f, 0xff, 0x3f, 0xff,
    0x0, 0x0, 0x0, 0x0, 0xff, 0xfc, 0xff, 0xfc,
    0x0, 0x0, 0x0, 0x3, 0xff, 0xf3, 0xff, 0xf0,
    0x0, 0x0, 0x0, 0xf, 0xff, 0xcf, 0xff, 0xc0,
    0x0, 0x0, 0x0, 0x3f, 0xff, 0x3f, 0xff, 0x0,
    0x0, 0x0, 0x0, 0xff, 0xfc, 0xff, 0xfc, 0x0,
    0x0, 0x0, 0x3, 0xff, 0xf3, 0xff, 0xf0, 0x0,
    0x0, 0x0, 0xf, 0xff, 0xcf, 0xff, 0xc0, 0x0,
    0x0, 0x0, 0x3f, 0xff, 0x3f, 0xff, 0x0, 0x0,
    0x0, 0x0, 0xff, 0xfc, 0xff, 0xfc, 0x0, 0x0,
    0x0, 0x3, 0xff, 0xf3, 0xff, 0xf0, 0x0, 0x0,
    0x0, 0xf, 0xff, 0xcf, 0xff, 0xc0, 0x0, 0x0,
    0x0, 0x3f, 0xff, 0x3f, 0xff, 0x0, 0x0, 0x0,
    0x0, 0xff, 0xfc, 0xff, 0xfc, 0x0, 0x0, 0x0,
    0x3, 0xff, 0xf3, 0xff, 0xf0, 0x0, 0x0, 0x0,
    0xf, 0xff, 0xcf, 0xff, 0xc0, 0x0, 0x0, 0x0,
    0x3f, 0xff, 0x3f, 0xff, 0x0, 0x0, 0x0, 0x0,
    0xff, 0xfc, 0xff, 0xfc, 0x0, 0x0, 0x0, 0x3,
    0xff, 0xf3, 0xff, 0xf0, 0x0, 0x0, 0x0, 0xf,
    0xff, 0xcf, 0xff, 0xc0, 0x0, 0x0, 0x0, 0x3f,
    0xff, 0x3f, 0xff, 0x0, 0x0, 0x0, 0x0, 0xff,
    0xfc, 0xff, 0xfc, 0x0, 0x0, 0x0, 0x3, 0xff,
    0xe3, 0xff, 0xf4, 0x0, 0x0, 0x0, 0x1f, 0xff,
    0x8b, 0xff, 0xe0, 0x0, 0x0, 0x0, 0xff, 0xfd,
    0x1f, 0xff, 0xc0, 0x0, 0x0, 0x7, 0xff, 0xf0,
    0x3f, 0xff, 0xc0, 0x0, 0x0, 0x3f, 0xff, 0x80,
    0x7f, 0xff, 0xc0, 0x0, 0x3, 0xff, 0xfd, 0x0,
    0xff, 0xff, 0xe4, 0x1, 0xbf, 0xff, 0xe0, 0x0,
    0xff, 0xff, 0xff, 0xff, 0xff, 0xff, 0x0, 0x1,
    0xff, 0xff, 0xff, 0xff, 0xff, 0xf0, 0x0, 0x1,
    0xff, 0xff, 0xff, 0xff, 0xff, 0x0, 0x0, 0x0,
    0xbf, 0xff, 0xff, 0xff, 0xe0, 0x0, 0x0, 0x0,
    0x7f, 0xff, 0xff, 0xf8, 0x0, 0x0, 0x0, 0x0,
    0x6, 0xff, 0xf9, 0x0, 0x0, 0x0,

    /* U+0056 "V" */
    0xbf, 0xfe, 0x0, 0x0, 0x0, 0x0, 0x1f, 0xff,
    0x8f, 0xff, 0xc0, 0x0, 0x0, 0x0, 0xb, 0xff,
    0xd3, 0xff, 0xf0, 0x0, 0x0, 0x0, 0x3, 0xff,
    0xf0, 0xbf, 0xfd, 0x0, 0x0, 0x0, 0x1, 0xff,
    0xf8, 0x1f, 0xff, 0x80, 0x0, 0x0, 0x0, 0xbf,
    0xfd, 0x3, 0xff, 0xf0, 0x0, 0x0, 0x0, 0x3f,
    0xff, 0x0, 0xbf, 0xfd, 0x0, 0x0, 0x0, 0xf,
    0xff, 0x80, 0x1f, 0xff, 0x80, 0x0, 0x0, 0x7,
    0xff, 0xd0, 0x3, 0xff, 0xf0, 0x0, 0x0, 0x3,
    0xff, 0xf0, 0x0, 0xbf, 0xfc, 0x0, 0x0, 0x0,
    0xff, 0xfc, 0x0, 0x1f, 0xff, 0x80, 0x0, 0x0,
    0x7f, 0xfd, 0x0, 0x3, 0xff, 0xf0, 0x0, 0x0,
    0x2f, 0xff, 0x0, 0x0, 0xbf, 0xfc, 0x0, 0x0,
    0xf, 0xff, 0xc0, 0x0, 0x1f, 0xff, 0x40, 0x0,
    0x3, 0xff, 0xd0, 0x0, 0x3, 0xff, 0xe0, 0x0,
    0x2, 0xff, 0xf0, 0x0, 0x0, 0xbf, 0xfc, 0x0,
    0x0, 0xff, 0xfc, 0x0, 0x0, 0x1f, 0xff, 0x40,
    0x0, 0x3f, 0xfe, 0x0, 0x0, 0x3, 0xff, 0xe0,
    0x0, 0x1f, 0xff, 0x0, 0x0, 0x0, 0xbf, 0xfc,
    0x0, 0xb, 0xff, 0xc0, 0x0, 0x0, 0x1f, 0xff,
    0x0, 0x3, 0xff, 0xe0, 0x0, 0x0, 0x3, 0xff,
    0xe0, 0x1, 0xff, 0xf0, 0x0, 0x0, 0x0, 0xff,
    0xfc, 0x0, 0xbf, 0xfc, 0x0, 0x0, 0x0, 0x1f,
    0xff, 0x0, 0x3f, 0xfe, 0x0, 0x0, 0x0, 0x3,
    0xff, 0xd0, 0xf, 0xff, 0x40, 0x0, 0x0, 0x0,
    0xff, 0xf8, 0x7, 0xff, 0xc0, 0x0, 0x0, 0x0,
    0x1f, 0xff, 0x3, 0xff, 0xe0, 0x0, 0x0, 0x0,
    0x3, 0xff, 0xd0, 0xff, 0xf4, 0x0, 0x0, 0x0,
    0x0, 0xff, 0xf8, 0x7f, 0xfc, 0x0, 0x0, 0x0,
    0x0, 0x2f, 0xff, 0x2f, 0xfe, 0x0, 0x0, 0x0,
    0x0, 0x3, 0xff, 0xcf, 0xff, 0x40, 0x0, 0x0,
    0x0, 0x0, 0xff, 0xfb, 0xff, 0xc0, 0x0, 0x0,
    0x0, 0x0, 0x2f, 0xff, 0xff, 0xe0, 0x0, 0x0,
    0x0, 0x0, 0x3, 0xff, 0xff, 0xf4, 0x0, 0x0,
    0x0, 0x0, 0x0, 0xff, 0xff, 0xfc, 0x0, 0x0,
    0x0, 0x0, 0x0, 0x2f, 0xff, 0xfe, 0x0, 0x0,
    0x0, 0x0, 0x0, 0x7, 0xff, 0xff, 0x40, 0x0,
    0x0, 0x0, 0x0, 0x0, 0xff, 0xff, 0xc0, 0x0,
    0x0, 0x0, 0x0, 0x0, 0x2f, 0xff, 0xe0, 0x0,
    0x0, 0x0, 0x0, 0x0, 0x7, 0xff, 0xf4, 0x0,
    0x0, 0x0, 0x0, 0x0, 0x0, 0xff, 0xfc, 0x0,
    0x0, 0x0, 0x0, 0x0, 0x0, 0x2f, 0xff, 0x0,
    0x0, 0x0, 0x0, 0x0, 0x0, 0x7, 0xff, 0x40,
    0x0, 0x0, 0x0,

    /* U+0057 "W" */
    0xbf, 0xfc, 0x0, 0x0, 0x0, 0x3f, 0xff, 0xe0,
    0x0, 0x0, 0x2, 0xff, 0xe7, 0xff, 0xd0, 0x0,
    0x0, 0x7, 0xff, 0xff, 0x0, 0x0, 0x0, 0x3f,
    0xfd, 0x3f, 0xfe, 0x0, 0x0, 0x0, 0xbf, 0xff,
    0xf0, 0x0, 0x0, 0x3, 0xff, 0xc3, 0xff, 0xf0,
    0x0, 0x0, 0xf, 0xff, 0xff, 0x40, 0x0, 0x0,
    0x7f, 0xfc, 0x2f, 0xff, 0x0, 0x0, 0x0, 0xff,
    0xff, 0xf8, 0x0, 0x0, 0xb, 0xff, 0x81, 0xff,
    0xf4, 0x0, 0x0, 0xf, 0xff, 0xff, 0xc0, 0x0,
    0x0, 0xff, 0xf4, 0xf, 0xff, 0x80, 0x0, 0x1,
    0xff, 0xff, 0xfc, 0x0, 0x0, 0xf, 0xff, 0x0,
    0xff, 0xfc, 0x0, 0x0, 0x2f, 0xff, 0xff, 0xd0,
    0x0, 0x0, 0xff, 0xf0, 0xb, 0xff, 0xc0, 0x0,
    0x3, 0xff, 0xff, 0xfd, 0x0, 0x0, 0x1f, 0xfe,
    0x0, 0x7f, 0xfc, 0x0, 0x0, 0x3f, 0xff, 0xff,
    0xe0, 0x0, 0x2, 0xff, 0xd0, 0x3, 0xff, 0xd0,
    0x0, 0x7, 0xff, 0xaf, 0xff, 0x0, 0x0, 0x3f,
    0xfc, 0x0, 0x3f, 0xfe, 0x0, 0x0, 0xbf, 0xf5,
    0xff, 0xf0, 0x0, 0x3, 0xff, 0xc0, 0x2, 0xff,
    0xf0, 0x0, 0xb, 0xff, 0x4f, 0xff, 0x40, 0x0,
    0x7f, 0xf8, 0x0, 0x1f, 0xff, 0x0, 0x0, 0xff,
    0xf0, 0xff, 0xf8, 0x0, 0x7, 0xff, 0x40, 0x0,
    0xff, 0xf4, 0x0, 0xf, 0xff, 0xb, 0xff, 0xc0,
    0x0, 0xbf, 0xf0, 0x0, 0xf, 0xff, 0x80, 0x1,
    0xff, 0xe0, 0x7f, 0xfc, 0x0, 0xf, 0xff, 0x0,
    0x0, 0xbf, 0xfc, 0x0, 0x2f, 0xfd, 0x3, 0xff,
    0xd0, 0x0, 0xff, 0xe0, 0x0, 0x7, 0xff, 0xc0,
    0x3, 0xff, 0xc0, 0x3f, 0xfe, 0x0, 0x1f, 0xfd,
    0x0, 0x0, 0x3f, 0xfd, 0x0, 0x3f, 0xfc, 0x2,
    0xff, 0xf0, 0x2, 0xff, 0xd0, 0x0, 0x3, 0xff,
    0xd0, 0x7, 0xff, 0x80, 0x1f, 0xff, 0x0, 0x3f,
    0xfc, 0x0, 0x0, 0x2f, 0xfe, 0x0, 0x7f, 0xf4,
    0x0, 0xff, 0xf0, 0x3, 0xff, 0xc0, 0x0, 0x1,
    0xff, 0xf0, 0xb, 0xff, 0x0, 0xf, 0xff, 0x40,
    0x3f, 0xf8, 0x0, 0x0, 0xf, 0xff, 0x0, 0xff,
    0xf0, 0x0, 0xbf, 0xf8, 0x7, 0xff, 0x40, 0x0,
    0x0, 0xff, 0xf4, 0xf, 0xfe, 0x0, 0x7, 0xff,
    0xc0, 0xbf, 0xf0, 0x0, 0x0, 0xb, 0xff, 0x81,
    0xff, 0xd0, 0x0, 0x3f, 0xfc, 0xf, 0xff, 0x0,
    0x0, 0x0, 0x7f, 0xfc, 0x2f, 0xfc, 0x0, 0x3,
    0xff, 0xd0, 0xff, 0xe0, 0x0, 0x0, 0x3, 0xff,
    0xc3, 0xff, 0xc0, 0x0, 0x2f, 0xfe, 0x1f, 0xfd,
    0x0, 0x0, 0x0, 0x3f, 0xfd, 0x3f, 0xf8, 0x0,
    0x1, 0xff, 0xf1, 0xff, 0xc0, 0x0, 0x0, 0x2,
    0xff, 0xe3, 0xff, 0x40, 0x0, 0xf, 0xff, 0x2f,
    0xfc, 0x0, 0x0, 0x0, 0x1f, 0xff, 0x7f, 0xf0,
    0x0, 0x0, 0xff, 0xf7, 0xff, 0x80, 0x0, 0x0,
    0x0, 0xff, 0xfb, 0xff, 0x0, 0x0, 0xb, 0xff,
    0xbf, 0xf4, 0x0, 0x0, 0x0, 0xf, 0xff, 0xff,
    0xe0, 0x0, 0x0, 0x7f, 0xff, 0xff, 0x0, 0x0,
    0x0, 0x0, 0xbf, 0xff, 0xfd, 0x0, 0x0, 0x3,
    0xff, 0xff, 0xf0, 0x0, 0x0, 0x0, 0x7, 0xff,
    0xff, 0xc0, 0x0, 0x0, 0x3f, 0xff, 0xfe, 0x0,
    0x0, 0x0, 0x0, 0x3f, 0xff, 0xfc, 0x0, 0x0,
    0x2, 0xff, 0xff, 0xd0, 0x0, 0x0, 0x0, 0x3,
    0xff, 0xff, 0x80, 0x0, 0x0, 0x1f, 0xff, 0xfc,
    0x0, 0x0, 0x0, 0x0, 0x2f, 0xff, 0xf4, 0x0,
    0x0, 0x0, 0xff, 0xff, 0xc0, 0x0, 0x0, 0x0,
    0x1, 0xff, 0xff, 0x0, 0x0, 0x0, 0xf, 0xff,
    0xf8, 0x0, 0x0, 0x0, 0x0, 0xf, 0xff, 0xf0,
    0x0, 0x0, 0x0, 0xbf, 0xff, 0x40, 0x0, 0x0,
    0x0, 0x0, 0xff, 0xfe, 0x0, 0x0, 0x0, 0x7,
    0xff, 0xf0, 0x0, 0x0, 0x0, 0x0, 0xb, 0xff,
    0xd0, 0x0, 0x0, 0x0, 0x3f, 0xff, 0x0, 0x0,
    0x0, 0x0, 0x0, 0x7f, 0xfc, 0x0, 0x0, 0x0,
    0x3, 0xff, 0xe0, 0x0, 0x0,

    /* U+0058 "X" */
    0x1f, 0xff, 0xe0, 0x0, 0x0, 0x0, 0xf, 0xff,
    0xe0, 0xf, 0xff, 0xf4, 0x0, 0x0, 0x0, 0x2f,
    0xff, 0xc0, 0x3, 0xff, 0xfc, 0x0, 0x0, 0x0,
    0x7f, 0xff, 0x40, 0x2, 0xff, 0xfd, 0x0, 0x0,
    0x0, 0xff, 0xff, 0x0, 0x0, 0xff, 0xff, 0x0,
    0x0, 0x1, 0xff, 0xfc, 0x0, 0x0, 0x7f, 0xff,
    0x80, 0x0, 0x3, 0xff, 0xf8, 0x0, 0x0, 0x2f,
    0xff, 0xc0, 0x0, 0xb, 0xff, 0xf0, 0x0, 0x0,
    0xf, 0xff, 0xe0, 0x0, 0xf, 0xff, 0xd0, 0x0,
    0x0, 0x7, 0xff, 0xf4, 0x0, 0x2f, 0xff, 0x80,
    0x0, 0x0, 0x3, 0xff, 0xfc, 0x0, 0x7f, 0xff,
    0x0, 0x0, 0x0, 0x0, 0xff, 0xfd, 0x0, 0xff,
    0xfe, 0x0, 0x0, 0x0, 0x0, 0xbf, 0xff, 0x1,
    0xff, 0xfc, 0x0, 0x0, 0x0, 0x0, 0x3f, 0xff,
    0x83, 0xff, 0xf4, 0x0, 0x0, 0x0, 0x0, 0x1f,
    0xff, 0xcb, 0xff, 0xe0, 0x0, 0x0, 0x0, 0x0,
    0xb, 0xff, 0xff, 0xff, 0xc0, 0x0, 0x0, 0x0,
    0x0, 0x3, 0xff, 0xff, 0xff, 0x40, 0x0, 0x0,
    0x0, 0x0, 0x1, 0xff, 0xff, 0xff, 0x0, 0x0,
    0x0, 0x0, 0x0, 0x0, 0xff, 0xff, 0xfc, 0x0,
    0x0, 0x0, 0x0, 0x0, 0x0, 0x7f, 0xff, 0xf8,
    0x0, 0x0, 0x0, 0x0, 0x0, 0x0, 0x2f, 0xff,
    0xf0, 0x0, 0x0, 0x0, 0x0, 0x0, 0x0, 0x1f,
    0xff, 0xf0, 0x0, 0x0, 0x0, 0x0, 0x0, 0x0,
    0x3f, 0xff, 0xf8, 0x0, 0x0, 0x0, 0x0, 0x0,
    0x0, 0xbf, 0xff, 0xfd, 0x0, 0x0, 0x0, 0x0,
    0x0, 0x1, 0xff, 0xff, 0xff, 0x0, 0x0, 0x0,
    0x0, 0x0, 0x3, 0xff, 0xff, 0xff, 0x80, 0x0,
    0x0, 0x0, 0x0, 0xb, 0xff, 0xff, 0xff, 0xc0,
    0x0, 0x0, 0x0, 0x0, 0xf, 0xff, 0xcf, 0xff,
    0xf0, 0x0, 0x0, 0x0, 0x0, 0x3f, 0xff, 0x83,
    0xff, 0xf4, 0x0, 0x0, 0x0, 0x0, 0x7f, 0xff,
    0x2, 0xff, 0xfc, 0x0, 0x0, 0x0, 0x0, 0xff,
    0xfd, 0x0, 0xff, 0xfe, 0x0, 0x0, 0x0, 0x2,
    0xff, 0xfc, 0x0, 0x7f, 0xff, 0x40, 0x0, 0x0,
    0x3, 0xff, 0xf0, 0x0, 0x3f, 0xff, 0xc0, 0x0,
    0x0, 0xf, 0xff, 0xe0, 0x0, 0x1f, 0xff, 0xd0,
    0x0, 0x0, 0x1f, 0xff, 0xc0, 0x0, 0xb, 0xff,
    0xf0, 0x0, 0x0, 0x3f, 0xff, 0x40, 0x0, 0x3,
    0xff, 0xf8, 0x0, 0x0, 0xbf, 0xff, 0x0, 0x0,
    0x2, 0xff, 0xfd, 0x0, 0x1, 0xff, 0xfd, 0x0,
    0x0, 0x0, 0xff, 0xff, 0x0, 0x3, 0xff, 0xf8,
    0x0, 0x0, 0x0, 0x7f, 0xff, 0x80, 0xb, 0xff,
    0xf0, 0x0, 0x0, 0x0, 0x3f, 0xff, 0xc0, 0xf,
    0xff, 0xe0, 0x0, 0x0, 0x0, 0x1f, 0xff, 0xf0,
    0x3f, 0xff, 0xc0, 0x0, 0x0, 0x0, 0xb, 0xff,
    0xf4, 0x7f, 0xff, 0x40, 0x0, 0x0, 0x0, 0x3,
    0xff, 0xfc,

    /* U+0059 "Y" */
    0x7f, 0xff, 0x0, 0x0, 0x0, 0x0, 0xff, 0xfe,
    0x3f, 0xff, 0x40, 0x0, 0x0, 0x1, 0xff, 0xfc,
    0x1f, 0xff, 0xc0, 0x0, 0x0, 0x3, 0xff, 0xf8,
    0xf, 0xff, 0xd0, 0x0, 0x0, 0x7, 0xff, 0xf0,
    0x7, 0xff, 0xf0, 0x0, 0x0, 0xb, 0xff, 0xe0,
    0x3, 0xff, 0xf4, 0x0, 0x0, 0xf, 0xff, 0xc0,
    0x1, 0xff, 0xf8, 0x0, 0x0, 0x2f, 0xff, 0x80,
    0x0, 0xff, 0xfc, 0x0, 0x0, 0x3f, 0xff, 0x0,
    0x0, 0x7f, 0xfe, 0x0, 0x0, 0xbf, 0xfe, 0x0,
    0x0, 0x3f, 0xff, 0x0, 0x0, 0xff, 0xfc, 0x0,
    0x0, 0x1f, 0xff, 0x80, 0x1, 0xff, 0xf8, 0x0,
    0x0, 0xf, 0xff, 0xc0, 0x3, 0xff, 0xf0, 0x0,
    0x0, 0x7, 0xff, 0xd0, 0x7, 0xff, 0xe0, 0x0,
    0x0, 0x3, 0xff, 0xf0, 0xf, 0xff, 0xc0, 0x0,
    0x0, 0x1, 0xff, 0xf4, 0x1f, 0xff, 0x80, 0x0,
    0x0, 0x0, 0xff, 0xfc, 0x3f, 0xff, 0x0, 0x0,
    0x0, 0x0, 0x7f, 0xfd, 0x7f, 0xfe, 0x0, 0x0,
    0x0, 0x0, 0x3f, 0xff, 0xbf, 0xfc, 0x0, 0x0,
    0x0, 0x0, 0x1f, 0xff, 0xff, 0xf8, 0x0, 0x0,
    0x0, 0x0, 0xf, 0xff, 0xff, 0xf0, 0x0, 0x0,
    0x0, 0x0, 0x7, 0xff, 0xff, 0xe0, 0x0, 0x0,
    0x0, 0x0, 0x3, 0xff, 0xff, 0xc0, 0x0, 0x0,
    0x0, 0x0, 0x1, 0xff, 0xff, 0x80, 0x0, 0x0,
    0x0, 0x0, 0x0, 0xff, 0xff, 0x0, 0x0, 0x0,
    0x0, 0x0, 0x0, 0x7f, 0xfe, 0x0, 0x0, 0x0,
    0x0, 0x0, 0x0, 0x7f, 0xfd, 0x0, 0x0, 0x0,
    0x0, 0x0, 0x0, 0x7f, 0xfd, 0x0, 0x0, 0x0,
    0x0, 0x0, 0x0, 0x7f, 0xfd, 0x0, 0x0, 0x0,
    0x0, 0x0, 0x0, 0x7f, 0xfd, 0x0, 0x0, 0x0,
    0x0, 0x0, 0x0, 0x7f, 0xfd, 0x0, 0x0, 0x0,
    0x0, 0x0, 0x0, 0x7f, 0xfd, 0x0, 0x0, 0x0,
    0x0, 0x0, 0x0, 0x7f, 0xfd, 0x0, 0x0, 0x0,
    0x0, 0x0, 0x0, 0x7f, 0xfd, 0x0, 0x0, 0x0,
    0x0, 0x0, 0x0, 0x7f, 0xfd, 0x0, 0x0, 0x0,
    0x0, 0x0, 0x0, 0x7f, 0xfd, 0x0, 0x0, 0x0,
    0x0, 0x0, 0x0, 0x7f, 0xfd, 0x0, 0x0, 0x0,
    0x0, 0x0, 0x0, 0x7f, 0xfd, 0x0, 0x0, 0x0,
    0x0, 0x0, 0x0, 0x7f, 0xfd, 0x0, 0x0, 0x0,
    0x0, 0x0, 0x0, 0x7f, 0xfd, 0x0, 0x0, 0x0,
    0x0, 0x0, 0x0, 0x7f, 0xfd, 0x0, 0x0, 0x0,
    0x0, 0x0, 0x0, 0x7f, 0xfd, 0x0, 0x0, 0x0,
    0x0, 0x0, 0x0, 0x7f, 0xfd, 0x0, 0x0, 0x0,

    /* U+005A "Z" */
    0x7f, 0xff, 0xff, 0xff, 0xff, 0xff, 0xfc, 0x7f,
    0xff, 0xff, 0xff, 0xff, 0xff, 0xfc, 0x7f, 0xff,
    0xff, 0xff, 0xff, 0xff, 0xfc, 0x7f, 0xff, 0xff,
    0xff, 0xff, 0xff, 0xfc, 0x7f, 0xff, 0xff, 0xff,
    0xff, 0xff, 0xfc, 0x7f, 0xff, 0xff, 0xff, 0xff,
    0xff, 0xfc, 0x0, 0x0, 0x0, 0x0, 0x3, 0xff,
    0xf4, 0x0, 0x0, 0x0, 0x0, 0xb, 0xff, 0xf0,
    0x0, 0x0, 0x0, 0x0, 0x1f, 0xff, 0xc0, 0x0,
    0x0, 0x0, 0x0, 0x3f, 0xff, 0x80, 0x0, 0x0,
    0x0, 0x0, 0xbf, 0xff, 0x0, 0x0, 0x0, 0x0,
    0x0, 0xff, 0xfd, 0x0, 0x0, 0x0, 0x0, 0x3,
    0xff, 0xf8, 0x0, 0x0, 0x0, 0x0, 0x7, 0xff,
    0xf0, 0x0, 0x0, 0x0, 0x0, 0xf, 0xff, 0xd0,
    0x0, 0x0, 0x0, 0x0, 0x3f, 0xff, 0x80, 0x0,
    0x0, 0x0, 0x0, 0x7f, 0xff, 0x0, 0x0, 0x0,
    0x0, 0x0, 0xff, 0xfd, 0x0, 0x0, 0x0, 0x0,
    0x2, 0xff, 0xfc, 0x0, 0x0, 0x0, 0x0, 0x7,
    0xff, 0xf0, 0x0, 0x0, 0x0, 0x0, 0xf, 0xff,
    0xd0, 0x0, 0x0, 0x0, 0x0, 0x2f, 0xff, 0xc0,
    0x0, 0x0, 0x0, 0x0, 0x7f, 0xff, 0x0, 0x0,
    0x0, 0x0, 0x0, 0xff, 0xfe, 0x0, 0x0, 0x0,
    0x0, 0x2, 0xff, 0xfc, 0x0, 0x0, 0x0, 0x0,
    0x3, 0xff, 0xf4, 0x0, 0x0, 0x0, 0x0, 0xf,
    0xff, 0xe0, 0x0, 0x0, 0x0, 0x0, 0x2f, 0xff,
    0xc0, 0x0, 0x0, 0x0, 0x0, 0x3f, 0xff, 0x40,
    0x0, 0x0, 0x0, 0x0, 0xff, 0xfe, 0x0, 0x0,
    0x0, 0x0, 0x1, 0xff, 0xfc, 0x0, 0x0, 0x0,
    0x0, 0x3, 0xff, 0xf4, 0x0, 0x0, 0x0, 0x0,
    0xb, 0xff, 0xe0, 0x0, 0x0, 0x0, 0x0, 0x1f,
    0xff, 0xc0, 0x0, 0x0, 0x0, 0x0, 0x3f, 0xff,
    0x40, 0x0, 0x0, 0x0, 0x0, 0xbf, 0xff, 0x0,
    0x0, 0x0, 0x0, 0x0, 0xff, 0xff, 0xff, 0xff,
    0xff, 0xff, 0xfc, 0xff, 0xff, 0xff, 0xff, 0xff,
    0xff, 0xfc, 0xff, 0xff, 0xff, 0xff, 0xff, 0xff,
    0xfc, 0xff, 0xff, 0xff, 0xff, 0xff, 0xff, 0xfc,
    0xff, 0xff, 0xff, 0xff, 0xff, 0xff, 0xfc, 0xff,
    0xff, 0xff, 0xff, 0xff, 0xff, 0xfc,

    /* U+005B "[" */
    0x0, 0x0, 0x0, 0xf, 0xff, 0xff, 0xf3, 0xff,
    0xff, 0xfc, 0xff, 0xff, 0xff, 0x3f, 0xff, 0xff,
    0xcf, 0xff, 0xff, 0xf3, 0xff, 0xff, 0xfc, 0xff,
    0xf4, 0x0, 0x3f, 0xfd, 0x0, 0xf, 0xff, 0x40,
    0x3, 0xff, 0xd0, 0x0, 0xff, 0xf4, 0x0, 0x3f,
    0xfd, 0x0, 0xf, 0xff, 0x40, 0x3, 0xff, 0xd0,
    0x0, 0xff, 0xf4, 0x0, 0x3f, 0xfd, 0x0, 0xf,
    0xff, 0x40, 0x3, 0xff, 0xd0, 0x0, 0xff, 0xf4,
    0x0, 0x3f, 0xfd, 0x0, 0xf, 0xff, 0x40, 0x3,
    0xff, 0xd0, 0x0, 0xff, 0xf4, 0x0, 0x3f, 0xfd,
    0x0, 0xf, 0xff, 0x40, 0x3, 0xff, 0xd0, 0x0,
    0xff, 0xf4, 0x0, 0x3f, 0xfd, 0x0, 0xf, 0xff,
    0x40, 0x3, 0xff, 0xd0, 0x0, 0xff, 0xf4, 0x0,
    0x3f, 0xfd, 0x0, 0xf, 0xff, 0x40, 0x3, 0xff,
    0xd0, 0x0, 0xff, 0xf4, 0x0, 0x3f, 0xfd, 0x0,
    0xf, 0xff, 0x40, 0x3, 0xff, 0xd0, 0x0, 0xff,
    0xf4, 0x0, 0x3f, 0xfd, 0x0, 0xf, 0xff, 0x40,
    0x3, 0xff, 0xd0, 0x0, 0xff, 0xf4, 0x0, 0x3f,
    0xfe, 0x0, 0xf, 0xff, 0xff, 0xf3, 0xff, 0xff,
    0xfc, 0xff, 0xff, 0xff, 0x3f, 0xff, 0xff, 0xcf,
    0xff, 0xff, 0xf3, 0xff, 0xff, 0xfc,

    /* U+005C "\\" */
    0xff, 0xe0, 0x0, 0x0, 0x2, 0xff, 0xc0, 0x0,
    0x0, 0x3, 0xff, 0x0, 0x0, 0x0, 0xf, 0xfe,
    0x0, 0x0, 0x0, 0x2f, 0xfc, 0x0, 0x0, 0x0,
    0x7f, 0xf0, 0x0, 0x0, 0x0, 0xff, 0xd0, 0x0,
    0x0, 0x2, 0xff, 0x80, 0x0, 0x0, 0x7, 0xff,
    0x0, 0x0, 0x0, 0xf, 0xfd, 0x0, 0x0, 0x0,
    0x3f, 0xf8, 0x0, 0x0, 0x0, 0x7f, 0xf0, 0x0,
    0x0, 0x0, 0xff, 0xc0, 0x0, 0x0, 0x3, 0xff,
    0x80, 0x0, 0x0, 0xb, 0xff, 0x0, 0x0, 0x0,
    0x1f, 0xfc, 0x0, 0x0, 0x0, 0x3f, 0xf4, 0x0,
    0x0, 0x0, 0xbf, 0xe0, 0x0, 0x0, 0x1, 0xff,
    0xc0, 0x0, 0x0, 0x3, 0xff, 0x40, 0x0, 0x0,
    0xf, 0xfe, 0x0, 0x0, 0x0, 0x1f, 0xfc, 0x0,
    0x0, 0x0, 0x3f, 0xf4, 0x0, 0x0, 0x0, 0xff,
    0xe0, 0x0, 0x0, 0x2, 0xff, 0xc0, 0x0, 0x0,
    0x7, 0xff, 0x0, 0x0, 0x0, 0xf, 0xfd, 0x0,
    0x0, 0x0, 0x2f, 0xfc, 0x0, 0x0, 0x0, 0x7f,
    0xf0, 0x0, 0x0, 0x0, 0xff, 0xd0, 0x0, 0x0,
    0x3, 0xff, 0x80, 0x0, 0x0, 0x7, 0xff, 0x0,
    0x0, 0x0, 0xf, 0xfd, 0x0, 0x0, 0x0, 0x3f,
    0xf8, 0x0, 0x0, 0x0, 0xbf, 0xf0, 0x0, 0x0,
    0x0, 0xff, 0xc0, 0x0, 0x0, 0x3, 0xff, 0x40,
    0x0, 0x0, 0xb, 0xff, 0x0, 0x0, 0x0, 0x1f,
    0xfc, 0x0, 0x0, 0x0, 0x3f, 0xf4, 0x0, 0x0,
    0x0, 0xbf, 0xe0, 0x0, 0x0, 0x1, 0xff, 0xc0,
    0x0, 0x0, 0x3, 0xff, 0x40,

    /* U+005D "]" */
    0x0, 0x0, 0x0, 0xff, 0xff, 0xff, 0xff, 0xff,
    0xff, 0xff, 0xff, 0xff, 0xff, 0xff, 0xff, 0xff,
    0xff, 0xff, 0xff, 0xff, 0xff, 0x0, 0x2f, 0xff,
    0x0, 0x2f, 0xff, 0x0, 0x2f, 0xff, 0x0, 0x2f,
    0xff, 0x0, 0x2f, 0xff, 0x0, 0x2f, 0xff, 0x0,
    0x2f, 0xff, 0x0, 0x2f, 0xff, 0x0, 0x2f, 0xff,
    0x0, 0x2f, 0xff, 0x0, 0x2f, 0xff, 0x0, 0x2f,
    0xff, 0x0, 0x2f, 0xff, 0x0, 0x2f, 0xff, 0x0,
    0x2f, 0xff, 0x0, 0x2f, 0xff, 0x0, 0x2f, 0xff,
    0x0, 0x2f, 0xff, 0x0, 0x2f, 0xff, 0x0, 0x2f,
    0xff, 0x0, 0x2f, 0xff, 0x0, 0x2f, 0xff, 0x0,
    0x2f, 0xff, 0x0, 0x2f, 0xff, 0x0, 0x2f, 0xff,
    0x0, 0x2f, 0xff, 0x0, 0x2f, 0xff, 0x0, 0x2f,
    0xff, 0x0, 0x2f, 0xff, 0x0, 0x2f, 0xff, 0x0,
    0x2f, 0xff, 0x0, 0x2f, 0xff, 0x0, 0x2f, 0xff,
    0x0, 0x2f, 0xff, 0x0, 0x2f, 0xff, 0x0, 0x2f,
    0xff, 0x0, 0x2f, 0xff, 0x0, 0x2f, 0xff, 0xff,
    0xff, 0xff, 0xff, 0xff, 0xff, 0xff, 0xff, 0xff,
    0xff, 0xff, 0xff, 0xff, 0xff, 0xff, 0xff, 0xff,
    0xff,

    /* U+005E "^" */
    0x0, 0x0, 0x1, 0xaa, 0x40, 0x0, 0x0, 0x0,
    0x0, 0x3, 0xff, 0xc0, 0x0, 0x0, 0x0, 0x0,
    0xb, 0xff, 0xe0, 0x0, 0x0, 0x0, 0x0, 0xf,
    0xff, 0xf0, 0x0, 0x0, 0x0, 0x0, 0x1f, 0xff,
    0xf4, 0x0, 0x0, 0x0, 0x0, 0x3f, 0xff, 0xf8,
    0x0, 0x0, 0x0, 0x0, 0x3f, 0xff, 0xfc, 0x0,
    0x0, 0x0, 0x0, 0xbf, 0xef, 0xfe, 0x0, 0x0,
    0x0, 0x0, 0xff, 0xc7, 0xff, 0x0, 0x0, 0x0,
    0x1, 0xff, 0xc3, 0xff, 0x40, 0x0, 0x0, 0x3,
    0xff, 0x42, 0xff, 0xc0, 0x0, 0x0, 0x7, 0xff,
    0x0, 0xff, 0xc0, 0x0, 0x0, 0xb, 0xfe, 0x0,
    0xff, 0xe0, 0x0, 0x0, 0xf, 0xfc, 0x0, 0x7f,
    0xf0, 0x0, 0x0, 0x2f, 0xfc, 0x0, 0x3f, 0xf4,
    0x0, 0x0, 0x3f, 0xf4, 0x0, 0x2f, 0xfc, 0x0,
    0x0, 0x7f, 0xf0, 0x0, 0xf, 0xfc, 0x0, 0x0,
    0xbf, 0xe0, 0x0, 0xb, 0xfe, 0x0, 0x0, 0xff,
    0xc0, 0x0, 0x7, 0xff, 0x0, 0x2, 0xff, 0xc0,
    0x0, 0x3, 0xff, 0x40, 0x3, 0xff, 0x40, 0x0,
    0x2, 0xff, 0xc0, 0x7, 0xff, 0x0, 0x0, 0x0,
    0xff, 0xd0, 0xf, 0xfe, 0x0, 0x0, 0x0, 0xbf,
    0xe0, 0xf, 0xfc, 0x0, 0x0, 0x0, 0x7f, 0xf0,
    0x2f, 0xfc, 0x0, 0x0, 0x0, 0x3f, 0xf8, 0x3f,
    0xf4, 0x0, 0x0, 0x0, 0x2f, 0xfc,

    /* U+005F "_" */
    0x55, 0x55, 0x55, 0x55, 0x55, 0x55, 0x55, 0x4f,
    0xff, 0xff, 0xff, 0xff, 0xff, 0xff, 0xfe, 0xff,
    0xff, 0xff, 0xff, 0xff, 0xff, 0xff, 0xef, 0xff,
    0xff, 0xff, 0xff, 0xff, 0xff, 0xfe, 0xff, 0xff,
    0xff, 0xff, 0xff, 0xff, 0xff, 0xe0,

    /* U+0060 "`" */
    0x7f, 0xff, 0x0, 0x1, 0xff, 0xf8, 0x0, 0x7,
    0xff, 0xd0, 0x0, 0x1f, 0xff, 0x40, 0x0, 0x7f,
    0xfc, 0x0, 0x1, 0xff, 0xf0, 0x0, 0x7, 0xff,
    0x80, 0x0, 0x1f, 0xfd,

    /* U+007B "{" */
    0x0, 0x0, 0x5, 0x54, 0x0, 0x1, 0xff, 0xfe,
    0x0, 0xb, 0xff, 0xfe, 0x0, 0x1f, 0xff, 0xfe,
    0x0, 0x3f, 0xff, 0xfe, 0x0, 0x3f, 0xff, 0xfe,
    0x0, 0x7f, 0xfe, 0x0, 0x0, 0x7f, 0xfc, 0x0,
    0x0, 0x7f, 0xfc, 0x0, 0x0, 0x7f, 0xfc, 0x0,
    0x0, 0x7f, 0xfc, 0x0, 0x0, 0x7f, 0xfc, 0x0,
    0x0, 0x7f, 0xfc, 0x0, 0x0, 0x7f, 0xfc, 0x0,
    0x0, 0x7f, 0xfc, 0x0, 0x0, 0x7f, 0xfc, 0x0,
    0x0, 0x7f, 0xfc, 0x0, 0x0, 0x7f, 0xfc, 0x0,
    0x0, 0x7f, 0xfc, 0x0, 0x0, 0xbf, 0xf8, 0x0,
    0x0, 0xff, 0xf8, 0x0, 0x1, 0xff, 0xf4, 0x0,
    0x7, 0xff, 0xf0, 0x0, 0xff, 0xff, 0xe0, 0x0,
    0xff, 0xff, 0xc0, 0x0, 0xff, 0xfd, 0x0, 0x0,
    0xff, 0xff, 0x0, 0x0, 0xff, 0xff, 0xd0, 0x0,
    0xbf, 0xff, 0xf0, 0x0, 0x3, 0xff, 0xf4, 0x0,
    0x0, 0xff, 0xf8, 0x0, 0x0, 0xbf, 0xf8, 0x0,
    0x0, 0x7f, 0xf8, 0x0, 0x0, 0x7f, 0xfc, 0x0,
    0x0, 0x7f, 0xfc, 0x0, 0x0, 0x7f, 0xfc, 0x0,
    0x0, 0x7f, 0xfc, 0x0, 0x0, 0x7f, 0xfc, 0x0,
    0x0, 0x7f, 0xfc, 0x0, 0x0, 0x7f, 0xfc, 0x0,
    0x0, 0x7f, 0xfc, 0x0, 0x0, 0x7f, 0xfc, 0x0,
    0x0, 0x7f, 0xfc, 0x0, 0x0, 0x7f, 0xfc, 0x0,
    0x0, 0x7f, 0xfc, 0x0, 0x0, 0x7f, 0xff, 0x54,
    0x0, 0x3f, 0xff, 0xfe, 0x0, 0x2f, 0xff, 0xfe,
    0x0, 0xf, 0xff, 0xfe, 0x0, 0x7, 0xff, 0xfe,
    0x0, 0x0, 0xbf, 0xfe,

    /* U+007C "|" */
    0x55, 0x53, 0xff, 0xdf, 0xff, 0x7f, 0xfd, 0xff,
    0xf7, 0xff, 0xdf, 0xff, 0x7f, 0xfd, 0xff, 0xf7,
    0xff, 0xdf, 0xff, 0x7f, 0xfd, 0xff, 0xf7, 0xff,
    0xdf, 0xff, 0x7f, 0xfd, 0xff, 0xf7, 0xff, 0xdf,
    0xff, 0x7f, 0xfd, 0xff, 0xf7, 0xff, 0xdf, 0xff,
    0x7f, 0xfd, 0xff, 0xf7, 0xff, 0xdf, 0xff, 0x7f,
    0xfd, 0xff, 0xf7, 0xff, 0xdf, 0xff, 0x7f, 0xfd,
    0xff, 0xf7, 0xff, 0xdf, 0xff, 0x7f, 0xfd, 0xff,
    0xf7, 0xff, 0xdf, 0xff, 0x7f, 0xfd, 0xff, 0xf7,
    0xff, 0xdf, 0xff, 0x7f, 0xfd, 0xff, 0xf7, 0xff,
    0xdf, 0xff, 0x7f, 0xfd, 0xff, 0xf7, 0xff, 0xdf,
    0xff, 0x40,

    /* U+007D "}" */
    0x55, 0x50, 0x0, 0x0, 0xff, 0xfe, 0x0, 0x0,
    0xff, 0xff, 0xd0, 0x0, 0xff, 0xff, 0xf0, 0x0,
    0xff, 0xff, 0xf4, 0x0, 0xff, 0xff, 0xf8, 0x0,
    0x1, 0xff, 0xfc, 0x0, 0x0, 0x7f, 0xfc, 0x0,
    0x0, 0x3f, 0xfc, 0x0, 0x0, 0x3f, 0xfc, 0x0,
    0x0, 0x3f, 0xfc, 0x0, 0x0, 0x3f, 0xfc, 0x0,
    0x0, 0x3f, 0xfc, 0x0, 0x0, 0x3f, 0xfc, 0x0,
    0x0, 0x3f, 0xfc, 0x0, 0x0, 0x3f, 0xfc, 0x0,
    0x0, 0x3f, 0xfc, 0x0, 0x0, 0x3f, 0xfc, 0x0,
    0x0, 0x3f, 0xfc, 0x0, 0x0, 0x3f, 0xfc, 0x0,
    0x0, 0x3f, 0xfd, 0x0, 0x0, 0x3f, 0xff, 0x0,
    0x0, 0x2f, 0xff, 0xd0, 0x0, 0xf, 0xff, 0xfe,
    0x0, 0x7, 0xff, 0xfe, 0x0, 0x0, 0xbf, 0xfe,
    0x0, 0x1, 0xff, 0xfe, 0x0, 0xb, 0xff, 0xfe,
    0x0, 0x1f, 0xff, 0xfd, 0x0, 0x2f, 0xff, 0x40,
    0x0, 0x3f, 0xfe, 0x0, 0x0, 0x3f, 0xfc, 0x0,
    0x0, 0x3f, 0xfc, 0x0, 0x0, 0x3f, 0xfc, 0x0,
    0x0, 0x3f, 0xfc, 0x0, 0x0, 0x3f, 0xfc, 0x0,
    0x0, 0x3f, 0xfc, 0x0, 0x0, 0x3f, 0xfc, 0x0,
    0x0, 0x3f, 0xfc, 0x0, 0x0, 0x3f, 0xfc, 0x0,
    0x0, 0x3f, 0xfc, 0x0, 0x0, 0x3f, 0xfc, 0x0,
    0x0, 0x3f, 0xfc, 0x0, 0x0, 0x3f, 0xfc, 0x0,
    0x0, 0xbf, 0xfc, 0x0, 0x56, 0xff, 0xfc, 0x0,
    0xff, 0xff, 0xf8, 0x0, 0xff, 0xff, 0xf4, 0x0,
    0xff, 0xff, 0xe0, 0x0, 0xff, 0xff, 0xc0, 0x0,
    0xff, 0xf9, 0x0, 0x0,

    /* U+007E "~" */
    0x0, 0xb, 0xfe, 0x0, 0x0, 0x2, 0x0, 0x0,
    0xbf, 0xff, 0xe0, 0x0, 0xb, 0xe0, 0x3, 0xff,
    0xff, 0xfe, 0x0, 0x2f, 0xfc, 0xf, 0xff, 0xff,
    0xff, 0xea, 0xff, 0xfc, 0x1f, 0xff, 0xff, 0xff,
    0xff, 0xff, 0xf4, 0x3f, 0xff, 0x9b, 0xff, 0xff,
    0xff, 0xe0, 0x3f, 0xf8, 0x0, 0xbf, 0xff, 0xff,
    0xc0, 0xb, 0xe0, 0x0, 0xf, 0xff, 0xfe, 0x0,
    0x0, 0x80, 0x0, 0x1, 0xbf, 0xe0, 0x0
};


/*---------------------
 *  GLYPH DESCRIPTION
 *--------------------*/

static const lv_font_fmt_txt_glyph_dsc_t glyph_dsc[] = {
    {.bitmap_index = 0, .adv_w = 0, .box_w = 0, .box_h = 0, .ofs_x = 0, .ofs_y = 0} /* id = 0 reserved */,
    {.bitmap_index = 0, .adv_w = 239, .box_w = 9, .box_h = 42, .ofs_x = 3, .ofs_y = 0},
    {.bitmap_index = 95, .adv_w = 348, .box_w = 18, .box_h = 17, .ofs_x = 2, .ofs_y = 25},
    {.bitmap_index = 172, .adv_w = 517, .box_w = 31, .box_h = 42, .ofs_x = 1, .ofs_y = 0},
    {.bitmap_index = 498, .adv_w = 475, .box_w = 26, .box_h = 49, .ofs_x = 1, .ofs_y = -4},
    {.bitmap_index = 817, .adv_w = 858, .box_w = 51, .box_h = 44, .ofs_x = 1, .ofs_y = -1},
    {.bitmap_index = 1378, .adv_w = 583, .box_w = 31, .box_h = 44, .ofs_x = 3, .ofs_y = 0},
    {.bitmap_index = 1719, .adv_w = 181, .box_w = 7, .box_h = 17, .ofs_x = 2, .ofs_y = 25},
    {.bitmap_index = 1749, .adv_w = 295, .box_w = 13, .box_h = 51, .ofs_x = 3, .ofs_y = -5},
    {.bitmap_index = 1915, .adv_w = 295, .box_w = 13, .box_h = 51, .ofs_x = 3, .ofs_y = -5},
    {.bitmap_index = 2081, .adv_w = 368, .box_w = 17, .box_h = 18, .ofs_x = 3, .ofs_y = 24},
    {.bitmap_index = 2158, .adv_w = 510, .box_w = 26, .box_h = 26, .ofs_x = 3, .ofs_y = 4},
    {.bitmap_index = 2327, .adv_w = 181, .box_w = 7, .box_h = 17, .ofs_x = 2, .ofs_y = -10},
    {.bitmap_index = 2357, .adv_w = 383, .box_w = 18, .box_h = 7, .ofs_x = 3, .ofs_y = 18},
    {.bitmap_index = 2389, .adv_w = 203, .box_w = 9, .box_h = 8, .ofs_x = 2, .ofs_y = 0},
    {.bitmap_index = 2407, .adv_w = 391, .box_w = 19, .box_h = 43, .ofs_x = 3, .ofs_y = -1},
    {.bitmap_index = 2612, .adv_w = 493, .box_w = 25, .box_h = 44, .ofs_x = 3, .ofs_y = 0},
    {.bitmap_index = 2887, .adv_w = 333, .box_w = 15, .box_h = 42, .ofs_x = 2, .ofs_y = 0},
    {.bitmap_index = 3045, .adv_w = 473, .box_w = 24, .box_h = 43, .ofs_x = 3, .ofs_y = 0},
    {.bitmap_index = 3303, .adv_w = 489, .box_w = 25, .box_h = 44, .ofs_x = 3, .ofs_y = 0},
    {.bitmap_index = 3578, .adv_w = 500, .box_w = 28, .box_h = 42, .ofs_x = 2, .ofs_y = 0},
    {.bitmap_index = 3872, .adv_w = 480, .box_w = 24, .box_h = 42, .ofs_x = 3, .ofs_y = 0},
    {.bitmap_index = 4124, .adv_w = 496, .box_w = 25, .box_h = 42, .ofs_x = 3, .ofs_y = 0},
    {.bitmap_index = 4387, .adv_w = 437, .box_w = 24, .box_h = 42, .ofs_x = 2, .ofs_y = 0},
    {.bitmap_index = 4639, .adv_w = 508, .box_w = 26, .box_h = 44, .ofs_x = 3, .ofs_y = 0},
    {.bitmap_index = 4925, .adv_w = 496, .box_w = 25, .box_h = 43, .ofs_x = 3, .ofs_y = 0},
    {.bitmap_index = 5194, .adv_w = 203, .box_w = 9, .box_h = 29, .ofs_x = 2, .ofs_y = 0},
    {.bitmap_index = 5260, .adv_w = 203, .box_w = 9, .box_h = 38, .ofs_x = 2, .ofs_y = -9},
    {.bitmap_index = 5346, .adv_w = 510, .box_w = 26, .box_h = 27, .ofs_x = 3, .ofs_y = 3},
    {.bitmap_index = 5522, .adv_w = 510, .box_w = 26, .box_h = 18, .ofs_x = 3, .ofs_y = 8},
    {.bitmap_index = 5639, .adv_w = 510, .box_w = 26, .box_h = 27, .ofs_x = 3, .ofs_y = 3},
    {.bitmap_index = 5815, .adv_w = 433, .box_w = 24, .box_h = 43, .ofs_x = 1, .ofs_y = 0},
    {.bitmap_index = 6073, .adv_w = 851, .box_w = 48, .box_h = 51, .ofs_x = 3, .ofs_y = -9},
    {.bitmap_index = 6685, .adv_w = 581, .box_w = 37, .box_h = 42, .ofs_x = 0, .ofs_y = 0},
    {.bitmap_index = 7074, .adv_w = 588, .box_w = 31, .box_h = 42, .ofs_x = 3, .ofs_y = 0},
    {.bitmap_index = 7400, .adv_w = 588, .box_w = 31, .box_h = 44, .ofs_x = 3, .ofs_y = 0},
    {.bitmap_index = 7741, .adv_w = 592, .box_w = 31, .box_h = 42, .ofs_x = 3, .ofs_y = 0},
    {.bitmap_index = 8067, .adv_w = 539, .box_w = 29, .box_h = 42, .ofs_x = 3, .ofs_y = 0},
    {.bitmap_index = 8372, .adv_w = 539, .box_w = 29, .box_h = 42, .ofs_x = 3, .ofs_y = 0},
    {.bitmap_index = 8677, .adv_w = 588, .box_w = 31, .box_h = 44, .ofs_x = 3, .ofs_y = 0},
    {.bitmap_index = 9018, .adv_w = 600, .box_w = 31, .box_h = 42, .ofs_x = 3, .ofs_y = 0},
    {.bitmap_index = 9344, .adv_w = 242, .box_w = 7, .box_h = 42, .ofs_x = 4, .ofs_y = 0},
    {.bitmap_index = 9418, .adv_w = 316, .box_w = 15, .box_h = 42, .ofs_x = 1, .ofs_y = 0},
    {.bitmap_index = 9576, .adv_w = 591, .box_w = 34, .box_h = 42, .ofs_x = 3, .ofs_y = 0},
    {.bitmap_index = 9933, .adv_w = 507, .box_w = 28, .box_h = 42, .ofs_x = 3, .ofs_y = 0},
    {.bitmap_index = 10227, .adv_w = 735, .box_w = 38, .box_h = 42, .ofs_x = 4, .ofs_y = 0},
    {.bitmap_index = 10626, .adv_w = 628, .box_w = 33, .box_h = 42, .ofs_x = 3, .ofs_y = 0},
    {.bitmap_index = 10973, .adv_w = 588, .box_w = 31, .box_h = 44, .ofs_x = 3, .ofs_y = 0},
    {.bitmap_index = 11314, .adv_w = 556, .box_w = 31, .box_h = 42, .ofs_x = 3, .ofs_y = 0},
    {.bitmap_index = 11640, .adv_w = 588, .box_w = 31, .box_h = 53, .ofs_x = 3, .ofs_y = -9},
    {.bitmap_index = 12051, .adv_w = 585, .box_w = 32, .box_h = 42, .ofs_x = 3, .ofs_y = 0},
    {.bitmap_index = 12387, .adv_w = 534, .box_w = 31, .box_h = 43, .ofs_x = 1, .ofs_y = 0},
    {.bitmap_index = 12721, .adv_w = 498, .box_w = 31, .box_h = 42, .ofs_x = 0, .ofs_y = 0},
    {.bitmap_index = 13047, .adv_w = 605, .box_w = 31, .box_h = 42, .ofs_x = 3, .ofs_y = 0},
    {.bitmap_index = 13373, .adv_w = 530, .box_w = 33, .box_h = 42, .ofs_x = 0, .ofs_y = 0},
    {.bitmap_index = 13720, .adv_w = 801, .box_w = 50, .box_h = 42, .ofs_x = 0, .ofs_y = 0},
    {.bitmap_index = 14245, .adv_w = 570, .box_w = 36, .box_h = 42, .ofs_x = 0, .ofs_y = 0},
    {.bitmap_index = 14623, .adv_w = 514, .box_w = 32, .box_h = 42, .ofs_x = 0, .ofs_y = 0},
    {.bitmap_index = 14959, .adv_w = 497, .box_w = 28, .box_h = 42, .ofs_x = 2, .ofs_y = 0},
    {.bitmap_index = 15253, .adv_w = 300, .box_w = 13, .box_h = 51, .ofs_x = 3, .ofs_y = -5},
    {.bitmap_index = 15419, .adv_w = 391, .box_w = 19, .box_h = 43, .ofs_x = 3, .ofs_y = -1},
    {.bitmap_index = 15624, .adv_w = 301, .box_w = 12, .box_h = 51, .ofs_x = 3, .ofs_y = -5},
    {.bitmap_index = 15777, .adv_w = 510, .box_w = 28, .box_h = 26, .ofs_x = 2, .ofs_y = 17},
    {.bitmap_index = 15959, .adv_w = 474, .box_w = 30, .box_h = 5, .ofs_x = 0, .ofs_y = -7},
    {.bitmap_index = 15997, .adv_w = 488, .box_w = 14, .box_h = 8, .ofs_x = 8, .ofs_y = 36},
    {.bitmap_index = 16025, .adv_w = 344, .box_w = 16, .box_h = 51, .ofs_x = 3, .ofs_y = -5},
    {.bitmap_index = 16229, .adv_w = 295, .box_w = 7, .box_h = 51, .ofs_x = 6, .ofs_y = -5},
    {.bitmap_index = 16319, .adv_w = 344, .box_w = 16, .box_h = 51, .ofs_x = 3, .ofs_y = -5},
    {.bitmap_index = 16523, .adv_w = 510, .box_w = 28, .box_h = 9, .ofs_x = 2, .ofs_y = 12}
};

/*---------------------
 *  CHARACTER MAPPING
 *--------------------*/



/*Collect the unicode lists and glyph_id offsets*/
static const lv_font_fmt_txt_cmap_t cmaps[] =
{
    {
        .range_start = 33, .range_length = 64, .glyph_id_start = 1,
        .unicode_list = NULL, .glyph_id_ofs_list = NULL, .list_length = 0, .type = LV_FONT_FMT_TXT_CMAP_FORMAT0_TINY
    },
    {
        .range_start = 123, .range_length = 4, .glyph_id_start = 65,
        .unicode_list = NULL, .glyph_id_ofs_list = NULL, .list_length = 0, .type = LV_FONT_FMT_TXT_CMAP_FORMAT0_TINY
    }
};

/*-----------------
 *    KERNING
 *----------------*/


/*Pair left and right glyphs for kerning*/
static const uint8_t kern_pair_glyph_ids[] =
{
    13, 52,
    13, 54,
    13, 55,
    13, 57,
    16, 23,
    18, 23,
    19, 23,
    20, 23,
    22, 23,
    23, 19,
    23, 20,
    23, 22,
    23, 24,
    23, 25,
    24, 23,
    25, 23,
    33, 12,
    33, 14,
    33, 35,
    33, 39,
    33, 47,
    33, 49,
    33, 52,
    33, 53,
    33, 54,
    33, 55,
    33, 57,
    34, 54,
    34, 55,
    34, 57,
    38, 12,
    38, 14,
    38, 33,
    43, 35,
    43, 39,
    43, 47,
    43, 49,
    44, 13,
    44, 35,
    44, 39,
    44, 47,
    44, 49,
    44, 52,
    44, 53,
    44, 54,
    44, 55,
    44, 57,
    44, 60,
    48, 12,
    48, 14,
    48, 33,
    50, 55,
    51, 57,
    52, 12,
    52, 13,
    52, 14,
    52, 26,
    52, 27,
    52, 33,
    52, 35,
    52, 39,
    52, 47,
    52, 49,
    52, 55,
    53, 12,
    53, 14,
    53, 33,
    54, 12,
    54, 13,
    54, 14,
    54, 26,
    54, 27,
    54, 33,
    54, 35,
    54, 39,
    54, 47,
    54, 49,
    55, 12,
    55, 13,
    55, 14,
    55, 33,
    56, 35,
    56, 39,
    56, 47,
    56, 49
};

/* Kerning between the respective left and right glyphs
 * 4.4 format which needs to scaled with `kern_scale`*/
static const int8_t kern_pair_values[] =
{
    -61, -34, -27, -61, -17, -8, -26, -35,
    -27, -17, -35, -35, -8, -13, -26, -17,
    17, 17, -8, -8, -8, -8, -67, -16,
    -32, -16, -41, -12, -4, -8, -119, -119,
    -59, -22, -22, -22, -22, -113, -34, -34,
    -34, -34, -99, -47, -87, -60, -92, -43,
    -97, -97, -38, 8, -8, -68, -61, -68,
    -34, -34, -67, -26, -26, -26, -26, 17,
    -34, -34, -21, -59, -34, -59, -16, -16,
    -26, -8, -8, -8, -8, -48, -27, -48,
    -16, -14, -14, -14, -14
};

/*Collect the kern pair's data in one place*/
static const lv_font_fmt_txt_kern_pair_t kern_pairs =
{
    .glyph_ids = kern_pair_glyph_ids,
    .values = kern_pair_values,
    .pair_cnt = 85,
    .glyph_ids_size = 0
};

/*--------------------
 *  ALL CUSTOM DATA
 *--------------------*/

#if LVGL_VERSION_MAJOR == 8
/*Store all the custom data of the font*/
static  lv_font_fmt_txt_glyph_cache_t cache;
#endif

#if LVGL_VERSION_MAJOR >= 8
static const lv_font_fmt_txt_dsc_t font_dsc = {
#else
static lv_font_fmt_txt_dsc_t font_dsc = {
#endif
    .glyph_bitmap = glyph_bitmap,
    .glyph_dsc = glyph_dsc,
    .cmaps = cmaps,
    .kern_dsc = &kern_pairs,
    .kern_scale = 18,
    .cmap_num = 2,
    .bpp = 2,
    .kern_classes = 0,
    .bitmap_format = 0,
#if LVGL_VERSION_MAJOR == 8
    .cache = &cache
#endif
};



/*-----------------
 *  PUBLIC FONT
 *----------------*/

/*Initialize a public general font descriptor*/
#if LVGL_VERSION_MAJOR >= 8
const lv_font_t DINish_SemiBold_61 = {
#else
lv_font_t DINish_SemiBold_61 = {
#endif
    .get_glyph_dsc = lv_font_get_glyph_dsc_fmt_txt,    /*Function pointer to get glyph's data*/
    .get_glyph_bitmap = lv_font_get_bitmap_fmt_txt,    /*Function pointer to get glyph's bitmap*/
    .line_height = 56,          /*The maximum line height required by the font*/
    .base_line = 10,             /*Baseline measured from the bottom of the line*/
#if !(LVGL_VERSION_MAJOR == 6 && LVGL_VERSION_MINOR == 0)
    .subpx = LV_FONT_SUBPX_NONE,
#endif
#if LV_VERSION_CHECK(7, 4, 0) || LVGL_VERSION_MAJOR >= 8
    .underline_position = -9,
    .underline_thickness = 3,
#endif
    .dsc = &font_dsc,          /*The custom font data. Will be accessed by `get_glyph_bitmap/dsc` */
#if LV_VERSION_CHECK(8, 2, 0) || LVGL_VERSION_MAJOR >= 9
    .fallback = NULL,
#endif
    .user_data = NULL,
};



#endif /*#if DINISH_SEMIBOLD_61*/

