#include <lvgl.h>
/*******************************************************************************
 * Size: 42 px
 * Bpp: 4
 * Opts: --font ttf/DINish-SemiBold.ttf --bpp 4 --size 42 --no-compress --format lvgl --r 0x21-0x60,0x7B-0x7E -o 42/DINish_SemiBold_42.c
 ******************************************************************************/


#ifndef DINISH_SEMIBOLD_42
#define DINISH_SEMIBOLD_42 1
#endif

#if DINISH_SEMIBOLD_42

/*-----------------
 *    BITMAPS
 *----------------*/

/*Store the image of the glyphs*/
static LV_ATTRIBUTE_LARGE_CONST const uint8_t glyph_bitmap[] = {
    /* U+0021 "!" */
    0x6f, 0xff, 0xfb, 0x5f, 0xff, 0xfa, 0x4f, 0xff,
    0xfa, 0x4f, 0xff, 0xf9, 0x3f, 0xff, 0xf8, 0x2f,
    0xff, 0xf7, 0x2f, 0xff, 0xf7, 0x1f, 0xff, 0xf6,
    0xf, 0xff, 0xf5, 0xf, 0xff, 0xf5, 0xf, 0xff,
    0xf4, 0xe, 0xff, 0xf3, 0xd, 0xff, 0xf2, 0xc,
    0xff, 0xf2, 0xc, 0xff, 0xf1, 0xb, 0xff, 0xf0,
    0xa, 0xff, 0xf0, 0xa, 0xff, 0xf0, 0x9, 0xff,
    0xe0, 0x7, 0xdd, 0xb0, 0x0, 0x0, 0x0, 0x0,
    0x0, 0x0, 0x0, 0x0, 0x0, 0x0, 0x0, 0x0,
    0x4f, 0xff, 0xf9, 0x4f, 0xff, 0xfa, 0x4f, 0xff,
    0xfa, 0x4f, 0xff, 0xfa, 0x4f, 0xff, 0xfa,

    /* U+0022 "\"" */
    0x3f, 0xff, 0xf0, 0x0, 0xff, 0xff, 0x23, 0xff,
    0xff, 0x0, 0xf, 0xff, 0xf2, 0x3f, 0xff, 0xf0,
    0x0, 0xff, 0xff, 0x23, 0xff, 0xff, 0x0, 0xf,
    0xff, 0xf2, 0x3f, 0xff, 0xf0, 0x0, 0xff, 0xff,
    0x23, 0xff, 0xff, 0x0, 0xf, 0xff, 0xf2, 0x3f,
    0xff, 0xf0, 0x0, 0xff, 0xff, 0x23, 0xff, 0xff,
    0x0, 0xf, 0xff, 0xf2, 0x3f, 0xff, 0xf0, 0x0,
    0xff, 0xff, 0x23, 0xff, 0xff, 0x0, 0xf, 0xff,
    0xf2, 0x3f, 0xff, 0xf0, 0x0, 0xff, 0xff, 0x21,
    0xaa, 0xaa, 0x0, 0xa, 0xaa, 0xa1,

    /* U+0023 "#" */
    0x0, 0x0, 0x0, 0x5f, 0xff, 0x50, 0x0, 0xb,
    0xff, 0xf0, 0x0, 0x0, 0x0, 0x0, 0x7f, 0xff,
    0x30, 0x0, 0xd, 0xff, 0xd0, 0x0, 0x0, 0x0,
    0x0, 0x9f, 0xff, 0x10, 0x0, 0xf, 0xff, 0xb0,
    0x0, 0x0, 0x0, 0x0, 0xbf, 0xff, 0x0, 0x0,
    0x2f, 0xff, 0x90, 0x0, 0x0, 0x0, 0x0, 0xef,
    0xfd, 0x0, 0x0, 0x4f, 0xff, 0x70, 0x0, 0x0,
    0x0, 0x0, 0xff, 0xfb, 0x0, 0x0, 0x6f, 0xff,
    0x50, 0x0, 0x0, 0x0, 0x2, 0xff, 0xf9, 0x0,
    0x0, 0x8f, 0xff, 0x30, 0x0, 0x0, 0x0, 0x4,
    0xff, 0xf7, 0x0, 0x0, 0xaf, 0xff, 0x10, 0x0,
    0x1, 0xff, 0xff, 0xff, 0xff, 0xff, 0xff, 0xff,
    0xff, 0xff, 0xf6, 0x1, 0xff, 0xff, 0xff, 0xff,
    0xff, 0xff, 0xff, 0xff, 0xff, 0xf6, 0x1, 0xff,
    0xff, 0xff, 0xff, 0xff, 0xff, 0xff, 0xff, 0xff,
    0xf6, 0x0, 0x66, 0x6e, 0xff, 0xe6, 0x66, 0x68,
    0xff, 0xfb, 0x66, 0x62, 0x0, 0x0, 0xf, 0xff,
    0xc0, 0x0, 0x5, 0xff, 0xf6, 0x0, 0x0, 0x0,
    0x0, 0x1f, 0xff, 0xa0, 0x0, 0x7, 0xff, 0xf4,
    0x0, 0x0, 0x0, 0x0, 0x3f, 0xff, 0x80, 0x0,
    0x9, 0xff, 0xf2, 0x0, 0x0, 0x0, 0x0, 0x5f,
    0xff, 0x60, 0x0, 0xb, 0xff, 0xf0, 0x0, 0x0,
    0x6, 0x66, 0xaf, 0xff, 0x86, 0x66, 0x6e, 0xff,
    0xf6, 0x66, 0x20, 0x2f, 0xff, 0xff, 0xff, 0xff,
    0xff, 0xff, 0xff, 0xff, 0xff, 0x50, 0x2f, 0xff,
    0xff, 0xff, 0xff, 0xff, 0xff, 0xff, 0xff, 0xff,
    0x50, 0x2f, 0xff, 0xff, 0xff, 0xff, 0xff, 0xff,
    0xff, 0xff, 0xff, 0x50, 0x0, 0x0, 0xff, 0xfb,
    0x0, 0x0, 0x6f, 0xff, 0x60, 0x0, 0x0, 0x0,
    0x2, 0xff, 0xf9, 0x0, 0x0, 0x8f, 0xff, 0x40,
    0x0, 0x0, 0x0, 0x4, 0xff, 0xf7, 0x0, 0x0,
    0xaf, 0xff, 0x20, 0x0, 0x0, 0x0, 0x6, 0xff,
    0xf5, 0x0, 0x0, 0xcf, 0xff, 0x0, 0x0, 0x0,
    0x0, 0x8, 0xff, 0xf3, 0x0, 0x0, 0xef, 0xfd,
    0x0, 0x0, 0x0, 0x0, 0xa, 0xff, 0xf1, 0x0,
    0x0, 0xff, 0xfb, 0x0, 0x0, 0x0, 0x0, 0xc,
    0xff, 0xf0, 0x0, 0x2, 0xff, 0xf9, 0x0, 0x0,
    0x0, 0x0, 0xe, 0xff, 0xd0, 0x0, 0x4, 0xff,
    0xf7, 0x0, 0x0, 0x0, 0x0, 0xf, 0xff, 0xb0,
    0x0, 0x6, 0xff, 0xf5, 0x0, 0x0, 0x0,

    /* U+0024 "$" */
    0x0, 0x0, 0x0, 0xd, 0xff, 0xd0, 0x0, 0x0,
    0x0, 0x0, 0x0, 0x0, 0xd, 0xff, 0xd0, 0x0,
    0x0, 0x0, 0x0, 0x0, 0x0, 0xd, 0xff, 0xd0,
    0x0, 0x0, 0x0, 0x0, 0x0, 0x2, 0x7f, 0xff,
    0xe7, 0x10, 0x0, 0x0, 0x0, 0x1, 0xbf, 0xff,
    0xff, 0xff, 0xf9, 0x0, 0x0, 0x0, 0x2e, 0xff,
    0xff, 0xff, 0xff, 0xff, 0xc1, 0x0, 0x0, 0xdf,
    0xff, 0xff, 0xff, 0xff, 0xff, 0xfa, 0x0, 0x7,
    0xff, 0xff, 0xa3, 0x12, 0x5e, 0xff, 0xff, 0x30,
    0xc, 0xff, 0xfb, 0x0, 0x0, 0x1, 0xef, 0xff,
    0x90, 0xf, 0xff, 0xf5, 0x0, 0x0, 0x0, 0x8f,
    0xff, 0xd0, 0x1f, 0xff, 0xf3, 0x0, 0x0, 0x0,
    0x4f, 0xff, 0xe0, 0x2f, 0xff, 0xf5, 0x0, 0x0,
    0x0, 0x0, 0x0, 0x0, 0xf, 0xff, 0xfc, 0x0,
    0x0, 0x0, 0x0, 0x0, 0x0, 0xd, 0xff, 0xff,
    0xc3, 0x0, 0x0, 0x0, 0x0, 0x0, 0x7, 0xff,
    0xff, 0xff, 0xd9, 0x63, 0x0, 0x0, 0x0, 0x0,
    0xcf, 0xff, 0xff, 0xff, 0xff, 0xe8, 0x0, 0x0,
    0x0, 0x1b, 0xff, 0xff, 0xff, 0xff, 0xff, 0xd2,
    0x0, 0x0, 0x0, 0x5c, 0xff, 0xff, 0xff, 0xff,
    0xfe, 0x10, 0x0, 0x0, 0x0, 0x16, 0x9e, 0xff,
    0xff, 0xff, 0x90, 0x0, 0x0, 0x0, 0x0, 0x0,
    0x3b, 0xff, 0xff, 0xf0, 0x0, 0x0, 0x0, 0x0,
    0x0, 0x0, 0x9f, 0xff, 0xf4, 0x0, 0x0, 0x0,
    0x0, 0x0, 0x0, 0x2f, 0xff, 0xf5, 0x9e, 0xee,
    0x70, 0x0, 0x0, 0x0, 0xf, 0xff, 0xf6, 0x8f,
    0xff, 0xb0, 0x0, 0x0, 0x0, 0xf, 0xff, 0xf5,
    0x5f, 0xff, 0xf2, 0x0, 0x0, 0x0, 0x5f, 0xff,
    0xf2, 0x1f, 0xff, 0xfc, 0x10, 0x0, 0x3, 0xef,
    0xff, 0xd0, 0x8, 0xff, 0xff, 0xfb, 0x89, 0xcf,
    0xff, 0xff, 0x60, 0x0, 0xdf, 0xff, 0xff, 0xff,
    0xff, 0xff, 0xfb, 0x0, 0x0, 0x1c, 0xff, 0xff,
    0xff, 0xff, 0xff, 0xa0, 0x0, 0x0, 0x0, 0x5c,
    0xff, 0xff, 0xff, 0xa3, 0x0, 0x0, 0x0, 0x0,
    0x0, 0xd, 0xff, 0xd0, 0x0, 0x0, 0x0, 0x0,
    0x0, 0x0, 0xd, 0xff, 0xd0, 0x0, 0x0, 0x0,
    0x0, 0x0, 0x0, 0xd, 0xff, 0xd0, 0x0, 0x0,
    0x0, 0x0, 0x0, 0x0, 0xd, 0xff, 0xd0, 0x0,
    0x0, 0x0,

    /* U+0025 "%" */
    0x0, 0x0, 0x35, 0x54, 0x0, 0x0, 0x0, 0x0,
    0x0, 0x0, 0x0, 0x0, 0x0, 0x0, 0x0, 0x0,
    0x0, 0x0, 0x6, 0xef, 0xff, 0xff, 0x90, 0x0,
    0x0, 0x0, 0x0, 0x0, 0x0, 0xaf, 0xfe, 0x10,
    0x0, 0x0, 0x0, 0x6, 0xff, 0xff, 0xff, 0xff,
    0xc0, 0x0, 0x0, 0x0, 0x0, 0x0, 0x3f, 0xff,
    0x60, 0x0, 0x0, 0x0, 0x1, 0xff, 0xff, 0xff,
    0xff, 0xff, 0x60, 0x0, 0x0, 0x0, 0x0, 0xc,
    0xff, 0xd0, 0x0, 0x0, 0x0, 0x0, 0x6f, 0xff,
    0xd2, 0x19, 0xff, 0xfb, 0x0, 0x0, 0x0, 0x0,
    0x5, 0xff, 0xf5, 0x0, 0x0, 0x0, 0x0, 0x8,
    0xff, 0xf8, 0x0, 0x2f, 0xff, 0xe0, 0x0, 0x0,
    0x0, 0x0, 0xdf, 0xfc, 0x0, 0x0, 0x0, 0x0,
    0x0, 0xaf, 0xff, 0x60, 0x0, 0xff, 0xff, 0x0,
    0x0, 0x0, 0x0, 0x6f, 0xff, 0x30, 0x0, 0x0,
    0x0, 0x0, 0xa, 0xff, 0xf6, 0x0, 0xf, 0xff,
    0xf0, 0x0, 0x0, 0x0, 0xe, 0xff, 0xa0, 0x0,
    0x0, 0x0, 0x0, 0x0, 0xaf, 0xff, 0x60, 0x0,
    0xff, 0xff, 0x0, 0x0, 0x0, 0x8, 0xff, 0xf2,
    0x0, 0x0, 0x0, 0x0, 0x0, 0xa, 0xff, 0xf6,
    0x0, 0xf, 0xff, 0xf0, 0x0, 0x0, 0x1, 0xff,
    0xf9, 0x0, 0x0, 0x0, 0x0, 0x0, 0x0, 0xaf,
    0xff, 0x60, 0x0, 0xff, 0xff, 0x0, 0x0, 0x0,
    0xaf, 0xff, 0x10, 0x0, 0x0, 0x0, 0x0, 0x0,
    0xa, 0xff, 0xf6, 0x0, 0xf, 0xff, 0xf0, 0x0,
    0x0, 0x3f, 0xff, 0x70, 0x0, 0x0, 0x0, 0x0,
    0x0, 0x0, 0xaf, 0xff, 0x60, 0x0, 0xff, 0xff,
    0x0, 0x0, 0xb, 0xff, 0xe0, 0x0, 0x3, 0xae,
    0xfe, 0xc6, 0x0, 0x9, 0xff, 0xf6, 0x0, 0x1f,
    0xff, 0xe0, 0x0, 0x4, 0xff, 0xf5, 0x0, 0x7,
    0xff, 0xff, 0xff, 0xfd, 0x10, 0x7f, 0xff, 0x90,
    0x4, 0xff, 0xfc, 0x0, 0x0, 0xdf, 0xfc, 0x0,
    0x3, 0xff, 0xff, 0xff, 0xff, 0xfb, 0x3, 0xff,
    0xff, 0x87, 0xdf, 0xff, 0x80, 0x0, 0x6f, 0xff,
    0x40, 0x0, 0xaf, 0xff, 0xd7, 0x9f, 0xff, 0xf2,
    0xc, 0xff, 0xff, 0xff, 0xff, 0xf1, 0x0, 0xe,
    0xff, 0xb0, 0x0, 0xe, 0xff, 0xf3, 0x0, 0xbf,
    0xff, 0x60, 0x2e, 0xff, 0xff, 0xff, 0xf5, 0x0,
    0x7, 0xff, 0xf2, 0x0, 0x0, 0xff, 0xff, 0x0,
    0x8, 0xff, 0xf7, 0x0, 0x18, 0xce, 0xfe, 0xa3,
    0x0, 0x1, 0xff, 0xf9, 0x0, 0x0, 0x1f, 0xff,
    0xf0, 0x0, 0x7f, 0xff, 0x80, 0x0, 0x0, 0x0,
    0x0, 0x0, 0x0, 0x9f, 0xff, 0x10, 0x0, 0x1,
    0xff, 0xff, 0x0, 0x7, 0xff, 0xf8, 0x0, 0x0,
    0x0, 0x0, 0x0, 0x0, 0x2f, 0xff, 0x80, 0x0,
    0x0, 0x1f, 0xff, 0xf0, 0x0, 0x7f, 0xff, 0x80,
    0x0, 0x0, 0x0, 0x0, 0x0, 0xb, 0xff, 0xe0,
    0x0, 0x0, 0x1, 0xff, 0xff, 0x0, 0x7, 0xff,
    0xf8, 0x0, 0x0, 0x0, 0x0, 0x0, 0x4, 0xff,
    0xf6, 0x0, 0x0, 0x0, 0x1f, 0xff, 0xf0, 0x0,
    0x7f, 0xff, 0x80, 0x0, 0x0, 0x0, 0x0, 0x0,
    0xcf, 0xfd, 0x0, 0x0, 0x0, 0x1, 0xff, 0xff,
    0x0, 0x7, 0xff, 0xf8, 0x0, 0x0, 0x0, 0x0,
    0x0, 0x5f, 0xff, 0x40, 0x0, 0x0, 0x0, 0x1f,
    0xff, 0xf0, 0x0, 0x7f, 0xff, 0x80, 0x0, 0x0,
    0x0, 0x0, 0xe, 0xff, 0xb0, 0x0, 0x0, 0x0,
    0x0, 0xff, 0xff, 0x0, 0x8, 0xff, 0xf7, 0x0,
    0x0, 0x0, 0x0, 0x7, 0xff, 0xf3, 0x0, 0x0,
    0x0, 0x0, 0xe, 0xff, 0xf3, 0x0, 0xbf, 0xff,
    0x40, 0x0, 0x0, 0x0, 0x1, 0xef, 0xfa, 0x0,
    0x0, 0x0, 0x0, 0x0, 0xaf, 0xff, 0xc6, 0x8f,
    0xff, 0xf1, 0x0, 0x0, 0x0, 0x0, 0x9f, 0xff,
    0x10, 0x0, 0x0, 0x0, 0x0, 0x3, 0xff, 0xff,
    0xff, 0xff, 0xf9, 0x0, 0x0, 0x0, 0x0, 0x2f,
    0xff, 0x80, 0x0, 0x0, 0x0, 0x0, 0x0, 0x7,
    0xff, 0xff, 0xff, 0xfd, 0x10, 0x0, 0x0, 0x0,
    0x0, 0x0, 0x0, 0x0, 0x0, 0x0, 0x0, 0x0,
    0x0, 0x3, 0xae, 0xff, 0xd8, 0x0, 0x0,

    /* U+0026 "&" */
    0x0, 0x0, 0x2, 0x9d, 0xfe, 0xc7, 0x10, 0x0,
    0x0, 0x0, 0x0, 0x0, 0x7, 0xff, 0xff, 0xff,
    0xfe, 0x50, 0x0, 0x0, 0x0, 0x0, 0x7, 0xff,
    0xff, 0xff, 0xff, 0xff, 0x30, 0x0, 0x0, 0x0,
    0x2, 0xff, 0xff, 0xe9, 0xaf, 0xff, 0xfd, 0x0,
    0x0, 0x0, 0x0, 0x8f, 0xff, 0xe1, 0x0, 0x2f,
    0xff, 0xf4, 0x0, 0x0, 0x0, 0xb, 0xff, 0xf8,
    0x0, 0x0, 0xaf, 0xff, 0x70, 0x0, 0x0, 0x0,
    0xdf, 0xff, 0x60, 0x0, 0x8, 0xff, 0xf9, 0x0,
    0x0, 0x0, 0xb, 0xff, 0xf8, 0x0, 0x0, 0xbf,
    0xff, 0x70, 0x0, 0x0, 0x0, 0x7f, 0xff, 0xe0,
    0x0, 0x2f, 0xff, 0xf3, 0x0, 0x0, 0x0, 0x1,
    0xff, 0xff, 0x90, 0x1d, 0xff, 0xfc, 0x0, 0x0,
    0x0, 0x0, 0x7, 0xff, 0xff, 0x6d, 0xff, 0xff,
    0x20, 0x0, 0x0, 0x0, 0x0, 0xc, 0xff, 0xff,
    0xff, 0xff, 0x40, 0x0, 0x0, 0x0, 0x0, 0x0,
    0x2f, 0xff, 0xff, 0xff, 0x50, 0x0, 0x0, 0x0,
    0x0, 0x0, 0x1, 0xdf, 0xff, 0xff, 0x40, 0x0,
    0x0, 0x0, 0x0, 0x0, 0x2, 0xef, 0xff, 0xff,
    0xf5, 0x0, 0x0, 0x0, 0x0, 0x0, 0x2, 0xef,
    0xff, 0xff, 0xff, 0xf2, 0x0, 0x0, 0x0, 0x0,
    0x1, 0xdf, 0xff, 0xfa, 0xff, 0xff, 0xc0, 0x0,
    0x9, 0xb0, 0x0, 0xaf, 0xff, 0xf7, 0x7, 0xff,
    0xff, 0x80, 0x6, 0xff, 0xc1, 0x3f, 0xff, 0xf9,
    0x0, 0xb, 0xff, 0xff, 0x43, 0xff, 0xff, 0x88,
    0xff, 0xfe, 0x0, 0x0, 0x1e, 0xff, 0xfe, 0xef,
    0xff, 0xc0, 0xcf, 0xff, 0x80, 0x0, 0x0, 0x4f,
    0xff, 0xff, 0xff, 0xe1, 0xe, 0xff, 0xf6, 0x0,
    0x0, 0x0, 0x9f, 0xff, 0xff, 0xf3, 0x0, 0xdf,
    0xff, 0x80, 0x0, 0x0, 0x0, 0xdf, 0xff, 0xf8,
    0x0, 0xb, 0xff, 0xfd, 0x0, 0x0, 0x0, 0x6f,
    0xff, 0xff, 0xe1, 0x0, 0x7f, 0xff, 0xfb, 0x20,
    0x2, 0xaf, 0xff, 0xff, 0xff, 0xc1, 0x1, 0xff,
    0xff, 0xff, 0xee, 0xff, 0xff, 0xfc, 0xff, 0xff,
    0xfe, 0x5, 0xff, 0xff, 0xff, 0xff, 0xff, 0xfb,
    0xa, 0xff, 0xff, 0xf0, 0x5, 0xff, 0xff, 0xff,
    0xff, 0xf8, 0x0, 0xd, 0xff, 0xff, 0x0, 0x1,
    0x8c, 0xef, 0xec, 0x72, 0x0, 0x0, 0x1a, 0xef,
    0xf0,

    /* U+0027 "'" */
    0x3f, 0xff, 0xf0, 0x3f, 0xff, 0xf0, 0x3f, 0xff,
    0xf0, 0x3f, 0xff, 0xf0, 0x3f, 0xff, 0xf0, 0x3f,
    0xff, 0xf0, 0x3f, 0xff, 0xf0, 0x3f, 0xff, 0xf0,
    0x3f, 0xff, 0xf0, 0x3f, 0xff, 0xf0, 0x3f, 0xff,
    0xf0, 0x1a, 0xaa, 0xa0,

    /* U+0028 "(" */
    0x0, 0x0, 0x9, 0xbb, 0x50, 0x0, 0x5, 0xff,
    0xf1, 0x0, 0x0, 0xef, 0xfa, 0x0, 0x0, 0x7f,
    0xff, 0x30, 0x0, 0xe, 0xff, 0xd0, 0x0, 0x6,
    0xff, 0xf8, 0x0, 0x0, 0xdf, 0xff, 0x30, 0x0,
    0x3f, 0xff, 0xe0, 0x0, 0x8, 0xff, 0xf9, 0x0,
    0x0, 0xdf, 0xff, 0x60, 0x0, 0x1f, 0xff, 0xf2,
    0x0, 0x4, 0xff, 0xff, 0x0, 0x0, 0x7f, 0xff,
    0xd0, 0x0, 0xa, 0xff, 0xfb, 0x0, 0x0, 0xbf,
    0xff, 0xa0, 0x0, 0xd, 0xff, 0xf8, 0x0, 0x0,
    0xdf, 0xff, 0x80, 0x0, 0xe, 0xff, 0xf7, 0x0,
    0x0, 0xef, 0xff, 0x80, 0x0, 0xd, 0xff, 0xf8,
    0x0, 0x0, 0xcf, 0xff, 0x90, 0x0, 0xa, 0xff,
    0xfb, 0x0, 0x0, 0x8f, 0xff, 0xc0, 0x0, 0x5,
    0xff, 0xff, 0x0, 0x0, 0x2f, 0xff, 0xf1, 0x0,
    0x0, 0xef, 0xff, 0x50, 0x0, 0xa, 0xff, 0xf8,
    0x0, 0x0, 0x4f, 0xff, 0xd0, 0x0, 0x0, 0xef,
    0xff, 0x20, 0x0, 0x8, 0xff, 0xf6, 0x0, 0x0,
    0x2f, 0xff, 0xb0, 0x0, 0x0, 0xaf, 0xff, 0x20,
    0x0, 0x2, 0xff, 0xf8, 0x0, 0x0, 0x9, 0xff,
    0xe0, 0x0, 0x0, 0xe, 0xff, 0x60,

    /* U+0029 ")" */
    0x8b, 0xb6, 0x0, 0x0, 0x6, 0xff, 0xf1, 0x0,
    0x0, 0xe, 0xff, 0xa0, 0x0, 0x0, 0x8f, 0xff,
    0x30, 0x0, 0x1, 0xff, 0xfb, 0x0, 0x0, 0xc,
    0xff, 0xf2, 0x0, 0x0, 0x7f, 0xff, 0x80, 0x0,
    0x3, 0xff, 0xfe, 0x0, 0x0, 0xe, 0xff, 0xf4,
    0x0, 0x0, 0xaf, 0xff, 0x80, 0x0, 0x7, 0xff,
    0xfc, 0x0, 0x0, 0x4f, 0xff, 0xf0, 0x0, 0x2,
    0xff, 0xff, 0x30, 0x0, 0xf, 0xff, 0xf5, 0x0,
    0x0, 0xef, 0xff, 0x70, 0x0, 0xd, 0xff, 0xf8,
    0x0, 0x0, 0xcf, 0xff, 0x90, 0x0, 0xc, 0xff,
    0xf9, 0x0, 0x0, 0xcf, 0xff, 0x90, 0x0, 0xd,
    0xff, 0xf8, 0x0, 0x0, 0xef, 0xff, 0x70, 0x0,
    0xf, 0xff, 0xf5, 0x0, 0x1, 0xff, 0xff, 0x30,
    0x0, 0x3f, 0xff, 0xf0, 0x0, 0x6, 0xff, 0xfd,
    0x0, 0x0, 0x9f, 0xff, 0x90, 0x0, 0xd, 0xff,
    0xf5, 0x0, 0x1, 0xff, 0xff, 0x0, 0x0, 0x6f,
    0xff, 0xa0, 0x0, 0xb, 0xff, 0xf4, 0x0, 0x0,
    0xff, 0xfd, 0x0, 0x0, 0x6f, 0xff, 0x50, 0x0,
    0xd, 0xff, 0xd0, 0x0, 0x4, 0xff, 0xf4, 0x0,
    0x0, 0xbf, 0xfa, 0x0, 0x0, 0x0,

    /* U+002A "*" */
    0x0, 0x0, 0x5f, 0xf3, 0x0, 0x0, 0x0, 0x0,
    0x5f, 0xf3, 0x0, 0x0, 0x1b, 0x30, 0x5f, 0xf3,
    0x4, 0xa0, 0x9f, 0xf9, 0x7f, 0xf5, 0xbf, 0xf6,
    0x4d, 0xff, 0xff, 0xff, 0xff, 0xc3, 0x0, 0x7f,
    0xff, 0xff, 0xe5, 0x0, 0x0, 0x4d, 0xff, 0xff,
    0xc3, 0x0, 0x2b, 0xff, 0xff, 0xff, 0xff, 0x91,
    0xaf, 0xfc, 0x9f, 0xf8, 0xef, 0xf7, 0x2e, 0x60,
    0x5f, 0xf3, 0x8, 0xd0, 0x0, 0x0, 0x5f, 0xf3,
    0x0, 0x0, 0x0, 0x0, 0x5f, 0xf3, 0x0, 0x0,
    0x0, 0x0, 0x15, 0x51, 0x0, 0x0,

    /* U+002B "+" */
    0x0, 0x0, 0x0, 0xd, 0xdd, 0xd1, 0x0, 0x0,
    0x0, 0x0, 0x0, 0x0, 0x1f, 0xff, 0xf1, 0x0,
    0x0, 0x0, 0x0, 0x0, 0x0, 0x1f, 0xff, 0xf1,
    0x0, 0x0, 0x0, 0x0, 0x0, 0x0, 0x1f, 0xff,
    0xf1, 0x0, 0x0, 0x0, 0x0, 0x0, 0x0, 0x1f,
    0xff, 0xf1, 0x0, 0x0, 0x0, 0x0, 0x0, 0x0,
    0x1f, 0xff, 0xf1, 0x0, 0x0, 0x0, 0x0, 0x0,
    0x0, 0x1f, 0xff, 0xf1, 0x0, 0x0, 0x0, 0xdf,
    0xff, 0xff, 0xff, 0xff, 0xff, 0xff, 0xff, 0xfd,
    0xdf, 0xff, 0xff, 0xff, 0xff, 0xff, 0xff, 0xff,
    0xfd, 0xdf, 0xff, 0xff, 0xff, 0xff, 0xff, 0xff,
    0xff, 0xfd, 0xdf, 0xff, 0xff, 0xff, 0xff, 0xff,
    0xff, 0xff, 0xfd, 0x22, 0x22, 0x22, 0x3f, 0xff,
    0xf3, 0x22, 0x22, 0x22, 0x0, 0x0, 0x0, 0x1f,
    0xff, 0xf1, 0x0, 0x0, 0x0, 0x0, 0x0, 0x0,
    0x1f, 0xff, 0xf1, 0x0, 0x0, 0x0, 0x0, 0x0,
    0x0, 0x1f, 0xff, 0xf1, 0x0, 0x0, 0x0, 0x0,
    0x0, 0x0, 0x1f, 0xff, 0xf1, 0x0, 0x0, 0x0,
    0x0, 0x0, 0x0, 0x1f, 0xff, 0xf1, 0x0, 0x0,
    0x0, 0x0, 0x0, 0x0, 0x1f, 0xff, 0xf1, 0x0,
    0x0, 0x0,

    /* U+002C "," */
    0x3f, 0xff, 0xf0, 0x3f, 0xff, 0xf0, 0x3f, 0xff,
    0xf0, 0x3f, 0xff, 0xf0, 0x3f, 0xff, 0xf0, 0x3f,
    0xff, 0xf0, 0x3f, 0xff, 0xf0, 0x3f, 0xff, 0xf0,
    0x3f, 0xff, 0x70, 0x3f, 0xf4, 0x0, 0x3e, 0x30,
    0x0, 0x11, 0x0, 0x0,

    /* U+002D "-" */
    0x12, 0x22, 0x22, 0x22, 0x22, 0x22, 0x8, 0xff,
    0xff, 0xff, 0xff, 0xff, 0xf0, 0x8f, 0xff, 0xff,
    0xff, 0xff, 0xff, 0x8, 0xff, 0xff, 0xff, 0xff,
    0xff, 0xf0, 0x8f, 0xff, 0xff, 0xff, 0xff, 0xff,
    0x0,

    /* U+002E "." */
    0x4, 0x44, 0x43, 0x3f, 0xff, 0xff, 0x3f, 0xff,
    0xff, 0x3f, 0xff, 0xff, 0x3f, 0xff, 0xff, 0x3f,
    0xff, 0xff,

    /* U+002F "/" */
    0x0, 0x0, 0x0, 0x0, 0x2f, 0xff, 0x90, 0x0,
    0x0, 0x0, 0x7, 0xff, 0xf4, 0x0, 0x0, 0x0,
    0x0, 0xcf, 0xff, 0x0, 0x0, 0x0, 0x0, 0x1f,
    0xff, 0xa0, 0x0, 0x0, 0x0, 0x6, 0xff, 0xf6,
    0x0, 0x0, 0x0, 0x0, 0xbf, 0xff, 0x10, 0x0,
    0x0, 0x0, 0xf, 0xff, 0xc0, 0x0, 0x0, 0x0,
    0x4, 0xff, 0xf7, 0x0, 0x0, 0x0, 0x0, 0x9f,
    0xff, 0x20, 0x0, 0x0, 0x0, 0xe, 0xff, 0xd0,
    0x0, 0x0, 0x0, 0x3, 0xff, 0xf8, 0x0, 0x0,
    0x0, 0x0, 0x8f, 0xff, 0x30, 0x0, 0x0, 0x0,
    0xd, 0xff, 0xe0, 0x0, 0x0, 0x0, 0x2, 0xff,
    0xf9, 0x0, 0x0, 0x0, 0x0, 0x7f, 0xff, 0x40,
    0x0, 0x0, 0x0, 0xc, 0xff, 0xf0, 0x0, 0x0,
    0x0, 0x1, 0xff, 0xfa, 0x0, 0x0, 0x0, 0x0,
    0x6f, 0xff, 0x50, 0x0, 0x0, 0x0, 0xa, 0xff,
    0xf1, 0x0, 0x0, 0x0, 0x0, 0xff, 0xfc, 0x0,
    0x0, 0x0, 0x0, 0x4f, 0xff, 0x70, 0x0, 0x0,
    0x0, 0x9, 0xff, 0xf2, 0x0, 0x0, 0x0, 0x0,
    0xef, 0xfd, 0x0, 0x0, 0x0, 0x0, 0x3f, 0xff,
    0x80, 0x0, 0x0, 0x0, 0x8, 0xff, 0xf3, 0x0,
    0x0, 0x0, 0x0, 0xdf, 0xfe, 0x0, 0x0, 0x0,
    0x0, 0x2f, 0xff, 0x90, 0x0, 0x0, 0x0, 0x7,
    0xff, 0xf4, 0x0, 0x0, 0x0, 0x0, 0xcf, 0xff,
    0x0, 0x0, 0x0, 0x0, 0x0,

    /* U+0030 "0" */
    0x0, 0x0, 0x28, 0xce, 0xfe, 0xd9, 0x40, 0x0,
    0x0, 0x0, 0x8f, 0xff, 0xff, 0xff, 0xff, 0xc1,
    0x0, 0x0, 0xaf, 0xff, 0xff, 0xff, 0xff, 0xff,
    0xe1, 0x0, 0x5f, 0xff, 0xff, 0xff, 0xff, 0xff,
    0xff, 0xa0, 0xd, 0xff, 0xff, 0xc5, 0x34, 0xaf,
    0xff, 0xff, 0x22, 0xff, 0xff, 0xc0, 0x0, 0x0,
    0x9f, 0xff, 0xf7, 0x6f, 0xff, 0xf6, 0x0, 0x0,
    0x2, 0xff, 0xff, 0xa8, 0xff, 0xff, 0x30, 0x0,
    0x0, 0xf, 0xff, 0xfc, 0x9f, 0xff, 0xf1, 0x0,
    0x0, 0x0, 0xdf, 0xff, 0xda, 0xff, 0xff, 0x0,
    0x0, 0x0, 0xc, 0xff, 0xfe, 0xaf, 0xff, 0xf0,
    0x0, 0x0, 0x0, 0xcf, 0xff, 0xea, 0xff, 0xff,
    0x0, 0x0, 0x0, 0xc, 0xff, 0xfe, 0xaf, 0xff,
    0xf0, 0x0, 0x0, 0x0, 0xcf, 0xff, 0xea, 0xff,
    0xff, 0x0, 0x0, 0x0, 0xc, 0xff, 0xfe, 0xaf,
    0xff, 0xf0, 0x0, 0x0, 0x0, 0xcf, 0xff, 0xea,
    0xff, 0xff, 0x0, 0x0, 0x0, 0xc, 0xff, 0xfe,
    0xaf, 0xff, 0xf0, 0x0, 0x0, 0x0, 0xcf, 0xff,
    0xea, 0xff, 0xff, 0x0, 0x0, 0x0, 0xc, 0xff,
    0xfe, 0xaf, 0xff, 0xf0, 0x0, 0x0, 0x0, 0xcf,
    0xff, 0xea, 0xff, 0xff, 0x0, 0x0, 0x0, 0xc,
    0xff, 0xfe, 0x9f, 0xff, 0xf1, 0x0, 0x0, 0x0,
    0xdf, 0xff, 0xd8, 0xff, 0xff, 0x20, 0x0, 0x0,
    0xe, 0xff, 0xfc, 0x6f, 0xff, 0xf6, 0x0, 0x0,
    0x2, 0xff, 0xff, 0xa2, 0xff, 0xff, 0xc0, 0x0,
    0x0, 0x8f, 0xff, 0xf6, 0xd, 0xff, 0xff, 0xb4,
    0x23, 0x8f, 0xff, 0xff, 0x10, 0x5f, 0xff, 0xff,
    0xff, 0xff, 0xff, 0xff, 0x90, 0x0, 0xbf, 0xff,
    0xff, 0xff, 0xff, 0xff, 0xd1, 0x0, 0x0, 0x9f,
    0xff, 0xff, 0xff, 0xff, 0xc1, 0x0, 0x0, 0x0,
    0x28, 0xce, 0xff, 0xd9, 0x40, 0x0, 0x0,

    /* U+0031 "1" */
    0x0, 0x0, 0x2d, 0xff, 0xff, 0x50, 0x0, 0x6f,
    0xff, 0xff, 0xf5, 0x0, 0xaf, 0xff, 0xff, 0xff,
    0x51, 0xdf, 0xff, 0xff, 0xff, 0xf5, 0x4f, 0xff,
    0xff, 0xff, 0xff, 0x54, 0xff, 0xff, 0xaf, 0xff,
    0xf5, 0x4f, 0xfc, 0x25, 0xff, 0xff, 0x54, 0xf8,
    0x0, 0x5f, 0xff, 0xf5, 0x34, 0x0, 0x5, 0xff,
    0xff, 0x50, 0x0, 0x0, 0x5f, 0xff, 0xf5, 0x0,
    0x0, 0x5, 0xff, 0xff, 0x50, 0x0, 0x0, 0x5f,
    0xff, 0xf5, 0x0, 0x0, 0x5, 0xff, 0xff, 0x50,
    0x0, 0x0, 0x5f, 0xff, 0xf5, 0x0, 0x0, 0x5,
    0xff, 0xff, 0x50, 0x0, 0x0, 0x5f, 0xff, 0xf5,
    0x0, 0x0, 0x5, 0xff, 0xff, 0x50, 0x0, 0x0,
    0x5f, 0xff, 0xf5, 0x0, 0x0, 0x5, 0xff, 0xff,
    0x50, 0x0, 0x0, 0x5f, 0xff, 0xf5, 0x0, 0x0,
    0x5, 0xff, 0xff, 0x50, 0x0, 0x0, 0x5f, 0xff,
    0xf5, 0x0, 0x0, 0x5, 0xff, 0xff, 0x50, 0x0,
    0x0, 0x5f, 0xff, 0xf5, 0x0, 0x0, 0x5, 0xff,
    0xff, 0x50, 0x0, 0x0, 0x5f, 0xff, 0xf5, 0x0,
    0x0, 0x5, 0xff, 0xff, 0x50, 0x0, 0x0, 0x5f,
    0xff, 0xf5, 0x0, 0x0, 0x5, 0xff, 0xff, 0x50,

    /* U+0032 "2" */
    0x0, 0x0, 0x39, 0xde, 0xfe, 0xb6, 0x0, 0x0,
    0x0, 0x1, 0xbf, 0xff, 0xff, 0xff, 0xfe, 0x30,
    0x0, 0x1, 0xef, 0xff, 0xff, 0xff, 0xff, 0xff,
    0x40, 0x0, 0xcf, 0xff, 0xff, 0xff, 0xff, 0xff,
    0xff, 0x20, 0x4f, 0xff, 0xff, 0x62, 0x25, 0xef,
    0xff, 0xfa, 0x9, 0xff, 0xff, 0x40, 0x0, 0x2,
    0xff, 0xff, 0xf0, 0xcf, 0xff, 0xd0, 0x0, 0x0,
    0xa, 0xff, 0xff, 0x3e, 0xff, 0xfb, 0x0, 0x0,
    0x0, 0x8f, 0xff, 0xf4, 0x78, 0x88, 0x50, 0x0,
    0x0, 0x8, 0xff, 0xff, 0x40, 0x0, 0x0, 0x0,
    0x0, 0x0, 0xaf, 0xff, 0xf2, 0x0, 0x0, 0x0,
    0x0, 0x0, 0xe, 0xff, 0xfe, 0x0, 0x0, 0x0,
    0x0, 0x0, 0x7, 0xff, 0xff, 0x90, 0x0, 0x0,
    0x0, 0x0, 0x2, 0xff, 0xff, 0xf2, 0x0, 0x0,
    0x0, 0x0, 0x0, 0xcf, 0xff, 0xf8, 0x0, 0x0,
    0x0, 0x0, 0x0, 0x9f, 0xff, 0xfd, 0x0, 0x0,
    0x0, 0x0, 0x0, 0x5f, 0xff, 0xff, 0x20, 0x0,
    0x0, 0x0, 0x0, 0x2f, 0xff, 0xff, 0x50, 0x0,
    0x0, 0x0, 0x0, 0xd, 0xff, 0xff, 0x90, 0x0,
    0x0, 0x0, 0x0, 0xa, 0xff, 0xff, 0xd0, 0x0,
    0x0, 0x0, 0x0, 0x6, 0xff, 0xff, 0xf2, 0x0,
    0x0, 0x0, 0x0, 0x3, 0xff, 0xff, 0xf5, 0x0,
    0x0, 0x0, 0x0, 0x1, 0xef, 0xff, 0xf9, 0x0,
    0x0, 0x0, 0x0, 0x0, 0xbf, 0xff, 0xfc, 0x0,
    0x0, 0x0, 0x0, 0x0, 0x7f, 0xff, 0xfe, 0x20,
    0x0, 0x0, 0x0, 0x0, 0x4f, 0xff, 0xff, 0x72,
    0x22, 0x22, 0x22, 0x22, 0xc, 0xff, 0xff, 0xff,
    0xff, 0xff, 0xff, 0xff, 0xf4, 0xdf, 0xff, 0xff,
    0xff, 0xff, 0xff, 0xff, 0xff, 0x4d, 0xff, 0xff,
    0xff, 0xff, 0xff, 0xff, 0xff, 0xf4, 0xdf, 0xff,
    0xff, 0xff, 0xff, 0xff, 0xff, 0xff, 0x40,

    /* U+0033 "3" */
    0x0, 0x0, 0x49, 0xdf, 0xfe, 0xc8, 0x10, 0x0,
    0x0, 0x1, 0xcf, 0xff, 0xff, 0xff, 0xff, 0x70,
    0x0, 0x1, 0xef, 0xff, 0xff, 0xff, 0xff, 0xff,
    0x90, 0x0, 0xaf, 0xff, 0xff, 0xff, 0xff, 0xff,
    0xff, 0x40, 0x2f, 0xff, 0xfe, 0x62, 0x14, 0xdf,
    0xff, 0xfc, 0x6, 0xff, 0xff, 0x40, 0x0, 0x0,
    0xef, 0xff, 0xf1, 0x8f, 0xff, 0xd0, 0x0, 0x0,
    0x7, 0xff, 0xff, 0x29, 0xff, 0xfb, 0x0, 0x0,
    0x0, 0x5f, 0xff, 0xf3, 0x0, 0x0, 0x0, 0x0,
    0x0, 0x5, 0xff, 0xff, 0x20, 0x0, 0x0, 0x0,
    0x0, 0x0, 0x8f, 0xff, 0xf0, 0x0, 0x0, 0x0,
    0x0, 0x0, 0x1e, 0xff, 0xfb, 0x0, 0x0, 0x0,
    0x0, 0x1, 0x5d, 0xff, 0xff, 0x30, 0x0, 0x0,
    0x0, 0x8f, 0xff, 0xff, 0xff, 0x50, 0x0, 0x0,
    0x0, 0x8, 0xff, 0xff, 0xff, 0x30, 0x0, 0x0,
    0x0, 0x0, 0x8f, 0xff, 0xff, 0xfe, 0x50, 0x0,
    0x0, 0x0, 0x8, 0xff, 0xff, 0xff, 0xff, 0x30,
    0x0, 0x0, 0x0, 0x0, 0x3, 0xaf, 0xff, 0xfe,
    0x0, 0x0, 0x0, 0x0, 0x0, 0x0, 0xaf, 0xff,
    0xf4, 0x0, 0x0, 0x0, 0x0, 0x0, 0x1, 0xff,
    0xff, 0x80, 0x0, 0x0, 0x0, 0x0, 0x0, 0xe,
    0xff, 0xfa, 0x0, 0x0, 0x0, 0x0, 0x0, 0x0,
    0xdf, 0xff, 0xbd, 0xff, 0xf8, 0x0, 0x0, 0x0,
    0xe, 0xff, 0xfa, 0xdf, 0xff, 0xb0, 0x0, 0x0,
    0x1, 0xff, 0xff, 0x9b, 0xff, 0xff, 0x20, 0x0,
    0x0, 0x9f, 0xff, 0xf5, 0x7f, 0xff, 0xfe, 0x62,
    0x3, 0xaf, 0xff, 0xff, 0x1, 0xef, 0xff, 0xff,
    0xff, 0xff, 0xff, 0xff, 0x60, 0x4, 0xff, 0xff,
    0xff, 0xff, 0xff, 0xff, 0xa0, 0x0, 0x4, 0xef,
    0xff, 0xff, 0xff, 0xff, 0x70, 0x0, 0x0, 0x0,
    0x5a, 0xdf, 0xfe, 0xc7, 0x10, 0x0, 0x0,

    /* U+0034 "4" */
    0x0, 0x0, 0x0, 0x0, 0x2f, 0xff, 0xf8, 0x0,
    0x0, 0x0, 0x0, 0x0, 0x0, 0x9, 0xff, 0xff,
    0x10, 0x0, 0x0, 0x0, 0x0, 0x0, 0x0, 0xff,
    0xff, 0xa0, 0x0, 0x0, 0x0, 0x0, 0x0, 0x0,
    0x7f, 0xff, 0xf3, 0x0, 0x0, 0x0, 0x0, 0x0,
    0x0, 0xd, 0xff, 0xfd, 0x0, 0x0, 0x0, 0x0,
    0x0, 0x0, 0x4, 0xff, 0xff, 0x60, 0x0, 0x0,
    0x0, 0x0, 0x0, 0x0, 0xbf, 0xff, 0xe0, 0x0,
    0x0, 0x0, 0x0, 0x0, 0x0, 0x2f, 0xff, 0xf8,
    0x0, 0x0, 0x0, 0x0, 0x0, 0x0, 0x8, 0xff,
    0xff, 0x20, 0x0, 0x0, 0x0, 0x0, 0x0, 0x0,
    0xef, 0xff, 0xb0, 0x0, 0x0, 0x0, 0x0, 0x0,
    0x0, 0x6f, 0xff, 0xf4, 0x0, 0x0, 0x0, 0x0,
    0x0, 0x0, 0xd, 0xff, 0xfd, 0x0, 0x0, 0x0,
    0x0, 0x0, 0x0, 0x3, 0xff, 0xff, 0x60, 0x1,
    0x55, 0x55, 0x10, 0x0, 0x0, 0xaf, 0xff, 0xf0,
    0x0, 0x5f, 0xff, 0xf5, 0x0, 0x0, 0x1f, 0xff,
    0xf9, 0x0, 0x5, 0xff, 0xff, 0x50, 0x0, 0x8,
    0xff, 0xff, 0x20, 0x0, 0x5f, 0xff, 0xf5, 0x0,
    0x0, 0xef, 0xff, 0xb0, 0x0, 0x5, 0xff, 0xff,
    0x50, 0x0, 0x5f, 0xff, 0xf4, 0x0, 0x0, 0x5f,
    0xff, 0xf5, 0x0, 0xc, 0xff, 0xfe, 0x0, 0x0,
    0x5, 0xff, 0xff, 0x50, 0x3, 0xff, 0xff, 0x92,
    0x22, 0x22, 0x7f, 0xff, 0xf6, 0x22, 0x5f, 0xff,
    0xff, 0xff, 0xff, 0xff, 0xff, 0xff, 0xff, 0xf5,
    0xff, 0xff, 0xff, 0xff, 0xff, 0xff, 0xff, 0xff,
    0xff, 0x5f, 0xff, 0xff, 0xff, 0xff, 0xff, 0xff,
    0xff, 0xff, 0xf5, 0xff, 0xff, 0xff, 0xff, 0xff,
    0xff, 0xff, 0xff, 0xff, 0x0, 0x0, 0x0, 0x0,
    0x0, 0x5, 0xff, 0xff, 0x50, 0x0, 0x0, 0x0,
    0x0, 0x0, 0x0, 0x5f, 0xff, 0xf5, 0x0, 0x0,
    0x0, 0x0, 0x0, 0x0, 0x5, 0xff, 0xff, 0x50,
    0x0, 0x0, 0x0, 0x0, 0x0, 0x0, 0x5f, 0xff,
    0xf5, 0x0, 0x0, 0x0, 0x0, 0x0, 0x0, 0x5,
    0xff, 0xff, 0x50, 0x0,

    /* U+0035 "5" */
    0x4f, 0xff, 0xff, 0xff, 0xff, 0xff, 0xff, 0xfc,
    0x4, 0xff, 0xff, 0xff, 0xff, 0xff, 0xff, 0xff,
    0xc0, 0x4f, 0xff, 0xff, 0xff, 0xff, 0xff, 0xff,
    0xfc, 0x4, 0xff, 0xff, 0xff, 0xff, 0xff, 0xff,
    0xff, 0xc0, 0x4f, 0xff, 0xd1, 0x11, 0x11, 0x11,
    0x11, 0x11, 0x4, 0xff, 0xfd, 0x0, 0x0, 0x0,
    0x0, 0x0, 0x0, 0x4f, 0xff, 0xd0, 0x0, 0x0,
    0x0, 0x0, 0x0, 0x4, 0xff, 0xfd, 0x0, 0x0,
    0x0, 0x0, 0x0, 0x0, 0x4f, 0xff, 0xd0, 0x0,
    0x0, 0x0, 0x0, 0x0, 0x4, 0xff, 0xfd, 0x0,
    0x0, 0x0, 0x0, 0x0, 0x0, 0x4f, 0xff, 0xd1,
    0x8d, 0xff, 0xeb, 0x60, 0x0, 0x4, 0xff, 0xfe,
    0xef, 0xff, 0xff, 0xff, 0xc1, 0x0, 0x4f, 0xff,
    0xff, 0xff, 0xff, 0xff, 0xff, 0xd0, 0x4, 0xff,
    0xff, 0xff, 0xff, 0xff, 0xff, 0xff, 0x70, 0x4f,
    0xff, 0xff, 0x61, 0x3, 0xbf, 0xff, 0xfd, 0x4,
    0xff, 0xff, 0x30, 0x0, 0x0, 0xdf, 0xff, 0xf1,
    0x3, 0x33, 0x30, 0x0, 0x0, 0x7, 0xff, 0xff,
    0x40, 0x0, 0x0, 0x0, 0x0, 0x0, 0x4f, 0xff,
    0xf5, 0x0, 0x0, 0x0, 0x0, 0x0, 0x3, 0xff,
    0xff, 0x50, 0x0, 0x0, 0x0, 0x0, 0x0, 0x3f,
    0xff, 0xf6, 0x0, 0x0, 0x0, 0x0, 0x0, 0x3,
    0xff, 0xff, 0x54, 0x77, 0x74, 0x0, 0x0, 0x0,
    0x4f, 0xff, 0xf5, 0x9f, 0xff, 0xc0, 0x0, 0x0,
    0x7, 0xff, 0xff, 0x38, 0xff, 0xff, 0x30, 0x0,
    0x0, 0xdf, 0xff, 0xf0, 0x4f, 0xff, 0xfe, 0x62,
    0x3, 0xcf, 0xff, 0xfb, 0x0, 0xdf, 0xff, 0xff,
    0xff, 0xff, 0xff, 0xff, 0x30, 0x3, 0xff, 0xff,
    0xff, 0xff, 0xff, 0xff, 0x70, 0x0, 0x3, 0xdf,
    0xff, 0xff, 0xff, 0xff, 0x60, 0x0, 0x0, 0x0,
    0x5a, 0xdf, 0xfe, 0xc7, 0x10, 0x0, 0x0,

    /* U+0036 "6" */
    0x0, 0x0, 0x0, 0x0, 0xaf, 0xff, 0xf3, 0x0,
    0x0, 0x0, 0x0, 0x0, 0x3, 0xff, 0xff, 0xb0,
    0x0, 0x0, 0x0, 0x0, 0x0, 0xb, 0xff, 0xff,
    0x30, 0x0, 0x0, 0x0, 0x0, 0x0, 0x3f, 0xff,
    0xfa, 0x0, 0x0, 0x0, 0x0, 0x0, 0x0, 0xbf,
    0xff, 0xf2, 0x0, 0x0, 0x0, 0x0, 0x0, 0x4,
    0xff, 0xff, 0x90, 0x0, 0x0, 0x0, 0x0, 0x0,
    0xc, 0xff, 0xff, 0x10, 0x0, 0x0, 0x0, 0x0,
    0x0, 0x4f, 0xff, 0xf9, 0x0, 0x0, 0x0, 0x0,
    0x0, 0x0, 0xcf, 0xff, 0xf1, 0x0, 0x0, 0x0,
    0x0, 0x0, 0x5, 0xff, 0xff, 0x80, 0x0, 0x0,
    0x0, 0x0, 0x0, 0xd, 0xff, 0xfe, 0x10, 0x0,
    0x0, 0x0, 0x0, 0x0, 0x5f, 0xff, 0xfd, 0xcf,
    0xfd, 0x92, 0x0, 0x0, 0x0, 0xdf, 0xff, 0xff,
    0xff, 0xff, 0xff, 0x70, 0x0, 0x5, 0xff, 0xff,
    0xff, 0xff, 0xff, 0xff, 0xf8, 0x0, 0xd, 0xff,
    0xff, 0xff, 0xff, 0xff, 0xff, 0xff, 0x30, 0x3f,
    0xff, 0xff, 0xa3, 0x2, 0x7f, 0xff, 0xff, 0xa0,
    0x8f, 0xff, 0xf9, 0x0, 0x0, 0x3, 0xff, 0xff,
    0xf0, 0xbf, 0xff, 0xf1, 0x0, 0x0, 0x0, 0xbf,
    0xff, 0xf2, 0xdf, 0xff, 0xd0, 0x0, 0x0, 0x0,
    0x7f, 0xff, 0xf3, 0xef, 0xff, 0xd0, 0x0, 0x0,
    0x0, 0x6f, 0xff, 0xf4, 0xef, 0xff, 0xd0, 0x0,
    0x0, 0x0, 0x6f, 0xff, 0xf4, 0xdf, 0xff, 0xe0,
    0x0, 0x0, 0x0, 0x7f, 0xff, 0xf3, 0xbf, 0xff,
    0xf1, 0x0, 0x0, 0x0, 0xbf, 0xff, 0xf1, 0x8f,
    0xff, 0xfa, 0x0, 0x0, 0x4, 0xff, 0xff, 0xd0,
    0x2f, 0xff, 0xff, 0xa3, 0x1, 0x7f, 0xff, 0xff,
    0x60, 0xa, 0xff, 0xff, 0xff, 0xff, 0xff, 0xff,
    0xfd, 0x0, 0x0, 0xcf, 0xff, 0xff, 0xff, 0xff,
    0xff, 0xe2, 0x0, 0x0, 0xa, 0xff, 0xff, 0xff,
    0xff, 0xfb, 0x10, 0x0, 0x0, 0x0, 0x28, 0xce,
    0xff, 0xd9, 0x40, 0x0, 0x0,

    /* U+0037 "7" */
    0x9f, 0xff, 0xff, 0xff, 0xff, 0xff, 0xff, 0xff,
    0x79, 0xff, 0xff, 0xff, 0xff, 0xff, 0xff, 0xff,
    0xf7, 0x9f, 0xff, 0xff, 0xff, 0xff, 0xff, 0xff,
    0xff, 0x79, 0xff, 0xff, 0xff, 0xff, 0xff, 0xff,
    0xff, 0xf7, 0x12, 0x22, 0x22, 0x22, 0x22, 0x26,
    0xff, 0xff, 0x40, 0x0, 0x0, 0x0, 0x0, 0x0,
    0x9f, 0xff, 0xe0, 0x0, 0x0, 0x0, 0x0, 0x0,
    0xf, 0xff, 0xf9, 0x0, 0x0, 0x0, 0x0, 0x0,
    0x5, 0xff, 0xff, 0x30, 0x0, 0x0, 0x0, 0x0,
    0x0, 0xbf, 0xff, 0xd0, 0x0, 0x0, 0x0, 0x0,
    0x0, 0x1f, 0xff, 0xf7, 0x0, 0x0, 0x0, 0x0,
    0x0, 0x7, 0xff, 0xff, 0x20, 0x0, 0x0, 0x0,
    0x0, 0x0, 0xdf, 0xff, 0xc0, 0x0, 0x0, 0x0,
    0x0, 0x0, 0x3f, 0xff, 0xf6, 0x0, 0x0, 0x0,
    0x0, 0x0, 0x9, 0xff, 0xff, 0x10, 0x0, 0x0,
    0x0, 0x0, 0x0, 0xef, 0xff, 0xa0, 0x0, 0x0,
    0x0, 0x0, 0x0, 0x5f, 0xff, 0xf4, 0x0, 0x0,
    0x0, 0x0, 0x0, 0xb, 0xff, 0xfe, 0x0, 0x0,
    0x0, 0x0, 0x0, 0x1, 0xff, 0xff, 0x90, 0x0,
    0x0, 0x0, 0x0, 0x0, 0x6f, 0xff, 0xf3, 0x0,
    0x0, 0x0, 0x0, 0x0, 0xc, 0xff, 0xfd, 0x0,
    0x0, 0x0, 0x0, 0x0, 0x2, 0xff, 0xff, 0x70,
    0x0, 0x0, 0x0, 0x0, 0x0, 0x8f, 0xff, 0xf2,
    0x0, 0x0, 0x0, 0x0, 0x0, 0xe, 0xff, 0xfc,
    0x0, 0x0, 0x0, 0x0, 0x0, 0x4, 0xff, 0xff,
    0x60, 0x0, 0x0, 0x0, 0x0, 0x0, 0xaf, 0xff,
    0xf1, 0x0, 0x0, 0x0, 0x0, 0x0, 0xf, 0xff,
    0xfa, 0x0, 0x0, 0x0, 0x0, 0x0, 0x6, 0xff,
    0xff, 0x50, 0x0, 0x0, 0x0, 0x0, 0x0, 0xcf,
    0xff, 0xe0, 0x0, 0x0, 0x0, 0x0, 0x0, 0x2f,
    0xff, 0xf9, 0x0, 0x0, 0x0, 0x0, 0x0,

    /* U+0038 "8" */
    0x0, 0x0, 0x5, 0xad, 0xff, 0xda, 0x40, 0x0,
    0x0, 0x0, 0x3, 0xdf, 0xff, 0xff, 0xff, 0xfd,
    0x20, 0x0, 0x0, 0x4f, 0xff, 0xff, 0xff, 0xff,
    0xff, 0xf3, 0x0, 0x1, 0xff, 0xff, 0xff, 0xff,
    0xff, 0xff, 0xfe, 0x10, 0x8, 0xff, 0xff, 0xd5,
    0x22, 0x6e, 0xff, 0xff, 0x80, 0xe, 0xff, 0xfe,
    0x10, 0x0, 0x2, 0xff, 0xff, 0xd0, 0xf, 0xff,
    0xf9, 0x0, 0x0, 0x0, 0xaf, 0xff, 0xf0, 0x1f,
    0xff, 0xf7, 0x0, 0x0, 0x0, 0x8f, 0xff, 0xf0,
    0xf, 0xff, 0xf9, 0x0, 0x0, 0x0, 0xaf, 0xff,
    0xe0, 0xc, 0xff, 0xfe, 0x10, 0x0, 0x1, 0xef,
    0xff, 0xb0, 0x6, 0xff, 0xff, 0xc3, 0x0, 0x4d,
    0xff, 0xff, 0x40, 0x0, 0xaf, 0xff, 0xff, 0xff,
    0xff, 0xff, 0xf9, 0x0, 0x0, 0x8, 0xff, 0xff,
    0xff, 0xff, 0xff, 0x70, 0x0, 0x0, 0x1b, 0xff,
    0xff, 0xff, 0xff, 0xff, 0x90, 0x0, 0x0, 0xdf,
    0xff, 0xff, 0xff, 0xff, 0xff, 0xfb, 0x0, 0x9,
    0xff, 0xff, 0xc4, 0x0, 0x4d, 0xff, 0xff, 0x60,
    0x1f, 0xff, 0xfc, 0x0, 0x0, 0x1, 0xdf, 0xff,
    0xe0, 0x6f, 0xff, 0xf3, 0x0, 0x0, 0x0, 0x6f,
    0xff, 0xf4, 0x8f, 0xff, 0xf0, 0x0, 0x0, 0x0,
    0x1f, 0xff, 0xf6, 0xaf, 0xff, 0xe0, 0x0, 0x0,
    0x0, 0xf, 0xff, 0xf8, 0xaf, 0xff, 0xe0, 0x0,
    0x0, 0x0, 0xf, 0xff, 0xf8, 0x9f, 0xff, 0xf0,
    0x0, 0x0, 0x0, 0x2f, 0xff, 0xf7, 0x7f, 0xff,
    0xf4, 0x0, 0x0, 0x0, 0x6f, 0xff, 0xf5, 0x3f,
    0xff, 0xfd, 0x0, 0x0, 0x1, 0xef, 0xff, 0xf1,
    0xc, 0xff, 0xff, 0xc4, 0x11, 0x5d, 0xff, 0xff,
    0xa0, 0x2, 0xff, 0xff, 0xff, 0xff, 0xff, 0xff,
    0xfe, 0x10, 0x0, 0x5f, 0xff, 0xff, 0xff, 0xff,
    0xff, 0xf3, 0x0, 0x0, 0x3, 0xef, 0xff, 0xff,
    0xff, 0xfd, 0x20, 0x0, 0x0, 0x0, 0x6, 0xbe,
    0xff, 0xda, 0x50, 0x0, 0x0,

    /* U+0039 "9" */
    0x0, 0x0, 0x28, 0xce, 0xfe, 0xda, 0x50, 0x0,
    0x0, 0x0, 0x9, 0xff, 0xff, 0xff, 0xff, 0xfd,
    0x30, 0x0, 0x0, 0xcf, 0xff, 0xff, 0xff, 0xff,
    0xff, 0xf4, 0x0, 0xa, 0xff, 0xff, 0xff, 0xff,
    0xff, 0xff, 0xfe, 0x10, 0x3f, 0xff, 0xff, 0xa3,
    0x12, 0x6e, 0xff, 0xff, 0x80, 0x8f, 0xff, 0xf8,
    0x0, 0x0, 0x2, 0xff, 0xff, 0xe0, 0xcf, 0xff,
    0xf0, 0x0, 0x0, 0x0, 0xaf, 0xff, 0xf1, 0xdf,
    0xff, 0xc0, 0x0, 0x0, 0x0, 0x7f, 0xff, 0xf3,
    0xef, 0xff, 0xc0, 0x0, 0x0, 0x0, 0x7f, 0xff,
    0xf4, 0xef, 0xff, 0xc0, 0x0, 0x0, 0x0, 0x7f,
    0xff, 0xf4, 0xdf, 0xff, 0xf0, 0x0, 0x0, 0x0,
    0x9f, 0xff, 0xf3, 0xaf, 0xff, 0xf7, 0x0, 0x0,
    0x2, 0xff, 0xff, 0xf1, 0x6f, 0xff, 0xff, 0x82,
    0x1, 0x6e, 0xff, 0xff, 0xd0, 0xe, 0xff, 0xff,
    0xff, 0xff, 0xff, 0xff, 0xff, 0x80, 0x4, 0xff,
    0xff, 0xff, 0xff, 0xff, 0xff, 0xff, 0x20, 0x0,
    0x4f, 0xff, 0xff, 0xff, 0xff, 0xff, 0xfb, 0x0,
    0x0, 0x1, 0x7c, 0xef, 0xeb, 0xff, 0xff, 0xf3,
    0x0, 0x0, 0x0, 0x0, 0x0, 0x9, 0xff, 0xff,
    0xb0, 0x0, 0x0, 0x0, 0x0, 0x0, 0x1f, 0xff,
    0xff, 0x30, 0x0, 0x0, 0x0, 0x0, 0x0, 0x8f,
    0xff, 0xfa, 0x0, 0x0, 0x0, 0x0, 0x0, 0x1,
    0xff, 0xff, 0xf2, 0x0, 0x0, 0x0, 0x0, 0x0,
    0x8, 0xff, 0xff, 0xa0, 0x0, 0x0, 0x0, 0x0,
    0x0, 0xf, 0xff, 0xff, 0x20, 0x0, 0x0, 0x0,
    0x0, 0x0, 0x7f, 0xff, 0xf9, 0x0, 0x0, 0x0,
    0x0, 0x0, 0x0, 0xef, 0xff, 0xf1, 0x0, 0x0,
    0x0, 0x0, 0x0, 0x7, 0xff, 0xff, 0x90, 0x0,
    0x0, 0x0, 0x0, 0x0, 0xe, 0xff, 0xff, 0x10,
    0x0, 0x0, 0x0, 0x0, 0x0, 0x6f, 0xff, 0xf8,
    0x0, 0x0, 0x0, 0x0, 0x0, 0x0, 0xef, 0xff,
    0xf1, 0x0, 0x0, 0x0, 0x0,

    /* U+003A ":" */
    0x4, 0x44, 0x44, 0x3f, 0xff, 0xff, 0x3f, 0xff,
    0xff, 0x3f, 0xff, 0xff, 0x3f, 0xff, 0xff, 0x3f,
    0xff, 0xff, 0x0, 0x0, 0x0, 0x0, 0x0, 0x0,
    0x0, 0x0, 0x0, 0x0, 0x0, 0x0, 0x0, 0x0,
    0x0, 0x0, 0x0, 0x0, 0x0, 0x0, 0x0, 0x0,
    0x0, 0x0, 0x4, 0x44, 0x43, 0x3f, 0xff, 0xff,
    0x3f, 0xff, 0xff, 0x3f, 0xff, 0xff, 0x3f, 0xff,
    0xff, 0x3f, 0xff, 0xff,

    /* U+003B ";" */
    0x4, 0x44, 0x44, 0x3f, 0xff, 0xff, 0x3f, 0xff,
    0xff, 0x3f, 0xff, 0xff, 0x3f, 0xff, 0xff, 0x3f,
    0xff, 0xff, 0x0, 0x0, 0x0, 0x0, 0x0, 0x0,
    0x0, 0x0, 0x0, 0x0, 0x0, 0x0, 0x0, 0x0,
    0x0, 0x0, 0x0, 0x0, 0x0, 0x0, 0x0, 0x0,
    0x0, 0x0, 0x0, 0x0, 0x0, 0x5, 0xff, 0xfd,
    0x5, 0xff, 0xfd, 0x5, 0xff, 0xfd, 0x5, 0xff,
    0xfd, 0x5, 0xff, 0xfd, 0x5, 0xff, 0xfd, 0x5,
    0xff, 0xfd, 0x5, 0xff, 0xfd, 0x5, 0xff, 0xf4,
    0x5, 0xfe, 0x30, 0x5, 0xd1, 0x0, 0x2, 0x0,
    0x0,

    /* U+003C "<" */
    0x0, 0x0, 0x0, 0x0, 0x0, 0x0, 0x0, 0x0,
    0x4, 0x0, 0x0, 0x0, 0x0, 0x0, 0x0, 0x0,
    0x29, 0xed, 0x0, 0x0, 0x0, 0x0, 0x0, 0x0,
    0x5c, 0xff, 0xfd, 0x0, 0x0, 0x0, 0x0, 0x2,
    0x9e, 0xff, 0xff, 0xfd, 0x0, 0x0, 0x0, 0x6,
    0xcf, 0xff, 0xff, 0xff, 0xfb, 0x0, 0x0, 0x29,
    0xff, 0xff, 0xff, 0xff, 0xfa, 0x40, 0x0, 0x6c,
    0xff, 0xff, 0xff, 0xff, 0xc6, 0x10, 0x0, 0x8f,
    0xff, 0xff, 0xff, 0xfe, 0x93, 0x0, 0x0, 0x0,
    0xdf, 0xff, 0xff, 0xfb, 0x50, 0x0, 0x0, 0x0,
    0x0, 0xdf, 0xff, 0xff, 0x60, 0x0, 0x0, 0x0,
    0x0, 0x0, 0xdf, 0xff, 0xff, 0xfe, 0x82, 0x0,
    0x0, 0x0, 0x0, 0x6d, 0xff, 0xff, 0xff, 0xff,
    0xb5, 0x0, 0x0, 0x0, 0x0, 0x3a, 0xff, 0xff,
    0xff, 0xff, 0xe9, 0x30, 0x0, 0x0, 0x0, 0x16,
    0xdf, 0xff, 0xff, 0xff, 0xfc, 0x60, 0x0, 0x0,
    0x0, 0x3, 0xaf, 0xff, 0xff, 0xff, 0xfc, 0x0,
    0x0, 0x0, 0x0, 0x0, 0x6d, 0xff, 0xff, 0xfd,
    0x0, 0x0, 0x0, 0x0, 0x0, 0x0, 0x39, 0xff,
    0xfd, 0x0, 0x0, 0x0, 0x0, 0x0, 0x0, 0x0,
    0x6, 0xcd, 0x0, 0x0, 0x0, 0x0, 0x0, 0x0,
    0x0, 0x0, 0x2,

    /* U+003D "=" */
    0xdf, 0xff, 0xff, 0xff, 0xff, 0xff, 0xff, 0xff,
    0xfd, 0xdf, 0xff, 0xff, 0xff, 0xff, 0xff, 0xff,
    0xff, 0xfd, 0xdf, 0xff, 0xff, 0xff, 0xff, 0xff,
    0xff, 0xff, 0xfd, 0xdf, 0xff, 0xff, 0xff, 0xff,
    0xff, 0xff, 0xff, 0xfd, 0x11, 0x11, 0x11, 0x11,
    0x11, 0x11, 0x11, 0x11, 0x11, 0x0, 0x0, 0x0,
    0x0, 0x0, 0x0, 0x0, 0x0, 0x0, 0x0, 0x0,
    0x0, 0x0, 0x0, 0x0, 0x0, 0x0, 0x0, 0x0,
    0x0, 0x0, 0x0, 0x0, 0x0, 0x0, 0x0, 0x0,
    0x1, 0x11, 0x11, 0x11, 0x11, 0x11, 0x11, 0x11,
    0x10, 0xdf, 0xff, 0xff, 0xff, 0xff, 0xff, 0xff,
    0xff, 0xfd, 0xdf, 0xff, 0xff, 0xff, 0xff, 0xff,
    0xff, 0xff, 0xfd, 0xdf, 0xff, 0xff, 0xff, 0xff,
    0xff, 0xff, 0xff, 0xfd, 0xdf, 0xff, 0xff, 0xff,
    0xff, 0xff, 0xff, 0xff, 0xfd,

    /* U+003E ">" */
    0x40, 0x0, 0x0, 0x0, 0x0, 0x0, 0x0, 0x0,
    0x0, 0xde, 0x82, 0x0, 0x0, 0x0, 0x0, 0x0,
    0x0, 0x0, 0xdf, 0xff, 0xb5, 0x0, 0x0, 0x0,
    0x0, 0x0, 0x0, 0xdf, 0xff, 0xff, 0xe8, 0x20,
    0x0, 0x0, 0x0, 0x0, 0xcf, 0xff, 0xff, 0xff,
    0xfc, 0x50, 0x0, 0x0, 0x0, 0x4, 0xaf, 0xff,
    0xff, 0xff, 0xfe, 0x92, 0x0, 0x0, 0x0, 0x1,
    0x6d, 0xff, 0xff, 0xff, 0xff, 0xc5, 0x0, 0x0,
    0x0, 0x0, 0x39, 0xff, 0xff, 0xff, 0xff, 0xe7,
    0x0, 0x0, 0x0, 0x0, 0x5, 0xcf, 0xff, 0xff,
    0xfd, 0x0, 0x0, 0x0, 0x0, 0x0, 0x7, 0xff,
    0xff, 0xfd, 0x0, 0x0, 0x0, 0x0, 0x28, 0xef,
    0xff, 0xff, 0xfd, 0x0, 0x0, 0x0, 0x6c, 0xff,
    0xff, 0xff, 0xff, 0xd5, 0x0, 0x3, 0x9f, 0xff,
    0xff, 0xff, 0xff, 0x93, 0x0, 0x16, 0xdf, 0xff,
    0xff, 0xff, 0xfc, 0x60, 0x0, 0x0, 0xdf, 0xff,
    0xff, 0xff, 0xf9, 0x30, 0x0, 0x0, 0x0, 0xdf,
    0xff, 0xff, 0xc6, 0x0, 0x0, 0x0, 0x0, 0x0,
    0xdf, 0xff, 0x93, 0x0, 0x0, 0x0, 0x0, 0x0,
    0x0, 0xdc, 0x60, 0x0, 0x0, 0x0, 0x0, 0x0,
    0x0, 0x0, 0x20, 0x0, 0x0, 0x0, 0x0, 0x0,
    0x0, 0x0, 0x0,

    /* U+003F "?" */
    0x0, 0x0, 0x5a, 0xdf, 0xfd, 0xb5, 0x0, 0x0,
    0x0, 0x2, 0xcf, 0xff, 0xff, 0xff, 0xfd, 0x30,
    0x0, 0x1, 0xef, 0xff, 0xff, 0xff, 0xff, 0xff,
    0x40, 0x0, 0xaf, 0xff, 0xff, 0xff, 0xff, 0xff,
    0xfe, 0x10, 0x1f, 0xff, 0xff, 0x63, 0x26, 0xef,
    0xff, 0xf7, 0x6, 0xff, 0xff, 0x40, 0x0, 0x2,
    0xff, 0xff, 0xc0, 0x9f, 0xff, 0xe0, 0x0, 0x0,
    0xb, 0xff, 0xfe, 0x7, 0xcc, 0xc9, 0x0, 0x0,
    0x0, 0x9f, 0xff, 0xf0, 0x0, 0x0, 0x0, 0x0,
    0x0, 0xb, 0xff, 0xfe, 0x0, 0x0, 0x0, 0x0,
    0x0, 0x2, 0xff, 0xff, 0x90, 0x0, 0x0, 0x0,
    0x0, 0x0, 0xbf, 0xff, 0xf3, 0x0, 0x0, 0x0,
    0x0, 0x0, 0x7f, 0xff, 0xfa, 0x0, 0x0, 0x0,
    0x0, 0x0, 0x4f, 0xff, 0xfe, 0x10, 0x0, 0x0,
    0x0, 0x0, 0x1e, 0xff, 0xff, 0x40, 0x0, 0x0,
    0x0, 0x0, 0xc, 0xff, 0xff, 0x80, 0x0, 0x0,
    0x0, 0x0, 0x6, 0xff, 0xff, 0xc0, 0x0, 0x0,
    0x0, 0x0, 0x0, 0xdf, 0xff, 0xf1, 0x0, 0x0,
    0x0, 0x0, 0x0, 0x1f, 0xff, 0xf9, 0x0, 0x0,
    0x0, 0x0, 0x0, 0x2, 0xff, 0xff, 0x50, 0x0,
    0x0, 0x0, 0x0, 0x0, 0x3f, 0xff, 0xf5, 0x0,
    0x0, 0x0, 0x0, 0x0, 0x3, 0xff, 0xff, 0x50,
    0x0, 0x0, 0x0, 0x0, 0x0, 0x2, 0x22, 0x20,
    0x0, 0x0, 0x0, 0x0, 0x0, 0x0, 0x0, 0x0,
    0x0, 0x0, 0x0, 0x0, 0x0, 0x0, 0x0, 0x0,
    0x0, 0x0, 0x0, 0x0, 0x0, 0x0, 0x5, 0xdd,
    0xdd, 0x60, 0x0, 0x0, 0x0, 0x0, 0x0, 0x6f,
    0xff, 0xf7, 0x0, 0x0, 0x0, 0x0, 0x0, 0x6,
    0xff, 0xff, 0x70, 0x0, 0x0, 0x0, 0x0, 0x0,
    0x6f, 0xff, 0xf7, 0x0, 0x0, 0x0, 0x0, 0x0,
    0x6, 0xff, 0xff, 0x70, 0x0, 0x0, 0x0,

    /* U+0040 "@" */
    0x0, 0x0, 0x0, 0x0, 0x0, 0x16, 0x9c, 0xef,
    0xff, 0xdb, 0x84, 0x0, 0x0, 0x0, 0x0, 0x0,
    0x0, 0x0, 0x0, 0x0, 0x3, 0xbf, 0xff, 0xff,
    0xff, 0xff, 0xff, 0xfe, 0x70, 0x0, 0x0, 0x0,
    0x0, 0x0, 0x0, 0x0, 0x1b, 0xff, 0xff, 0xff,
    0xff, 0xff, 0xff, 0xff, 0xff, 0xe7, 0x0, 0x0,
    0x0, 0x0, 0x0, 0x0, 0x4f, 0xff, 0xff, 0xff,
    0xfd, 0xbb, 0xcd, 0xff, 0xff, 0xff, 0xfb, 0x10,
    0x0, 0x0, 0x0, 0x0, 0x6f, 0xff, 0xff, 0xe7,
    0x20, 0x0, 0x0, 0x0, 0x4a, 0xff, 0xff, 0xfd,
    0x10, 0x0, 0x0, 0x0, 0x4f, 0xff, 0xff, 0x70,
    0x0, 0x0, 0x0, 0x0, 0x0, 0x1, 0xaf, 0xff,
    0xfd, 0x0, 0x0, 0x0, 0x1f, 0xff, 0xfe, 0x20,
    0x0, 0x0, 0x0, 0x0, 0x0, 0x0, 0x0, 0x6f,
    0xff, 0xfb, 0x0, 0x0, 0xb, 0xff, 0xfe, 0x20,
    0x0, 0x0, 0x0, 0x0, 0x0, 0x0, 0x0, 0x0,
    0x6f, 0xff, 0xf5, 0x0, 0x3, 0xff, 0xff, 0x40,
    0x0, 0x1, 0x8d, 0xff, 0xc7, 0x4, 0x88, 0x83,
    0x0, 0xaf, 0xff, 0xd0, 0x0, 0xbf, 0xff, 0xa0,
    0x0, 0x3, 0xef, 0xff, 0xff, 0xfd, 0x9f, 0xff,
    0x70, 0x1, 0xff, 0xff, 0x50, 0x1f, 0xff, 0xf3,
    0x0, 0x0, 0xef, 0xff, 0xff, 0xff, 0xff, 0xff,
    0xf7, 0x0, 0x8, 0xff, 0xfb, 0x5, 0xff, 0xfd,
    0x0, 0x0, 0x6f, 0xff, 0xfd, 0x87, 0xbf, 0xff,
    0xff, 0x70, 0x0, 0x3f, 0xff, 0xf0, 0x9f, 0xff,
    0x90, 0x0, 0xc, 0xff, 0xfd, 0x0, 0x0, 0x7f,
    0xff, 0xf7, 0x0, 0x0, 0xef, 0xff, 0x4b, 0xff,
    0xf6, 0x0, 0x0, 0xff, 0xff, 0x50, 0x0, 0x0,
    0xef, 0xff, 0x70, 0x0, 0xc, 0xff, 0xf6, 0xdf,
    0xff, 0x40, 0x0, 0x1f, 0xff, 0xf1, 0x0, 0x0,
    0xb, 0xff, 0xf7, 0x0, 0x0, 0xaf, 0xff, 0x8e,
    0xff, 0xf4, 0x0, 0x1, 0xff, 0xff, 0x0, 0x0,
    0x0, 0xaf, 0xff, 0x70, 0x0, 0x9, 0xff, 0xf8,
    0xef, 0xff, 0x30, 0x0, 0x2f, 0xff, 0xf0, 0x0,
    0x0, 0xa, 0xff, 0xf7, 0x0, 0x0, 0x9f, 0xff,
    0x9e, 0xff, 0xf3, 0x0, 0x2, 0xff, 0xff, 0x0,
    0x0, 0x0, 0xaf, 0xff, 0x70, 0x0, 0x9, 0xff,
    0xf9, 0xef, 0xff, 0x30, 0x0, 0x2f, 0xff, 0xf0,
    0x0, 0x0, 0xa, 0xff, 0xf7, 0x0, 0x0, 0x9f,
    0xff, 0x9e, 0xff, 0xf4, 0x0, 0x1, 0xff, 0xff,
    0x0, 0x0, 0x0, 0xaf, 0xff, 0x70, 0x0, 0x9,
    0xff, 0xf8, 0xdf, 0xff, 0x50, 0x0, 0x1f, 0xff,
    0xf1, 0x0, 0x0, 0xb, 0xff, 0xf7, 0x0, 0x0,
    0xaf, 0xff, 0x7b, 0xff, 0xf7, 0x0, 0x0, 0xff,
    0xff, 0x40, 0x0, 0x0, 0xef, 0xff, 0x80, 0x0,
    0xd, 0xff, 0xf4, 0x8f, 0xff, 0xa0, 0x0, 0xc,
    0xff, 0xfc, 0x0, 0x0, 0x7f, 0xff, 0xfe, 0x0,
    0x4, 0xff, 0xff, 0x5, 0xff, 0xfe, 0x0, 0x0,
    0x6f, 0xff, 0xfd, 0x77, 0xbf, 0xff, 0xff, 0xfd,
    0x78, 0xff, 0xff, 0x90, 0x1f, 0xff, 0xf4, 0x0,
    0x0, 0xdf, 0xff, 0xff, 0xff, 0xff, 0x8f, 0xff,
    0xff, 0xff, 0xff, 0xd0, 0x0, 0xbf, 0xff, 0xc0,
    0x0, 0x2, 0xef, 0xff, 0xff, 0xff, 0x90, 0x6f,
    0xff, 0xff, 0xff, 0xd2, 0x0, 0x3, 0xff, 0xff,
    0x60, 0x0, 0x1, 0x8d, 0xff, 0xea, 0x40, 0x0,
    0x3a, 0xdf, 0xec, 0x60, 0x0, 0x0, 0xb, 0xff,
    0xff, 0x30, 0x0, 0x0, 0x0, 0x0, 0x0, 0x0,
    0x0, 0x0, 0x0, 0x0, 0x0, 0x0, 0x0, 0x1e,
    0xff, 0xfe, 0x30, 0x0, 0x0, 0x0, 0x0, 0x0,
    0x0, 0x0, 0x0, 0x0, 0x0, 0x0, 0x0, 0x0,
    0x4f, 0xff, 0xff, 0x80, 0x0, 0x0, 0x0, 0x0,
    0x0, 0x0, 0x29, 0x50, 0x0, 0x0, 0x0, 0x0,
    0x0, 0x5f, 0xff, 0xff, 0xe8, 0x30, 0x0, 0x0,
    0x0, 0x26, 0xbf, 0xfd, 0x0, 0x0, 0x0, 0x0,
    0x0, 0x0, 0x4f, 0xff, 0xff, 0xff, 0xfd, 0xbb,
    0xcd, 0xff, 0xff, 0xff, 0xf4, 0x0, 0x0, 0x0,
    0x0, 0x0, 0x0, 0x1b, 0xff, 0xff, 0xff, 0xff,
    0xff, 0xff, 0xff, 0xff, 0xfe, 0x50, 0x0, 0x0,
    0x0, 0x0, 0x0, 0x0, 0x3, 0xbf, 0xff, 0xff,
    0xff, 0xff, 0xff, 0xff, 0xc7, 0x0, 0x0, 0x0,
    0x0, 0x0, 0x0, 0x0, 0x0, 0x0, 0x16, 0x9c,
    0xef, 0xff, 0xec, 0x96, 0x20, 0x0, 0x0, 0x0,
    0x0, 0x0,

    /* U+0041 "A" */
    0x0, 0x0, 0x0, 0x0, 0x0, 0x9f, 0xff, 0x90,
    0x0, 0x0, 0x0, 0x0, 0x0, 0x0, 0x0, 0x0,
    0x0, 0xe, 0xff, 0xff, 0x0, 0x0, 0x0, 0x0,
    0x0, 0x0, 0x0, 0x0, 0x0, 0x5, 0xff, 0xff,
    0xf5, 0x0, 0x0, 0x0, 0x0, 0x0, 0x0, 0x0,
    0x0, 0x0, 0xaf, 0xff, 0xff, 0xb0, 0x0, 0x0,
    0x0, 0x0, 0x0, 0x0, 0x0, 0x0, 0xf, 0xff,
    0xff, 0xff, 0x10, 0x0, 0x0, 0x0, 0x0, 0x0,
    0x0, 0x0, 0x6, 0xff, 0xff, 0xff, 0xf6, 0x0,
    0x0, 0x0, 0x0, 0x0, 0x0, 0x0, 0x0, 0xcf,
    0xff, 0xef, 0xff, 0xc0, 0x0, 0x0, 0x0, 0x0,
    0x0, 0x0, 0x0, 0x1f, 0xff, 0xf6, 0xff, 0xff,
    0x10, 0x0, 0x0, 0x0, 0x0, 0x0, 0x0, 0x7,
    0xff, 0xfd, 0xe, 0xff, 0xf7, 0x0, 0x0, 0x0,
    0x0, 0x0, 0x0, 0x0, 0xdf, 0xff, 0x80, 0x8f,
    0xff, 0xd0, 0x0, 0x0, 0x0, 0x0, 0x0, 0x0,
    0x2f, 0xff, 0xf2, 0x3, 0xff, 0xff, 0x30, 0x0,
    0x0, 0x0, 0x0, 0x0, 0x8, 0xff, 0xfd, 0x0,
    0xe, 0xff, 0xf8, 0x0, 0x0, 0x0, 0x0, 0x0,
    0x0, 0xef, 0xff, 0x80, 0x0, 0x8f, 0xff, 0xe0,
    0x0, 0x0, 0x0, 0x0, 0x0, 0x4f, 0xff, 0xf3,
    0x0, 0x3, 0xff, 0xff, 0x40, 0x0, 0x0, 0x0,
    0x0, 0x9, 0xff, 0xfd, 0x0, 0x0, 0xe, 0xff,
    0xf9, 0x0, 0x0, 0x0, 0x0, 0x0, 0xef, 0xff,
    0x80, 0x0, 0x0, 0x8f, 0xff, 0xf0, 0x0, 0x0,
    0x0, 0x0, 0x5f, 0xff, 0xf3, 0x0, 0x0, 0x3,
    0xff, 0xff, 0x50, 0x0, 0x0, 0x0, 0xa, 0xff,
    0xfe, 0x0, 0x0, 0x0, 0xe, 0xff, 0xfb, 0x0,
    0x0, 0x0, 0x1, 0xff, 0xff, 0x90, 0x0, 0x0,
    0x0, 0x8f, 0xff, 0xf1, 0x0, 0x0, 0x0, 0x6f,
    0xff, 0xff, 0xff, 0xff, 0xff, 0xff, 0xff, 0xff,
    0x60, 0x0, 0x0, 0xc, 0xff, 0xff, 0xff, 0xff,
    0xff, 0xff, 0xff, 0xff, 0xfc, 0x0, 0x0, 0x1,
    0xff, 0xff, 0xff, 0xff, 0xff, 0xff, 0xff, 0xff,
    0xff, 0xf2, 0x0, 0x0, 0x7f, 0xff, 0xff, 0xff,
    0xff, 0xff, 0xff, 0xff, 0xff, 0xff, 0x70, 0x0,
    0xd, 0xff, 0xfe, 0x0, 0x0, 0x0, 0x0, 0x0,
    0xe, 0xff, 0xfd, 0x0, 0x3, 0xff, 0xff, 0x90,
    0x0, 0x0, 0x0, 0x0, 0x0, 0x9f, 0xff, 0xf3,
    0x0, 0x8f, 0xff, 0xf4, 0x0, 0x0, 0x0, 0x0,
    0x0, 0x4, 0xff, 0xff, 0x80, 0xe, 0xff, 0xfe,
    0x0, 0x0, 0x0, 0x0, 0x0, 0x0, 0xe, 0xff,
    0xfe, 0x4, 0xff, 0xff, 0x90, 0x0, 0x0, 0x0,
    0x0, 0x0, 0x0, 0xaf, 0xff, 0xf4, 0x9f, 0xff,
    0xf4, 0x0, 0x0, 0x0, 0x0, 0x0, 0x0, 0x4,
    0xff, 0xff, 0xa0,

    /* U+0042 "B" */
    0x4f, 0xff, 0xff, 0xff, 0xff, 0xff, 0xfe, 0xb7,
    0x10, 0x0, 0x0, 0x4f, 0xff, 0xff, 0xff, 0xff,
    0xff, 0xff, 0xff, 0xf8, 0x0, 0x0, 0x4f, 0xff,
    0xff, 0xff, 0xff, 0xff, 0xff, 0xff, 0xff, 0xa0,
    0x0, 0x4f, 0xff, 0xff, 0xff, 0xff, 0xff, 0xff,
    0xff, 0xff, 0xf7, 0x0, 0x4f, 0xff, 0xf8, 0x11,
    0x11, 0x11, 0x36, 0xdf, 0xff, 0xfe, 0x0, 0x4f,
    0xff, 0xf7, 0x0, 0x0, 0x0, 0x0, 0x1d, 0xff,
    0xff, 0x40, 0x4f, 0xff, 0xf7, 0x0, 0x0, 0x0,
    0x0, 0x5, 0xff, 0xff, 0x70, 0x4f, 0xff, 0xf7,
    0x0, 0x0, 0x0, 0x0, 0x2, 0xff, 0xff, 0x90,
    0x4f, 0xff, 0xf7, 0x0, 0x0, 0x0, 0x0, 0x2,
    0xff, 0xff, 0x80, 0x4f, 0xff, 0xf7, 0x0, 0x0,
    0x0, 0x0, 0x5, 0xff, 0xff, 0x60, 0x4f, 0xff,
    0xf7, 0x0, 0x0, 0x0, 0x0, 0xc, 0xff, 0xff,
    0x10, 0x4f, 0xff, 0xf7, 0x0, 0x0, 0x0, 0x25,
    0xdf, 0xff, 0xf7, 0x0, 0x4f, 0xff, 0xff, 0xff,
    0xff, 0xff, 0xff, 0xff, 0xff, 0xa0, 0x0, 0x4f,
    0xff, 0xff, 0xff, 0xff, 0xff, 0xff, 0xff, 0xf6,
    0x0, 0x0, 0x4f, 0xff, 0xff, 0xff, 0xff, 0xff,
    0xff, 0xff, 0xfb, 0x20, 0x0, 0x4f, 0xff, 0xff,
    0xff, 0xff, 0xff, 0xff, 0xff, 0xff, 0xe3, 0x0,
    0x4f, 0xff, 0xf8, 0x11, 0x11, 0x11, 0x25, 0xcf,
    0xff, 0xfd, 0x0, 0x4f, 0xff, 0xf7, 0x0, 0x0,
    0x0, 0x0, 0x9, 0xff, 0xff, 0x60, 0x4f, 0xff,
    0xf7, 0x0, 0x0, 0x0, 0x0, 0x0, 0xff, 0xff,
    0xb0, 0x4f, 0xff, 0xf7, 0x0, 0x0, 0x0, 0x0,
    0x0, 0xcf, 0xff, 0xe0, 0x4f, 0xff, 0xf7, 0x0,
    0x0, 0x0, 0x0, 0x0, 0xbf, 0xff, 0xf0, 0x4f,
    0xff, 0xf7, 0x0, 0x0, 0x0, 0x0, 0x0, 0xcf,
    0xff, 0xf0, 0x4f, 0xff, 0xf7, 0x0, 0x0, 0x0,
    0x0, 0x1, 0xff, 0xff, 0xd0, 0x4f, 0xff, 0xf7,
    0x0, 0x0, 0x0, 0x0, 0xa, 0xff, 0xff, 0x90,
    0x4f, 0xff, 0xf8, 0x11, 0x11, 0x11, 0x25, 0xcf,
    0xff, 0xff, 0x40, 0x4f, 0xff, 0xff, 0xff, 0xff,
    0xff, 0xff, 0xff, 0xff, 0xfb, 0x0, 0x4f, 0xff,
    0xff, 0xff, 0xff, 0xff, 0xff, 0xff, 0xff, 0xd1,
    0x0, 0x4f, 0xff, 0xff, 0xff, 0xff, 0xff, 0xff,
    0xff, 0xfa, 0x0, 0x0, 0x4f, 0xff, 0xff, 0xff,
    0xff, 0xff, 0xfe, 0xc8, 0x20, 0x0, 0x0,

    /* U+0043 "C" */
    0x0, 0x0, 0x0, 0x59, 0xde, 0xff, 0xeb, 0x82,
    0x0, 0x0, 0x0, 0x0, 0x0, 0x6e, 0xff, 0xff,
    0xff, 0xff, 0xff, 0xb2, 0x0, 0x0, 0x0, 0x9,
    0xff, 0xff, 0xff, 0xff, 0xff, 0xff, 0xff, 0x40,
    0x0, 0x0, 0x8f, 0xff, 0xff, 0xff, 0xff, 0xff,
    0xff, 0xff, 0xf3, 0x0, 0x3, 0xff, 0xff, 0xfe,
    0x84, 0x33, 0x6b, 0xff, 0xff, 0xfd, 0x0, 0xa,
    0xff, 0xff, 0xc1, 0x0, 0x0, 0x0, 0x4f, 0xff,
    0xff, 0x50, 0xf, 0xff, 0xfe, 0x10, 0x0, 0x0,
    0x0, 0x5, 0xff, 0xff, 0xa0, 0x4f, 0xff, 0xf9,
    0x0, 0x0, 0x0, 0x0, 0x0, 0xef, 0xff, 0xe0,
    0x7f, 0xff, 0xf4, 0x0, 0x0, 0x0, 0x0, 0x0,
    0xbf, 0xff, 0xf0, 0x8f, 0xff, 0xf2, 0x0, 0x0,
    0x0, 0x0, 0x0, 0x1, 0x11, 0x10, 0x9f, 0xff,
    0xf0, 0x0, 0x0, 0x0, 0x0, 0x0, 0x0, 0x0,
    0x0, 0xaf, 0xff, 0xf0, 0x0, 0x0, 0x0, 0x0,
    0x0, 0x0, 0x0, 0x0, 0xaf, 0xff, 0xf0, 0x0,
    0x0, 0x0, 0x0, 0x0, 0x0, 0x0, 0x0, 0xaf,
    0xff, 0xf0, 0x0, 0x0, 0x0, 0x0, 0x0, 0x0,
    0x0, 0x0, 0xaf, 0xff, 0xf0, 0x0, 0x0, 0x0,
    0x0, 0x0, 0x0, 0x0, 0x0, 0xaf, 0xff, 0xf0,
    0x0, 0x0, 0x0, 0x0, 0x0, 0x0, 0x0, 0x0,
    0xaf, 0xff, 0xf0, 0x0, 0x0, 0x0, 0x0, 0x0,
    0x0, 0x0, 0x0, 0xaf, 0xff, 0xf0, 0x0, 0x0,
    0x0, 0x0, 0x0, 0x0, 0x0, 0x0, 0x9f, 0xff,
    0xf0, 0x0, 0x0, 0x0, 0x0, 0x0, 0x0, 0x0,
    0x0, 0x8f, 0xff, 0xf1, 0x0, 0x0, 0x0, 0x0,
    0x0, 0x0, 0x0, 0x0, 0x7f, 0xff, 0xf4, 0x0,
    0x0, 0x0, 0x0, 0x0, 0x9d, 0xdd, 0xc0, 0x4f,
    0xff, 0xf9, 0x0, 0x0, 0x0, 0x0, 0x0, 0xef,
    0xff, 0xd0, 0x1f, 0xff, 0xff, 0x10, 0x0, 0x0,
    0x0, 0x5, 0xff, 0xff, 0xa0, 0xb, 0xff, 0xff,
    0xc1, 0x0, 0x0, 0x0, 0x4f, 0xff, 0xff, 0x50,
    0x4, 0xff, 0xff, 0xff, 0x95, 0x44, 0x6b, 0xff,
    0xff, 0xfd, 0x0, 0x0, 0x9f, 0xff, 0xff, 0xff,
    0xff, 0xff, 0xff, 0xff, 0xf4, 0x0, 0x0, 0xa,
    0xff, 0xff, 0xff, 0xff, 0xff, 0xff, 0xff, 0x60,
    0x0, 0x0, 0x0, 0x7e, 0xff, 0xff, 0xff, 0xff,
    0xff, 0xc3, 0x0, 0x0, 0x0, 0x0, 0x0, 0x59,
    0xde, 0xff, 0xec, 0x83, 0x0, 0x0, 0x0,

    /* U+0044 "D" */
    0x4f, 0xff, 0xff, 0xff, 0xff, 0xff, 0xeb, 0x72,
    0x0, 0x0, 0x0, 0x4f, 0xff, 0xff, 0xff, 0xff,
    0xff, 0xff, 0xff, 0xa1, 0x0, 0x0, 0x4f, 0xff,
    0xff, 0xff, 0xff, 0xff, 0xff, 0xff, 0xfe, 0x30,
    0x0, 0x4f, 0xff, 0xff, 0xff, 0xff, 0xff, 0xff,
    0xff, 0xff, 0xe1, 0x0, 0x4f, 0xff, 0xf9, 0x22,
    0x22, 0x23, 0x5b, 0xff, 0xff, 0xfb, 0x0, 0x4f,
    0xff, 0xf8, 0x0, 0x0, 0x0, 0x0, 0x6f, 0xff,
    0xff, 0x20, 0x4f, 0xff, 0xf8, 0x0, 0x0, 0x0,
    0x0, 0x9, 0xff, 0xff, 0x80, 0x4f, 0xff, 0xf8,
    0x0, 0x0, 0x0, 0x0, 0x2, 0xff, 0xff, 0xc0,
    0x4f, 0xff, 0xf8, 0x0, 0x0, 0x0, 0x0, 0x0,
    0xdf, 0xff, 0xf0, 0x4f, 0xff, 0xf8, 0x0, 0x0,
    0x0, 0x0, 0x0, 0xaf, 0xff, 0xf0, 0x4f, 0xff,
    0xf8, 0x0, 0x0, 0x0, 0x0, 0x0, 0x9f, 0xff,
    0xf1, 0x4f, 0xff, 0xf8, 0x0, 0x0, 0x0, 0x0,
    0x0, 0x8f, 0xff, 0xf2, 0x4f, 0xff, 0xf8, 0x0,
    0x0, 0x0, 0x0, 0x0, 0x8f, 0xff, 0xf2, 0x4f,
    0xff, 0xf8, 0x0, 0x0, 0x0, 0x0, 0x0, 0x8f,
    0xff, 0xf2, 0x4f, 0xff, 0xf8, 0x0, 0x0, 0x0,
    0x0, 0x0, 0x8f, 0xff, 0xf2, 0x4f, 0xff, 0xf8,
    0x0, 0x0, 0x0, 0x0, 0x0, 0x8f, 0xff, 0xf2,
    0x4f, 0xff, 0xf8, 0x0, 0x0, 0x0, 0x0, 0x0,
    0x8f, 0xff, 0xf2, 0x4f, 0xff, 0xf8, 0x0, 0x0,
    0x0, 0x0, 0x0, 0x8f, 0xff, 0xf2, 0x4f, 0xff,
    0xf8, 0x0, 0x0, 0x0, 0x0, 0x0, 0x9f, 0xff,
    0xf1, 0x4f, 0xff, 0xf8, 0x0, 0x0, 0x0, 0x0,
    0x0, 0xaf, 0xff, 0xf0, 0x4f, 0xff, 0xf8, 0x0,
    0x0, 0x0, 0x0, 0x0, 0xdf, 0xff, 0xf0, 0x4f,
    0xff, 0xf8, 0x0, 0x0, 0x0, 0x0, 0x2, 0xff,
    0xff, 0xc0, 0x4f, 0xff, 0xf8, 0x0, 0x0, 0x0,
    0x0, 0x9, 0xff, 0xff, 0x80, 0x4f, 0xff, 0xf8,
    0x0, 0x0, 0x0, 0x0, 0x5f, 0xff, 0xff, 0x20,
    0x4f, 0xff, 0xf9, 0x22, 0x22, 0x23, 0x5b, 0xff,
    0xff, 0xfb, 0x0, 0x4f, 0xff, 0xff, 0xff, 0xff,
    0xff, 0xff, 0xff, 0xff, 0xe1, 0x0, 0x4f, 0xff,
    0xff, 0xff, 0xff, 0xff, 0xff, 0xff, 0xfe, 0x30,
    0x0, 0x4f, 0xff, 0xff, 0xff, 0xff, 0xff, 0xff,
    0xff, 0xa1, 0x0, 0x0, 0x4f, 0xff, 0xff, 0xff,
    0xff, 0xff, 0xdb, 0x72, 0x0, 0x0, 0x0,

    /* U+0045 "E" */
    0x4f, 0xff, 0xff, 0xff, 0xff, 0xff, 0xff, 0xff,
    0xff, 0xf7, 0x4f, 0xff, 0xff, 0xff, 0xff, 0xff,
    0xff, 0xff, 0xff, 0xf7, 0x4f, 0xff, 0xff, 0xff,
    0xff, 0xff, 0xff, 0xff, 0xff, 0xf7, 0x4f, 0xff,
    0xff, 0xff, 0xff, 0xff, 0xff, 0xff, 0xff, 0xf7,
    0x4f, 0xff, 0xf8, 0x22, 0x22, 0x22, 0x22, 0x22,
    0x22, 0x21, 0x4f, 0xff, 0xf7, 0x0, 0x0, 0x0,
    0x0, 0x0, 0x0, 0x0, 0x4f, 0xff, 0xf7, 0x0,
    0x0, 0x0, 0x0, 0x0, 0x0, 0x0, 0x4f, 0xff,
    0xf7, 0x0, 0x0, 0x0, 0x0, 0x0, 0x0, 0x0,
    0x4f, 0xff, 0xf7, 0x0, 0x0, 0x0, 0x0, 0x0,
    0x0, 0x0, 0x4f, 0xff, 0xf7, 0x0, 0x0, 0x0,
    0x0, 0x0, 0x0, 0x0, 0x4f, 0xff, 0xf7, 0x0,
    0x0, 0x0, 0x0, 0x0, 0x0, 0x0, 0x4f, 0xff,
    0xf7, 0x0, 0x0, 0x0, 0x0, 0x0, 0x0, 0x0,
    0x4f, 0xff, 0xff, 0xff, 0xff, 0xff, 0xff, 0xff,
    0xf7, 0x0, 0x4f, 0xff, 0xff, 0xff, 0xff, 0xff,
    0xff, 0xff, 0xf7, 0x0, 0x4f, 0xff, 0xff, 0xff,
    0xff, 0xff, 0xff, 0xff, 0xf7, 0x0, 0x4f, 0xff,
    0xff, 0xff, 0xff, 0xff, 0xff, 0xff, 0xf7, 0x0,
    0x4f, 0xff, 0xf8, 0x22, 0x22, 0x22, 0x22, 0x22,
    0x21, 0x0, 0x4f, 0xff, 0xf7, 0x0, 0x0, 0x0,
    0x0, 0x0, 0x0, 0x0, 0x4f, 0xff, 0xf7, 0x0,
    0x0, 0x0, 0x0, 0x0, 0x0, 0x0, 0x4f, 0xff,
    0xf7, 0x0, 0x0, 0x0, 0x0, 0x0, 0x0, 0x0,
    0x4f, 0xff, 0xf7, 0x0, 0x0, 0x0, 0x0, 0x0,
    0x0, 0x0, 0x4f, 0xff, 0xf7, 0x0, 0x0, 0x0,
    0x0, 0x0, 0x0, 0x0, 0x4f, 0xff, 0xf7, 0x0,
    0x0, 0x0, 0x0, 0x0, 0x0, 0x0, 0x4f, 0xff,
    0xf7, 0x0, 0x0, 0x0, 0x0, 0x0, 0x0, 0x0,
    0x4f, 0xff, 0xf8, 0x22, 0x22, 0x22, 0x22, 0x22,
    0x22, 0x21, 0x4f, 0xff, 0xff, 0xff, 0xff, 0xff,
    0xff, 0xff, 0xff, 0xf7, 0x4f, 0xff, 0xff, 0xff,
    0xff, 0xff, 0xff, 0xff, 0xff, 0xf7, 0x4f, 0xff,
    0xff, 0xff, 0xff, 0xff, 0xff, 0xff, 0xff, 0xf7,
    0x4f, 0xff, 0xff, 0xff, 0xff, 0xff, 0xff, 0xff,
    0xff, 0xf7,

    /* U+0046 "F" */
    0x4f, 0xff, 0xff, 0xff, 0xff, 0xff, 0xff, 0xff,
    0xff, 0xf7, 0x4f, 0xff, 0xff, 0xff, 0xff, 0xff,
    0xff, 0xff, 0xff, 0xf7, 0x4f, 0xff, 0xff, 0xff,
    0xff, 0xff, 0xff, 0xff, 0xff, 0xf7, 0x4f, 0xff,
    0xff, 0xff, 0xff, 0xff, 0xff, 0xff, 0xff, 0xf7,
    0x4f, 0xff, 0xf8, 0x22, 0x22, 0x22, 0x22, 0x22,
    0x22, 0x21, 0x4f, 0xff, 0xf7, 0x0, 0x0, 0x0,
    0x0, 0x0, 0x0, 0x0, 0x4f, 0xff, 0xf7, 0x0,
    0x0, 0x0, 0x0, 0x0, 0x0, 0x0, 0x4f, 0xff,
    0xf7, 0x0, 0x0, 0x0, 0x0, 0x0, 0x0, 0x0,
    0x4f, 0xff, 0xf7, 0x0, 0x0, 0x0, 0x0, 0x0,
    0x0, 0x0, 0x4f, 0xff, 0xf7, 0x0, 0x0, 0x0,
    0x0, 0x0, 0x0, 0x0, 0x4f, 0xff, 0xf7, 0x0,
    0x0, 0x0, 0x0, 0x0, 0x0, 0x0, 0x4f, 0xff,
    0xf7, 0x0, 0x0, 0x0, 0x0, 0x0, 0x0, 0x0,
    0x4f, 0xff, 0xff, 0xff, 0xff, 0xff, 0xff, 0xff,
    0xf8, 0x0, 0x4f, 0xff, 0xff, 0xff, 0xff, 0xff,
    0xff, 0xff, 0xf8, 0x0, 0x4f, 0xff, 0xff, 0xff,
    0xff, 0xff, 0xff, 0xff, 0xf8, 0x0, 0x4f, 0xff,
    0xff, 0xff, 0xff, 0xff, 0xff, 0xff, 0xf8, 0x0,
    0x4f, 0xff, 0xf8, 0x11, 0x11, 0x11, 0x11, 0x11,
    0x10, 0x0, 0x4f, 0xff, 0xf7, 0x0, 0x0, 0x0,
    0x0, 0x0, 0x0, 0x0, 0x4f, 0xff, 0xf7, 0x0,
    0x0, 0x0, 0x0, 0x0, 0x0, 0x0, 0x4f, 0xff,
    0xf7, 0x0, 0x0, 0x0, 0x0, 0x0, 0x0, 0x0,
    0x4f, 0xff, 0xf7, 0x0, 0x0, 0x0, 0x0, 0x0,
    0x0, 0x0, 0x4f, 0xff, 0xf7, 0x0, 0x0, 0x0,
    0x0, 0x0, 0x0, 0x0, 0x4f, 0xff, 0xf7, 0x0,
    0x0, 0x0, 0x0, 0x0, 0x0, 0x0, 0x4f, 0xff,
    0xf7, 0x0, 0x0, 0x0, 0x0, 0x0, 0x0, 0x0,
    0x4f, 0xff, 0xf7, 0x0, 0x0, 0x0, 0x0, 0x0,
    0x0, 0x0, 0x4f, 0xff, 0xf7, 0x0, 0x0, 0x0,
    0x0, 0x0, 0x0, 0x0, 0x4f, 0xff, 0xf7, 0x0,
    0x0, 0x0, 0x0, 0x0, 0x0, 0x0, 0x4f, 0xff,
    0xf7, 0x0, 0x0, 0x0, 0x0, 0x0, 0x0, 0x0,
    0x4f, 0xff, 0xf7, 0x0, 0x0, 0x0, 0x0, 0x0,
    0x0, 0x0,

    /* U+0047 "G" */
    0x0, 0x0, 0x0, 0x59, 0xde, 0xff, 0xeb, 0x82,
    0x0, 0x0, 0x0, 0x0, 0x0, 0x6e, 0xff, 0xff,
    0xff, 0xff, 0xff, 0xb2, 0x0, 0x0, 0x0, 0xa,
    0xff, 0xff, 0xff, 0xff, 0xff, 0xff, 0xff, 0x40,
    0x0, 0x0, 0x8f, 0xff, 0xff, 0xff, 0xff, 0xff,
    0xff, 0xff, 0xf3, 0x0, 0x3, 0xff, 0xff, 0xfe,
    0x84, 0x33, 0x6a, 0xff, 0xff, 0xfd, 0x0, 0xa,
    0xff, 0xff, 0xc1, 0x0, 0x0, 0x0, 0x3e, 0xff,
    0xff, 0x50, 0xf, 0xff, 0xfe, 0x10, 0x0, 0x0,
    0x0, 0x4, 0xff, 0xff, 0xa0, 0x4f, 0xff, 0xf9,
    0x0, 0x0, 0x0, 0x0, 0x0, 0xef, 0xff, 0xd0,
    0x7f, 0xff, 0xf4, 0x0, 0x0, 0x0, 0x0, 0x0,
    0xae, 0xee, 0xd0, 0x8f, 0xff, 0xf2, 0x0, 0x0,
    0x0, 0x0, 0x0, 0x0, 0x0, 0x0, 0x9f, 0xff,
    0xf0, 0x0, 0x0, 0x0, 0x0, 0x0, 0x0, 0x0,
    0x0, 0xaf, 0xff, 0xf0, 0x0, 0x0, 0x0, 0x0,
    0x0, 0x0, 0x0, 0x0, 0xaf, 0xff, 0xf0, 0x0,
    0x0, 0x0, 0x0, 0x0, 0x0, 0x0, 0x0, 0xaf,
    0xff, 0xf0, 0x0, 0x0, 0x4e, 0xee, 0xee, 0xee,
    0xee, 0xe0, 0xaf, 0xff, 0xf0, 0x0, 0x0, 0x5f,
    0xff, 0xff, 0xff, 0xff, 0xf0, 0xaf, 0xff, 0xf0,
    0x0, 0x0, 0x5f, 0xff, 0xff, 0xff, 0xff, 0xf0,
    0xaf, 0xff, 0xf0, 0x0, 0x0, 0x5f, 0xff, 0xff,
    0xff, 0xff, 0xf0, 0xaf, 0xff, 0xf0, 0x0, 0x0,
    0x0, 0x0, 0x0, 0x9f, 0xff, 0xf0, 0x9f, 0xff,
    0xf0, 0x0, 0x0, 0x0, 0x0, 0x0, 0x9f, 0xff,
    0xf0, 0x8f, 0xff, 0xf1, 0x0, 0x0, 0x0, 0x0,
    0x0, 0xaf, 0xff, 0xe0, 0x7f, 0xff, 0xf4, 0x0,
    0x0, 0x0, 0x0, 0x0, 0xcf, 0xff, 0xd0, 0x4f,
    0xff, 0xf9, 0x0, 0x0, 0x0, 0x0, 0x0, 0xff,
    0xff, 0xa0, 0x1f, 0xff, 0xff, 0x10, 0x0, 0x0,
    0x0, 0x7, 0xff, 0xff, 0x60, 0xb, 0xff, 0xff,
    0xc1, 0x0, 0x0, 0x0, 0x4f, 0xff, 0xff, 0x10,
    0x4, 0xff, 0xff, 0xff, 0x95, 0x44, 0x6b, 0xff,
    0xff, 0xf9, 0x0, 0x0, 0x9f, 0xff, 0xff, 0xff,
    0xff, 0xff, 0xff, 0xff, 0xd0, 0x0, 0x0, 0xa,
    0xff, 0xff, 0xff, 0xff, 0xff, 0xff, 0xfd, 0x20,
    0x0, 0x0, 0x0, 0x7e, 0xff, 0xff, 0xff, 0xff,
    0xff, 0xa1, 0x0, 0x0, 0x0, 0x0, 0x0, 0x5a,
    0xde, 0xff, 0xdb, 0x72, 0x0, 0x0, 0x0,

    /* U+0048 "H" */
    0x4f, 0xff, 0xf7, 0x0, 0x0, 0x0, 0x0, 0x0,
    0xaf, 0xff, 0xf1, 0x4f, 0xff, 0xf7, 0x0, 0x0,
    0x0, 0x0, 0x0, 0xaf, 0xff, 0xf1, 0x4f, 0xff,
    0xf7, 0x0, 0x0, 0x0, 0x0, 0x0, 0xaf, 0xff,
    0xf1, 0x4f, 0xff, 0xf7, 0x0, 0x0, 0x0, 0x0,
    0x0, 0xaf, 0xff, 0xf1, 0x4f, 0xff, 0xf7, 0x0,
    0x0, 0x0, 0x0, 0x0, 0xaf, 0xff, 0xf1, 0x4f,
    0xff, 0xf7, 0x0, 0x0, 0x0, 0x0, 0x0, 0xaf,
    0xff, 0xf1, 0x4f, 0xff, 0xf7, 0x0, 0x0, 0x0,
    0x0, 0x0, 0xaf, 0xff, 0xf1, 0x4f, 0xff, 0xf7,
    0x0, 0x0, 0x0, 0x0, 0x0, 0xaf, 0xff, 0xf1,
    0x4f, 0xff, 0xf7, 0x0, 0x0, 0x0, 0x0, 0x0,
    0xaf, 0xff, 0xf1, 0x4f, 0xff, 0xf7, 0x0, 0x0,
    0x0, 0x0, 0x0, 0xaf, 0xff, 0xf1, 0x4f, 0xff,
    0xf7, 0x0, 0x0, 0x0, 0x0, 0x0, 0xaf, 0xff,
    0xf1, 0x4f, 0xff, 0xf7, 0x0, 0x0, 0x0, 0x0,
    0x0, 0xaf, 0xff, 0xf1, 0x4f, 0xff, 0xff, 0xff,
    0xff, 0xff, 0xff, 0xff, 0xff, 0xff, 0xf1, 0x4f,
    0xff, 0xff, 0xff, 0xff, 0xff, 0xff, 0xff, 0xff,
    0xff, 0xf1, 0x4f, 0xff, 0xff, 0xff, 0xff, 0xff,
    0xff, 0xff, 0xff, 0xff, 0xf1, 0x4f, 0xff, 0xff,
    0xff, 0xff, 0xff, 0xff, 0xff, 0xff, 0xff, 0xf1,
    0x4f, 0xff, 0xf8, 0x22, 0x22, 0x22, 0x22, 0x22,
    0xaf, 0xff, 0xf1, 0x4f, 0xff, 0xf7, 0x0, 0x0,
    0x0, 0x0, 0x0, 0xaf, 0xff, 0xf1, 0x4f, 0xff,
    0xf7, 0x0, 0x0, 0x0, 0x0, 0x0, 0xaf, 0xff,
    0xf1, 0x4f, 0xff, 0xf7, 0x0, 0x0, 0x0, 0x0,
    0x0, 0xaf, 0xff, 0xf1, 0x4f, 0xff, 0xf7, 0x0,
    0x0, 0x0, 0x0, 0x0, 0xaf, 0xff, 0xf1, 0x4f,
    0xff, 0xf7, 0x0, 0x0, 0x0, 0x0, 0x0, 0xaf,
    0xff, 0xf1, 0x4f, 0xff, 0xf7, 0x0, 0x0, 0x0,
    0x0, 0x0, 0xaf, 0xff, 0xf1, 0x4f, 0xff, 0xf7,
    0x0, 0x0, 0x0, 0x0, 0x0, 0xaf, 0xff, 0xf1,
    0x4f, 0xff, 0xf7, 0x0, 0x0, 0x0, 0x0, 0x0,
    0xaf, 0xff, 0xf1, 0x4f, 0xff, 0xf7, 0x0, 0x0,
    0x0, 0x0, 0x0, 0xaf, 0xff, 0xf1, 0x4f, 0xff,
    0xf7, 0x0, 0x0, 0x0, 0x0, 0x0, 0xaf, 0xff,
    0xf1, 0x4f, 0xff, 0xf7, 0x0, 0x0, 0x0, 0x0,
    0x0, 0xaf, 0xff, 0xf1, 0x4f, 0xff, 0xf7, 0x0,
    0x0, 0x0, 0x0, 0x0, 0xaf, 0xff, 0xf1,

    /* U+0049 "I" */
    0x2f, 0xff, 0xf8, 0x2f, 0xff, 0xf8, 0x2f, 0xff,
    0xf8, 0x2f, 0xff, 0xf8, 0x2f, 0xff, 0xf8, 0x2f,
    0xff, 0xf8, 0x2f, 0xff, 0xf8, 0x2f, 0xff, 0xf8,
    0x2f, 0xff, 0xf8, 0x2f, 0xff, 0xf8, 0x2f, 0xff,
    0xf8, 0x2f, 0xff, 0xf8, 0x2f, 0xff, 0xf8, 0x2f,
    0xff, 0xf8, 0x2f, 0xff, 0xf8, 0x2f, 0xff, 0xf8,
    0x2f, 0xff, 0xf8, 0x2f, 0xff, 0xf8, 0x2f, 0xff,
    0xf8, 0x2f, 0xff, 0xf8, 0x2f, 0xff, 0xf8, 0x2f,
    0xff, 0xf8, 0x2f, 0xff, 0xf8, 0x2f, 0xff, 0xf8,
    0x2f, 0xff, 0xf8, 0x2f, 0xff, 0xf8, 0x2f, 0xff,
    0xf8, 0x2f, 0xff, 0xf8, 0x2f, 0xff, 0xf8,

    /* U+004A "J" */
    0x0, 0x0, 0x2f, 0xff, 0xf9, 0x0, 0x0, 0x2f,
    0xff, 0xf9, 0x0, 0x0, 0x2f, 0xff, 0xf9, 0x0,
    0x0, 0x2f, 0xff, 0xf9, 0x0, 0x0, 0x2f, 0xff,
    0xf9, 0x0, 0x0, 0x2f, 0xff, 0xf9, 0x0, 0x0,
    0x2f, 0xff, 0xf9, 0x0, 0x0, 0x2f, 0xff, 0xf9,
    0x0, 0x0, 0x2f, 0xff, 0xf9, 0x0, 0x0, 0x2f,
    0xff, 0xf9, 0x0, 0x0, 0x2f, 0xff, 0xf9, 0x0,
    0x0, 0x2f, 0xff, 0xf9, 0x0, 0x0, 0x2f, 0xff,
    0xf9, 0x0, 0x0, 0x2f, 0xff, 0xf9, 0x0, 0x0,
    0x2f, 0xff, 0xf9, 0x0, 0x0, 0x2f, 0xff, 0xf9,
    0x0, 0x0, 0x2f, 0xff, 0xf9, 0x0, 0x0, 0x2f,
    0xff, 0xf9, 0x0, 0x0, 0x2f, 0xff, 0xf9, 0x0,
    0x0, 0x2f, 0xff, 0xf9, 0x0, 0x0, 0x2f, 0xff,
    0xf9, 0x0, 0x0, 0x2f, 0xff, 0xf9, 0x0, 0x0,
    0x3f, 0xff, 0xf9, 0x0, 0x0, 0x6f, 0xff, 0xf8,
    0x22, 0x25, 0xef, 0xff, 0xf6, 0xdf, 0xff, 0xff,
    0xff, 0xf1, 0xdf, 0xff, 0xff, 0xff, 0x90, 0xdf,
    0xff, 0xff, 0xfb, 0x0, 0xdf, 0xff, 0xeb, 0x50,
    0x0,

    /* U+004B "K" */
    0x4f, 0xff, 0xf7, 0x0, 0x0, 0x0, 0x0, 0x0,
    0xbf, 0xff, 0xfc, 0x0, 0x4f, 0xff, 0xf7, 0x0,
    0x0, 0x0, 0x0, 0x8, 0xff, 0xff, 0xe1, 0x0,
    0x4f, 0xff, 0xf7, 0x0, 0x0, 0x0, 0x0, 0x4f,
    0xff, 0xff, 0x40, 0x0, 0x4f, 0xff, 0xf7, 0x0,
    0x0, 0x0, 0x1, 0xef, 0xff, 0xf6, 0x0, 0x0,
    0x4f, 0xff, 0xf7, 0x0, 0x0, 0x0, 0xc, 0xff,
    0xff, 0xa0, 0x0, 0x0, 0x4f, 0xff, 0xf7, 0x0,
    0x0, 0x0, 0x9f, 0xff, 0xfc, 0x0, 0x0, 0x0,
    0x4f, 0xff, 0xf7, 0x0, 0x0, 0x5, 0xff, 0xff,
    0xe1, 0x0, 0x0, 0x0, 0x4f, 0xff, 0xf7, 0x0,
    0x0, 0x2f, 0xff, 0xff, 0x40, 0x0, 0x0, 0x0,
    0x4f, 0xff, 0xf7, 0x0, 0x0, 0xdf, 0xff, 0xf7,
    0x0, 0x0, 0x0, 0x0, 0x4f, 0xff, 0xf7, 0x0,
    0x9, 0xff, 0xff, 0xa0, 0x0, 0x0, 0x0, 0x0,
    0x4f, 0xff, 0xf7, 0x0, 0x6f, 0xff, 0xfc, 0x0,
    0x0, 0x0, 0x0, 0x0, 0x4f, 0xff, 0xf7, 0x2,
    0xff, 0xff, 0xf3, 0x0, 0x0, 0x0, 0x0, 0x0,
    0x4f, 0xff, 0xf7, 0xd, 0xff, 0xff, 0xf9, 0x0,
    0x0, 0x0, 0x0, 0x0, 0x4f, 0xff, 0xf7, 0xaf,
    0xff, 0xff, 0xff, 0x20, 0x0, 0x0, 0x0, 0x0,
    0x4f, 0xff, 0xfd, 0xff, 0xff, 0xff, 0xff, 0xb0,
    0x0, 0x0, 0x0, 0x0, 0x4f, 0xff, 0xff, 0xff,
    0xfc, 0xdf, 0xff, 0xf5, 0x0, 0x0, 0x0, 0x0,
    0x4f, 0xff, 0xff, 0xff, 0xe1, 0x5f, 0xff, 0xfd,
    0x0, 0x0, 0x0, 0x0, 0x4f, 0xff, 0xff, 0xff,
    0x30, 0xc, 0xff, 0xff, 0x70, 0x0, 0x0, 0x0,
    0x4f, 0xff, 0xff, 0xf6, 0x0, 0x3, 0xff, 0xff,
    0xf1, 0x0, 0x0, 0x0, 0x4f, 0xff, 0xff, 0x90,
    0x0, 0x0, 0xaf, 0xff, 0xfa, 0x0, 0x0, 0x0,
    0x4f, 0xff, 0xfc, 0x0, 0x0, 0x0, 0x1f, 0xff,
    0xff, 0x30, 0x0, 0x0, 0x4f, 0xff, 0xf7, 0x0,
    0x0, 0x0, 0x8, 0xff, 0xff, 0xc0, 0x0, 0x0,
    0x4f, 0xff, 0xf7, 0x0, 0x0, 0x0, 0x0, 0xef,
    0xff, 0xf5, 0x0, 0x0, 0x4f, 0xff, 0xf7, 0x0,
    0x0, 0x0, 0x0, 0x6f, 0xff, 0xfe, 0x0, 0x0,
    0x4f, 0xff, 0xf7, 0x0, 0x0, 0x0, 0x0, 0xc,
    0xff, 0xff, 0x80, 0x0, 0x4f, 0xff, 0xf7, 0x0,
    0x0, 0x0, 0x0, 0x3, 0xff, 0xff, 0xf2, 0x0,
    0x4f, 0xff, 0xf7, 0x0, 0x0, 0x0, 0x0, 0x0,
    0xaf, 0xff, 0xfb, 0x0, 0x4f, 0xff, 0xf7, 0x0,
    0x0, 0x0, 0x0, 0x0, 0x2f, 0xff, 0xff, 0x40,
    0x4f, 0xff, 0xf7, 0x0, 0x0, 0x0, 0x0, 0x0,
    0x8, 0xff, 0xff, 0xd0,

    /* U+004C "L" */
    0x4f, 0xff, 0xf7, 0x0, 0x0, 0x0, 0x0, 0x0,
    0x0, 0x4, 0xff, 0xff, 0x70, 0x0, 0x0, 0x0,
    0x0, 0x0, 0x0, 0x4f, 0xff, 0xf7, 0x0, 0x0,
    0x0, 0x0, 0x0, 0x0, 0x4, 0xff, 0xff, 0x70,
    0x0, 0x0, 0x0, 0x0, 0x0, 0x0, 0x4f, 0xff,
    0xf7, 0x0, 0x0, 0x0, 0x0, 0x0, 0x0, 0x4,
    0xff, 0xff, 0x70, 0x0, 0x0, 0x0, 0x0, 0x0,
    0x0, 0x4f, 0xff, 0xf7, 0x0, 0x0, 0x0, 0x0,
    0x0, 0x0, 0x4, 0xff, 0xff, 0x70, 0x0, 0x0,
    0x0, 0x0, 0x0, 0x0, 0x4f, 0xff, 0xf7, 0x0,
    0x0, 0x0, 0x0, 0x0, 0x0, 0x4, 0xff, 0xff,
    0x70, 0x0, 0x0, 0x0, 0x0, 0x0, 0x0, 0x4f,
    0xff, 0xf7, 0x0, 0x0, 0x0, 0x0, 0x0, 0x0,
    0x4, 0xff, 0xff, 0x70, 0x0, 0x0, 0x0, 0x0,
    0x0, 0x0, 0x4f, 0xff, 0xf7, 0x0, 0x0, 0x0,
    0x0, 0x0, 0x0, 0x4, 0xff, 0xff, 0x70, 0x0,
    0x0, 0x0, 0x0, 0x0, 0x0, 0x4f, 0xff, 0xf7,
    0x0, 0x0, 0x0, 0x0, 0x0, 0x0, 0x4, 0xff,
    0xff, 0x70, 0x0, 0x0, 0x0, 0x0, 0x0, 0x0,
    0x4f, 0xff, 0xf7, 0x0, 0x0, 0x0, 0x0, 0x0,
    0x0, 0x4, 0xff, 0xff, 0x70, 0x0, 0x0, 0x0,
    0x0, 0x0, 0x0, 0x4f, 0xff, 0xf7, 0x0, 0x0,
    0x0, 0x0, 0x0, 0x0, 0x4, 0xff, 0xff, 0x70,
    0x0, 0x0, 0x0, 0x0, 0x0, 0x0, 0x4f, 0xff,
    0xf7, 0x0, 0x0, 0x0, 0x0, 0x0, 0x0, 0x4,
    0xff, 0xff, 0x70, 0x0, 0x0, 0x0, 0x0, 0x0,
    0x0, 0x4f, 0xff, 0xf7, 0x0, 0x0, 0x0, 0x0,
    0x0, 0x0, 0x4, 0xff, 0xff, 0x70, 0x0, 0x0,
    0x0, 0x0, 0x0, 0x0, 0x4f, 0xff, 0xf8, 0x22,
    0x22, 0x22, 0x22, 0x22, 0x22, 0x14, 0xff, 0xff,
    0xff, 0xff, 0xff, 0xff, 0xff, 0xff, 0xfc, 0x4f,
    0xff, 0xff, 0xff, 0xff, 0xff, 0xff, 0xff, 0xff,
    0xc4, 0xff, 0xff, 0xff, 0xff, 0xff, 0xff, 0xff,
    0xff, 0xfc, 0x4f, 0xff, 0xff, 0xff, 0xff, 0xff,
    0xff, 0xff, 0xff, 0xc0,

    /* U+004D "M" */
    0xef, 0xff, 0xf1, 0x0, 0x0, 0x0, 0x0, 0x0,
    0x0, 0x0, 0x5f, 0xff, 0xf8, 0xef, 0xff, 0xf7,
    0x0, 0x0, 0x0, 0x0, 0x0, 0x0, 0x0, 0xdf,
    0xff, 0xf8, 0xef, 0xff, 0xfe, 0x0, 0x0, 0x0,
    0x0, 0x0, 0x0, 0x4, 0xff, 0xff, 0xf8, 0xef,
    0xff, 0xff, 0x60, 0x0, 0x0, 0x0, 0x0, 0x0,
    0xc, 0xff, 0xff, 0xf8, 0xef, 0xff, 0xff, 0xe0,
    0x0, 0x0, 0x0, 0x0, 0x0, 0x3f, 0xff, 0xff,
    0xf8, 0xef, 0xff, 0xff, 0xf5, 0x0, 0x0, 0x0,
    0x0, 0x0, 0xaf, 0xff, 0xff, 0xf8, 0xef, 0xff,
    0xff, 0xfd, 0x0, 0x0, 0x0, 0x0, 0x2, 0xff,
    0xff, 0xff, 0xf8, 0xef, 0xff, 0xff, 0xff, 0x40,
    0x0, 0x0, 0x0, 0x9, 0xff, 0xff, 0xff, 0xf8,
    0xef, 0xff, 0xff, 0xff, 0xc0, 0x0, 0x0, 0x0,
    0x1f, 0xff, 0xff, 0xff, 0xf8, 0xef, 0xff, 0xff,
    0xff, 0xf3, 0x0, 0x0, 0x0, 0x8f, 0xff, 0xff,
    0xff, 0xf8, 0xef, 0xff, 0xde, 0xff, 0xfb, 0x0,
    0x0, 0x0, 0xff, 0xff, 0xbf, 0xff, 0xf8, 0xef,
    0xff, 0xc6, 0xff, 0xff, 0x30, 0x0, 0x7, 0xff,
    0xff, 0x4f, 0xff, 0xf8, 0xef, 0xff, 0xc0, 0xef,
    0xff, 0xa0, 0x0, 0xe, 0xff, 0xfa, 0x2f, 0xff,
    0xf8, 0xef, 0xff, 0xc0, 0x7f, 0xff, 0xf2, 0x0,
    0x6f, 0xff, 0xf2, 0x2f, 0xff, 0xf8, 0xef, 0xff,
    0xc0, 0xf, 0xff, 0xf9, 0x0, 0xdf, 0xff, 0xb0,
    0x2f, 0xff, 0xf8, 0xef, 0xff, 0xc0, 0x8, 0xff,
    0xff, 0x15, 0xff, 0xff, 0x30, 0x2f, 0xff, 0xf8,
    0xef, 0xff, 0xc0, 0x1, 0xff, 0xff, 0x8c, 0xff,
    0xfb, 0x0, 0x2f, 0xff, 0xf8, 0xef, 0xff, 0xc0,
    0x0, 0x9f, 0xff, 0xff, 0xff, 0xf4, 0x0, 0x2f,
    0xff, 0xf8, 0xef, 0xff, 0xc0, 0x0, 0x1f, 0xff,
    0xff, 0xff, 0xc0, 0x0, 0x2f, 0xff, 0xf8, 0xef,
    0xff, 0xc0, 0x0, 0x9, 0xff, 0xff, 0xff, 0x40,
    0x0, 0x2f, 0xff, 0xf8, 0xef, 0xff, 0xc0, 0x0,
    0x2, 0xff, 0xff, 0xfd, 0x0, 0x0, 0x2f, 0xff,
    0xf8, 0xef, 0xff, 0xc0, 0x0, 0x0, 0xaf, 0xff,
    0xf5, 0x0, 0x0, 0x2f, 0xff, 0xf8, 0xef, 0xff,
    0xc0, 0x0, 0x0, 0x2f, 0xff, 0xd0, 0x0, 0x0,
    0x2f, 0xff, 0xf8, 0xef, 0xff, 0xc0, 0x0, 0x0,
    0x4, 0x55, 0x30, 0x0, 0x0, 0x2f, 0xff, 0xf8,
    0xef, 0xff, 0xc0, 0x0, 0x0, 0x0, 0x0, 0x0,
    0x0, 0x0, 0x2f, 0xff, 0xf8, 0xef, 0xff, 0xc0,
    0x0, 0x0, 0x0, 0x0, 0x0, 0x0, 0x0, 0x2f,
    0xff, 0xf8, 0xef, 0xff, 0xc0, 0x0, 0x0, 0x0,
    0x0, 0x0, 0x0, 0x0, 0x2f, 0xff, 0xf8, 0xef,
    0xff, 0xc0, 0x0, 0x0, 0x0, 0x0, 0x0, 0x0,
    0x0, 0x2f, 0xff, 0xf8, 0xef, 0xff, 0xc0, 0x0,
    0x0, 0x0, 0x0, 0x0, 0x0, 0x0, 0x2f, 0xff,
    0xf8,

    /* U+004E "N" */
    0x4f, 0xff, 0xfc, 0x0, 0x0, 0x0, 0x0, 0x0,
    0x7, 0xff, 0xff, 0x44, 0xff, 0xff, 0xf6, 0x0,
    0x0, 0x0, 0x0, 0x0, 0x7f, 0xff, 0xf4, 0x4f,
    0xff, 0xff, 0xe1, 0x0, 0x0, 0x0, 0x0, 0x7,
    0xff, 0xff, 0x44, 0xff, 0xff, 0xff, 0x90, 0x0,
    0x0, 0x0, 0x0, 0x7f, 0xff, 0xf4, 0x4f, 0xff,
    0xff, 0xff, 0x30, 0x0, 0x0, 0x0, 0x7, 0xff,
    0xff, 0x44, 0xff, 0xff, 0xff, 0xfc, 0x0, 0x0,
    0x0, 0x0, 0x7f, 0xff, 0xf4, 0x4f, 0xff, 0xff,
    0xff, 0xf6, 0x0, 0x0, 0x0, 0x7, 0xff, 0xff,
    0x44, 0xff, 0xff, 0xff, 0xff, 0xe1, 0x0, 0x0,
    0x0, 0x7f, 0xff, 0xf4, 0x4f, 0xff, 0xff, 0xff,
    0xff, 0xa0, 0x0, 0x0, 0x7, 0xff, 0xff, 0x44,
    0xff, 0xff, 0xcf, 0xff, 0xff, 0x30, 0x0, 0x0,
    0x7f, 0xff, 0xf4, 0x4f, 0xff, 0xf7, 0xbf, 0xff,
    0xfd, 0x0, 0x0, 0x7, 0xff, 0xff, 0x44, 0xff,
    0xff, 0x72, 0xff, 0xff, 0xf7, 0x0, 0x0, 0x7f,
    0xff, 0xf4, 0x4f, 0xff, 0xf7, 0x7, 0xff, 0xff,
    0xf1, 0x0, 0x7, 0xff, 0xff, 0x44, 0xff, 0xff,
    0x70, 0xd, 0xff, 0xff, 0xa0, 0x0, 0x7f, 0xff,
    0xf4, 0x4f, 0xff, 0xf7, 0x0, 0x4f, 0xff, 0xff,
    0x40, 0x7, 0xff, 0xff, 0x44, 0xff, 0xff, 0x70,
    0x0, 0xaf, 0xff, 0xfd, 0x0, 0x7f, 0xff, 0xf4,
    0x4f, 0xff, 0xf7, 0x0, 0x1, 0xff, 0xff, 0xf8,
    0x7, 0xff, 0xff, 0x44, 0xff, 0xff, 0x70, 0x0,
    0x7, 0xff, 0xff, 0xf2, 0x7f, 0xff, 0xf4, 0x4f,
    0xff, 0xf7, 0x0, 0x0, 0xd, 0xff, 0xff, 0xb7,
    0xff, 0xff, 0x44, 0xff, 0xff, 0x70, 0x0, 0x0,
    0x3f, 0xff, 0xff, 0xcf, 0xff, 0xf4, 0x4f, 0xff,
    0xf7, 0x0, 0x0, 0x0, 0x9f, 0xff, 0xff, 0xff,
    0xff, 0x44, 0xff, 0xff, 0x70, 0x0, 0x0, 0x1,
    0xef, 0xff, 0xff, 0xff, 0xf4, 0x4f, 0xff, 0xf7,
    0x0, 0x0, 0x0, 0x6, 0xff, 0xff, 0xff, 0xff,
    0x44, 0xff, 0xff, 0x70, 0x0, 0x0, 0x0, 0xc,
    0xff, 0xff, 0xff, 0xf4, 0x4f, 0xff, 0xf7, 0x0,
    0x0, 0x0, 0x0, 0x3f, 0xff, 0xff, 0xff, 0x44,
    0xff, 0xff, 0x70, 0x0, 0x0, 0x0, 0x0, 0x9f,
    0xff, 0xff, 0xf4, 0x4f, 0xff, 0xf7, 0x0, 0x0,
    0x0, 0x0, 0x0, 0xef, 0xff, 0xff, 0x44, 0xff,
    0xff, 0x70, 0x0, 0x0, 0x0, 0x0, 0x5, 0xff,
    0xff, 0xf4, 0x4f, 0xff, 0xf7, 0x0, 0x0, 0x0,
    0x0, 0x0, 0xb, 0xff, 0xff, 0x40,

    /* U+004F "O" */
    0x0, 0x0, 0x0, 0x59, 0xde, 0xff, 0xdb, 0x71,
    0x0, 0x0, 0x0, 0x0, 0x0, 0x6e, 0xff, 0xff,
    0xff, 0xff, 0xff, 0x90, 0x0, 0x0, 0x0, 0xa,
    0xff, 0xff, 0xff, 0xff, 0xff, 0xff, 0xfd, 0x20,
    0x0, 0x0, 0x8f, 0xff, 0xff, 0xff, 0xff, 0xff,
    0xff, 0xff, 0xd1, 0x0, 0x3, 0xff, 0xff, 0xfe,
    0x84, 0x34, 0x6c, 0xff, 0xff, 0xf9, 0x0, 0xa,
    0xff, 0xff, 0xb0, 0x0, 0x0, 0x0, 0x8f, 0xff,
    0xff, 0x10, 0xf, 0xff, 0xfe, 0x10, 0x0, 0x0,
    0x0, 0xb, 0xff, 0xff, 0x60, 0x4f, 0xff, 0xf8,
    0x0, 0x0, 0x0, 0x0, 0x4, 0xff, 0xff, 0xa0,
    0x7f, 0xff, 0xf4, 0x0, 0x0, 0x0, 0x0, 0x0,
    0xff, 0xff, 0xd0, 0x8f, 0xff, 0xf2, 0x0, 0x0,
    0x0, 0x0, 0x0, 0xcf, 0xff, 0xe0, 0x9f, 0xff,
    0xf0, 0x0, 0x0, 0x0, 0x0, 0x0, 0xbf, 0xff,
    0xf0, 0xaf, 0xff, 0xf0, 0x0, 0x0, 0x0, 0x0,
    0x0, 0xaf, 0xff, 0xf0, 0xaf, 0xff, 0xf0, 0x0,
    0x0, 0x0, 0x0, 0x0, 0xaf, 0xff, 0xf0, 0xaf,
    0xff, 0xf0, 0x0, 0x0, 0x0, 0x0, 0x0, 0xaf,
    0xff, 0xf0, 0xaf, 0xff, 0xf0, 0x0, 0x0, 0x0,
    0x0, 0x0, 0xaf, 0xff, 0xf0, 0xaf, 0xff, 0xf0,
    0x0, 0x0, 0x0, 0x0, 0x0, 0xaf, 0xff, 0xf0,
    0xaf, 0xff, 0xf0, 0x0, 0x0, 0x0, 0x0, 0x0,
    0xaf, 0xff, 0xf0, 0xaf, 0xff, 0xf0, 0x0, 0x0,
    0x0, 0x0, 0x0, 0xaf, 0xff, 0xf0, 0x9f, 0xff,
    0xf0, 0x0, 0x0, 0x0, 0x0, 0x0, 0xbf, 0xff,
    0xf0, 0x8f, 0xff, 0xf1, 0x0, 0x0, 0x0, 0x0,
    0x0, 0xcf, 0xff, 0xf0, 0x7f, 0xff, 0xf4, 0x0,
    0x0, 0x0, 0x0, 0x0, 0xef, 0xff, 0xd0, 0x4f,
    0xff, 0xf8, 0x0, 0x0, 0x0, 0x0, 0x3, 0xff,
    0xff, 0xa0, 0x1f, 0xff, 0xfe, 0x10, 0x0, 0x0,
    0x0, 0xa, 0xff, 0xff, 0x60, 0xb, 0xff, 0xff,
    0xc1, 0x0, 0x0, 0x0, 0x7f, 0xff, 0xff, 0x10,
    0x4, 0xff, 0xff, 0xfe, 0x85, 0x44, 0x7d, 0xff,
    0xff, 0xf9, 0x0, 0x0, 0x9f, 0xff, 0xff, 0xff,
    0xff, 0xff, 0xff, 0xff, 0xd0, 0x0, 0x0, 0xb,
    0xff, 0xff, 0xff, 0xff, 0xff, 0xff, 0xfd, 0x20,
    0x0, 0x0, 0x0, 0x7e, 0xff, 0xff, 0xff, 0xff,
    0xff, 0x91, 0x0, 0x0, 0x0, 0x0, 0x0, 0x6a,
    0xde, 0xff, 0xdb, 0x71, 0x0, 0x0, 0x0,

    /* U+0050 "P" */
    0x4f, 0xff, 0xff, 0xff, 0xff, 0xff, 0xed, 0x95,
    0x0, 0x0, 0x4, 0xff, 0xff, 0xff, 0xff, 0xff,
    0xff, 0xff, 0xfd, 0x40, 0x0, 0x4f, 0xff, 0xff,
    0xff, 0xff, 0xff, 0xff, 0xff, 0xff, 0x60, 0x4,
    0xff, 0xff, 0xff, 0xff, 0xff, 0xff, 0xff, 0xff,
    0xff, 0x30, 0x4f, 0xff, 0xf8, 0x22, 0x22, 0x22,
    0x49, 0xff, 0xff, 0xfc, 0x4, 0xff, 0xff, 0x70,
    0x0, 0x0, 0x0, 0x3, 0xff, 0xff, 0xf4, 0x4f,
    0xff, 0xf7, 0x0, 0x0, 0x0, 0x0, 0x6, 0xff,
    0xff, 0x84, 0xff, 0xff, 0x70, 0x0, 0x0, 0x0,
    0x0, 0x1f, 0xff, 0xfb, 0x4f, 0xff, 0xf7, 0x0,
    0x0, 0x0, 0x0, 0x0, 0xef, 0xff, 0xc4, 0xff,
    0xff, 0x70, 0x0, 0x0, 0x0, 0x0, 0xe, 0xff,
    0xfd, 0x4f, 0xff, 0xf7, 0x0, 0x0, 0x0, 0x0,
    0x0, 0xff, 0xff, 0xb4, 0xff, 0xff, 0x70, 0x0,
    0x0, 0x0, 0x0, 0x5f, 0xff, 0xf9, 0x4f, 0xff,
    0xf7, 0x0, 0x0, 0x0, 0x0, 0x2e, 0xff, 0xff,
    0x44, 0xff, 0xff, 0x82, 0x22, 0x22, 0x24, 0x8f,
    0xff, 0xff, 0xd0, 0x4f, 0xff, 0xff, 0xff, 0xff,
    0xff, 0xff, 0xff, 0xff, 0xf4, 0x4, 0xff, 0xff,
    0xff, 0xff, 0xff, 0xff, 0xff, 0xff, 0xf6, 0x0,
    0x4f, 0xff, 0xff, 0xff, 0xff, 0xff, 0xff, 0xff,
    0xd4, 0x0, 0x4, 0xff, 0xff, 0xff, 0xff, 0xff,
    0xfe, 0xd9, 0x50, 0x0, 0x0, 0x4f, 0xff, 0xf7,
    0x0, 0x0, 0x0, 0x0, 0x0, 0x0, 0x0, 0x4,
    0xff, 0xff, 0x70, 0x0, 0x0, 0x0, 0x0, 0x0,
    0x0, 0x0, 0x4f, 0xff, 0xf7, 0x0, 0x0, 0x0,
    0x0, 0x0, 0x0, 0x0, 0x4, 0xff, 0xff, 0x70,
    0x0, 0x0, 0x0, 0x0, 0x0, 0x0, 0x0, 0x4f,
    0xff, 0xf7, 0x0, 0x0, 0x0, 0x0, 0x0, 0x0,
    0x0, 0x4, 0xff, 0xff, 0x70, 0x0, 0x0, 0x0,
    0x0, 0x0, 0x0, 0x0, 0x4f, 0xff, 0xf7, 0x0,
    0x0, 0x0, 0x0, 0x0, 0x0, 0x0, 0x4, 0xff,
    0xff, 0x70, 0x0, 0x0, 0x0, 0x0, 0x0, 0x0,
    0x0, 0x4f, 0xff, 0xf7, 0x0, 0x0, 0x0, 0x0,
    0x0, 0x0, 0x0, 0x4, 0xff, 0xff, 0x70, 0x0,
    0x0, 0x0, 0x0, 0x0, 0x0, 0x0, 0x4f, 0xff,
    0xf7, 0x0, 0x0, 0x0, 0x0, 0x0, 0x0, 0x0,
    0x0,

    /* U+0051 "Q" */
    0x0, 0x0, 0x0, 0x59, 0xde, 0xff, 0xdb, 0x71,
    0x0, 0x0, 0x0, 0x0, 0x0, 0x6e, 0xff, 0xff,
    0xff, 0xff, 0xff, 0x90, 0x0, 0x0, 0x0, 0xa,
    0xff, 0xff, 0xff, 0xff, 0xff, 0xff, 0xfd, 0x20,
    0x0, 0x0, 0x8f, 0xff, 0xff, 0xff, 0xff, 0xff,
    0xff, 0xff, 0xd1, 0x0, 0x3, 0xff, 0xff, 0xfe,
    0x84, 0x34, 0x6c, 0xff, 0xff, 0xf9, 0x0, 0xa,
    0xff, 0xff, 0xb0, 0x0, 0x0, 0x0, 0x8f, 0xff,
    0xff, 0x10, 0xf, 0xff, 0xfe, 0x10, 0x0, 0x0,
    0x0, 0xb, 0xff, 0xff, 0x60, 0x4f, 0xff, 0xf9,
    0x0, 0x0, 0x0, 0x0, 0x4, 0xff, 0xff, 0xa0,
    0x7f, 0xff, 0xf4, 0x0, 0x0, 0x0, 0x0, 0x0,
    0xff, 0xff, 0xd0, 0x8f, 0xff, 0xf2, 0x0, 0x0,
    0x0, 0x0, 0x0, 0xcf, 0xff, 0xe0, 0x9f, 0xff,
    0xf0, 0x0, 0x0, 0x0, 0x0, 0x0, 0xbf, 0xff,
    0xf0, 0xaf, 0xff, 0xf0, 0x0, 0x0, 0x0, 0x0,
    0x0, 0xaf, 0xff, 0xf0, 0xaf, 0xff, 0xf0, 0x0,
    0x0, 0x0, 0x0, 0x0, 0xaf, 0xff, 0xf0, 0xaf,
    0xff, 0xf0, 0x0, 0x0, 0x0, 0x0, 0x0, 0xaf,
    0xff, 0xf0, 0xaf, 0xff, 0xf0, 0x0, 0x0, 0x0,
    0x0, 0x0, 0xaf, 0xff, 0xf0, 0xaf, 0xff, 0xf0,
    0x0, 0x0, 0x0, 0x0, 0x0, 0xaf, 0xff, 0xf0,
    0xaf, 0xff, 0xf0, 0x0, 0x0, 0x0, 0x0, 0x0,
    0xaf, 0xff, 0xf0, 0xaf, 0xff, 0xf0, 0x0, 0x0,
    0x0, 0x0, 0x0, 0xaf, 0xff, 0xf0, 0x9f, 0xff,
    0xf0, 0x0, 0x0, 0x0, 0x0, 0x0, 0xbf, 0xff,
    0xf0, 0x8f, 0xff, 0xf1, 0x0, 0x0, 0x0, 0x0,
    0x0, 0xcf, 0xff, 0xf0, 0x7f, 0xff, 0xf4, 0x0,
    0x0, 0x0, 0x0, 0x0, 0xef, 0xff, 0xd0, 0x4f,
    0xff, 0xf8, 0x0, 0x0, 0x0, 0x0, 0x3, 0xff,
    0xff, 0xa0, 0x1f, 0xff, 0xfe, 0x0, 0x0, 0x0,
    0x0, 0xa, 0xff, 0xff, 0x60, 0xb, 0xff, 0xff,
    0xb0, 0x0, 0x0, 0x0, 0x7f, 0xff, 0xff, 0x10,
    0x4, 0xff, 0xff, 0xfe, 0x84, 0x33, 0x6c, 0xff,
    0xff, 0xf9, 0x0, 0x0, 0x9f, 0xff, 0xff, 0xff,
    0xff, 0xff, 0xff, 0xff, 0xd0, 0x0, 0x0, 0xb,
    0xff, 0xff, 0xff, 0xff, 0xff, 0xff, 0xfe, 0x20,
    0x0, 0x0, 0x0, 0x7e, 0xff, 0xff, 0xff, 0xff,
    0xff, 0xf1, 0x0, 0x0, 0x0, 0x0, 0x0, 0x6a,
    0xde, 0xff, 0xff, 0xff, 0xf6, 0x0, 0x0, 0x0,
    0x0, 0x0, 0x0, 0x0, 0x0, 0xc, 0xff, 0xfe,
    0x0, 0x0, 0x0, 0x0, 0x0, 0x0, 0x0, 0x0,
    0x4, 0xff, 0xff, 0x70, 0x0, 0x0, 0x0, 0x0,
    0x0, 0x0, 0x0, 0x0, 0xbf, 0xff, 0xf1, 0x0,
    0x0, 0x0, 0x0, 0x0, 0x0, 0x0, 0x0, 0x2f,
    0xff, 0xf8, 0x0, 0x0, 0x0, 0x0, 0x0, 0x0,
    0x0, 0x0, 0x9, 0xff, 0xe5, 0x0, 0x0, 0x0,
    0x0, 0x0, 0x0, 0x0, 0x0, 0x1, 0xe8, 0x0,
    0x0, 0x0, 0x0, 0x0, 0x0, 0x0, 0x0, 0x0,
    0x0, 0x0, 0x0, 0x0,

    /* U+0052 "R" */
    0x4f, 0xff, 0xff, 0xff, 0xff, 0xff, 0xfd, 0xa6,
    0x0, 0x0, 0x0, 0x4f, 0xff, 0xff, 0xff, 0xff,
    0xff, 0xff, 0xff, 0xe5, 0x0, 0x0, 0x4f, 0xff,
    0xff, 0xff, 0xff, 0xff, 0xff, 0xff, 0xff, 0x80,
    0x0, 0x4f, 0xff, 0xff, 0xff, 0xff, 0xff, 0xff,
    0xff, 0xff, 0xf6, 0x0, 0x4f, 0xff, 0xf8, 0x22,
    0x22, 0x22, 0x48, 0xef, 0xff, 0xfe, 0x0, 0x4f,
    0xff, 0xf7, 0x0, 0x0, 0x0, 0x0, 0x1d, 0xff,
    0xff, 0x50, 0x4f, 0xff, 0xf7, 0x0, 0x0, 0x0,
    0x0, 0x4, 0xff, 0xff, 0x90, 0x4f, 0xff, 0xf7,
    0x0, 0x0, 0x0, 0x0, 0x0, 0xff, 0xff, 0xb0,
    0x4f, 0xff, 0xf7, 0x0, 0x0, 0x0, 0x0, 0x0,
    0xef, 0xff, 0xc0, 0x4f, 0xff, 0xf7, 0x0, 0x0,
    0x0, 0x0, 0x0, 0xff, 0xff, 0xb0, 0x4f, 0xff,
    0xf7, 0x0, 0x0, 0x0, 0x0, 0x4, 0xff, 0xff,
    0x90, 0x4f, 0xff, 0xf7, 0x0, 0x0, 0x0, 0x0,
    0xd, 0xff, 0xff, 0x50, 0x4f, 0xff, 0xf7, 0x0,
    0x0, 0x0, 0x15, 0xdf, 0xff, 0xfe, 0x0, 0x4f,
    0xff, 0xff, 0xff, 0xff, 0xff, 0xff, 0xff, 0xff,
    0xf4, 0x0, 0x4f, 0xff, 0xff, 0xff, 0xff, 0xff,
    0xff, 0xff, 0xff, 0x60, 0x0, 0x4f, 0xff, 0xff,
    0xff, 0xff, 0xff, 0xff, 0xff, 0xc3, 0x0, 0x0,
    0x4f, 0xff, 0xff, 0xee, 0xee, 0xff, 0xff, 0xf8,
    0x0, 0x0, 0x0, 0x4f, 0xff, 0xf7, 0x0, 0x0,
    0x2f, 0xff, 0xfe, 0x0, 0x0, 0x0, 0x4f, 0xff,
    0xf7, 0x0, 0x0, 0xb, 0xff, 0xff, 0x60, 0x0,
    0x0, 0x4f, 0xff, 0xf7, 0x0, 0x0, 0x3, 0xff,
    0xff, 0xe0, 0x0, 0x0, 0x4f, 0xff, 0xf7, 0x0,
    0x0, 0x0, 0xbf, 0xff, 0xf7, 0x0, 0x0, 0x4f,
    0xff, 0xf7, 0x0, 0x0, 0x0, 0x3f, 0xff, 0xfe,
    0x0, 0x0, 0x4f, 0xff, 0xf7, 0x0, 0x0, 0x0,
    0xc, 0xff, 0xff, 0x70, 0x0, 0x4f, 0xff, 0xf7,
    0x0, 0x0, 0x0, 0x4, 0xff, 0xff, 0xe0, 0x0,
    0x4f, 0xff, 0xf7, 0x0, 0x0, 0x0, 0x0, 0xcf,
    0xff, 0xf7, 0x0, 0x4f, 0xff, 0xf7, 0x0, 0x0,
    0x0, 0x0, 0x5f, 0xff, 0xff, 0x10, 0x4f, 0xff,
    0xf7, 0x0, 0x0, 0x0, 0x0, 0xd, 0xff, 0xff,
    0x80, 0x4f, 0xff, 0xf7, 0x0, 0x0, 0x0, 0x0,
    0x5, 0xff, 0xff, 0xf1, 0x4f, 0xff, 0xf7, 0x0,
    0x0, 0x0, 0x0, 0x0, 0xdf, 0xff, 0xf8,

    /* U+0053 "S" */
    0x0, 0x0, 0x1, 0x6a, 0xde, 0xfe, 0xd9, 0x40,
    0x0, 0x0, 0x0, 0x0, 0x8, 0xff, 0xff, 0xff,
    0xff, 0xff, 0xd3, 0x0, 0x0, 0x0, 0xc, 0xff,
    0xff, 0xff, 0xff, 0xff, 0xff, 0xf5, 0x0, 0x0,
    0xb, 0xff, 0xff, 0xff, 0xff, 0xff, 0xff, 0xff,
    0xf3, 0x0, 0x5, 0xff, 0xff, 0xf8, 0x30, 0x1,
    0x5c, 0xff, 0xff, 0xc0, 0x0, 0xcf, 0xff, 0xf4,
    0x0, 0x0, 0x0, 0xb, 0xff, 0xff, 0x30, 0xf,
    0xff, 0xf9, 0x0, 0x0, 0x0, 0x0, 0x1f, 0xff,
    0xf8, 0x2, 0xff, 0xff, 0x50, 0x0, 0x0, 0x0,
    0x0, 0xcf, 0xff, 0xb0, 0x3f, 0xff, 0xf5, 0x0,
    0x0, 0x0, 0x0, 0xa, 0xff, 0xfd, 0x2, 0xff,
    0xff, 0x90, 0x0, 0x0, 0x0, 0x0, 0x12, 0x22,
    0x10, 0xe, 0xff, 0xff, 0x30, 0x0, 0x0, 0x0,
    0x0, 0x0, 0x0, 0x0, 0x9f, 0xff, 0xff, 0x93,
    0x0, 0x0, 0x0, 0x0, 0x0, 0x0, 0x2, 0xff,
    0xff, 0xff, 0xff, 0xc9, 0x73, 0x0, 0x0, 0x0,
    0x0, 0x4, 0xff, 0xff, 0xff, 0xff, 0xff, 0xff,
    0xa3, 0x0, 0x0, 0x0, 0x2, 0xbf, 0xff, 0xff,
    0xff, 0xff, 0xff, 0xf9, 0x0, 0x0, 0x0, 0x0,
    0x38, 0xcf, 0xff, 0xff, 0xff, 0xff, 0xfb, 0x0,
    0x0, 0x0, 0x0, 0x0, 0x3, 0x58, 0xcf, 0xff,
    0xff, 0xf6, 0x0, 0x0, 0x0, 0x0, 0x0, 0x0,
    0x0, 0x1b, 0xff, 0xff, 0xe0, 0x0, 0x0, 0x0,
    0x0, 0x0, 0x0, 0x0, 0xc, 0xff, 0xff, 0x20,
    0x0, 0x0, 0x0, 0x0, 0x0, 0x0, 0x0, 0x6f,
    0xff, 0xf4, 0xcf, 0xff, 0xa0, 0x0, 0x0, 0x0,
    0x0, 0x4, 0xff, 0xff, 0x5a, 0xff, 0xfe, 0x0,
    0x0, 0x0, 0x0, 0x0, 0x5f, 0xff, 0xf4, 0x7f,
    0xff, 0xf4, 0x0, 0x0, 0x0, 0x0, 0x9, 0xff,
    0xff, 0x22, 0xff, 0xff, 0xe2, 0x0, 0x0, 0x0,
    0x3, 0xff, 0xff, 0xd0, 0xa, 0xff, 0xff, 0xf8,
    0x31, 0x1, 0x49, 0xff, 0xff, 0xf7, 0x0, 0x2f,
    0xff, 0xff, 0xff, 0xff, 0xff, 0xff, 0xff, 0xfd,
    0x0, 0x0, 0x3f, 0xff, 0xff, 0xff, 0xff, 0xff,
    0xff, 0xfd, 0x10, 0x0, 0x0, 0x2c, 0xff, 0xff,
    0xff, 0xff, 0xff, 0xf8, 0x0, 0x0, 0x0, 0x0,
    0x3, 0x8c, 0xef, 0xfe, 0xda, 0x60, 0x0, 0x0,
    0x0,

    /* U+0054 "T" */
    0x5f, 0xff, 0xff, 0xff, 0xff, 0xff, 0xff, 0xff,
    0xff, 0xff, 0xc5, 0xff, 0xff, 0xff, 0xff, 0xff,
    0xff, 0xff, 0xff, 0xff, 0xfc, 0x5f, 0xff, 0xff,
    0xff, 0xff, 0xff, 0xff, 0xff, 0xff, 0xff, 0xc5,
    0xff, 0xff, 0xff, 0xff, 0xff, 0xff, 0xff, 0xff,
    0xff, 0xfc, 0x2, 0x22, 0x22, 0x22, 0xbf, 0xff,
    0xf3, 0x22, 0x22, 0x22, 0x10, 0x0, 0x0, 0x0,
    0xa, 0xff, 0xff, 0x10, 0x0, 0x0, 0x0, 0x0,
    0x0, 0x0, 0x0, 0xaf, 0xff, 0xf1, 0x0, 0x0,
    0x0, 0x0, 0x0, 0x0, 0x0, 0xa, 0xff, 0xff,
    0x10, 0x0, 0x0, 0x0, 0x0, 0x0, 0x0, 0x0,
    0xaf, 0xff, 0xf1, 0x0, 0x0, 0x0, 0x0, 0x0,
    0x0, 0x0, 0xa, 0xff, 0xff, 0x10, 0x0, 0x0,
    0x0, 0x0, 0x0, 0x0, 0x0, 0xaf, 0xff, 0xf1,
    0x0, 0x0, 0x0, 0x0, 0x0, 0x0, 0x0, 0xa,
    0xff, 0xff, 0x10, 0x0, 0x0, 0x0, 0x0, 0x0,
    0x0, 0x0, 0xaf, 0xff, 0xf1, 0x0, 0x0, 0x0,
    0x0, 0x0, 0x0, 0x0, 0xa, 0xff, 0xff, 0x10,
    0x0, 0x0, 0x0, 0x0, 0x0, 0x0, 0x0, 0xaf,
    0xff, 0xf1, 0x0, 0x0, 0x0, 0x0, 0x0, 0x0,
    0x0, 0xa, 0xff, 0xff, 0x10, 0x0, 0x0, 0x0,
    0x0, 0x0, 0x0, 0x0, 0xaf, 0xff, 0xf1, 0x0,
    0x0, 0x0, 0x0, 0x0, 0x0, 0x0, 0xa, 0xff,
    0xff, 0x10, 0x0, 0x0, 0x0, 0x0, 0x0, 0x0,
    0x0, 0xaf, 0xff, 0xf1, 0x0, 0x0, 0x0, 0x0,
    0x0, 0x0, 0x0, 0xa, 0xff, 0xff, 0x10, 0x0,
    0x0, 0x0, 0x0, 0x0, 0x0, 0x0, 0xaf, 0xff,
    0xf1, 0x0, 0x0, 0x0, 0x0, 0x0, 0x0, 0x0,
    0xa, 0xff, 0xff, 0x10, 0x0, 0x0, 0x0, 0x0,
    0x0, 0x0, 0x0, 0xaf, 0xff, 0xf1, 0x0, 0x0,
    0x0, 0x0, 0x0, 0x0, 0x0, 0xa, 0xff, 0xff,
    0x10, 0x0, 0x0, 0x0, 0x0, 0x0, 0x0, 0x0,
    0xaf, 0xff, 0xf1, 0x0, 0x0, 0x0, 0x0, 0x0,
    0x0, 0x0, 0xa, 0xff, 0xff, 0x10, 0x0, 0x0,
    0x0, 0x0, 0x0, 0x0, 0x0, 0xaf, 0xff, 0xf1,
    0x0, 0x0, 0x0, 0x0, 0x0, 0x0, 0x0, 0xa,
    0xff, 0xff, 0x10, 0x0, 0x0, 0x0, 0x0, 0x0,
    0x0, 0x0, 0xaf, 0xff, 0xf1, 0x0, 0x0, 0x0,
    0x0,

    /* U+0055 "U" */
    0x4f, 0xff, 0xf8, 0x0, 0x0, 0x0, 0x0, 0x0,
    0x6f, 0xff, 0xf4, 0x4f, 0xff, 0xf8, 0x0, 0x0,
    0x0, 0x0, 0x0, 0x6f, 0xff, 0xf4, 0x4f, 0xff,
    0xf8, 0x0, 0x0, 0x0, 0x0, 0x0, 0x6f, 0xff,
    0xf4, 0x4f, 0xff, 0xf8, 0x0, 0x0, 0x0, 0x0,
    0x0, 0x6f, 0xff, 0xf4, 0x4f, 0xff, 0xf8, 0x0,
    0x0, 0x0, 0x0, 0x0, 0x6f, 0xff, 0xf4, 0x4f,
    0xff, 0xf8, 0x0, 0x0, 0x0, 0x0, 0x0, 0x6f,
    0xff, 0xf4, 0x4f, 0xff, 0xf8, 0x0, 0x0, 0x0,
    0x0, 0x0, 0x6f, 0xff, 0xf4, 0x4f, 0xff, 0xf8,
    0x0, 0x0, 0x0, 0x0, 0x0, 0x6f, 0xff, 0xf4,
    0x4f, 0xff, 0xf8, 0x0, 0x0, 0x0, 0x0, 0x0,
    0x6f, 0xff, 0xf4, 0x4f, 0xff, 0xf8, 0x0, 0x0,
    0x0, 0x0, 0x0, 0x6f, 0xff, 0xf4, 0x4f, 0xff,
    0xf8, 0x0, 0x0, 0x0, 0x0, 0x0, 0x6f, 0xff,
    0xf4, 0x4f, 0xff, 0xf8, 0x0, 0x0, 0x0, 0x0,
    0x0, 0x6f, 0xff, 0xf4, 0x4f, 0xff, 0xf8, 0x0,
    0x0, 0x0, 0x0, 0x0, 0x6f, 0xff, 0xf4, 0x4f,
    0xff, 0xf8, 0x0, 0x0, 0x0, 0x0, 0x0, 0x6f,
    0xff, 0xf4, 0x4f, 0xff, 0xf8, 0x0, 0x0, 0x0,
    0x0, 0x0, 0x6f, 0xff, 0xf4, 0x4f, 0xff, 0xf8,
    0x0, 0x0, 0x0, 0x0, 0x0, 0x6f, 0xff, 0xf4,
    0x4f, 0xff, 0xf8, 0x0, 0x0, 0x0, 0x0, 0x0,
    0x6f, 0xff, 0xf4, 0x4f, 0xff, 0xf8, 0x0, 0x0,
    0x0, 0x0, 0x0, 0x6f, 0xff, 0xf4, 0x4f, 0xff,
    0xf8, 0x0, 0x0, 0x0, 0x0, 0x0, 0x6f, 0xff,
    0xf4, 0x3f, 0xff, 0xf8, 0x0, 0x0, 0x0, 0x0,
    0x0, 0x7f, 0xff, 0xf4, 0x2f, 0xff, 0xfa, 0x0,
    0x0, 0x0, 0x0, 0x0, 0x9f, 0xff, 0xf3, 0xf,
    0xff, 0xfe, 0x0, 0x0, 0x0, 0x0, 0x0, 0xdf,
    0xff, 0xf0, 0xb, 0xff, 0xff, 0x60, 0x0, 0x0,
    0x0, 0x5, 0xff, 0xff, 0xc0, 0x5, 0xff, 0xff,
    0xf3, 0x0, 0x0, 0x0, 0x3e, 0xff, 0xff, 0x50,
    0x0, 0xbf, 0xff, 0xff, 0x94, 0x22, 0x49, 0xff,
    0xff, 0xfc, 0x0, 0x0, 0x1d, 0xff, 0xff, 0xff,
    0xff, 0xff, 0xff, 0xff, 0xe1, 0x0, 0x0, 0x2,
    0xdf, 0xff, 0xff, 0xff, 0xff, 0xff, 0xfd, 0x20,
    0x0, 0x0, 0x0, 0x9, 0xff, 0xff, 0xff, 0xff,
    0xff, 0x90, 0x0, 0x0, 0x0, 0x0, 0x0, 0x17,
    0xbe, 0xff, 0xeb, 0x71, 0x0, 0x0, 0x0,

    /* U+0056 "V" */
    0xaf, 0xff, 0xf3, 0x0, 0x0, 0x0, 0x0, 0x0,
    0x6, 0xff, 0xff, 0x65, 0xff, 0xff, 0x80, 0x0,
    0x0, 0x0, 0x0, 0x0, 0xbf, 0xff, 0xf1, 0xf,
    0xff, 0xfd, 0x0, 0x0, 0x0, 0x0, 0x0, 0xf,
    0xff, 0xfc, 0x0, 0xaf, 0xff, 0xf2, 0x0, 0x0,
    0x0, 0x0, 0x4, 0xff, 0xff, 0x70, 0x5, 0xff,
    0xff, 0x60, 0x0, 0x0, 0x0, 0x0, 0x9f, 0xff,
    0xf2, 0x0, 0xf, 0xff, 0xfb, 0x0, 0x0, 0x0,
    0x0, 0xe, 0xff, 0xfd, 0x0, 0x0, 0xbf, 0xff,
    0xf0, 0x0, 0x0, 0x0, 0x3, 0xff, 0xff, 0x80,
    0x0, 0x6, 0xff, 0xff, 0x50, 0x0, 0x0, 0x0,
    0x7f, 0xff, 0xf3, 0x0, 0x0, 0x1f, 0xff, 0xf9,
    0x0, 0x0, 0x0, 0xc, 0xff, 0xfd, 0x0, 0x0,
    0x0, 0xbf, 0xff, 0xe0, 0x0, 0x0, 0x1, 0xff,
    0xff, 0x80, 0x0, 0x0, 0x6, 0xff, 0xff, 0x30,
    0x0, 0x0, 0x5f, 0xff, 0xf3, 0x0, 0x0, 0x0,
    0x1f, 0xff, 0xf8, 0x0, 0x0, 0xa, 0xff, 0xfe,
    0x0, 0x0, 0x0, 0x0, 0xcf, 0xff, 0xc0, 0x0,
    0x0, 0xef, 0xff, 0x90, 0x0, 0x0, 0x0, 0x7,
    0xff, 0xff, 0x10, 0x0, 0x4f, 0xff, 0xf4, 0x0,
    0x0, 0x0, 0x0, 0x2f, 0xff, 0xf6, 0x0, 0x8,
    0xff, 0xfe, 0x0, 0x0, 0x0, 0x0, 0x0, 0xdf,
    0xff, 0xb0, 0x0, 0xdf, 0xff, 0x90, 0x0, 0x0,
    0x0, 0x0, 0x8, 0xff, 0xff, 0x0, 0x2f, 0xff,
    0xf4, 0x0, 0x0, 0x0, 0x0, 0x0, 0x2f, 0xff,
    0xf4, 0x6, 0xff, 0xff, 0x0, 0x0, 0x0, 0x0,
    0x0, 0x0, 0xdf, 0xff, 0x90, 0xbf, 0xff, 0xa0,
    0x0, 0x0, 0x0, 0x0, 0x0, 0x8, 0xff, 0xfe,
    0xf, 0xff, 0xf5, 0x0, 0x0, 0x0, 0x0, 0x0,
    0x0, 0x3f, 0xff, 0xf7, 0xff, 0xff, 0x0, 0x0,
    0x0, 0x0, 0x0, 0x0, 0x0, 0xef, 0xff, 0xff,
    0xff, 0xb0, 0x0, 0x0, 0x0, 0x0, 0x0, 0x0,
    0x9, 0xff, 0xff, 0xff, 0xf6, 0x0, 0x0, 0x0,
    0x0, 0x0, 0x0, 0x0, 0x4f, 0xff, 0xff, 0xff,
    0x10, 0x0, 0x0, 0x0, 0x0, 0x0, 0x0, 0x0,
    0xef, 0xff, 0xff, 0xb0, 0x0, 0x0, 0x0, 0x0,
    0x0, 0x0, 0x0, 0x9, 0xff, 0xff, 0xf6, 0x0,
    0x0, 0x0, 0x0, 0x0, 0x0, 0x0, 0x0, 0x4f,
    0xff, 0xff, 0x10, 0x0, 0x0, 0x0, 0x0, 0x0,
    0x0, 0x0, 0x0, 0xff, 0xff, 0xc0, 0x0, 0x0,
    0x0, 0x0, 0x0, 0x0, 0x0, 0x0, 0xa, 0xff,
    0xf7, 0x0, 0x0, 0x0, 0x0, 0x0,

    /* U+0057 "W" */
    0xaf, 0xff, 0xf0, 0x0, 0x0, 0x0, 0x0, 0xaf,
    0xff, 0xff, 0x70, 0x0, 0x0, 0x0, 0x3, 0xff,
    0xff, 0x26, 0xff, 0xff, 0x30, 0x0, 0x0, 0x0,
    0xe, 0xff, 0xff, 0xfa, 0x0, 0x0, 0x0, 0x0,
    0x6f, 0xff, 0xe0, 0x2f, 0xff, 0xf7, 0x0, 0x0,
    0x0, 0x1, 0xff, 0xff, 0xff, 0xe0, 0x0, 0x0,
    0x0, 0xa, 0xff, 0xfa, 0x0, 0xef, 0xff, 0xa0,
    0x0, 0x0, 0x0, 0x5f, 0xff, 0xff, 0xff, 0x20,
    0x0, 0x0, 0x0, 0xdf, 0xff, 0x60, 0xa, 0xff,
    0xfe, 0x0, 0x0, 0x0, 0x8, 0xff, 0xff, 0xff,
    0xf5, 0x0, 0x0, 0x0, 0x1f, 0xff, 0xf2, 0x0,
    0x6f, 0xff, 0xf1, 0x0, 0x0, 0x0, 0xcf, 0xff,
    0xff, 0xff, 0x90, 0x0, 0x0, 0x4, 0xff, 0xfe,
    0x0, 0x2, 0xff, 0xff, 0x50, 0x0, 0x0, 0xf,
    0xff, 0xfe, 0xff, 0xfd, 0x0, 0x0, 0x0, 0x7f,
    0xff, 0xa0, 0x0, 0xe, 0xff, 0xf9, 0x0, 0x0,
    0x2, 0xff, 0xff, 0x7f, 0xff, 0xf0, 0x0, 0x0,
    0xb, 0xff, 0xf6, 0x0, 0x0, 0xaf, 0xff, 0xc0,
    0x0, 0x0, 0x6f, 0xff, 0xb3, 0xff, 0xff, 0x40,
    0x0, 0x0, 0xef, 0xff, 0x30, 0x0, 0x6, 0xff,
    0xff, 0x0, 0x0, 0x9, 0xff, 0xf7, 0xe, 0xff,
    0xf8, 0x0, 0x0, 0x2f, 0xff, 0xf0, 0x0, 0x0,
    0x2f, 0xff, 0xf3, 0x0, 0x0, 0xdf, 0xff, 0x30,
    0xbf, 0xff, 0xb0, 0x0, 0x5, 0xff, 0xfb, 0x0,
    0x0, 0x0, 0xef, 0xff, 0x70, 0x0, 0xf, 0xff,
    0xf0, 0x7, 0xff, 0xff, 0x0, 0x0, 0x8f, 0xff,
    0x70, 0x0, 0x0, 0xb, 0xff, 0xfb, 0x0, 0x4,
    0xff, 0xfb, 0x0, 0x3f, 0xff, 0xf2, 0x0, 0xc,
    0xff, 0xf3, 0x0, 0x0, 0x0, 0x7f, 0xff, 0xe0,
    0x0, 0x7f, 0xff, 0x70, 0x0, 0xef, 0xff, 0x60,
    0x0, 0xff, 0xff, 0x0, 0x0, 0x0, 0x3, 0xff,
    0xff, 0x20, 0xb, 0xff, 0xf4, 0x0, 0xb, 0xff,
    0xfa, 0x0, 0x3f, 0xff, 0xb0, 0x0, 0x0, 0x0,
    0xe, 0xff, 0xf5, 0x0, 0xef, 0xff, 0x0, 0x0,
    0x7f, 0xff, 0xd0, 0x6, 0xff, 0xf8, 0x0, 0x0,
    0x0, 0x0, 0xbf, 0xff, 0x90, 0x1f, 0xff, 0xc0,
    0x0, 0x3, 0xff, 0xff, 0x10, 0xaf, 0xff, 0x40,
    0x0, 0x0, 0x0, 0x7, 0xff, 0xfd, 0x5, 0xff,
    0xf8, 0x0, 0x0, 0xe, 0xff, 0xf5, 0xd, 0xff,
    0xf0, 0x0, 0x0, 0x0, 0x0, 0x3f, 0xff, 0xf0,
    0x8f, 0xff, 0x40, 0x0, 0x0, 0xbf, 0xff, 0x81,
    0xff, 0xfc, 0x0, 0x0, 0x0, 0x0, 0x0, 0xef,
    0xff, 0x4c, 0xff, 0xf0, 0x0, 0x0, 0x7, 0xff,
    0xfc, 0x4f, 0xff, 0x80, 0x0, 0x0, 0x0, 0x0,
    0xb, 0xff, 0xf8, 0xff, 0xfc, 0x0, 0x0, 0x0,
    0x3f, 0xff, 0xf8, 0xff, 0xf4, 0x0, 0x0, 0x0,
    0x0, 0x0, 0x7f, 0xff, 0xef, 0xff, 0x80, 0x0,
    0x0, 0x0, 0xff, 0xff, 0xef, 0xff, 0x0, 0x0,
    0x0, 0x0, 0x0, 0x3, 0xff, 0xff, 0xff, 0xf4,
    0x0, 0x0, 0x0, 0xb, 0xff, 0xff, 0xff, 0xc0,
    0x0, 0x0, 0x0, 0x0, 0x0, 0xf, 0xff, 0xff,
    0xff, 0x0, 0x0, 0x0, 0x0, 0x7f, 0xff, 0xff,
    0xf9, 0x0, 0x0, 0x0, 0x0, 0x0, 0x0, 0xbf,
    0xff, 0xff, 0xc0, 0x0, 0x0, 0x0, 0x3, 0xff,
    0xff, 0xff, 0x50, 0x0, 0x0, 0x0, 0x0, 0x0,
    0x7, 0xff, 0xff, 0xf8, 0x0, 0x0, 0x0, 0x0,
    0xf, 0xff, 0xff, 0xf1, 0x0, 0x0, 0x0, 0x0,
    0x0, 0x0, 0x3f, 0xff, 0xff, 0x40, 0x0, 0x0,
    0x0, 0x0, 0xbf, 0xff, 0xfd, 0x0, 0x0, 0x0,
    0x0, 0x0, 0x0, 0x0, 0xff, 0xff, 0xf1, 0x0,
    0x0, 0x0, 0x0, 0x7, 0xff, 0xff, 0x90, 0x0,
    0x0, 0x0, 0x0, 0x0, 0x0, 0xb, 0xff, 0xfc,
    0x0, 0x0, 0x0, 0x0, 0x0, 0x3f, 0xff, 0xf5,
    0x0, 0x0, 0x0, 0x0,

    /* U+0058 "X" */
    0xc, 0xff, 0xff, 0xc0, 0x0, 0x0, 0x0, 0x0,
    0x4, 0xff, 0xff, 0xf1, 0x0, 0x2f, 0xff, 0xff,
    0x50, 0x0, 0x0, 0x0, 0x0, 0xdf, 0xff, 0xf7,
    0x0, 0x0, 0x8f, 0xff, 0xfe, 0x0, 0x0, 0x0,
    0x0, 0x6f, 0xff, 0xfd, 0x0, 0x0, 0x0, 0xef,
    0xff, 0xf7, 0x0, 0x0, 0x0, 0x1e, 0xff, 0xff,
    0x30, 0x0, 0x0, 0x5, 0xff, 0xff, 0xf1, 0x0,
    0x0, 0x8, 0xff, 0xff, 0x90, 0x0, 0x0, 0x0,
    0xb, 0xff, 0xff, 0xa0, 0x0, 0x2, 0xff, 0xff,
    0xe1, 0x0, 0x0, 0x0, 0x0, 0x2f, 0xff, 0xff,
    0x30, 0x0, 0xbf, 0xff, 0xf6, 0x0, 0x0, 0x0,
    0x0, 0x0, 0x7f, 0xff, 0xfc, 0x0, 0x4f, 0xff,
    0xfc, 0x0, 0x0, 0x0, 0x0, 0x0, 0x0, 0xdf,
    0xff, 0xf5, 0xd, 0xff, 0xff, 0x20, 0x0, 0x0,
    0x0, 0x0, 0x0, 0x3, 0xff, 0xff, 0xe6, 0xff,
    0xff, 0x80, 0x0, 0x0, 0x0, 0x0, 0x0, 0x0,
    0xa, 0xff, 0xff, 0xff, 0xff, 0xe0, 0x0, 0x0,
    0x0, 0x0, 0x0, 0x0, 0x0, 0x1e, 0xff, 0xff,
    0xff, 0xf5, 0x0, 0x0, 0x0, 0x0, 0x0, 0x0,
    0x0, 0x0, 0x6f, 0xff, 0xff, 0xfb, 0x0, 0x0,
    0x0, 0x0, 0x0, 0x0, 0x0, 0x0, 0x0, 0xcf,
    0xff, 0xff, 0x20, 0x0, 0x0, 0x0, 0x0, 0x0,
    0x0, 0x0, 0x0, 0xd, 0xff, 0xff, 0xf6, 0x0,
    0x0, 0x0, 0x0, 0x0, 0x0, 0x0, 0x0, 0x8,
    0xff, 0xff, 0xff, 0xf1, 0x0, 0x0, 0x0, 0x0,
    0x0, 0x0, 0x0, 0x2, 0xff, 0xff, 0xff, 0xff,
    0xa0, 0x0, 0x0, 0x0, 0x0, 0x0, 0x0, 0x0,
    0xbf, 0xff, 0xfe, 0xff, 0xff, 0x40, 0x0, 0x0,
    0x0, 0x0, 0x0, 0x0, 0x5f, 0xff, 0xfa, 0x5f,
    0xff, 0xfd, 0x0, 0x0, 0x0, 0x0, 0x0, 0x0,
    0xe, 0xff, 0xff, 0x20, 0xbf, 0xff, 0xf8, 0x0,
    0x0, 0x0, 0x0, 0x0, 0x9, 0xff, 0xff, 0x80,
    0x2, 0xff, 0xff, 0xf2, 0x0, 0x0, 0x0, 0x0,
    0x3, 0xff, 0xff, 0xe0, 0x0, 0x9, 0xff, 0xff,
    0xb0, 0x0, 0x0, 0x0, 0x0, 0xcf, 0xff, 0xf5,
    0x0, 0x0, 0x1f, 0xff, 0xff, 0x50, 0x0, 0x0,
    0x0, 0x6f, 0xff, 0xfc, 0x0, 0x0, 0x0, 0x7f,
    0xff, 0xfe, 0x0, 0x0, 0x0, 0x1f, 0xff, 0xff,
    0x30, 0x0, 0x0, 0x0, 0xdf, 0xff, 0xf9, 0x0,
    0x0, 0xa, 0xff, 0xff, 0x90, 0x0, 0x0, 0x0,
    0x4, 0xff, 0xff, 0xf3, 0x0, 0x4, 0xff, 0xff,
    0xf1, 0x0, 0x0, 0x0, 0x0, 0xb, 0xff, 0xff,
    0xc0, 0x0, 0xdf, 0xff, 0xf7, 0x0, 0x0, 0x0,
    0x0, 0x0, 0x2f, 0xff, 0xff, 0x60, 0x7f, 0xff,
    0xfd, 0x0, 0x0, 0x0, 0x0, 0x0, 0x0, 0x9f,
    0xff, 0xfe, 0x10,

    /* U+0059 "Y" */
    0x8f, 0xff, 0xf8, 0x0, 0x0, 0x0, 0x0, 0x0,
    0x7f, 0xff, 0xfa, 0x1f, 0xff, 0xff, 0x10, 0x0,
    0x0, 0x0, 0x0, 0xef, 0xff, 0xf3, 0x8, 0xff,
    0xff, 0x70, 0x0, 0x0, 0x0, 0x6, 0xff, 0xff,
    0xa0, 0x1, 0xff, 0xff, 0xe0, 0x0, 0x0, 0x0,
    0xd, 0xff, 0xff, 0x20, 0x0, 0x8f, 0xff, 0xf6,
    0x0, 0x0, 0x0, 0x4f, 0xff, 0xfa, 0x0, 0x0,
    0x1f, 0xff, 0xfd, 0x0, 0x0, 0x0, 0xcf, 0xff,
    0xf2, 0x0, 0x0, 0x8, 0xff, 0xff, 0x40, 0x0,
    0x3, 0xff, 0xff, 0xa0, 0x0, 0x0, 0x1, 0xff,
    0xff, 0xc0, 0x0, 0xa, 0xff, 0xff, 0x20, 0x0,
    0x0, 0x0, 0x8f, 0xff, 0xf3, 0x0, 0x2f, 0xff,
    0xfa, 0x0, 0x0, 0x0, 0x0, 0x1f, 0xff, 0xfa,
    0x0, 0x9f, 0xff, 0xf2, 0x0, 0x0, 0x0, 0x0,
    0x8, 0xff, 0xff, 0x21, 0xff, 0xff, 0xa0, 0x0,
    0x0, 0x0, 0x0, 0x1, 0xff, 0xff, 0x98, 0xff,
    0xff, 0x20, 0x0, 0x0, 0x0, 0x0, 0x0, 0x8f,
    0xff, 0xfe, 0xff, 0xfa, 0x0, 0x0, 0x0, 0x0,
    0x0, 0x0, 0x1f, 0xff, 0xff, 0xff, 0xf2, 0x0,
    0x0, 0x0, 0x0, 0x0, 0x0, 0x8, 0xff, 0xff,
    0xff, 0xa0, 0x0, 0x0, 0x0, 0x0, 0x0, 0x0,
    0x1, 0xff, 0xff, 0xff, 0x20, 0x0, 0x0, 0x0,
    0x0, 0x0, 0x0, 0x0, 0x8f, 0xff, 0xfa, 0x0,
    0x0, 0x0, 0x0, 0x0, 0x0, 0x0, 0x0, 0x4f,
    0xff, 0xf6, 0x0, 0x0, 0x0, 0x0, 0x0, 0x0,
    0x0, 0x0, 0x4f, 0xff, 0xf6, 0x0, 0x0, 0x0,
    0x0, 0x0, 0x0, 0x0, 0x0, 0x4f, 0xff, 0xf6,
    0x0, 0x0, 0x0, 0x0, 0x0, 0x0, 0x0, 0x0,
    0x4f, 0xff, 0xf6, 0x0, 0x0, 0x0, 0x0, 0x0,
    0x0, 0x0, 0x0, 0x4f, 0xff, 0xf6, 0x0, 0x0,
    0x0, 0x0, 0x0, 0x0, 0x0, 0x0, 0x4f, 0xff,
    0xf6, 0x0, 0x0, 0x0, 0x0, 0x0, 0x0, 0x0,
    0x0, 0x4f, 0xff, 0xf6, 0x0, 0x0, 0x0, 0x0,
    0x0, 0x0, 0x0, 0x0, 0x4f, 0xff, 0xf6, 0x0,
    0x0, 0x0, 0x0, 0x0, 0x0, 0x0, 0x0, 0x4f,
    0xff, 0xf6, 0x0, 0x0, 0x0, 0x0, 0x0, 0x0,
    0x0, 0x0, 0x4f, 0xff, 0xf6, 0x0, 0x0, 0x0,
    0x0, 0x0, 0x0, 0x0, 0x0, 0x4f, 0xff, 0xf6,
    0x0, 0x0, 0x0, 0x0, 0x0, 0x0, 0x0, 0x0,
    0x4f, 0xff, 0xf6, 0x0, 0x0, 0x0, 0x0,

    /* U+005A "Z" */
    0x3f, 0xff, 0xff, 0xff, 0xff, 0xff, 0xff, 0xff,
    0xff, 0xd0, 0x3f, 0xff, 0xff, 0xff, 0xff, 0xff,
    0xff, 0xff, 0xff, 0xd0, 0x3f, 0xff, 0xff, 0xff,
    0xff, 0xff, 0xff, 0xff, 0xff, 0xd0, 0x3f, 0xff,
    0xff, 0xff, 0xff, 0xff, 0xff, 0xff, 0xff, 0xd0,
    0x2, 0x22, 0x22, 0x22, 0x22, 0x22, 0x2a, 0xff,
    0xff, 0x90, 0x0, 0x0, 0x0, 0x0, 0x0, 0x0,
    0x3f, 0xff, 0xfe, 0x0, 0x0, 0x0, 0x0, 0x0,
    0x0, 0x0, 0xcf, 0xff, 0xf4, 0x0, 0x0, 0x0,
    0x0, 0x0, 0x0, 0x7, 0xff, 0xff, 0xa0, 0x0,
    0x0, 0x0, 0x0, 0x0, 0x0, 0x2f, 0xff, 0xfe,
    0x10, 0x0, 0x0, 0x0, 0x0, 0x0, 0x0, 0xbf,
    0xff, 0xf6, 0x0, 0x0, 0x0, 0x0, 0x0, 0x0,
    0x6, 0xff, 0xff, 0xb0, 0x0, 0x0, 0x0, 0x0,
    0x0, 0x0, 0x1e, 0xff, 0xff, 0x20, 0x0, 0x0,
    0x0, 0x0, 0x0, 0x0, 0xaf, 0xff, 0xf7, 0x0,
    0x0, 0x0, 0x0, 0x0, 0x0, 0x5, 0xff, 0xff,
    0xc0, 0x0, 0x0, 0x0, 0x0, 0x0, 0x0, 0xe,
    0xff, 0xff, 0x30, 0x0, 0x0, 0x0, 0x0, 0x0,
    0x0, 0x9f, 0xff, 0xf8, 0x0, 0x0, 0x0, 0x0,
    0x0, 0x0, 0x4, 0xff, 0xff, 0xd0, 0x0, 0x0,
    0x0, 0x0, 0x0, 0x0, 0xd, 0xff, 0xff, 0x40,
    0x0, 0x0, 0x0, 0x0, 0x0, 0x0, 0x8f, 0xff,
    0xfa, 0x0, 0x0, 0x0, 0x0, 0x0, 0x0, 0x3,
    0xff, 0xff, 0xe1, 0x0, 0x0, 0x0, 0x0, 0x0,
    0x0, 0xc, 0xff, 0xff, 0x50, 0x0, 0x0, 0x0,
    0x0, 0x0, 0x0, 0x7f, 0xff, 0xfb, 0x0, 0x0,
    0x0, 0x0, 0x0, 0x0, 0x2, 0xff, 0xff, 0xf1,
    0x0, 0x0, 0x0, 0x0, 0x0, 0x0, 0xb, 0xff,
    0xff, 0x60, 0x0, 0x0, 0x0, 0x0, 0x0, 0x0,
    0x6f, 0xff, 0xfd, 0x22, 0x22, 0x22, 0x22, 0x22,
    0x22, 0x20, 0x9f, 0xff, 0xff, 0xff, 0xff, 0xff,
    0xff, 0xff, 0xff, 0xf1, 0x9f, 0xff, 0xff, 0xff,
    0xff, 0xff, 0xff, 0xff, 0xff, 0xf1, 0x9f, 0xff,
    0xff, 0xff, 0xff, 0xff, 0xff, 0xff, 0xff, 0xf1,
    0x9f, 0xff, 0xff, 0xff, 0xff, 0xff, 0xff, 0xff,
    0xff, 0xf1,

    /* U+005B "[" */
    0x4f, 0xff, 0xff, 0xff, 0xe4, 0xff, 0xff, 0xff,
    0xfe, 0x4f, 0xff, 0xff, 0xff, 0xe4, 0xff, 0xff,
    0xff, 0xfe, 0x4f, 0xff, 0xf5, 0x33, 0x24, 0xff,
    0xff, 0x30, 0x0, 0x4f, 0xff, 0xf3, 0x0, 0x4,
    0xff, 0xff, 0x30, 0x0, 0x4f, 0xff, 0xf3, 0x0,
    0x4, 0xff, 0xff, 0x30, 0x0, 0x4f, 0xff, 0xf3,
    0x0, 0x4, 0xff, 0xff, 0x30, 0x0, 0x4f, 0xff,
    0xf3, 0x0, 0x4, 0xff, 0xff, 0x30, 0x0, 0x4f,
    0xff, 0xf3, 0x0, 0x4, 0xff, 0xff, 0x30, 0x0,
    0x4f, 0xff, 0xf3, 0x0, 0x4, 0xff, 0xff, 0x30,
    0x0, 0x4f, 0xff, 0xf3, 0x0, 0x4, 0xff, 0xff,
    0x30, 0x0, 0x4f, 0xff, 0xf3, 0x0, 0x4, 0xff,
    0xff, 0x30, 0x0, 0x4f, 0xff, 0xf3, 0x0, 0x4,
    0xff, 0xff, 0x30, 0x0, 0x4f, 0xff, 0xf3, 0x0,
    0x4, 0xff, 0xff, 0x30, 0x0, 0x4f, 0xff, 0xf3,
    0x0, 0x4, 0xff, 0xff, 0x30, 0x0, 0x4f, 0xff,
    0xf3, 0x0, 0x4, 0xff, 0xff, 0x30, 0x0, 0x4f,
    0xff, 0xf5, 0x22, 0x14, 0xff, 0xff, 0xff, 0xfe,
    0x4f, 0xff, 0xff, 0xff, 0xe4, 0xff, 0xff, 0xff,
    0xfe, 0x4f, 0xff, 0xff, 0xff, 0xe0,

    /* U+005C "\\" */
    0xcf, 0xff, 0x0, 0x0, 0x0, 0x0, 0x7, 0xff,
    0xf4, 0x0, 0x0, 0x0, 0x0, 0x2f, 0xff, 0x90,
    0x0, 0x0, 0x0, 0x0, 0xdf, 0xfe, 0x0, 0x0,
    0x0, 0x0, 0x8, 0xff, 0xf3, 0x0, 0x0, 0x0,
    0x0, 0x3f, 0xff, 0x80, 0x0, 0x0, 0x0, 0x0,
    0xef, 0xfd, 0x0, 0x0, 0x0, 0x0, 0x9, 0xff,
    0xf2, 0x0, 0x0, 0x0, 0x0, 0x4f, 0xff, 0x70,
    0x0, 0x0, 0x0, 0x0, 0xff, 0xfc, 0x0, 0x0,
    0x0, 0x0, 0xa, 0xff, 0xf1, 0x0, 0x0, 0x0,
    0x0, 0x5f, 0xff, 0x50, 0x0, 0x0, 0x0, 0x1,
    0xff, 0xfa, 0x0, 0x0, 0x0, 0x0, 0xb, 0xff,
    0xf0, 0x0, 0x0, 0x0, 0x0, 0x7f, 0xff, 0x40,
    0x0, 0x0, 0x0, 0x2, 0xff, 0xf9, 0x0, 0x0,
    0x0, 0x0, 0xd, 0xff, 0xe0, 0x0, 0x0, 0x0,
    0x0, 0x8f, 0xff, 0x30, 0x0, 0x0, 0x0, 0x3,
    0xff, 0xf8, 0x0, 0x0, 0x0, 0x0, 0xe, 0xff,
    0xd0, 0x0, 0x0, 0x0, 0x0, 0x9f, 0xff, 0x20,
    0x0, 0x0, 0x0, 0x4, 0xff, 0xf7, 0x0, 0x0,
    0x0, 0x0, 0xf, 0xff, 0xc0, 0x0, 0x0, 0x0,
    0x0, 0xaf, 0xff, 0x10, 0x0, 0x0, 0x0, 0x5,
    0xff, 0xf6, 0x0, 0x0, 0x0, 0x0, 0x1f, 0xff,
    0xa0, 0x0, 0x0, 0x0, 0x0, 0xbf, 0xff, 0x0,
    0x0, 0x0, 0x0, 0x6, 0xff, 0xf4, 0x0, 0x0,
    0x0, 0x0, 0x2f, 0xff, 0x90,

    /* U+005D "]" */
    0xef, 0xff, 0xff, 0xff, 0x3e, 0xff, 0xff, 0xff,
    0xf3, 0xef, 0xff, 0xff, 0xff, 0x3e, 0xff, 0xff,
    0xff, 0xf3, 0x22, 0x25, 0xff, 0xff, 0x30, 0x0,
    0x4f, 0xff, 0xf3, 0x0, 0x4, 0xff, 0xff, 0x30,
    0x0, 0x4f, 0xff, 0xf3, 0x0, 0x4, 0xff, 0xff,
    0x30, 0x0, 0x4f, 0xff, 0xf3, 0x0, 0x4, 0xff,
    0xff, 0x30, 0x0, 0x4f, 0xff, 0xf3, 0x0, 0x4,
    0xff, 0xff, 0x30, 0x0, 0x4f, 0xff, 0xf3, 0x0,
    0x4, 0xff, 0xff, 0x30, 0x0, 0x4f, 0xff, 0xf3,
    0x0, 0x4, 0xff, 0xff, 0x30, 0x0, 0x4f, 0xff,
    0xf3, 0x0, 0x4, 0xff, 0xff, 0x30, 0x0, 0x4f,
    0xff, 0xf3, 0x0, 0x4, 0xff, 0xff, 0x30, 0x0,
    0x4f, 0xff, 0xf3, 0x0, 0x4, 0xff, 0xff, 0x30,
    0x0, 0x4f, 0xff, 0xf3, 0x0, 0x4, 0xff, 0xff,
    0x30, 0x0, 0x4f, 0xff, 0xf3, 0x0, 0x4, 0xff,
    0xff, 0x30, 0x0, 0x4f, 0xff, 0xf3, 0x0, 0x4,
    0xff, 0xff, 0x30, 0x0, 0x4f, 0xff, 0xf3, 0x22,
    0x25, 0xff, 0xff, 0x3e, 0xff, 0xff, 0xff, 0xf3,
    0xef, 0xff, 0xff, 0xff, 0x3e, 0xff, 0xff, 0xff,
    0xf3, 0xef, 0xff, 0xff, 0xff, 0x30,

    /* U+005E "^" */
    0x0, 0x0, 0x0, 0x0, 0x78, 0x87, 0x0, 0x0,
    0x0, 0x0, 0x0, 0x0, 0x0, 0x4, 0xff, 0xff,
    0x40, 0x0, 0x0, 0x0, 0x0, 0x0, 0x0, 0xb,
    0xff, 0xff, 0xb0, 0x0, 0x0, 0x0, 0x0, 0x0,
    0x0, 0x2f, 0xff, 0xff, 0xf1, 0x0, 0x0, 0x0,
    0x0, 0x0, 0x0, 0x8f, 0xff, 0xff, 0xf8, 0x0,
    0x0, 0x0, 0x0, 0x0, 0x0, 0xef, 0xfa, 0xcf,
    0xfe, 0x0, 0x0, 0x0, 0x0, 0x0, 0x5, 0xff,
    0xf4, 0x5f, 0xff, 0x50, 0x0, 0x0, 0x0, 0x0,
    0xc, 0xff, 0xd0, 0xe, 0xff, 0xb0, 0x0, 0x0,
    0x0, 0x0, 0x2f, 0xff, 0x70, 0x8, 0xff, 0xf2,
    0x0, 0x0, 0x0, 0x0, 0x9f, 0xff, 0x10, 0x2,
    0xff, 0xf9, 0x0, 0x0, 0x0, 0x0, 0xff, 0xfa,
    0x0, 0x0, 0xbf, 0xff, 0x0, 0x0, 0x0, 0x6,
    0xff, 0xf4, 0x0, 0x0, 0x5f, 0xff, 0x60, 0x0,
    0x0, 0xd, 0xff, 0xd0, 0x0, 0x0, 0xe, 0xff,
    0xc0, 0x0, 0x0, 0x3f, 0xff, 0x70, 0x0, 0x0,
    0x8, 0xff, 0xf3, 0x0, 0x0, 0xaf, 0xff, 0x10,
    0x0, 0x0, 0x1, 0xff, 0xf9, 0x0, 0x1, 0xff,
    0xfa, 0x0, 0x0, 0x0, 0x0, 0xbf, 0xff, 0x10,
    0x7, 0xff, 0xf4, 0x0, 0x0, 0x0, 0x0, 0x4f,
    0xff, 0x70, 0xd, 0xff, 0xd0, 0x0, 0x0, 0x0,
    0x0, 0xd, 0xff, 0xd0,

    /* U+005F "_" */
    0xff, 0xff, 0xff, 0xff, 0xff, 0xff, 0xff, 0xff,
    0xff, 0xff, 0x6f, 0xff, 0xff, 0xff, 0xff, 0xff,
    0xff, 0xff, 0xff, 0xff, 0xf6, 0xff, 0xff, 0xff,
    0xff, 0xff, 0xff, 0xff, 0xff, 0xff, 0xff, 0x60,

    /* U+0060 "`" */
    0x17, 0x88, 0x86, 0x0, 0x0, 0x0, 0x6f, 0xff,
    0xf6, 0x0, 0x0, 0x0, 0x5f, 0xff, 0xf3, 0x0,
    0x0, 0x0, 0x5f, 0xff, 0xe1, 0x0, 0x0, 0x0,
    0x5f, 0xff, 0xc0, 0x0, 0x0, 0x0, 0x5f, 0xff,
    0xa0,

    /* U+007B "{" */
    0x0, 0x0, 0x2, 0x8a, 0xbb, 0x80, 0x0, 0x7,
    0xff, 0xff, 0xfc, 0x0, 0x3, 0xff, 0xff, 0xff,
    0xc0, 0x0, 0x9f, 0xff, 0xff, 0xfc, 0x0, 0xb,
    0xff, 0xfe, 0x20, 0x0, 0x0, 0xcf, 0xff, 0x80,
    0x0, 0x0, 0xc, 0xff, 0xf7, 0x0, 0x0, 0x0,
    0xcf, 0xff, 0x70, 0x0, 0x0, 0xc, 0xff, 0xf7,
    0x0, 0x0, 0x0, 0xcf, 0xff, 0x70, 0x0, 0x0,
    0xc, 0xff, 0xf7, 0x0, 0x0, 0x0, 0xcf, 0xff,
    0x70, 0x0, 0x0, 0xc, 0xff, 0xf7, 0x0, 0x0,
    0x0, 0xef, 0xff, 0x60, 0x0, 0x0, 0x2f, 0xff,
    0xf5, 0x0, 0x0, 0x3c, 0xff, 0xff, 0x10, 0x0,
    0xef, 0xff, 0xff, 0x90, 0x0, 0xe, 0xff, 0xff,
    0x70, 0x0, 0x0, 0xef, 0xff, 0xf9, 0x0, 0x0,
    0xd, 0xff, 0xff, 0xfb, 0x0, 0x0, 0x1, 0xbf,
    0xff, 0xf2, 0x0, 0x0, 0x1, 0xff, 0xff, 0x50,
    0x0, 0x0, 0xd, 0xff, 0xf7, 0x0, 0x0, 0x0,
    0xcf, 0xff, 0x70, 0x0, 0x0, 0xc, 0xff, 0xf7,
    0x0, 0x0, 0x0, 0xcf, 0xff, 0x70, 0x0, 0x0,
    0xc, 0xff, 0xf7, 0x0, 0x0, 0x0, 0xcf, 0xff,
    0x70, 0x0, 0x0, 0xc, 0xff, 0xf7, 0x0, 0x0,
    0x0, 0xcf, 0xff, 0x70, 0x0, 0x0, 0xc, 0xff,
    0xfb, 0x0, 0x0, 0x0, 0xaf, 0xff, 0xfd, 0xa7,
    0x0, 0x5, 0xff, 0xff, 0xff, 0xc0, 0x0, 0xc,
    0xff, 0xff, 0xfc, 0x0, 0x0, 0x7, 0xdf, 0xff,
    0xc0,

    /* U+007C "|" */
    0x8b, 0xbb, 0x5b, 0xff, 0xf7, 0xbf, 0xff, 0x7b,
    0xff, 0xf7, 0xbf, 0xff, 0x7b, 0xff, 0xf7, 0xbf,
    0xff, 0x7b, 0xff, 0xf7, 0xbf, 0xff, 0x7b, 0xff,
    0xf7, 0xbf, 0xff, 0x7b, 0xff, 0xf7, 0xbf, 0xff,
    0x7b, 0xff, 0xf7, 0xbf, 0xff, 0x7b, 0xff, 0xf7,
    0xbf, 0xff, 0x7b, 0xff, 0xf7, 0xbf, 0xff, 0x7b,
    0xff, 0xf7, 0xbf, 0xff, 0x7b, 0xff, 0xf7, 0xbf,
    0xff, 0x7b, 0xff, 0xf7, 0xbf, 0xff, 0x7b, 0xff,
    0xf7, 0xbf, 0xff, 0x7b, 0xff, 0xf7, 0xbf, 0xff,
    0x7b, 0xff, 0xf7, 0xbf, 0xff, 0x7b, 0xff, 0xf7,
    0xbf, 0xff, 0x7b, 0xff, 0xf7, 0xbf, 0xff, 0x70,

    /* U+007D "}" */
    0xab, 0xba, 0x71, 0x0, 0x0, 0xe, 0xff, 0xff,
    0xf5, 0x0, 0x0, 0xef, 0xff, 0xff, 0xf1, 0x0,
    0xe, 0xff, 0xff, 0xff, 0x60, 0x0, 0x0, 0x3f,
    0xff, 0xf9, 0x0, 0x0, 0x0, 0xaf, 0xff, 0xa0,
    0x0, 0x0, 0x9, 0xff, 0xfa, 0x0, 0x0, 0x0,
    0x9f, 0xff, 0xa0, 0x0, 0x0, 0x9, 0xff, 0xfa,
    0x0, 0x0, 0x0, 0x9f, 0xff, 0xa0, 0x0, 0x0,
    0x9, 0xff, 0xfa, 0x0, 0x0, 0x0, 0x9f, 0xff,
    0xa0, 0x0, 0x0, 0x9, 0xff, 0xfa, 0x0, 0x0,
    0x0, 0x8f, 0xff, 0xc0, 0x0, 0x0, 0x7, 0xff,
    0xff, 0x10, 0x0, 0x0, 0x3f, 0xff, 0xfc, 0x30,
    0x0, 0x0, 0xbf, 0xff, 0xff, 0xc0, 0x0, 0x0,
    0x8f, 0xff, 0xfc, 0x0, 0x0, 0x1a, 0xff, 0xff,
    0xc0, 0x0, 0xc, 0xff, 0xff, 0xfb, 0x0, 0x4,
    0xff, 0xff, 0xa1, 0x0, 0x0, 0x7f, 0xff, 0xe0,
    0x0, 0x0, 0x8, 0xff, 0xfa, 0x0, 0x0, 0x0,
    0x9f, 0xff, 0xa0, 0x0, 0x0, 0x9, 0xff, 0xfa,
    0x0, 0x0, 0x0, 0x9f, 0xff, 0xa0, 0x0, 0x0,
    0x9, 0xff, 0xfa, 0x0, 0x0, 0x0, 0x9f, 0xff,
    0xa0, 0x0, 0x0, 0x9, 0xff, 0xfa, 0x0, 0x0,
    0x0, 0x9f, 0xff, 0xa0, 0x0, 0x0, 0xd, 0xff,
    0xf9, 0x0, 0x9, 0xad, 0xff, 0xff, 0x80, 0x0,
    0xef, 0xff, 0xff, 0xf3, 0x0, 0xe, 0xff, 0xff,
    0xfa, 0x0, 0x0, 0xef, 0xff, 0xc6, 0x0, 0x0,
    0x0,

    /* U+007E "~" */
    0x0, 0x2, 0x9e, 0xfe, 0xa4, 0x0, 0x0, 0x1,
    0xc4, 0x0, 0x0, 0x4f, 0xff, 0xff, 0xff, 0xc4,
    0x0, 0x1c, 0xff, 0xb1, 0x3, 0xff, 0xff, 0xff,
    0xff, 0xff, 0xed, 0xff, 0xff, 0xd0, 0xc, 0xff,
    0xff, 0xce, 0xff, 0xff, 0xff, 0xff, 0xff, 0x30,
    0x1c, 0xff, 0xc1, 0x0, 0x4c, 0xff, 0xff, 0xff,
    0xf4, 0x0, 0x0, 0x5d, 0x10, 0x0, 0x0, 0x4b,
    0xef, 0xe9, 0x10, 0x0, 0x0, 0x0, 0x0, 0x0,
    0x0, 0x0, 0x0, 0x0, 0x0, 0x0
};


/*---------------------
 *  GLYPH DESCRIPTION
 *--------------------*/

static const lv_font_fmt_txt_glyph_dsc_t glyph_dsc[] = {
    {.bitmap_index = 0, .adv_w = 0, .box_w = 0, .box_h = 0, .ofs_x = 0, .ofs_y = 0} /* id = 0 reserved */,
    {.bitmap_index = 0, .adv_w = 165, .box_w = 6, .box_h = 29, .ofs_x = 2, .ofs_y = 0},
    {.bitmap_index = 87, .adv_w = 240, .box_w = 13, .box_h = 12, .ofs_x = 1, .ofs_y = 17},
    {.bitmap_index = 165, .adv_w = 356, .box_w = 22, .box_h = 29, .ofs_x = 0, .ofs_y = 0},
    {.bitmap_index = 484, .adv_w = 327, .box_w = 18, .box_h = 34, .ofs_x = 1, .ofs_y = -3},
    {.bitmap_index = 790, .adv_w = 591, .box_w = 35, .box_h = 31, .ofs_x = 1, .ofs_y = -1},
    {.bitmap_index = 1333, .adv_w = 402, .box_w = 21, .box_h = 29, .ofs_x = 2, .ofs_y = 0},
    {.bitmap_index = 1638, .adv_w = 125, .box_w = 6, .box_h = 12, .ofs_x = 1, .ofs_y = 17},
    {.bitmap_index = 1674, .adv_w = 203, .box_w = 9, .box_h = 35, .ofs_x = 2, .ofs_y = -4},
    {.bitmap_index = 1832, .adv_w = 203, .box_w = 9, .box_h = 35, .ofs_x = 2, .ofs_y = -4},
    {.bitmap_index = 1990, .adv_w = 253, .box_w = 12, .box_h = 13, .ofs_x = 2, .ofs_y = 16},
    {.bitmap_index = 2068, .adv_w = 351, .box_w = 18, .box_h = 18, .ofs_x = 2, .ofs_y = 3},
    {.bitmap_index = 2230, .adv_w = 125, .box_w = 6, .box_h = 12, .ofs_x = 1, .ofs_y = -7},
    {.bitmap_index = 2266, .adv_w = 264, .box_w = 13, .box_h = 5, .ofs_x = 2, .ofs_y = 13},
    {.bitmap_index = 2299, .adv_w = 140, .box_w = 6, .box_h = 6, .ofs_x = 1, .ofs_y = 0},
    {.bitmap_index = 2317, .adv_w = 269, .box_w = 13, .box_h = 29, .ofs_x = 2, .ofs_y = 0},
    {.bitmap_index = 2506, .adv_w = 339, .box_w = 17, .box_h = 29, .ofs_x = 2, .ofs_y = 0},
    {.bitmap_index = 2753, .adv_w = 229, .box_w = 11, .box_h = 29, .ofs_x = 1, .ofs_y = 0},
    {.bitmap_index = 2913, .adv_w = 326, .box_w = 17, .box_h = 29, .ofs_x = 2, .ofs_y = 0},
    {.bitmap_index = 3160, .adv_w = 337, .box_w = 17, .box_h = 29, .ofs_x = 2, .ofs_y = 0},
    {.bitmap_index = 3407, .adv_w = 345, .box_w = 19, .box_h = 29, .ofs_x = 1, .ofs_y = 0},
    {.bitmap_index = 3683, .adv_w = 331, .box_w = 17, .box_h = 29, .ofs_x = 2, .ofs_y = 0},
    {.bitmap_index = 3930, .adv_w = 341, .box_w = 18, .box_h = 29, .ofs_x = 2, .ofs_y = 0},
    {.bitmap_index = 4191, .adv_w = 301, .box_w = 17, .box_h = 29, .ofs_x = 1, .ofs_y = 0},
    {.bitmap_index = 4438, .adv_w = 350, .box_w = 18, .box_h = 29, .ofs_x = 2, .ofs_y = 0},
    {.bitmap_index = 4699, .adv_w = 341, .box_w = 18, .box_h = 29, .ofs_x = 2, .ofs_y = 0},
    {.bitmap_index = 4960, .adv_w = 140, .box_w = 6, .box_h = 20, .ofs_x = 1, .ofs_y = 0},
    {.bitmap_index = 5020, .adv_w = 140, .box_w = 6, .box_h = 27, .ofs_x = 1, .ofs_y = -7},
    {.bitmap_index = 5101, .adv_w = 351, .box_w = 18, .box_h = 19, .ofs_x = 2, .ofs_y = 2},
    {.bitmap_index = 5272, .adv_w = 351, .box_w = 18, .box_h = 13, .ofs_x = 2, .ofs_y = 5},
    {.bitmap_index = 5389, .adv_w = 351, .box_w = 18, .box_h = 19, .ofs_x = 2, .ofs_y = 2},
    {.bitmap_index = 5560, .adv_w = 298, .box_w = 17, .box_h = 29, .ofs_x = 1, .ofs_y = 0},
    {.bitmap_index = 5807, .adv_w = 586, .box_w = 33, .box_h = 35, .ofs_x = 2, .ofs_y = -6},
    {.bitmap_index = 6385, .adv_w = 400, .box_w = 25, .box_h = 29, .ofs_x = 0, .ofs_y = 0},
    {.bitmap_index = 6748, .adv_w = 405, .box_w = 22, .box_h = 29, .ofs_x = 2, .ofs_y = 0},
    {.bitmap_index = 7067, .adv_w = 405, .box_w = 22, .box_h = 29, .ofs_x = 2, .ofs_y = 0},
    {.bitmap_index = 7386, .adv_w = 408, .box_w = 22, .box_h = 29, .ofs_x = 2, .ofs_y = 0},
    {.bitmap_index = 7705, .adv_w = 371, .box_w = 20, .box_h = 29, .ofs_x = 2, .ofs_y = 0},
    {.bitmap_index = 7995, .adv_w = 371, .box_w = 20, .box_h = 29, .ofs_x = 2, .ofs_y = 0},
    {.bitmap_index = 8285, .adv_w = 405, .box_w = 22, .box_h = 29, .ofs_x = 2, .ofs_y = 0},
    {.bitmap_index = 8604, .adv_w = 413, .box_w = 22, .box_h = 29, .ofs_x = 2, .ofs_y = 0},
    {.bitmap_index = 8923, .adv_w = 167, .box_w = 6, .box_h = 29, .ofs_x = 2, .ofs_y = 0},
    {.bitmap_index = 9010, .adv_w = 218, .box_w = 10, .box_h = 29, .ofs_x = 1, .ofs_y = 0},
    {.bitmap_index = 9155, .adv_w = 407, .box_w = 24, .box_h = 29, .ofs_x = 2, .ofs_y = 0},
    {.bitmap_index = 9503, .adv_w = 349, .box_w = 19, .box_h = 29, .ofs_x = 2, .ofs_y = 0},
    {.bitmap_index = 9779, .adv_w = 506, .box_w = 26, .box_h = 29, .ofs_x = 3, .ofs_y = 0},
    {.bitmap_index = 10156, .adv_w = 432, .box_w = 23, .box_h = 29, .ofs_x = 2, .ofs_y = 0},
    {.bitmap_index = 10490, .adv_w = 405, .box_w = 22, .box_h = 29, .ofs_x = 2, .ofs_y = 0},
    {.bitmap_index = 10809, .adv_w = 383, .box_w = 21, .box_h = 29, .ofs_x = 2, .ofs_y = 0},
    {.bitmap_index = 11114, .adv_w = 405, .box_w = 22, .box_h = 36, .ofs_x = 2, .ofs_y = -7},
    {.bitmap_index = 11510, .adv_w = 403, .box_w = 22, .box_h = 29, .ofs_x = 2, .ofs_y = 0},
    {.bitmap_index = 11829, .adv_w = 368, .box_w = 21, .box_h = 29, .ofs_x = 1, .ofs_y = 0},
    {.bitmap_index = 12134, .adv_w = 343, .box_w = 21, .box_h = 29, .ofs_x = 0, .ofs_y = 0},
    {.bitmap_index = 12439, .adv_w = 417, .box_w = 22, .box_h = 29, .ofs_x = 2, .ofs_y = 0},
    {.bitmap_index = 12758, .adv_w = 365, .box_w = 23, .box_h = 29, .ofs_x = 0, .ofs_y = 0},
    {.bitmap_index = 13092, .adv_w = 551, .box_w = 35, .box_h = 29, .ofs_x = 0, .ofs_y = 0},
    {.bitmap_index = 13600, .adv_w = 392, .box_w = 25, .box_h = 29, .ofs_x = 0, .ofs_y = 0},
    {.bitmap_index = 13963, .adv_w = 354, .box_w = 22, .box_h = 29, .ofs_x = 0, .ofs_y = 0},
    {.bitmap_index = 14282, .adv_w = 342, .box_w = 20, .box_h = 29, .ofs_x = 1, .ofs_y = 0},
    {.bitmap_index = 14572, .adv_w = 207, .box_w = 9, .box_h = 35, .ofs_x = 2, .ofs_y = -4},
    {.bitmap_index = 14730, .adv_w = 269, .box_w = 13, .box_h = 29, .ofs_x = 2, .ofs_y = 0},
    {.bitmap_index = 14919, .adv_w = 207, .box_w = 9, .box_h = 35, .ofs_x = 2, .ofs_y = -4},
    {.bitmap_index = 15077, .adv_w = 351, .box_w = 20, .box_h = 18, .ofs_x = 1, .ofs_y = 12},
    {.bitmap_index = 15257, .adv_w = 326, .box_w = 21, .box_h = 3, .ofs_x = 0, .ofs_y = -5},
    {.bitmap_index = 15289, .adv_w = 336, .box_w = 11, .box_h = 6, .ofs_x = 5, .ofs_y = 25},
    {.bitmap_index = 15322, .adv_w = 237, .box_w = 11, .box_h = 35, .ofs_x = 2, .ofs_y = -4},
    {.bitmap_index = 15515, .adv_w = 203, .box_w = 5, .box_h = 35, .ofs_x = 4, .ofs_y = -4},
    {.bitmap_index = 15603, .adv_w = 237, .box_w = 11, .box_h = 35, .ofs_x = 2, .ofs_y = -4},
    {.bitmap_index = 15796, .adv_w = 351, .box_w = 20, .box_h = 7, .ofs_x = 1, .ofs_y = 7}
};

/*---------------------
 *  CHARACTER MAPPING
 *--------------------*/



/*Collect the unicode lists and glyph_id offsets*/
static const lv_font_fmt_txt_cmap_t cmaps[] =
{
    {
        .range_start = 33, .range_length = 64, .glyph_id_start = 1,
        .unicode_list = NULL, .glyph_id_ofs_list = NULL, .list_length = 0, .type = LV_FONT_FMT_TXT_CMAP_FORMAT0_TINY
    },
    {
        .range_start = 123, .range_length = 4, .glyph_id_start = 65,
        .unicode_list = NULL, .glyph_id_ofs_list = NULL, .list_length = 0, .type = LV_FONT_FMT_TXT_CMAP_FORMAT0_TINY
    }
};

/*-----------------
 *    KERNING
 *----------------*/


/*Pair left and right glyphs for kerning*/
static const uint8_t kern_pair_glyph_ids[] =
{
    13, 52,
    13, 54,
    13, 55,
    13, 57,
    16, 23,
    18, 23,
    19, 23,
    20, 23,
    22, 23,
    23, 19,
    23, 20,
    23, 22,
    23, 24,
    23, 25,
    24, 23,
    25, 23,
    33, 12,
    33, 14,
    33, 35,
    33, 39,
    33, 47,
    33, 49,
    33, 52,
    33, 53,
    33, 54,
    33, 55,
    33, 57,
    34, 54,
    34, 55,
    34, 57,
    38, 12,
    38, 14,
    38, 33,
    43, 35,
    43, 39,
    43, 47,
    43, 49,
    44, 13,
    44, 35,
    44, 39,
    44, 47,
    44, 49,
    44, 52,
    44, 53,
    44, 54,
    44, 55,
    44, 57,
    44, 60,
    48, 12,
    48, 14,
    48, 33,
    50, 55,
    51, 57,
    52, 12,
    52, 13,
    52, 14,
    52, 26,
    52, 27,
    52, 33,
    52, 35,
    52, 39,
    52, 47,
    52, 49,
    52, 55,
    53, 12,
    53, 14,
    53, 33,
    54, 12,
    54, 13,
    54, 14,
    54, 26,
    54, 27,
    54, 33,
    54, 35,
    54, 39,
    54, 47,
    54, 49,
    55, 12,
    55, 13,
    55, 14,
    55, 33,
    56, 35,
    56, 39,
    56, 47,
    56, 49
};

/* Kerning between the respective left and right glyphs
 * 4.4 format which needs to scaled with `kern_scale`*/
static const int8_t kern_pair_values[] =
{
    -47, -26, -21, -47, -13, -7, -20, -27,
    -21, -13, -27, -27, -7, -10, -20, -13,
    13, 13, -6, -6, -6, -6, -52, -12,
    -25, -12, -31, -9, -3, -7, -93, -93,
    -46, -17, -17, -17, -17, -87, -26, -26,
    -26, -26, -77, -36, -68, -47, -72, -33,
    -75, -75, -30, 7, -7, -52, -47, -52,
    -26, -26, -52, -20, -20, -20, -20, 13,
    -26, -26, -16, -46, -26, -46, -12, -12,
    -20, -6, -6, -6, -6, -37, -21, -37,
    -12, -11, -11, -11, -11
};

/*Collect the kern pair's data in one place*/
static const lv_font_fmt_txt_kern_pair_t kern_pairs =
{
    .glyph_ids = kern_pair_glyph_ids,
    .values = kern_pair_values,
    .pair_cnt = 85,
    .glyph_ids_size = 0
};

/*--------------------
 *  ALL CUSTOM DATA
 *--------------------*/

#if LVGL_VERSION_MAJOR == 8
/*Store all the custom data of the font*/
static  lv_font_fmt_txt_glyph_cache_t cache;
#endif

#if LVGL_VERSION_MAJOR >= 8
static const lv_font_fmt_txt_dsc_t font_dsc = {
#else
static lv_font_fmt_txt_dsc_t font_dsc = {
#endif
    .glyph_bitmap = glyph_bitmap,
    .glyph_dsc = glyph_dsc,
    .cmaps = cmaps,
    .kern_dsc = &kern_pairs,
    .kern_scale = 16,
    .cmap_num = 2,
    .bpp = 4,
    .kern_classes = 0,
    .bitmap_format = 0,
#if LVGL_VERSION_MAJOR == 8
    .cache = &cache
#endif
};



/*-----------------
 *  PUBLIC FONT
 *----------------*/

/*Initialize a public general font descriptor*/
#if LVGL_VERSION_MAJOR >= 8
const lv_font_t DINish_SemiBold_42 = {
#else
lv_font_t DINish_SemiBold_42 = {
#endif
    .get_glyph_dsc = lv_font_get_glyph_dsc_fmt_txt,    /*Function pointer to get glyph's data*/
    .get_glyph_bitmap = lv_font_get_bitmap_fmt_txt,    /*Function pointer to get glyph's bitmap*/
    .line_height = 38,          /*The maximum line height required by the font*/
    .base_line = 7,             /*Baseline measured from the bottom of the line*/
#if !(LVGL_VERSION_MAJOR == 6 && LVGL_VERSION_MINOR == 0)
    .subpx = LV_FONT_SUBPX_NONE,
#endif
#if LV_VERSION_CHECK(7, 4, 0) || LVGL_VERSION_MAJOR >= 8
    .underline_position = -6,
    .underline_thickness = 2,
#endif
    .dsc = &font_dsc,          /*The custom font data. Will be accessed by `get_glyph_bitmap/dsc` */
#if LV_VERSION_CHECK(8, 2, 0) || LVGL_VERSION_MAJOR >= 9
    .fallback = NULL,
#endif
    .user_data = NULL,
};



#endif /*#if DINISH_SEMIBOLD_42*/

