#include <lvgl.h>
/*******************************************************************************
 * Size: 63 px
 * Bpp: 2
 * Opts: --font ttf/DINish-SemiBold.ttf --bpp 2 --size 63 --no-compress --format lvgl --r 0x21-0x60,0x7B-0x7E -o 63/DINish_SemiBold_63.c
 ******************************************************************************/


#ifndef DINISH_SEMIBOLD_63
#define DINISH_SEMIBOLD_63 1
#endif

#if DINISH_SEMIBOLD_63

/*-----------------
 *    BITMAPS
 *----------------*/

/*Store the image of the glyphs*/
static LV_ATTRIBUTE_LARGE_CONST const uint8_t glyph_bitmap[] = {
    /* U+0021 "!" */
    0x3f, 0xff, 0x8f, 0xff, 0xe3, 0xff, 0xf8, 0xff,
    0xfd, 0x3f, 0xff, 0x4f, 0xff, 0xd3, 0xff, 0xf4,
    0xff, 0xfd, 0x2f, 0xff, 0xb, 0xff, 0xc2, 0xff,
    0xf0, 0xbf, 0xfc, 0x2f, 0xff, 0xb, 0xff, 0xc1,
    0xff, 0xf0, 0x7f, 0xfc, 0x1f, 0xff, 0x7, 0xff,
    0xc1, 0xff, 0xf0, 0x3f, 0xf8, 0xf, 0xfe, 0x3,
    0xff, 0x80, 0xff, 0xe0, 0x3f, 0xf8, 0xf, 0xfe,
    0x3, 0xff, 0x40, 0xff, 0xd0, 0x3f, 0xf4, 0xf,
    0xfd, 0x2, 0xff, 0x0, 0x0, 0x0, 0x0, 0x0,
    0x0, 0x0, 0x0, 0x0, 0x0, 0x0, 0x0, 0x0,
    0x0, 0x15, 0x55, 0xf, 0xff, 0xd3, 0xff, 0xf4,
    0xff, 0xfd, 0x3f, 0xff, 0x4f, 0xff, 0xd3, 0xff,
    0xf4, 0xff, 0xfd,

    /* U+0022 "\"" */
    0x7f, 0xfc, 0x2, 0xff, 0xf7, 0xff, 0xc0, 0x2f,
    0xff, 0x7f, 0xfc, 0x2, 0xff, 0xf7, 0xff, 0xc0,
    0x2f, 0xff, 0x7f, 0xfc, 0x2, 0xff, 0xf7, 0xff,
    0xc0, 0x2f, 0xff, 0x7f, 0xfc, 0x2, 0xff, 0xf7,
    0xff, 0xc0, 0x2f, 0xff, 0x7f, 0xfc, 0x2, 0xff,
    0xf7, 0xff, 0xc0, 0x2f, 0xff, 0x7f, 0xfc, 0x2,
    0xff, 0xf7, 0xff, 0xc0, 0x2f, 0xff, 0x7f, 0xfc,
    0x2, 0xff, 0xf7, 0xff, 0xc0, 0x2f, 0xff, 0x7f,
    0xfc, 0x2, 0xff, 0xf7, 0xff, 0xc0, 0x2f, 0xff,
    0x7f, 0xfc, 0x2, 0xff, 0xf1, 0x55, 0x40, 0x5,
    0x55,

    /* U+0023 "#" */
    0x0, 0x0, 0x3f, 0xf8, 0x0, 0xf, 0xfe, 0x0,
    0x0, 0x0, 0x3f, 0xf4, 0x0, 0xf, 0xfd, 0x0,
    0x0, 0x0, 0x3f, 0xf4, 0x0, 0x1f, 0xfd, 0x0,
    0x0, 0x0, 0x7f, 0xf0, 0x0, 0x1f, 0xfc, 0x0,
    0x0, 0x0, 0x7f, 0xf0, 0x0, 0x2f, 0xfc, 0x0,
    0x0, 0x0, 0xbf, 0xf0, 0x0, 0x2f, 0xfc, 0x0,
    0x0, 0x0, 0xbf, 0xf0, 0x0, 0x3f, 0xfc, 0x0,
    0x0, 0x0, 0xff, 0xe0, 0x0, 0x3f, 0xf8, 0x0,
    0x0, 0x0, 0xff, 0xe0, 0x0, 0x3f, 0xf8, 0x0,
    0x0, 0x0, 0xff, 0xe0, 0x0, 0x3f, 0xf4, 0x0,
    0x0, 0x0, 0xff, 0xd0, 0x0, 0x7f, 0xf4, 0x0,
    0x0, 0x1, 0xff, 0xd0, 0x0, 0x7f, 0xf0, 0x0,
    0x0, 0x1, 0xff, 0xc0, 0x0, 0xbf, 0xf0, 0x0,
    0xf, 0xff, 0xff, 0xff, 0xff, 0xff, 0xff, 0xfc,
    0xf, 0xff, 0xff, 0xff, 0xff, 0xff, 0xff, 0xfc,
    0xf, 0xff, 0xff, 0xff, 0xff, 0xff, 0xff, 0xfc,
    0xf, 0xff, 0xff, 0xff, 0xff, 0xff, 0xff, 0xfc,
    0xf, 0xff, 0xff, 0xff, 0xff, 0xff, 0xff, 0xfc,
    0x0, 0x7, 0xff, 0x40, 0x1, 0xff, 0xd0, 0x0,
    0x0, 0x7, 0xff, 0x0, 0x1, 0xff, 0xc0, 0x0,
    0x0, 0xb, 0xff, 0x0, 0x2, 0xff, 0xc0, 0x0,
    0x0, 0xb, 0xff, 0x0, 0x2, 0xff, 0xc0, 0x0,
    0x0, 0xf, 0xff, 0x0, 0x3, 0xff, 0xc0, 0x0,
    0x0, 0xf, 0xfe, 0x0, 0x3, 0xff, 0x80, 0x0,
    0x0, 0xf, 0xfe, 0x0, 0x3, 0xff, 0x80, 0x0,
    0x0, 0xf, 0xfd, 0x0, 0x7, 0xff, 0x40, 0x0,
    0xbf, 0xff, 0xff, 0xff, 0xff, 0xff, 0xff, 0xe0,
    0xbf, 0xff, 0xff, 0xff, 0xff, 0xff, 0xff, 0xe0,
    0xbf, 0xff, 0xff, 0xff, 0xff, 0xff, 0xff, 0xe0,
    0xbf, 0xff, 0xff, 0xff, 0xff, 0xff, 0xff, 0xe0,
    0xbf, 0xff, 0xff, 0xff, 0xff, 0xff, 0xff, 0xe0,
    0x0, 0x3f, 0xf8, 0x0, 0xf, 0xfe, 0x0, 0x0,
    0x0, 0x3f, 0xf4, 0x0, 0xf, 0xfd, 0x0, 0x0,
    0x0, 0x3f, 0xf4, 0x0, 0x1f, 0xfd, 0x0, 0x0,
    0x0, 0x7f, 0xf0, 0x0, 0x1f, 0xfc, 0x0, 0x0,
    0x0, 0xbf, 0xf0, 0x0, 0x2f, 0xfc, 0x0, 0x0,
    0x0, 0xbf, 0xf0, 0x0, 0x2f, 0xfc, 0x0, 0x0,
    0x0, 0xff, 0xf0, 0x0, 0x3f, 0xfc, 0x0, 0x0,
    0x0, 0xff, 0xe0, 0x0, 0x3f, 0xf8, 0x0, 0x0,
    0x0, 0xff, 0xe0, 0x0, 0x3f, 0xf8, 0x0, 0x0,
    0x0, 0xff, 0xd0, 0x0, 0x3f, 0xf4, 0x0, 0x0,
    0x1, 0xff, 0xd0, 0x0, 0x7f, 0xf4, 0x0, 0x0,
    0x1, 0xff, 0xc0, 0x0, 0x7f, 0xf0, 0x0, 0x0,
    0x2, 0xff, 0xc0, 0x0, 0xbf, 0xf0, 0x0, 0x0,

    /* U+0024 "$" */
    0x0, 0x0, 0x1, 0xaa, 0x40, 0x0, 0x0, 0x0,
    0x0, 0xf, 0xfe, 0x0, 0x0, 0x0, 0x0, 0x0,
    0x3f, 0xf8, 0x0, 0x0, 0x0, 0x0, 0x0, 0xff,
    0xe0, 0x0, 0x0, 0x0, 0x0, 0x3, 0xff, 0x80,
    0x0, 0x0, 0x0, 0x0, 0x1f, 0xff, 0x40, 0x0,
    0x0, 0x0, 0x1f, 0xff, 0xff, 0xe0, 0x0, 0x0,
    0x2, 0xff, 0xff, 0xff, 0xf4, 0x0, 0x0, 0x3f,
    0xff, 0xff, 0xff, 0xf8, 0x0, 0x3, 0xff, 0xff,
    0xff, 0xff, 0xf8, 0x0, 0x2f, 0xff, 0xff, 0xff,
    0xff, 0xf4, 0x0, 0xff, 0xfe, 0x40, 0x1f, 0xff,
    0xf0, 0xb, 0xff, 0xd0, 0x0, 0xf, 0xff, 0xc0,
    0x3f, 0xff, 0x0, 0x0, 0xf, 0xff, 0x80, 0xff,
    0xf8, 0x0, 0x0, 0x3f, 0xff, 0x3, 0xff, 0xd0,
    0x0, 0x0, 0xbf, 0xfc, 0xf, 0xff, 0x40, 0x0,
    0x1, 0xff, 0xe0, 0x3f, 0xfd, 0x0, 0x0, 0x0,
    0x0, 0x0, 0xff, 0xfc, 0x0, 0x0, 0x0, 0x0,
    0x3, 0xff, 0xf8, 0x0, 0x0, 0x0, 0x0, 0xb,
    0xff, 0xf8, 0x0, 0x0, 0x0, 0x0, 0x1f, 0xff,
    0xff, 0x40, 0x0, 0x0, 0x0, 0x3f, 0xff, 0xff,
    0xfe, 0x40, 0x0, 0x0, 0x3f, 0xff, 0xff, 0xff,
    0xe0, 0x0, 0x0, 0x7f, 0xff, 0xff, 0xff, 0xf4,
    0x0, 0x0, 0x3f, 0xff, 0xff, 0xff, 0xf8, 0x0,
    0x0, 0x1f, 0xff, 0xff, 0xff, 0xf4, 0x0, 0x0,
    0x1, 0xbf, 0xff, 0xff, 0xf0, 0x0, 0x0, 0x0,
    0x6, 0xff, 0xff, 0xe0, 0x0, 0x0, 0x0, 0x0,
    0xbf, 0xff, 0xc0, 0x0, 0x0, 0x0, 0x0, 0x3f,
    0xff, 0x40, 0x0, 0x0, 0x0, 0x0, 0x7f, 0xfd,
    0x0, 0x0, 0x0, 0x0, 0x0, 0xff, 0xf8, 0xaa,
    0xa0, 0x0, 0x0, 0x3, 0xff, 0xe3, 0xff, 0xd0,
    0x0, 0x0, 0xf, 0xff, 0x8f, 0xff, 0x80, 0x0,
    0x0, 0x3f, 0xfd, 0x2f, 0xff, 0x0, 0x0, 0x1,
    0xff, 0xf4, 0x7f, 0xfe, 0x0, 0x0, 0xf, 0xff,
    0xc0, 0xff, 0xfe, 0x0, 0x0, 0xbf, 0xfe, 0x1,
    0xff, 0xff, 0x95, 0x6f, 0xff, 0xf4, 0x3, 0xff,
    0xff, 0xff, 0xff, 0xff, 0x80, 0x3, 0xff, 0xff,
    0xff, 0xff, 0xfc, 0x0, 0x3, 0xff, 0xff, 0xff,
    0xff, 0xc0, 0x0, 0x2, 0xff, 0xff, 0xff, 0xf4,
    0x0, 0x0, 0x0, 0xbf, 0xff, 0xfd, 0x0, 0x0,
    0x0, 0x0, 0xf, 0xff, 0x0, 0x0, 0x0, 0x0,
    0x0, 0x3f, 0xf8, 0x0, 0x0, 0x0, 0x0, 0x0,
    0xff, 0xe0, 0x0, 0x0, 0x0, 0x0, 0x3, 0xff,
    0x80, 0x0, 0x0, 0x0, 0x0, 0xf, 0xfe, 0x0,
    0x0, 0x0, 0x0, 0x0, 0x3f, 0xf8, 0x0, 0x0,
    0x0,

    /* U+0025 "%" */
    0x0, 0x0, 0x0, 0x0, 0x0, 0x0, 0x0, 0x0,
    0x0, 0x0, 0x0, 0x0, 0x0, 0x0, 0x6f, 0xff,
    0x40, 0x0, 0x0, 0x0, 0x0, 0x7, 0xff, 0x0,
    0x0, 0x0, 0x2, 0xff, 0xff, 0xf4, 0x0, 0x0,
    0x0, 0x0, 0xf, 0xfe, 0x0, 0x0, 0x0, 0xf,
    0xff, 0xff, 0xfd, 0x0, 0x0, 0x0, 0x0, 0x1f,
    0xfc, 0x0, 0x0, 0x0, 0x2f, 0xff, 0xff, 0xff,
    0x0, 0x0, 0x0, 0x0, 0x3f, 0xf4, 0x0, 0x0,
    0x0, 0x3f, 0xff, 0xff, 0xff, 0x80, 0x0, 0x0,
    0x0, 0xbf, 0xf0, 0x0, 0x0, 0x0, 0x7f, 0xfd,
    0xb, 0xff, 0xc0, 0x0, 0x0, 0x0, 0xff, 0xd0,
    0x0, 0x0, 0x0, 0xbf, 0xf4, 0x3, 0xff, 0xc0,
    0x0, 0x0, 0x2, 0xff, 0xc0, 0x0, 0x0, 0x0,
    0xff, 0xf0, 0x2, 0xff, 0xd0, 0x0, 0x0, 0x3,
    0xff, 0x40, 0x0, 0x0, 0x0, 0xff, 0xf0, 0x2,
    0xff, 0xd0, 0x0, 0x0, 0xb, 0xff, 0x0, 0x0,
    0x0, 0x0, 0xff, 0xf0, 0x2, 0xff, 0xd0, 0x0,
    0x0, 0x1f, 0xfc, 0x0, 0x0, 0x0, 0x0, 0xff,
    0xf0, 0x2, 0xff, 0xd0, 0x0, 0x0, 0x3f, 0xf8,
    0x0, 0x0, 0x0, 0x0, 0xff, 0xf0, 0x2, 0xff,
    0xd0, 0x0, 0x0, 0x7f, 0xf0, 0x0, 0x0, 0x0,
    0x0, 0xff, 0xf0, 0x2, 0xff, 0xd0, 0x0, 0x0,
    0xff, 0xe0, 0x0, 0x0, 0x0, 0x0, 0xff, 0xf0,
    0x2, 0xff, 0xd0, 0x0, 0x1, 0xff, 0xc0, 0x0,
    0x0, 0x0, 0x0, 0xff, 0xf0, 0x2, 0xff, 0xd0,
    0x0, 0x3, 0xff, 0x40, 0x0, 0x0, 0x0, 0x0,
    0xff, 0xf0, 0x2, 0xff, 0xd0, 0x0, 0xb, 0xff,
    0x0, 0x0, 0x0, 0x0, 0x0, 0xff, 0xf0, 0x2,
    0xff, 0xd0, 0x0, 0xf, 0xfd, 0x0, 0x0, 0x0,
    0x0, 0x0, 0xff, 0xf0, 0x2, 0xff, 0xd0, 0x0,
    0x2f, 0xfc, 0x0, 0x6, 0xff, 0xe4, 0x0, 0xff,
    0xf0, 0x2, 0xff, 0xd0, 0x0, 0x3f, 0xf4, 0x0,
    0x2f, 0xff, 0xff, 0x0, 0xff, 0xf0, 0x2, 0xff,
    0xd0, 0x0, 0xbf, 0xf0, 0x0, 0xff, 0xff, 0xff,
    0xc0, 0xff, 0xf0, 0x2, 0xff, 0xd0, 0x1, 0xff,
    0xc0, 0x2, 0xff, 0xff, 0xff, 0xf0, 0xbf, 0xf8,
    0x3, 0xff, 0xc0, 0x3, 0xff, 0x80, 0x3, 0xff,
    0xff, 0xff, 0xf4, 0x7f, 0xfd, 0xb, 0xff, 0xc0,
    0x7, 0xff, 0x0, 0xb, 0xff, 0xd1, 0xff, 0xfc,
    0x3f, 0xff, 0xff, 0xff, 0x80, 0xf, 0xfe, 0x0,
    0xf, 0xff, 0x40, 0x3f, 0xfc, 0x2f, 0xff, 0xff,
    0xff, 0x0, 0x1f, 0xfc, 0x0, 0xf, 0xff, 0x0,
    0x3f, 0xfc, 0xf, 0xff, 0xff, 0xfd, 0x0, 0x3f,
    0xf4, 0x0, 0xf, 0xff, 0x0, 0x2f, 0xfc, 0x2,
    0xff, 0xff, 0xf4, 0x0, 0xbf, 0xf0, 0x0, 0xf,
    0xff, 0x0, 0x2f, 0xfd, 0x0, 0x2f, 0xfe, 0x40,
    0x0, 0xff, 0xd0, 0x0, 0xf, 0xff, 0x0, 0x2f,
    0xfd, 0x0, 0x0, 0x0, 0x0, 0x2, 0xff, 0xc0,
    0x0, 0xf, 0xff, 0x0, 0x2f, 0xfd, 0x0, 0x0,
    0x0, 0x0, 0x3, 0xff, 0x40, 0x0, 0xf, 0xff,
    0x0, 0x2f, 0xfd, 0x0, 0x0, 0x0, 0x0, 0xb,
    0xff, 0x0, 0x0, 0xf, 0xff, 0x0, 0x2f, 0xfd,
    0x0, 0x0, 0x0, 0x0, 0x1f, 0xfc, 0x0, 0x0,
    0xf, 0xff, 0x0, 0x2f, 0xfd, 0x0, 0x0, 0x0,
    0x0, 0x3f, 0xf8, 0x0, 0x0, 0xf, 0xff, 0x0,
    0x2f, 0xfd, 0x0, 0x0, 0x0, 0x0, 0x7f, 0xf0,
    0x0, 0x0, 0xf, 0xff, 0x0, 0x2f, 0xfd, 0x0,
    0x0, 0x0, 0x0, 0xff, 0xe0, 0x0, 0x0, 0xf,
    0xff, 0x0, 0x2f, 0xfd, 0x0, 0x0, 0x0, 0x1,
    0xff, 0xc0, 0x0, 0x0, 0xf, 0xff, 0x0, 0x2f,
    0xfd, 0x0, 0x0, 0x0, 0x3, 0xff, 0x40, 0x0,
    0x0, 0xf, 0xff, 0x0, 0x2f, 0xfc, 0x0, 0x0,
    0x0, 0xb, 0xff, 0x0, 0x0, 0x0, 0xf, 0xff,
    0x0, 0x3f, 0xfc, 0x0, 0x0, 0x0, 0xf, 0xfd,
    0x0, 0x0, 0x0, 0xf, 0xff, 0x40, 0x3f, 0xfc,
    0x0, 0x0, 0x0, 0x2f, 0xfc, 0x0, 0x0, 0x0,
    0xb, 0xff, 0xc0, 0xbf, 0xf8, 0x0, 0x0, 0x0,
    0x3f, 0xf4, 0x0, 0x0, 0x0, 0x7, 0xff, 0xff,
    0xff, 0xf4, 0x0, 0x0, 0x0, 0xbf, 0xf0, 0x0,
    0x0, 0x0, 0x2, 0xff, 0xff, 0xff, 0xf0, 0x0,
    0x0, 0x1, 0xff, 0xc0, 0x0, 0x0, 0x0, 0x0,
    0xff, 0xff, 0xff, 0xc0, 0x0, 0x0, 0x3, 0xff,
    0x80, 0x0, 0x0, 0x0, 0x0, 0x3f, 0xff, 0xff,
    0x40, 0x0, 0x0, 0x0, 0x0, 0x0, 0x0, 0x0,
    0x0, 0x0, 0x6, 0xff, 0xf4, 0x0, 0x0, 0x0,
    0x0, 0x0, 0x0, 0x0, 0x0, 0x0, 0x0, 0x0,
    0x0, 0x0, 0x0,

    /* U+0026 "&" */
    0x0, 0x0, 0x1b, 0xff, 0x80, 0x0, 0x0, 0x0,
    0x0, 0x0, 0xff, 0xff, 0xf8, 0x0, 0x0, 0x0,
    0x0, 0x7, 0xff, 0xff, 0xff, 0x0, 0x0, 0x0,
    0x0, 0x1f, 0xff, 0xff, 0xff, 0xc0, 0x0, 0x0,
    0x0, 0x3f, 0xff, 0xff, 0xff, 0xf0, 0x0, 0x0,
    0x0, 0xff, 0xff, 0x57, 0xff, 0xf4, 0x0, 0x0,
    0x0, 0xff, 0xf8, 0x0, 0xff, 0xfc, 0x0, 0x0,
    0x1, 0xff, 0xf0, 0x0, 0x3f, 0xfc, 0x0, 0x0,
    0x2, 0xff, 0xe0, 0x0, 0x3f, 0xfd, 0x0, 0x0,
    0x3, 0xff, 0xe0, 0x0, 0x3f, 0xfd, 0x0, 0x0,
    0x2, 0xff, 0xe0, 0x0, 0x3f, 0xfd, 0x0, 0x0,
    0x2, 0xff, 0xf0, 0x0, 0x3f, 0xfc, 0x0, 0x0,
    0x1, 0xff, 0xf4, 0x0, 0xbf, 0xfc, 0x0, 0x0,
    0x0, 0xff, 0xfc, 0x1, 0xff, 0xf8, 0x0, 0x0,
    0x0, 0xbf, 0xfe, 0x7, 0xff, 0xf4, 0x0, 0x0,
    0x0, 0x3f, 0xff, 0x1f, 0xff, 0xe0, 0x0, 0x0,
    0x0, 0x2f, 0xff, 0xff, 0xff, 0xc0, 0x0, 0x0,
    0x0, 0xf, 0xff, 0xff, 0xff, 0x40, 0x0, 0x0,
    0x0, 0x7, 0xff, 0xff, 0xfd, 0x0, 0x0, 0x0,
    0x0, 0x2, 0xff, 0xff, 0xf4, 0x0, 0x0, 0x0,
    0x0, 0x0, 0xff, 0xff, 0xd0, 0x0, 0x0, 0x0,
    0x0, 0x3, 0xff, 0xff, 0x40, 0x0, 0x0, 0x0,
    0x0, 0xf, 0xff, 0xff, 0xc0, 0x0, 0x0, 0x0,
    0x0, 0x3f, 0xff, 0xff, 0xe0, 0x0, 0x0, 0x0,
    0x0, 0xff, 0xff, 0xff, 0xf4, 0x0, 0x0, 0x0,
    0x3, 0xff, 0xff, 0xff, 0xfc, 0x0, 0xf, 0x0,
    0xb, 0xff, 0xf4, 0xff, 0xff, 0x0, 0x2f, 0xc0,
    0xf, 0xff, 0xd0, 0x3f, 0xff, 0x80, 0x7f, 0xf0,
    0x2f, 0xff, 0x80, 0x1f, 0xff, 0xc0, 0xff, 0xfc,
    0x3f, 0xff, 0x0, 0xb, 0xff, 0xf3, 0xff, 0xf4,
    0x7f, 0xfd, 0x0, 0x3, 0xff, 0xff, 0xff, 0xe0,
    0xbf, 0xfc, 0x0, 0x1, 0xff, 0xff, 0xff, 0xc0,
    0xff, 0xf8, 0x0, 0x0, 0xbf, 0xff, 0xff, 0x0,
    0xff, 0xf8, 0x0, 0x0, 0x3f, 0xff, 0xfd, 0x0,
    0xff, 0xf8, 0x0, 0x0, 0xf, 0xff, 0xf8, 0x0,
    0xbf, 0xfc, 0x0, 0x0, 0xb, 0xff, 0xf0, 0x0,
    0xbf, 0xfc, 0x0, 0x0, 0x1f, 0xff, 0xfc, 0x0,
    0x7f, 0xff, 0x0, 0x0, 0xbf, 0xff, 0xfe, 0x0,
    0x3f, 0xff, 0xd0, 0x7, 0xff, 0xff, 0xff, 0x80,
    0x2f, 0xff, 0xff, 0xff, 0xff, 0xff, 0xff, 0xfd,
    0xf, 0xff, 0xff, 0xff, 0xff, 0xd7, 0xff, 0xfd,
    0x7, 0xff, 0xff, 0xff, 0xff, 0x43, 0xff, 0xfd,
    0x1, 0xff, 0xff, 0xff, 0xfd, 0x0, 0xff, 0xfd,
    0x0, 0x2f, 0xff, 0xff, 0xe0, 0x0, 0x3f, 0xfd,
    0x0, 0x1, 0xbf, 0xf9, 0x0, 0x0, 0xb, 0xfd,

    /* U+0027 "'" */
    0x7f, 0xfc, 0x7f, 0xfc, 0x7f, 0xfc, 0x7f, 0xfc,
    0x7f, 0xfc, 0x7f, 0xfc, 0x7f, 0xfc, 0x7f, 0xfc,
    0x7f, 0xfc, 0x7f, 0xfc, 0x7f, 0xfc, 0x7f, 0xfc,
    0x7f, 0xfc, 0x7f, 0xfc, 0x7f, 0xfc, 0x7f, 0xfc,
    0x7f, 0xfc, 0x15, 0x54,

    /* U+0028 "(" */
    0x0, 0x0, 0x0, 0x0, 0x0, 0x7f, 0xe0, 0x0,
    0x3f, 0xf0, 0x0, 0x1f, 0xf8, 0x0, 0xf, 0xfd,
    0x0, 0xb, 0xff, 0x0, 0x3, 0xff, 0x40, 0x2,
    0xff, 0xc0, 0x0, 0xff, 0xf0, 0x0, 0x7f, 0xf4,
    0x0, 0x3f, 0xfc, 0x0, 0xf, 0xff, 0x0, 0xb,
    0xff, 0x80, 0x3, 0xff, 0xd0, 0x0, 0xff, 0xf0,
    0x0, 0x7f, 0xfc, 0x0, 0x2f, 0xfe, 0x0, 0xf,
    0xff, 0x80, 0x3, 0xff, 0xd0, 0x1, 0xff, 0xf0,
    0x0, 0x7f, 0xfc, 0x0, 0x2f, 0xff, 0x0, 0xb,
    0xff, 0xc0, 0x2, 0xff, 0xf0, 0x0, 0xff, 0xfc,
    0x0, 0x3f, 0xff, 0x0, 0xf, 0xff, 0x80, 0x3,
    0xff, 0xe0, 0x0, 0xff, 0xfc, 0x0, 0x3f, 0xff,
    0x0, 0xb, 0xff, 0xc0, 0x2, 0xff, 0xf0, 0x0,
    0xbf, 0xfc, 0x0, 0x1f, 0xff, 0x0, 0x7, 0xff,
    0xc0, 0x0, 0xff, 0xf4, 0x0, 0x3f, 0xfe, 0x0,
    0xb, 0xff, 0x80, 0x1, 0xff, 0xf0, 0x0, 0x3f,
    0xfc, 0x0, 0xf, 0xff, 0x40, 0x2, 0xff, 0xe0,
    0x0, 0x3f, 0xfc, 0x0, 0xf, 0xff, 0x0, 0x1,
    0xff, 0xe0, 0x0, 0x3f, 0xfc, 0x0, 0xb, 0xff,
    0x0, 0x0, 0xff, 0xe0, 0x0, 0x2f, 0xfc, 0x0,
    0x3, 0xff, 0x40, 0x0, 0xbf, 0xf0, 0x0, 0xf,
    0xfc, 0x0, 0x1, 0xff, 0x80,

    /* U+0029 ")" */
    0x0, 0x0, 0x0, 0x2f, 0xf4, 0x0, 0x3, 0xff,
    0x0, 0x0, 0xbf, 0xe0, 0x0, 0xf, 0xfc, 0x0,
    0x3, 0xff, 0x80, 0x0, 0x7f, 0xf0, 0x0, 0xf,
    0xfe, 0x0, 0x2, 0xff, 0xc0, 0x0, 0x7f, 0xf8,
    0x0, 0xf, 0xff, 0x0, 0x3, 0xff, 0xd0, 0x0,
    0xbf, 0xf8, 0x0, 0x1f, 0xff, 0x0, 0x3, 0xff,
    0xc0, 0x0, 0xff, 0xf8, 0x0, 0x2f, 0xff, 0x0,
    0x7, 0xff, 0xc0, 0x1, 0xff, 0xf0, 0x0, 0x3f,
    0xfd, 0x0, 0xf, 0xff, 0x40, 0x3, 0xff, 0xe0,
    0x0, 0xff, 0xf8, 0x0, 0x3f, 0xff, 0x0, 0xb,
    0xff, 0xc0, 0x2, 0xff, 0xf0, 0x0, 0xbf, 0xfc,
    0x0, 0x2f, 0xff, 0x0, 0xb, 0xff, 0xc0, 0x2,
    0xff, 0xf0, 0x0, 0xff, 0xfc, 0x0, 0x3f, 0xfe,
    0x0, 0xf, 0xff, 0x80, 0x3, 0xff, 0xd0, 0x0,
    0xff, 0xf4, 0x0, 0x7f, 0xfc, 0x0, 0x1f, 0xff,
    0x0, 0xb, 0xff, 0x80, 0x3, 0xff, 0xd0, 0x0,
    0xff, 0xf0, 0x0, 0x7f, 0xfc, 0x0, 0x2f, 0xfe,
    0x0, 0xf, 0xff, 0x40, 0x3, 0xff, 0xc0, 0x1,
    0xff, 0xd0, 0x0, 0xff, 0xf0, 0x0, 0x3f, 0xf8,
    0x0, 0x1f, 0xfc, 0x0, 0xf, 0xfe, 0x0, 0x7,
    0xff, 0x0, 0x2, 0xff, 0x80, 0x0, 0xff, 0xc0,
    0x0, 0xbf, 0xd0, 0x0, 0x0,

    /* U+002A "*" */
    0x0, 0x3, 0xfc, 0x0, 0x0, 0x0, 0x3f, 0xc0,
    0x0, 0x0, 0x3, 0xfc, 0x0, 0x1, 0x40, 0x3f,
    0xc0, 0x20, 0x3f, 0x43, 0xfc, 0x1f, 0x8b, 0xff,
    0x7f, 0xdf, 0xfd, 0x7f, 0xff, 0xff, 0xff, 0x80,
    0x7f, 0xff, 0xff, 0xd0, 0x0, 0xbf, 0xff, 0xd0,
    0x0, 0x7, 0xff, 0xfc, 0x0, 0x3, 0xff, 0xff,
    0xf8, 0x2, 0xff, 0xff, 0xff, 0xf4, 0xbf, 0xfb,
    0xfe, 0xff, 0xd3, 0xf8, 0x3f, 0xc7, 0xfc, 0x2c,
    0x3, 0xfc, 0x7, 0x0, 0x0, 0x3f, 0xc0, 0x0,
    0x0, 0x3, 0xfc, 0x0, 0x0, 0x0, 0x3f, 0xc0,
    0x0, 0x0, 0x2, 0xa4, 0x0, 0x0,

    /* U+002B "+" */
    0x0, 0x0, 0x6, 0xaa, 0x40, 0x0, 0x0, 0x0,
    0x0, 0x2f, 0xfe, 0x0, 0x0, 0x0, 0x0, 0x0,
    0xbf, 0xf8, 0x0, 0x0, 0x0, 0x0, 0x2, 0xff,
    0xe0, 0x0, 0x0, 0x0, 0x0, 0xb, 0xff, 0x80,
    0x0, 0x0, 0x0, 0x0, 0x2f, 0xfe, 0x0, 0x0,
    0x0, 0x0, 0x0, 0xbf, 0xf8, 0x0, 0x0, 0x0,
    0x0, 0x2, 0xff, 0xe0, 0x0, 0x0, 0x0, 0x0,
    0xb, 0xff, 0x80, 0x0, 0x0, 0x0, 0x0, 0x2f,
    0xfe, 0x0, 0x0, 0x0, 0x0, 0x0, 0xbf, 0xf8,
    0x0, 0x0, 0x3f, 0xff, 0xff, 0xff, 0xff, 0xff,
    0xff, 0xff, 0xff, 0xff, 0xff, 0xff, 0xff, 0xff,
    0xff, 0xff, 0xff, 0xff, 0xff, 0xff, 0xff, 0xff,
    0xff, 0xff, 0xff, 0xff, 0xff, 0xff, 0xff, 0xff,
    0xff, 0xff, 0xff, 0xff, 0xff, 0xff, 0xff, 0xff,
    0xff, 0xff, 0xfc, 0x0, 0x0, 0x2f, 0xfe, 0x0,
    0x0, 0x0, 0x0, 0x0, 0xbf, 0xf8, 0x0, 0x0,
    0x0, 0x0, 0x2, 0xff, 0xe0, 0x0, 0x0, 0x0,
    0x0, 0xb, 0xff, 0x80, 0x0, 0x0, 0x0, 0x0,
    0x2f, 0xfe, 0x0, 0x0, 0x0, 0x0, 0x0, 0xbf,
    0xf8, 0x0, 0x0, 0x0, 0x0, 0x2, 0xff, 0xe0,
    0x0, 0x0, 0x0, 0x0, 0xb, 0xff, 0x80, 0x0,
    0x0, 0x0, 0x0, 0x2f, 0xfe, 0x0, 0x0, 0x0,
    0x0, 0x0, 0xbf, 0xf8, 0x0, 0x0, 0x0,

    /* U+002C "," */
    0x7f, 0xfc, 0x7f, 0xfc, 0x7f, 0xfc, 0x7f, 0xfc,
    0x7f, 0xfc, 0x7f, 0xfc, 0x7f, 0xfc, 0x7f, 0xfc,
    0x7f, 0xfc, 0x7f, 0xfc, 0x7f, 0xfc, 0x7f, 0xfc,
    0x7f, 0xf4, 0x7f, 0xd0, 0x7f, 0x0, 0x7c, 0x0,
    0x60, 0x0, 0x0, 0x0,

    /* U+002D "-" */
    0x0, 0x0, 0x0, 0x0, 0x1, 0xff, 0xff, 0xff,
    0xff, 0xc7, 0xff, 0xff, 0xff, 0xff, 0x1f, 0xff,
    0xff, 0xff, 0xfc, 0x7f, 0xff, 0xff, 0xff, 0xf1,
    0xff, 0xff, 0xff, 0xff, 0xc7, 0xff, 0xff, 0xff,
    0xff, 0x0,

    /* U+002E "." */
    0x7f, 0xff, 0x5f, 0xff, 0xd7, 0xff, 0xf5, 0xff,
    0xfd, 0x7f, 0xff, 0x5f, 0xff, 0xd7, 0xff, 0xf5,
    0xff, 0xfd,

    /* U+002F "/" */
    0x0, 0x0, 0x0, 0x2f, 0xfc, 0x0, 0x0, 0x0,
    0x3f, 0xf8, 0x0, 0x0, 0x0, 0x7f, 0xf4, 0x0,
    0x0, 0x0, 0xbf, 0xf0, 0x0, 0x0, 0x0, 0xff,
    0xf0, 0x0, 0x0, 0x0, 0xff, 0xd0, 0x0, 0x0,
    0x1, 0xff, 0xc0, 0x0, 0x0, 0x3, 0xff, 0xc0,
    0x0, 0x0, 0x3, 0xff, 0x80, 0x0, 0x0, 0x7,
    0xff, 0x40, 0x0, 0x0, 0xb, 0xff, 0x0, 0x0,
    0x0, 0xf, 0xfe, 0x0, 0x0, 0x0, 0x1f, 0xfd,
    0x0, 0x0, 0x0, 0x2f, 0xfc, 0x0, 0x0, 0x0,
    0x3f, 0xfc, 0x0, 0x0, 0x0, 0x3f, 0xf4, 0x0,
    0x0, 0x0, 0x7f, 0xf0, 0x0, 0x0, 0x0, 0xff,
    0xf0, 0x0, 0x0, 0x0, 0xff, 0xe0, 0x0, 0x0,
    0x1, 0xff, 0xd0, 0x0, 0x0, 0x2, 0xff, 0xc0,
    0x0, 0x0, 0x3, 0xff, 0x80, 0x0, 0x0, 0x7,
    0xff, 0x40, 0x0, 0x0, 0xb, 0xff, 0x0, 0x0,
    0x0, 0xf, 0xff, 0x0, 0x0, 0x0, 0xf, 0xfd,
    0x0, 0x0, 0x0, 0x1f, 0xfc, 0x0, 0x0, 0x0,
    0x3f, 0xfc, 0x0, 0x0, 0x0, 0x3f, 0xf8, 0x0,
    0x0, 0x0, 0x7f, 0xf4, 0x0, 0x0, 0x0, 0xbf,
    0xf0, 0x0, 0x0, 0x0, 0xff, 0xe0, 0x0, 0x0,
    0x1, 0xff, 0xd0, 0x0, 0x0, 0x2, 0xff, 0xc0,
    0x0, 0x0, 0x3, 0xff, 0x80, 0x0, 0x0, 0x3,
    0xff, 0x40, 0x0, 0x0, 0x7, 0xff, 0x0, 0x0,
    0x0, 0xf, 0xff, 0x0, 0x0, 0x0, 0xf, 0xfe,
    0x0, 0x0, 0x0, 0x1f, 0xfc, 0x0, 0x0, 0x0,
    0x2f, 0xfc, 0x0, 0x0, 0x0, 0x3f, 0xf8, 0x0,
    0x0, 0x0, 0x7f, 0xf4, 0x0, 0x0, 0x0, 0xbf,
    0xf0, 0x0, 0x0, 0x0, 0x6a, 0x90, 0x0, 0x0,
    0x0,

    /* U+0030 "0" */
    0x0, 0x0, 0x6f, 0xff, 0x90, 0x0, 0x0, 0x0,
    0xbf, 0xff, 0xff, 0xe0, 0x0, 0x0, 0x3f, 0xff,
    0xff, 0xff, 0xc0, 0x0, 0xf, 0xff, 0xff, 0xff,
    0xff, 0x0, 0x3, 0xff, 0xff, 0xff, 0xff, 0xfc,
    0x0, 0xbf, 0xff, 0xff, 0xff, 0xff, 0xe0, 0xf,
    0xff, 0xfd, 0x57, 0xff, 0xff, 0x1, 0xff, 0xfd,
    0x0, 0xb, 0xff, 0xf4, 0x3f, 0xff, 0x80, 0x0,
    0x3f, 0xff, 0x83, 0xff, 0xf0, 0x0, 0x1, 0xff,
    0xfc, 0x3f, 0xff, 0x0, 0x0, 0xf, 0xff, 0xc7,
    0xff, 0xf0, 0x0, 0x0, 0xff, 0xfc, 0x7f, 0xfe,
    0x0, 0x0, 0xf, 0xff, 0xd7, 0xff, 0xe0, 0x0,
    0x0, 0xbf, 0xfd, 0x7f, 0xfe, 0x0, 0x0, 0xb,
    0xff, 0xdb, 0xff, 0xe0, 0x0, 0x0, 0xbf, 0xfd,
    0xbf, 0xfe, 0x0, 0x0, 0xb, 0xff, 0xdb, 0xff,
    0xe0, 0x0, 0x0, 0xbf, 0xfd, 0xbf, 0xfe, 0x0,
    0x0, 0xb, 0xff, 0xdb, 0xff, 0xe0, 0x0, 0x0,
    0xbf, 0xfd, 0xbf, 0xfe, 0x0, 0x0, 0xb, 0xff,
    0xdb, 0xff, 0xe0, 0x0, 0x0, 0xbf, 0xfd, 0xbf,
    0xfe, 0x0, 0x0, 0xb, 0xff, 0xdb, 0xff, 0xe0,
    0x0, 0x0, 0xbf, 0xfd, 0xbf, 0xfe, 0x0, 0x0,
    0xb, 0xff, 0xdb, 0xff, 0xe0, 0x0, 0x0, 0xbf,
    0xfd, 0xbf, 0xfe, 0x0, 0x0, 0xb, 0xff, 0xdb,
    0xff, 0xe0, 0x0, 0x0, 0xbf, 0xfd, 0xbf, 0xfe,
    0x0, 0x0, 0xb, 0xff, 0xdb, 0xff, 0xe0, 0x0,
    0x0, 0xbf, 0xfd, 0x7f, 0xfe, 0x0, 0x0, 0xb,
    0xff, 0xd7, 0xff, 0xe0, 0x0, 0x0, 0xbf, 0xfd,
    0x7f, 0xfe, 0x0, 0x0, 0xf, 0xff, 0xc7, 0xff,
    0xf0, 0x0, 0x0, 0xff, 0xfc, 0x3f, 0xff, 0x0,
    0x0, 0xf, 0xff, 0xc3, 0xff, 0xf0, 0x0, 0x1,
    0xff, 0xfc, 0x3f, 0xff, 0x80, 0x0, 0x2f, 0xff,
    0x81, 0xff, 0xfd, 0x0, 0x7, 0xff, 0xf4, 0xf,
    0xff, 0xf9, 0x6, 0xff, 0xff, 0x0, 0xbf, 0xff,
    0xff, 0xff, 0xff, 0xd0, 0x3, 0xff, 0xff, 0xff,
    0xff, 0xfc, 0x0, 0x1f, 0xff, 0xff, 0xff, 0xff,
    0x0, 0x0, 0x7f, 0xff, 0xff, 0xff, 0xc0, 0x0,
    0x0, 0xbf, 0xff, 0xff, 0xe0, 0x0, 0x0, 0x0,
    0x6f, 0xff, 0x90, 0x0, 0x0,

    /* U+0031 "1" */
    0x0, 0x2, 0xff, 0xfc, 0x0, 0x3f, 0xff, 0xf0,
    0x7, 0xff, 0xff, 0xc0, 0xbf, 0xff, 0xff, 0xf,
    0xff, 0xff, 0xfc, 0xff, 0xff, 0xff, 0xf7, 0xff,
    0xff, 0xff, 0xdf, 0xff, 0xff, 0xff, 0x7f, 0xfd,
    0xff, 0xfd, 0xff, 0xc3, 0xff, 0xf7, 0xf8, 0xf,
    0xff, 0xdf, 0x40, 0x3f, 0xff, 0x60, 0x0, 0xff,
    0xfc, 0x0, 0x3, 0xff, 0xf0, 0x0, 0xf, 0xff,
    0xc0, 0x0, 0x3f, 0xff, 0x0, 0x0, 0xff, 0xfc,
    0x0, 0x3, 0xff, 0xf0, 0x0, 0xf, 0xff, 0xc0,
    0x0, 0x3f, 0xff, 0x0, 0x0, 0xff, 0xfc, 0x0,
    0x3, 0xff, 0xf0, 0x0, 0xf, 0xff, 0xc0, 0x0,
    0x3f, 0xff, 0x0, 0x0, 0xff, 0xfc, 0x0, 0x3,
    0xff, 0xf0, 0x0, 0xf, 0xff, 0xc0, 0x0, 0x3f,
    0xff, 0x0, 0x0, 0xff, 0xfc, 0x0, 0x3, 0xff,
    0xf0, 0x0, 0xf, 0xff, 0xc0, 0x0, 0x3f, 0xff,
    0x0, 0x0, 0xff, 0xfc, 0x0, 0x3, 0xff, 0xf0,
    0x0, 0xf, 0xff, 0xc0, 0x0, 0x3f, 0xff, 0x0,
    0x0, 0xff, 0xfc, 0x0, 0x3, 0xff, 0xf0, 0x0,
    0xf, 0xff, 0xc0, 0x0, 0x3f, 0xff, 0x0, 0x0,
    0xff, 0xfc, 0x0, 0x3, 0xff, 0xf0, 0x0, 0xf,
    0xff, 0xc0, 0x0, 0x3f, 0xff,

    /* U+0032 "2" */
    0x0, 0x0, 0x0, 0x0, 0x0, 0x0, 0x0, 0x0,
    0x6f, 0xff, 0xd0, 0x0, 0x0, 0x1, 0xff, 0xff,
    0xff, 0x80, 0x0, 0x2, 0xff, 0xff, 0xff, 0xfd,
    0x0, 0x3, 0xff, 0xff, 0xff, 0xff, 0xd0, 0x2,
    0xff, 0xff, 0xff, 0xff, 0xfc, 0x1, 0xff, 0xff,
    0xff, 0xff, 0xff, 0xc0, 0xff, 0xff, 0x80, 0x2f,
    0xff, 0xf4, 0x7f, 0xff, 0x40, 0x0, 0xff, 0xff,
    0x2f, 0xff, 0x80, 0x0, 0x1f, 0xff, 0xcb, 0xff,
    0xd0, 0x0, 0x3, 0xff, 0xf7, 0xff, 0xf0, 0x0,
    0x0, 0xff, 0xfd, 0xff, 0xfc, 0x0, 0x0, 0x2f,
    0xff, 0x6f, 0xff, 0x0, 0x0, 0xb, 0xff, 0xd0,
    0x0, 0x0, 0x0, 0x3, 0xff, 0xf4, 0x0, 0x0,
    0x0, 0x0, 0xff, 0xfd, 0x0, 0x0, 0x0, 0x0,
    0x7f, 0xff, 0x0, 0x0, 0x0, 0x0, 0x3f, 0xff,
    0xc0, 0x0, 0x0, 0x0, 0x1f, 0xff, 0xd0, 0x0,
    0x0, 0x0, 0xf, 0xff, 0xf0, 0x0, 0x0, 0x0,
    0xb, 0xff, 0xf4, 0x0, 0x0, 0x0, 0x7, 0xff,
    0xfc, 0x0, 0x0, 0x0, 0x3, 0xff, 0xfc, 0x0,
    0x0, 0x0, 0x3, 0xff, 0xfd, 0x0, 0x0, 0x0,
    0x2, 0xff, 0xfe, 0x0, 0x0, 0x0, 0x1, 0xff,
    0xff, 0x0, 0x0, 0x0, 0x0, 0xff, 0xff, 0x0,
    0x0, 0x0, 0x0, 0xff, 0xff, 0x40, 0x0, 0x0,
    0x0, 0xbf, 0xff, 0x80, 0x0, 0x0, 0x0, 0x7f,
    0xff, 0xc0, 0x0, 0x0, 0x0, 0x3f, 0xff, 0xc0,
    0x0, 0x0, 0x0, 0x3f, 0xff, 0xd0, 0x0, 0x0,
    0x0, 0x2f, 0xff, 0xe0, 0x0, 0x0, 0x0, 0x1f,
    0xff, 0xf0, 0x0, 0x0, 0x0, 0xf, 0xff, 0xf4,
    0x0, 0x0, 0x0, 0xf, 0xff, 0xf4, 0x0, 0x0,
    0x0, 0xb, 0xff, 0xf8, 0x0, 0x0, 0x0, 0x7,
    0xff, 0xfc, 0x0, 0x0, 0x0, 0x3, 0xff, 0xfe,
    0x0, 0x0, 0x0, 0x2, 0xff, 0xff, 0xff, 0xff,
    0xff, 0xfd, 0xbf, 0xff, 0xff, 0xff, 0xff, 0xff,
    0x6f, 0xff, 0xff, 0xff, 0xff, 0xff, 0xdb, 0xff,
    0xff, 0xff, 0xff, 0xff, 0xf6, 0xff, 0xff, 0xff,
    0xff, 0xff, 0xfd, 0xbf, 0xff, 0xff, 0xff, 0xff,
    0xff, 0x40,

    /* U+0033 "3" */
    0x0, 0x0, 0x6f, 0xfe, 0x40, 0x0, 0x0, 0x0,
    0xbf, 0xff, 0xff, 0x80, 0x0, 0x0, 0xbf, 0xff,
    0xff, 0xff, 0x40, 0x0, 0x2f, 0xff, 0xff, 0xff,
    0xfe, 0x0, 0x7, 0xff, 0xff, 0xff, 0xff, 0xf4,
    0x0, 0xff, 0xff, 0xff, 0xff, 0xff, 0xc0, 0x2f,
    0xff, 0xf4, 0xb, 0xff, 0xfd, 0x3, 0xff, 0xf8,
    0x0, 0xf, 0xff, 0xf0, 0x3f, 0xfe, 0x0, 0x0,
    0x7f, 0xff, 0x7, 0xff, 0xd0, 0x0, 0x3, 0xff,
    0xf0, 0x7f, 0xfc, 0x0, 0x0, 0x2f, 0xff, 0x47,
    0xff, 0xc0, 0x0, 0x1, 0xff, 0xf4, 0x15, 0x54,
    0x0, 0x0, 0x1f, 0xff, 0x40, 0x0, 0x0, 0x0,
    0x1, 0xff, 0xf4, 0x0, 0x0, 0x0, 0x0, 0x2f,
    0xff, 0x0, 0x0, 0x0, 0x0, 0x3, 0xff, 0xf0,
    0x0, 0x0, 0x0, 0x0, 0x7f, 0xfe, 0x0, 0x0,
    0x0, 0x0, 0xf, 0xff, 0xc0, 0x0, 0x0, 0x0,
    0xb, 0xff, 0xf8, 0x0, 0x0, 0x1, 0xff, 0xff,
    0xfe, 0x0, 0x0, 0x0, 0x1f, 0xff, 0xff, 0x80,
    0x0, 0x0, 0x1, 0xff, 0xff, 0xe0, 0x0, 0x0,
    0x0, 0x1f, 0xff, 0xff, 0xd0, 0x0, 0x0, 0x1,
    0xff, 0xff, 0xff, 0x40, 0x0, 0x0, 0x1f, 0xff,
    0xff, 0xfc, 0x0, 0x0, 0x0, 0x0, 0x7f, 0xff,
    0xe0, 0x0, 0x0, 0x0, 0x0, 0xbf, 0xff, 0x0,
    0x0, 0x0, 0x0, 0x3, 0xff, 0xf8, 0x0, 0x0,
    0x0, 0x0, 0x1f, 0xff, 0xc0, 0x0, 0x0, 0x0,
    0x0, 0xff, 0xfc, 0x0, 0x0, 0x0, 0x0, 0xf,
    0xff, 0xc0, 0x0, 0x0, 0x0, 0x0, 0xff, 0xfc,
    0x0, 0x0, 0x0, 0x0, 0xf, 0xff, 0xcf, 0xff,
    0xc0, 0x0, 0x0, 0xff, 0xfc, 0xff, 0xfc, 0x0,
    0x0, 0xf, 0xff, 0xcb, 0xff, 0xc0, 0x0, 0x1,
    0xff, 0xfc, 0xbf, 0xfd, 0x0, 0x0, 0x2f, 0xff,
    0x87, 0xff, 0xf4, 0x0, 0xb, 0xff, 0xf0, 0x3f,
    0xff, 0xe4, 0x7, 0xff, 0xff, 0x2, 0xff, 0xff,
    0xff, 0xff, 0xff, 0xd0, 0xf, 0xff, 0xff, 0xff,
    0xff, 0xf8, 0x0, 0x3f, 0xff, 0xff, 0xff, 0xfe,
    0x0, 0x0, 0xff, 0xff, 0xff, 0xff, 0x80, 0x0,
    0x1, 0xff, 0xff, 0xff, 0x80, 0x0, 0x0, 0x1,
    0xaf, 0xfe, 0x40, 0x0, 0x0,

    /* U+0034 "4" */
    0x0, 0x0, 0x0, 0x3f, 0xff, 0x0, 0x0, 0x0,
    0x0, 0x0, 0xbf, 0xfd, 0x0, 0x0, 0x0, 0x0,
    0x0, 0xff, 0xfc, 0x0, 0x0, 0x0, 0x0, 0x1,
    0xff, 0xf8, 0x0, 0x0, 0x0, 0x0, 0x3, 0xff,
    0xf0, 0x0, 0x0, 0x0, 0x0, 0x3, 0xff, 0xf0,
    0x0, 0x0, 0x0, 0x0, 0xb, 0xff, 0xd0, 0x0,
    0x0, 0x0, 0x0, 0xf, 0xff, 0xc0, 0x0, 0x0,
    0x0, 0x0, 0x1f, 0xff, 0x80, 0x0, 0x0, 0x0,
    0x0, 0x3f, 0xff, 0x0, 0x0, 0x0, 0x0, 0x0,
    0x7f, 0xfe, 0x0, 0x0, 0x0, 0x0, 0x0, 0xff,
    0xfd, 0x0, 0x0, 0x0, 0x0, 0x0, 0xff, 0xfc,
    0x0, 0x0, 0x0, 0x0, 0x2, 0xff, 0xf4, 0x0,
    0x0, 0x0, 0x0, 0x3, 0xff, 0xf0, 0x0, 0x0,
    0x0, 0x0, 0x7, 0xff, 0xe0, 0x0, 0x0, 0x0,
    0x0, 0xf, 0xff, 0xc0, 0x0, 0x0, 0x0, 0x0,
    0x1f, 0xff, 0x80, 0x0, 0x0, 0x0, 0x0, 0x2f,
    0xff, 0x40, 0x0, 0x0, 0x0, 0x0, 0x3f, 0xff,
    0x0, 0x15, 0x55, 0x0, 0x0, 0xbf, 0xfd, 0x0,
    0x3f, 0xff, 0x0, 0x0, 0xff, 0xfc, 0x0, 0x3f,
    0xff, 0x0, 0x1, 0xff, 0xf8, 0x0, 0x3f, 0xff,
    0x0, 0x3, 0xff, 0xf0, 0x0, 0x3f, 0xff, 0x0,
    0x3, 0xff, 0xf0, 0x0, 0x3f, 0xff, 0x0, 0xb,
    0xff, 0xd0, 0x0, 0x3f, 0xff, 0x0, 0xf, 0xff,
    0xc0, 0x0, 0x3f, 0xff, 0x0, 0x1f, 0xff, 0x80,
    0x0, 0x3f, 0xff, 0x0, 0x3f, 0xff, 0x0, 0x0,
    0x3f, 0xff, 0x0, 0x7f, 0xfe, 0x0, 0x0, 0x3f,
    0xff, 0x0, 0xbf, 0xff, 0xff, 0xff, 0xff, 0xff,
    0xff, 0xbf, 0xff, 0xff, 0xff, 0xff, 0xff, 0xff,
    0xbf, 0xff, 0xff, 0xff, 0xff, 0xff, 0xff, 0xbf,
    0xff, 0xff, 0xff, 0xff, 0xff, 0xff, 0xbf, 0xff,
    0xff, 0xff, 0xff, 0xff, 0xff, 0xbf, 0xff, 0xff,
    0xff, 0xff, 0xff, 0xff, 0x0, 0x0, 0x0, 0x0,
    0x7f, 0xff, 0x0, 0x0, 0x0, 0x0, 0x0, 0x3f,
    0xff, 0x0, 0x0, 0x0, 0x0, 0x0, 0x3f, 0xff,
    0x0, 0x0, 0x0, 0x0, 0x0, 0x3f, 0xff, 0x0,
    0x0, 0x0, 0x0, 0x0, 0x3f, 0xff, 0x0, 0x0,
    0x0, 0x0, 0x0, 0x3f, 0xff, 0x0, 0x0, 0x0,
    0x0, 0x0, 0x3f, 0xff, 0x0, 0x0, 0x0, 0x0,
    0x0, 0x3f, 0xff, 0x0,

    /* U+0035 "5" */
    0x3f, 0xff, 0xff, 0xff, 0xff, 0xfe, 0xf, 0xff,
    0xff, 0xff, 0xff, 0xff, 0x83, 0xff, 0xff, 0xff,
    0xff, 0xff, 0xe0, 0xff, 0xff, 0xff, 0xff, 0xff,
    0xf8, 0x3f, 0xff, 0xff, 0xff, 0xff, 0xfe, 0xf,
    0xff, 0xff, 0xff, 0xff, 0xff, 0x83, 0xff, 0xd0,
    0x0, 0x0, 0x0, 0x0, 0xff, 0xf4, 0x0, 0x0,
    0x0, 0x0, 0x3f, 0xfd, 0x0, 0x0, 0x0, 0x0,
    0xf, 0xff, 0x40, 0x0, 0x0, 0x0, 0x3, 0xff,
    0xd0, 0x0, 0x0, 0x0, 0x0, 0xff, 0xf4, 0x0,
    0x0, 0x0, 0x0, 0x3f, 0xfd, 0x0, 0x0, 0x0,
    0x0, 0xf, 0xff, 0x40, 0x0, 0x0, 0x0, 0x3,
    0xff, 0xd0, 0x0, 0x0, 0x0, 0x0, 0xff, 0xf4,
    0x2f, 0xfe, 0x40, 0x0, 0x3f, 0xfd, 0xbf, 0xff,
    0xfe, 0x0, 0xf, 0xff, 0xff, 0xff, 0xff, 0xf0,
    0x3, 0xff, 0xff, 0xff, 0xff, 0xff, 0x0, 0xff,
    0xff, 0xff, 0xff, 0xff, 0xe0, 0x3f, 0xff, 0xff,
    0xff, 0xff, 0xfd, 0xf, 0xff, 0xf9, 0x1, 0xff,
    0xff, 0x83, 0xff, 0xf8, 0x0, 0xf, 0xff, 0xf0,
    0xff, 0xf8, 0x0, 0x0, 0xff, 0xfc, 0x15, 0x54,
    0x0, 0x0, 0x3f, 0xff, 0x40, 0x0, 0x0, 0x0,
    0xb, 0xff, 0xd0, 0x0, 0x0, 0x0, 0x1, 0xff,
    0xf8, 0x0, 0x0, 0x0, 0x0, 0x7f, 0xfe, 0x0,
    0x0, 0x0, 0x0, 0x1f, 0xff, 0x80, 0x0, 0x0,
    0x0, 0x7, 0xff, 0xe0, 0x0, 0x0, 0x0, 0x1,
    0xff, 0xf8, 0x0, 0x0, 0x0, 0x0, 0x7f, 0xfe,
    0x15, 0x54, 0x0, 0x0, 0x1f, 0xff, 0x5f, 0xff,
    0x0, 0x0, 0xb, 0xff, 0xd7, 0xff, 0xc0, 0x0,
    0x3, 0xff, 0xf5, 0xff, 0xf8, 0x0, 0x0, 0xff,
    0xfc, 0x3f, 0xff, 0x40, 0x0, 0xff, 0xff, 0xf,
    0xff, 0xf9, 0x1, 0xff, 0xff, 0x41, 0xff, 0xff,
    0xff, 0xff, 0xff, 0xc0, 0x3f, 0xff, 0xff, 0xff,
    0xff, 0xd0, 0x3, 0xff, 0xff, 0xff, 0xff, 0xd0,
    0x0, 0x3f, 0xff, 0xff, 0xff, 0xd0, 0x0, 0x1,
    0xff, 0xff, 0xff, 0x80, 0x0, 0x0, 0x6, 0xff,
    0xf9, 0x0, 0x0,

    /* U+0036 "6" */
    0x0, 0x0, 0x0, 0x7f, 0xff, 0x0, 0x0, 0x0,
    0x0, 0xf, 0xff, 0xd0, 0x0, 0x0, 0x0, 0x1,
    0xff, 0xfc, 0x0, 0x0, 0x0, 0x0, 0x3f, 0xff,
    0x40, 0x0, 0x0, 0x0, 0x7, 0xff, 0xf0, 0x0,
    0x0, 0x0, 0x0, 0xff, 0xfd, 0x0, 0x0, 0x0,
    0x0, 0x1f, 0xff, 0xc0, 0x0, 0x0, 0x0, 0x3,
    0xff, 0xf4, 0x0, 0x0, 0x0, 0x0, 0x7f, 0xff,
    0x0, 0x0, 0x0, 0x0, 0xf, 0xff, 0xd0, 0x0,
    0x0, 0x0, 0x1, 0xff, 0xfc, 0x0, 0x0, 0x0,
    0x0, 0x3f, 0xff, 0x40, 0x0, 0x0, 0x0, 0xb,
    0xff, 0xf0, 0x0, 0x0, 0x0, 0x0, 0xff, 0xfd,
    0x0, 0x0, 0x0, 0x0, 0x2f, 0xff, 0xc0, 0x0,
    0x0, 0x0, 0x3, 0xff, 0xf4, 0x0, 0x0, 0x0,
    0x0, 0xbf, 0xff, 0x0, 0x0, 0x0, 0x0, 0xf,
    0xff, 0xeb, 0xfe, 0x40, 0x0, 0x2, 0xff, 0xff,
    0xff, 0xff, 0x80, 0x0, 0x3f, 0xff, 0xff, 0xff,
    0xff, 0x0, 0xb, 0xff, 0xff, 0xff, 0xff, 0xfc,
    0x0, 0xff, 0xff, 0xff, 0xff, 0xff, 0xf0, 0x1f,
    0xff, 0xff, 0xff, 0xff, 0xff, 0x43, 0xff, 0xff,
    0x80, 0x2f, 0xff, 0xfc, 0x3f, 0xff, 0xc0, 0x0,
    0x3f, 0xff, 0xd7, 0xff, 0xf0, 0x0, 0x0, 0xff,
    0xfe, 0xbf, 0xfe, 0x0, 0x0, 0xb, 0xff, 0xeb,
    0xff, 0xd0, 0x0, 0x0, 0x7f, 0xff, 0xff, 0xfd,
    0x0, 0x0, 0x3, 0xff, 0xff, 0xff, 0xc0, 0x0,
    0x0, 0x3f, 0xff, 0xff, 0xfc, 0x0, 0x0, 0x3,
    0xff, 0xff, 0xff, 0xc0, 0x0, 0x0, 0x3f, 0xff,
    0xff, 0xfd, 0x0, 0x0, 0x3, 0xff, 0xfb, 0xff,
    0xd0, 0x0, 0x0, 0x7f, 0xfe, 0xbf, 0xfe, 0x0,
    0x0, 0xb, 0xff, 0xe7, 0xff, 0xf4, 0x0, 0x0,
    0xff, 0xfd, 0x3f, 0xff, 0xc0, 0x0, 0x3f, 0xff,
    0xc2, 0xff, 0xff, 0x80, 0x2f, 0xff, 0xf8, 0xf,
    0xff, 0xff, 0xff, 0xff, 0xff, 0x0, 0x7f, 0xff,
    0xff, 0xff, 0xff, 0xd0, 0x2, 0xff, 0xff, 0xff,
    0xff, 0xf4, 0x0, 0x7, 0xff, 0xff, 0xff, 0xfd,
    0x0, 0x0, 0xb, 0xff, 0xff, 0xfe, 0x0, 0x0,
    0x0, 0x6, 0xff, 0xf9, 0x0, 0x0,

    /* U+0037 "7" */
    0xff, 0xff, 0xff, 0xff, 0xff, 0xff, 0x3f, 0xff,
    0xff, 0xff, 0xff, 0xff, 0xcf, 0xff, 0xff, 0xff,
    0xff, 0xff, 0xf3, 0xff, 0xff, 0xff, 0xff, 0xff,
    0xfc, 0xff, 0xff, 0xff, 0xff, 0xff, 0xff, 0x3f,
    0xff, 0xff, 0xff, 0xff, 0xff, 0xc0, 0x0, 0x0,
    0x0, 0x3, 0xff, 0xf0, 0x0, 0x0, 0x0, 0x0,
    0xff, 0xf8, 0x0, 0x0, 0x0, 0x0, 0xbf, 0xfd,
    0x0, 0x0, 0x0, 0x0, 0x3f, 0xff, 0x0, 0x0,
    0x0, 0x0, 0x1f, 0xff, 0x80, 0x0, 0x0, 0x0,
    0xb, 0xff, 0xc0, 0x0, 0x0, 0x0, 0x3, 0xff,
    0xf0, 0x0, 0x0, 0x0, 0x1, 0xff, 0xf8, 0x0,
    0x0, 0x0, 0x0, 0xbf, 0xfc, 0x0, 0x0, 0x0,
    0x0, 0x3f, 0xff, 0x0, 0x0, 0x0, 0x0, 0x1f,
    0xff, 0x40, 0x0, 0x0, 0x0, 0xf, 0xff, 0xc0,
    0x0, 0x0, 0x0, 0x3, 0xff, 0xe0, 0x0, 0x0,
    0x0, 0x2, 0xff, 0xf4, 0x0, 0x0, 0x0, 0x0,
    0xff, 0xfc, 0x0, 0x0, 0x0, 0x0, 0x7f, 0xfe,
    0x0, 0x0, 0x0, 0x0, 0x2f, 0xff, 0x40, 0x0,
    0x0, 0x0, 0xf, 0xff, 0xc0, 0x0, 0x0, 0x0,
    0x7, 0xff, 0xe0, 0x0, 0x0, 0x0, 0x2, 0xff,
    0xf0, 0x0, 0x0, 0x0, 0x0, 0xff, 0xfc, 0x0,
    0x0, 0x0, 0x0, 0x7f, 0xfe, 0x0, 0x0, 0x0,
    0x0, 0x3f, 0xff, 0x0, 0x0, 0x0, 0x0, 0xf,
    0xff, 0xc0, 0x0, 0x0, 0x0, 0xb, 0xff, 0xd0,
    0x0, 0x0, 0x0, 0x3, 0xff, 0xf0, 0x0, 0x0,
    0x0, 0x1, 0xff, 0xf8, 0x0, 0x0, 0x0, 0x0,
    0xbf, 0xfd, 0x0, 0x0, 0x0, 0x0, 0x3f, 0xff,
    0x0, 0x0, 0x0, 0x0, 0x1f, 0xff, 0x80, 0x0,
    0x0, 0x0, 0xb, 0xff, 0xd0, 0x0, 0x0, 0x0,
    0x3, 0xff, 0xf0, 0x0, 0x0, 0x0, 0x1, 0xff,
    0xf8, 0x0, 0x0, 0x0, 0x0, 0xff, 0xfc, 0x0,
    0x0, 0x0, 0x0, 0x3f, 0xff, 0x0, 0x0, 0x0,
    0x0, 0x2f, 0xff, 0x80, 0x0, 0x0, 0x0, 0xf,
    0xff, 0xc0, 0x0, 0x0, 0x0, 0x7, 0xff, 0xf0,
    0x0, 0x0, 0x0,

    /* U+0038 "8" */
    0x0, 0x0, 0x1b, 0xff, 0x90, 0x0, 0x0, 0x0,
    0xb, 0xff, 0xff, 0xf8, 0x0, 0x0, 0x1, 0xff,
    0xff, 0xff, 0xfc, 0x0, 0x0, 0x1f, 0xff, 0xff,
    0xff, 0xfd, 0x0, 0x0, 0xff, 0xff, 0xff, 0xff,
    0xfc, 0x0, 0xf, 0xff, 0xff, 0xff, 0xff, 0xfc,
    0x0, 0x7f, 0xff, 0xd0, 0x2f, 0xff, 0xf4, 0x3,
    0xff, 0xfc, 0x0, 0xf, 0xff, 0xf0, 0xf, 0xff,
    0xc0, 0x0, 0xf, 0xff, 0xc0, 0x7f, 0xfe, 0x0,
    0x0, 0x2f, 0xff, 0x42, 0xff, 0xf4, 0x0, 0x0,
    0x7f, 0xfd, 0xb, 0xff, 0xc0, 0x0, 0x1, 0xff,
    0xf8, 0x2f, 0xff, 0x0, 0x0, 0x7, 0xff, 0xe0,
    0xbf, 0xfc, 0x0, 0x0, 0x1f, 0xff, 0x82, 0xff,
    0xf4, 0x0, 0x0, 0x7f, 0xfd, 0x7, 0xff, 0xe0,
    0x0, 0x2, 0xff, 0xf4, 0xf, 0xff, 0xc0, 0x0,
    0xf, 0xff, 0xc0, 0x2f, 0xff, 0xc0, 0x0, 0xff,
    0xfe, 0x0, 0x3f, 0xff, 0xd0, 0x1f, 0xff, 0xf0,
    0x0, 0x7f, 0xff, 0xff, 0xff, 0xff, 0x40, 0x0,
    0xbf, 0xff, 0xff, 0xff, 0xf4, 0x0, 0x0, 0x7f,
    0xff, 0xff, 0xff, 0x40, 0x0, 0x3, 0xff, 0xff,
    0xff, 0xff, 0x0, 0x0, 0x7f, 0xff, 0xff, 0xff,
    0xff, 0x0, 0x3, 0xff, 0xff, 0xff, 0xff, 0xff,
    0x0, 0x3f, 0xff, 0xe0, 0x2, 0xff, 0xfe, 0x1,
    0xff, 0xfd, 0x0, 0x1, 0xff, 0xfc, 0xf, 0xff,
    0xd0, 0x0, 0x2, 0xff, 0xf8, 0x3f, 0xff, 0x0,
    0x0, 0x3, 0xff, 0xf1, 0xff, 0xf8, 0x0, 0x0,
    0xb, 0xff, 0xc7, 0xff, 0xd0, 0x0, 0x0, 0x2f,
    0xff, 0x1f, 0xff, 0x40, 0x0, 0x0, 0xbf, 0xfd,
    0x7f, 0xfd, 0x0, 0x0, 0x2, 0xff, 0xf5, 0xff,
    0xf4, 0x0, 0x0, 0xb, 0xff, 0xc7, 0xff, 0xe0,
    0x0, 0x0, 0x3f, 0xff, 0xf, 0xff, 0xc0, 0x0,
    0x0, 0xff, 0xfc, 0x3f, 0xff, 0x40, 0x0, 0xb,
    0xff, 0xf0, 0xbf, 0xff, 0x40, 0x0, 0x7f, 0xff,
    0x40, 0xff, 0xff, 0x90, 0x1f, 0xff, 0xfc, 0x2,
    0xff, 0xff, 0xff, 0xff, 0xff, 0xd0, 0x3, 0xff,
    0xff, 0xff, 0xff, 0xfe, 0x0, 0x3, 0xff, 0xff,
    0xff, 0xff, 0xe0, 0x0, 0x2, 0xff, 0xff, 0xff,
    0xfe, 0x0, 0x0, 0x1, 0xff, 0xff, 0xff, 0x80,
    0x0, 0x0, 0x0, 0x2b, 0xff, 0x90, 0x0, 0x0,

    /* U+0039 "9" */
    0x0, 0x0, 0x0, 0x0, 0x0, 0x0, 0x0, 0x0,
    0x6, 0xff, 0xf9, 0x0, 0x0, 0x0, 0xb, 0xff,
    0xff, 0xfe, 0x0, 0x0, 0x7, 0xff, 0xff, 0xff,
    0xfe, 0x0, 0x1, 0xff, 0xff, 0xff, 0xff, 0xf8,
    0x0, 0x7f, 0xff, 0xff, 0xff, 0xff, 0xe0, 0xf,
    0xff, 0xff, 0xff, 0xff, 0xff, 0x2, 0xff, 0xff,
    0x80, 0x1f, 0xff, 0xf8, 0x3f, 0xff, 0xc0, 0x0,
    0x3f, 0xff, 0xc7, 0xff, 0xf0, 0x0, 0x0, 0xff,
    0xfd, 0xbf, 0xfe, 0x0, 0x0, 0xb, 0xff, 0xeb,
    0xff, 0xd0, 0x0, 0x0, 0x7f, 0xff, 0xff, 0xfc,
    0x0, 0x0, 0x3, 0xff, 0xff, 0xff, 0xc0, 0x0,
    0x0, 0x3f, 0xff, 0xff, 0xfc, 0x0, 0x0, 0x3,
    0xff, 0xff, 0xff, 0xc0, 0x0, 0x0, 0x3f, 0xff,
    0xff, 0xfc, 0x0, 0x0, 0x3, 0xff, 0xff, 0xff,
    0xd0, 0x0, 0x0, 0x7f, 0xff, 0xbf, 0xfe, 0x0,
    0x0, 0xb, 0xff, 0xe7, 0xff, 0xf0, 0x0, 0x0,
    0xff, 0xfd, 0x3f, 0xff, 0xc0, 0x0, 0x3f, 0xff,
    0xc3, 0xff, 0xff, 0x80, 0x1f, 0xff, 0xfc, 0x1f,
    0xff, 0xff, 0xff, 0xff, 0xff, 0x40, 0xff, 0xff,
    0xff, 0xff, 0xff, 0xf0, 0x3, 0xff, 0xff, 0xff,
    0xff, 0xfe, 0x0, 0xf, 0xff, 0xff, 0xff, 0xff,
    0xc0, 0x0, 0x2f, 0xff, 0xff, 0xff, 0xf8, 0x0,
    0x0, 0x1b, 0xfe, 0xbf, 0xff, 0x0, 0x0, 0x0,
    0x0, 0xf, 0xff, 0xe0, 0x0, 0x0, 0x0, 0x1,
    0xff, 0xfc, 0x0, 0x0, 0x0, 0x0, 0x3f, 0xff,
    0x80, 0x0, 0x0, 0x0, 0x7, 0xff, 0xf0, 0x0,
    0x0, 0x0, 0x0, 0xff, 0xfe, 0x0, 0x0, 0x0,
    0x0, 0x1f, 0xff, 0xc0, 0x0, 0x0, 0x0, 0x3,
    0xff, 0xf8, 0x0, 0x0, 0x0, 0x0, 0x7f, 0xff,
    0x0, 0x0, 0x0, 0x0, 0xf, 0xff, 0xd0, 0x0,
    0x0, 0x0, 0x1, 0xff, 0xfc, 0x0, 0x0, 0x0,
    0x0, 0x3f, 0xff, 0x40, 0x0, 0x0, 0x0, 0x7,
    0xff, 0xf0, 0x0, 0x0, 0x0, 0x0, 0xff, 0xfd,
    0x0, 0x0, 0x0, 0x0, 0x1f, 0xff, 0xc0, 0x0,
    0x0, 0x0, 0x3, 0xff, 0xf4, 0x0, 0x0, 0x0,
    0x0, 0x7f, 0xff, 0x0, 0x0, 0x0, 0x0, 0xf,
    0xff, 0xd0, 0x0, 0x0, 0x0,

    /* U+003A ":" */
    0x7f, 0xff, 0x5f, 0xff, 0xd7, 0xff, 0xf5, 0xff,
    0xfd, 0x7f, 0xff, 0x5f, 0xff, 0xd7, 0xff, 0xf5,
    0xff, 0xfd, 0x0, 0x0, 0x0, 0x0, 0x0, 0x0,
    0x0, 0x0, 0x0, 0x0, 0x0, 0x0, 0x0, 0x0,
    0x0, 0x0, 0x0, 0x0, 0x0, 0x0, 0x0, 0x0,
    0x0, 0x0, 0x0, 0x0, 0x0, 0x0, 0x0, 0x1f,
    0xff, 0xd7, 0xff, 0xf5, 0xff, 0xfd, 0x7f, 0xff,
    0x5f, 0xff, 0xd7, 0xff, 0xf5, 0xff, 0xfd, 0x7f,
    0xff, 0x40,

    /* U+003B ";" */
    0x7f, 0xff, 0x5f, 0xff, 0xd7, 0xff, 0xf5, 0xff,
    0xfd, 0x7f, 0xff, 0x5f, 0xff, 0xd7, 0xff, 0xf5,
    0xff, 0xfd, 0x0, 0x0, 0x0, 0x0, 0x0, 0x0,
    0x0, 0x0, 0x0, 0x0, 0x0, 0x0, 0x0, 0x0,
    0x0, 0x0, 0x0, 0x0, 0x0, 0x0, 0x0, 0x0,
    0x0, 0x0, 0x0, 0x0, 0x0, 0x0, 0x0, 0x2,
    0xaa, 0x80, 0xff, 0xf4, 0x3f, 0xfd, 0xf, 0xff,
    0x43, 0xff, 0xd0, 0xff, 0xf4, 0x3f, 0xfd, 0xf,
    0xff, 0x43, 0xff, 0xd0, 0xff, 0xf4, 0x3f, 0xfd,
    0xf, 0xff, 0x43, 0xff, 0xc0, 0xff, 0xc0, 0x3f,
    0xc0, 0xf, 0x80, 0x3, 0x80, 0x0, 0x40, 0x0,

    /* U+003C "<" */
    0x0, 0x0, 0x0, 0x0, 0x0, 0x0, 0x4, 0x0,
    0x0, 0x0, 0x0, 0x0, 0x7, 0xe0, 0x0, 0x0,
    0x0, 0x0, 0x2, 0xff, 0x80, 0x0, 0x0, 0x0,
    0x1, 0xff, 0xfe, 0x0, 0x0, 0x0, 0x1, 0xbf,
    0xff, 0xf8, 0x0, 0x0, 0x0, 0x7f, 0xff, 0xff,
    0xe0, 0x0, 0x0, 0x6f, 0xff, 0xff, 0xff, 0x80,
    0x0, 0x1f, 0xff, 0xff, 0xff, 0xd0, 0x0, 0x1b,
    0xff, 0xff, 0xff, 0xe4, 0x0, 0x7, 0xff, 0xff,
    0xff, 0xf4, 0x0, 0x6, 0xff, 0xff, 0xff, 0xf8,
    0x0, 0x0, 0x3f, 0xff, 0xff, 0xf9, 0x0, 0x0,
    0x0, 0xff, 0xff, 0xfe, 0x0, 0x0, 0x0, 0x3,
    0xff, 0xff, 0x40, 0x0, 0x0, 0x0, 0xf, 0xff,
    0xff, 0x90, 0x0, 0x0, 0x0, 0x3f, 0xff, 0xff,
    0xf4, 0x0, 0x0, 0x0, 0x7f, 0xff, 0xff, 0xfe,
    0x40, 0x0, 0x0, 0x1f, 0xff, 0xff, 0xff, 0xe0,
    0x0, 0x0, 0x2, 0xff, 0xff, 0xff, 0xfd, 0x0,
    0x0, 0x0, 0x7f, 0xff, 0xff, 0xff, 0x80, 0x0,
    0x0, 0xb, 0xff, 0xff, 0xff, 0xf4, 0x0, 0x0,
    0x1, 0xbf, 0xff, 0xff, 0xe0, 0x0, 0x0, 0x0,
    0x2f, 0xff, 0xff, 0x80, 0x0, 0x0, 0x0, 0x6,
    0xff, 0xfe, 0x0, 0x0, 0x0, 0x0, 0x0, 0xbf,
    0xf8, 0x0, 0x0, 0x0, 0x0, 0x0, 0x1b, 0xe0,
    0x0, 0x0, 0x0, 0x0, 0x0, 0x2, 0x80,

    /* U+003D "=" */
    0xff, 0xff, 0xff, 0xff, 0xff, 0xff, 0xfb, 0xff,
    0xff, 0xff, 0xff, 0xff, 0xff, 0xef, 0xff, 0xff,
    0xff, 0xff, 0xff, 0xff, 0xbf, 0xff, 0xff, 0xff,
    0xff, 0xff, 0xfe, 0xff, 0xff, 0xff, 0xff, 0xff,
    0xff, 0xfb, 0xff, 0xff, 0xff, 0xff, 0xff, 0xff,
    0xe0, 0x0, 0x0, 0x0, 0x0, 0x0, 0x0, 0x0,
    0x0, 0x0, 0x0, 0x0, 0x0, 0x0, 0x0, 0x0,
    0x0, 0x0, 0x0, 0x0, 0x0, 0x0, 0x0, 0x0,
    0x0, 0x0, 0x0, 0x0, 0x0, 0x0, 0x0, 0x0,
    0x0, 0x0, 0x0, 0x0, 0x0, 0x0, 0x0, 0x0,
    0x0, 0x0, 0x0, 0x0, 0x0, 0x0, 0x0, 0x3,
    0xff, 0xff, 0xff, 0xff, 0xff, 0xff, 0xef, 0xff,
    0xff, 0xff, 0xff, 0xff, 0xff, 0xbf, 0xff, 0xff,
    0xff, 0xff, 0xff, 0xfe, 0xff, 0xff, 0xff, 0xff,
    0xff, 0xff, 0xfb, 0xff, 0xff, 0xff, 0xff, 0xff,
    0xff, 0xef, 0xff, 0xff, 0xff, 0xff, 0xff, 0xff,
    0x80,

    /* U+003E ">" */
    0x40, 0x0, 0x0, 0x0, 0x0, 0x0, 0x3, 0xf4,
    0x0, 0x0, 0x0, 0x0, 0x0, 0xf, 0xfe, 0x0,
    0x0, 0x0, 0x0, 0x0, 0x3f, 0xff, 0xd0, 0x0,
    0x0, 0x0, 0x0, 0xff, 0xff, 0xf8, 0x0, 0x0,
    0x0, 0x3, 0xff, 0xff, 0xff, 0x40, 0x0, 0x0,
    0xb, 0xff, 0xff, 0xff, 0xe0, 0x0, 0x0, 0x2,
    0xff, 0xff, 0xff, 0xfd, 0x0, 0x0, 0x0, 0x6f,
    0xff, 0xff, 0xff, 0x80, 0x0, 0x0, 0x7, 0xff,
    0xff, 0xff, 0xf4, 0x0, 0x0, 0x0, 0xbf, 0xff,
    0xff, 0xfe, 0x0, 0x0, 0x0, 0x1f, 0xff, 0xff,
    0xfe, 0x0, 0x0, 0x0, 0x2, 0xff, 0xff, 0xf8,
    0x0, 0x0, 0x0, 0x0, 0x7f, 0xff, 0xe0, 0x0,
    0x0, 0x0, 0x1b, 0xff, 0xff, 0x80, 0x0, 0x0,
    0xb, 0xff, 0xff, 0xfe, 0x0, 0x0, 0x7, 0xff,
    0xff, 0xff, 0xf4, 0x0, 0x2, 0xff, 0xff, 0xff,
    0xf9, 0x0, 0x1, 0xff, 0xff, 0xff, 0xfe, 0x0,
    0x1, 0xbf, 0xff, 0xff, 0xfe, 0x40, 0x0, 0x7f,
    0xff, 0xff, 0xff, 0x80, 0x0, 0x3, 0xff, 0xff,
    0xff, 0x90, 0x0, 0x0, 0xf, 0xff, 0xff, 0xe0,
    0x0, 0x0, 0x0, 0x3f, 0xff, 0xe4, 0x0, 0x0,
    0x0, 0x0, 0xff, 0xf4, 0x0, 0x0, 0x0, 0x0,
    0x3, 0xf9, 0x0, 0x0, 0x0, 0x0, 0x0, 0x9,
    0x0, 0x0, 0x0, 0x0, 0x0, 0x0, 0x0,

    /* U+003F "?" */
    0x0, 0x0, 0x0, 0x0, 0x0, 0x0, 0x0, 0x0,
    0x6f, 0xff, 0xe4, 0x0, 0x0, 0x0, 0xff, 0xff,
    0xff, 0xd0, 0x0, 0x1, 0xff, 0xff, 0xff, 0xfe,
    0x0, 0x1, 0xff, 0xff, 0xff, 0xff, 0xf0, 0x0,
    0xff, 0xff, 0xff, 0xff, 0xfe, 0x0, 0xbf, 0xff,
    0xff, 0xff, 0xff, 0xc0, 0x3f, 0xff, 0xd0, 0x1b,
    0xff, 0xf8, 0x1f, 0xff, 0xc0, 0x0, 0xbf, 0xff,
    0xb, 0xff, 0xc0, 0x0, 0xf, 0xff, 0xd3, 0xff,
    0xf0, 0x0, 0x2, 0xff, 0xf4, 0xff, 0xf8, 0x0,
    0x0, 0x7f, 0xfe, 0x2a, 0xa9, 0x0, 0x0, 0x1f,
    0xff, 0x40, 0x0, 0x0, 0x0, 0xb, 0xff, 0xd0,
    0x0, 0x0, 0x0, 0x3, 0xff, 0xf0, 0x0, 0x0,
    0x0, 0x1, 0xff, 0xfc, 0x0, 0x0, 0x0, 0x0,
    0xff, 0xfe, 0x0, 0x0, 0x0, 0x0, 0xbf, 0xff,
    0x0, 0x0, 0x0, 0x0, 0x7f, 0xff, 0x40, 0x0,
    0x0, 0x0, 0x3f, 0xff, 0xc0, 0x0, 0x0, 0x0,
    0x3f, 0xff, 0xc0, 0x0, 0x0, 0x0, 0x2f, 0xff,
    0xd0, 0x0, 0x0, 0x0, 0x1f, 0xff, 0xe0, 0x0,
    0x0, 0x0, 0xf, 0xff, 0xf0, 0x0, 0x0, 0x0,
    0xb, 0xff, 0xf0, 0x0, 0x0, 0x0, 0x3, 0xff,
    0xf4, 0x0, 0x0, 0x0, 0x1, 0xff, 0xfc, 0x0,
    0x0, 0x0, 0x0, 0xbf, 0xfd, 0x0, 0x0, 0x0,
    0x0, 0x2f, 0xff, 0x0, 0x0, 0x0, 0x0, 0xf,
    0xff, 0xc0, 0x0, 0x0, 0x0, 0x3, 0xff, 0xf0,
    0x0, 0x0, 0x0, 0x0, 0xff, 0xfc, 0x0, 0x0,
    0x0, 0x0, 0x3f, 0xff, 0x0, 0x0, 0x0, 0x0,
    0x0, 0x0, 0x0, 0x0, 0x0, 0x0, 0x0, 0x0,
    0x0, 0x0, 0x0, 0x0, 0x0, 0x0, 0x0, 0x0,
    0x0, 0x0, 0x0, 0x0, 0x0, 0x0, 0x0, 0x0,
    0x0, 0x5, 0x55, 0x40, 0x0, 0x0, 0x0, 0x3,
    0xff, 0xf0, 0x0, 0x0, 0x0, 0x0, 0xff, 0xfc,
    0x0, 0x0, 0x0, 0x0, 0x3f, 0xff, 0x0, 0x0,
    0x0, 0x0, 0xf, 0xff, 0xc0, 0x0, 0x0, 0x0,
    0x3, 0xff, 0xf0, 0x0, 0x0, 0x0, 0x0, 0xff,
    0xfc, 0x0, 0x0, 0x0, 0x0, 0x3f, 0xff, 0x0,
    0x0, 0x0,

    /* U+0040 "@" */
    0x0, 0x0, 0x0, 0x0, 0x6, 0xbf, 0xff, 0xa4,
    0x0, 0x0, 0x0, 0x0, 0x0, 0x0, 0x0, 0x0,
    0xbf, 0xff, 0xff, 0xff, 0xf8, 0x0, 0x0, 0x0,
    0x0, 0x0, 0x0, 0x2, 0xff, 0xff, 0xff, 0xff,
    0xff, 0xe4, 0x0, 0x0, 0x0, 0x0, 0x0, 0xb,
    0xff, 0xff, 0xff, 0xff, 0xff, 0xff, 0x80, 0x0,
    0x0, 0x0, 0x0, 0x1f, 0xff, 0xff, 0xff, 0xff,
    0xff, 0xff, 0xfd, 0x0, 0x0, 0x0, 0x0, 0x2f,
    0xff, 0xff, 0xfa, 0xaa, 0xbf, 0xff, 0xff, 0xe0,
    0x0, 0x0, 0x0, 0x2f, 0xff, 0xfe, 0x40, 0x0,
    0x0, 0x6f, 0xff, 0xff, 0x0, 0x0, 0x0, 0x2f,
    0xff, 0xf4, 0x0, 0x0, 0x0, 0x0, 0x7f, 0xff,
    0xf0, 0x0, 0x0, 0x2f, 0xff, 0xe0, 0x0, 0x0,
    0x0, 0x0, 0x2, 0xff, 0xfe, 0x0, 0x0, 0x1f,
    0xff, 0xd0, 0x0, 0x0, 0x0, 0x0, 0x0, 0x1f,
    0xff, 0xd0, 0x0, 0xf, 0xff, 0xd0, 0x0, 0x0,
    0x0, 0x0, 0x0, 0x1, 0xff, 0xfc, 0x0, 0xb,
    0xff, 0xd0, 0x0, 0x0, 0x0, 0x0, 0x0, 0x0,
    0x1f, 0xff, 0xc0, 0x3, 0xff, 0xe0, 0x0, 0x6,
    0xff, 0xd0, 0x15, 0x54, 0x2, 0xff, 0xf4, 0x2,
    0xff, 0xf0, 0x0, 0xb, 0xff, 0xff, 0x4f, 0xff,
    0x0, 0x3f, 0xff, 0x0, 0xff, 0xf4, 0x0, 0xf,
    0xff, 0xff, 0xfb, 0xff, 0xc0, 0x7, 0xff, 0xc0,
    0x7f, 0xfc, 0x0, 0xf, 0xff, 0xff, 0xff, 0xff,
    0xf0, 0x0, 0xff, 0xf8, 0x3f, 0xfe, 0x0, 0x7,
    0xff, 0xff, 0xff, 0xff, 0xfc, 0x0, 0x1f, 0xff,
    0xf, 0xff, 0x0, 0x3, 0xff, 0xfd, 0x46, 0xff,
    0xff, 0x0, 0x3, 0xff, 0xc7, 0xff, 0xc0, 0x0,
    0xff, 0xfc, 0x0, 0x1f, 0xff, 0xc0, 0x0, 0xff,
    0xf5, 0xff, 0xf0, 0x0, 0x7f, 0xfc, 0x0, 0x2,
    0xff, 0xf0, 0x0, 0x2f, 0xfe, 0xbf, 0xf8, 0x0,
    0x2f, 0xff, 0x0, 0x0, 0x7f, 0xfc, 0x0, 0xb,
    0xff, 0xaf, 0xfd, 0x0, 0xb, 0xff, 0x80, 0x0,
    0xf, 0xff, 0x0, 0x1, 0xff, 0xff, 0xff, 0x40,
    0x2, 0xff, 0xd0, 0x0, 0x3, 0xff, 0xc0, 0x0,
    0x7f, 0xff, 0xff, 0xd0, 0x0, 0xbf, 0xf4, 0x0,
    0x0, 0xff, 0xf0, 0x0, 0x1f, 0xff, 0xff, 0xf4,
    0x0, 0x2f, 0xfd, 0x0, 0x0, 0x3f, 0xfc, 0x0,
    0x7, 0xff, 0xff, 0xfd, 0x0, 0xb, 0xff, 0x40,
    0x0, 0xf, 0xff, 0x0, 0x1, 0xff, 0xff, 0xff,
    0x40, 0x2, 0xff, 0xd0, 0x0, 0x3, 0xff, 0xc0,
    0x0, 0x7f, 0xff, 0xff, 0xd0, 0x0, 0xbf, 0xf4,
    0x0, 0x0, 0xff, 0xf0, 0x0, 0x1f, 0xff, 0xff,
    0xf4, 0x0, 0x2f, 0xfd, 0x0, 0x0, 0x3f, 0xfc,
    0x0, 0x7, 0xff, 0xff, 0xfd, 0x0, 0xb, 0xff,
    0x40, 0x0, 0xf, 0xff, 0x0, 0x1, 0xff, 0xfb,
    0xff, 0x40, 0x2, 0xff, 0xe0, 0x0, 0x3, 0xff,
    0xc0, 0x0, 0xbf, 0xfa, 0xff, 0xe0, 0x0, 0xbf,
    0xfc, 0x0, 0x1, 0xff, 0xf0, 0x0, 0x2f, 0xfd,
    0xbf, 0xf8, 0x0, 0x1f, 0xff, 0x0, 0x0, 0xbf,
    0xfd, 0x0, 0xf, 0xff, 0x5f, 0xff, 0x0, 0x3,
    0xff, 0xe0, 0x0, 0x7f, 0xff, 0xc0, 0x7, 0xff,
    0xc3, 0xff, 0xc0, 0x0, 0xff, 0xff, 0x40, 0xbf,
    0xff, 0xf8, 0xb, 0xff, 0xe0, 0xff, 0xf4, 0x0,
    0x1f, 0xff, 0xff, 0xff, 0xff, 0xff, 0xff, 0xff,
    0xf0, 0x2f, 0xff, 0x0, 0x3, 0xff, 0xff, 0xff,
    0xf7, 0xff, 0xff, 0xff, 0xf4, 0x7, 0xff, 0xd0,
    0x0, 0x3f, 0xff, 0xff, 0xfc, 0x3f, 0xff, 0xff,
    0xf4, 0x0, 0xff, 0xfc, 0x0, 0x3, 0xff, 0xff,
    0xf8, 0x3, 0xff, 0xff, 0xf4, 0x0, 0x1f, 0xff,
    0x40, 0x0, 0x1b, 0xff, 0xe0, 0x0, 0x1b, 0xff,
    0x90, 0x0, 0x3, 0xff, 0xf0, 0x0, 0x0, 0x0,
    0x0, 0x0, 0x0, 0x0, 0x0, 0x0, 0x0, 0x7f,
    0xff, 0x0, 0x0, 0x0, 0x0, 0x0, 0x0, 0x0,
    0x0, 0x0, 0x0, 0xb, 0xff, 0xf0, 0x0, 0x0,
    0x0, 0x0, 0x0, 0x0, 0x0, 0x0, 0x0, 0x0,
    0xff, 0xff, 0x0, 0x0, 0x0, 0x0, 0x0, 0x0,
    0x40, 0x0, 0x0, 0x0, 0xf, 0xff, 0xf8, 0x0,
    0x0, 0x0, 0x0, 0x1, 0xf0, 0x0, 0x0, 0x0,
    0x1, 0xff, 0xff, 0xe0, 0x0, 0x0, 0x0, 0xb,
    0xfe, 0x0, 0x0, 0x0, 0x0, 0x1f, 0xff, 0xff,
    0xe4, 0x0, 0x5, 0xbf, 0xff, 0xc0, 0x0, 0x0,
    0x0, 0x0, 0xff, 0xff, 0xff, 0xff, 0xff, 0xff,
    0xff, 0xf8, 0x0, 0x0, 0x0, 0x0, 0xb, 0xff,
    0xff, 0xff, 0xff, 0xff, 0xff, 0xff, 0x0, 0x0,
    0x0, 0x0, 0x0, 0x7f, 0xff, 0xff, 0xff, 0xff,
    0xff, 0xfd, 0x0, 0x0, 0x0, 0x0, 0x0, 0x1,
    0xbf, 0xff, 0xff, 0xff, 0xff, 0xe4, 0x0, 0x0,
    0x0, 0x0, 0x0, 0x0, 0x1, 0xbf, 0xff, 0xff,
    0xfe, 0x40, 0x0, 0x0, 0x0, 0x0, 0x0, 0x0,
    0x0, 0x0, 0x55, 0x95, 0x40, 0x0, 0x0, 0x0,
    0x0, 0x0,

    /* U+0041 "A" */
    0x0, 0x0, 0x0, 0x1, 0xff, 0xf0, 0x0, 0x0,
    0x0, 0x0, 0x0, 0x0, 0x0, 0x2f, 0xff, 0x0,
    0x0, 0x0, 0x0, 0x0, 0x0, 0x0, 0x3, 0xff,
    0xf8, 0x0, 0x0, 0x0, 0x0, 0x0, 0x0, 0x0,
    0x7f, 0xff, 0xc0, 0x0, 0x0, 0x0, 0x0, 0x0,
    0x0, 0xb, 0xff, 0xfc, 0x0, 0x0, 0x0, 0x0,
    0x0, 0x0, 0x0, 0xff, 0xff, 0xe0, 0x0, 0x0,
    0x0, 0x0, 0x0, 0x0, 0x1f, 0xff, 0xff, 0x0,
    0x0, 0x0, 0x0, 0x0, 0x0, 0x3, 0xff, 0xff,
    0xf4, 0x0, 0x0, 0x0, 0x0, 0x0, 0x0, 0x3f,
    0xff, 0xff, 0x80, 0x0, 0x0, 0x0, 0x0, 0x0,
    0x7, 0xff, 0xff, 0xfc, 0x0, 0x0, 0x0, 0x0,
    0x0, 0x0, 0xff, 0xfb, 0xff, 0xd0, 0x0, 0x0,
    0x0, 0x0, 0x0, 0xf, 0xff, 0x3f, 0xfe, 0x0,
    0x0, 0x0, 0x0, 0x0, 0x2, 0xff, 0xf1, 0xff,
    0xf0, 0x0, 0x0, 0x0, 0x0, 0x0, 0x3f, 0xfe,
    0xf, 0xff, 0x40, 0x0, 0x0, 0x0, 0x0, 0x7,
    0xff, 0xd0, 0xff, 0xfc, 0x0, 0x0, 0x0, 0x0,
    0x0, 0xbf, 0xfc, 0xb, 0xff, 0xc0, 0x0, 0x0,
    0x0, 0x0, 0xf, 0xff, 0x80, 0x3f, 0xfd, 0x0,
    0x0, 0x0, 0x0, 0x1, 0xff, 0xf4, 0x3, 0xff,
    0xf0, 0x0, 0x0, 0x0, 0x0, 0x2f, 0xff, 0x0,
    0x2f, 0xff, 0x0, 0x0, 0x0, 0x0, 0x3, 0xff,
    0xe0, 0x0, 0xff, 0xf8, 0x0, 0x0, 0x0, 0x0,
    0x7f, 0xfd, 0x0, 0xf, 0xff, 0xc0, 0x0, 0x0,
    0x0, 0xb, 0xff, 0xc0, 0x0, 0xbf, 0xfd, 0x0,
    0x0, 0x0, 0x0, 0xff, 0xf8, 0x0, 0x3, 0xff,
    0xe0, 0x0, 0x0, 0x0, 0x1f, 0xff, 0x40, 0x0,
    0x3f, 0xff, 0x0, 0x0, 0x0, 0x3, 0xff, 0xf0,
    0x0, 0x2, 0xff, 0xf4, 0x0, 0x0, 0x0, 0x3f,
    0xfe, 0x0, 0x0, 0xf, 0xff, 0x80, 0x0, 0x0,
    0xb, 0xff, 0xd0, 0x0, 0x0, 0xff, 0xfc, 0x0,
    0x0, 0x0, 0xff, 0xfc, 0x0, 0x0, 0xb, 0xff,
    0xd0, 0x0, 0x0, 0xf, 0xff, 0xc0, 0x0, 0x0,
    0x3f, 0xfe, 0x0, 0x0, 0x2, 0xff, 0xff, 0xff,
    0xff, 0xff, 0xff, 0xf0, 0x0, 0x0, 0x3f, 0xff,
    0xff, 0xff, 0xff, 0xff, 0xff, 0x40, 0x0, 0x7,
    0xff, 0xff, 0xff, 0xff, 0xff, 0xff, 0xfc, 0x0,
    0x0, 0xbf, 0xff, 0xff, 0xff, 0xff, 0xff, 0xff,
    0xc0, 0x0, 0xf, 0xff, 0xff, 0xff, 0xff, 0xff,
    0xff, 0xfe, 0x0, 0x1, 0xff, 0xff, 0xff, 0xff,
    0xff, 0xff, 0xff, 0xf0, 0x0, 0x2f, 0xff, 0x80,
    0x0, 0x0, 0x0, 0x3f, 0xff, 0x0, 0x3, 0xff,
    0xf0, 0x0, 0x0, 0x0, 0x2, 0xff, 0xf8, 0x0,
    0x7f, 0xff, 0x0, 0x0, 0x0, 0x0, 0x1f, 0xff,
    0xc0, 0xb, 0xff, 0xe0, 0x0, 0x0, 0x0, 0x0,
    0xff, 0xfd, 0x0, 0xff, 0xfc, 0x0, 0x0, 0x0,
    0x0, 0xb, 0xff, 0xe0, 0x1f, 0xff, 0xc0, 0x0,
    0x0, 0x0, 0x0, 0x7f, 0xff, 0x3, 0xff, 0xf8,
    0x0, 0x0, 0x0, 0x0, 0x3, 0xff, 0xf4, 0x3f,
    0xff, 0x0, 0x0, 0x0, 0x0, 0x0, 0x2f, 0xff,
    0x8b, 0xff, 0xf0, 0x0, 0x0, 0x0, 0x0, 0x1,
    0xff, 0xfc,

    /* U+0042 "B" */
    0xff, 0xff, 0xff, 0xff, 0xff, 0x90, 0x0, 0x3,
    0xff, 0xff, 0xff, 0xff, 0xff, 0xf8, 0x0, 0xf,
    0xff, 0xff, 0xff, 0xff, 0xff, 0xfd, 0x0, 0x3f,
    0xff, 0xff, 0xff, 0xff, 0xff, 0xfe, 0x0, 0xff,
    0xff, 0xff, 0xff, 0xff, 0xff, 0xfe, 0x3, 0xff,
    0xff, 0xff, 0xff, 0xff, 0xff, 0xfc, 0xf, 0xff,
    0xd0, 0x0, 0x1, 0x7f, 0xff, 0xf8, 0x3f, 0xff,
    0x0, 0x0, 0x0, 0x1f, 0xff, 0xf0, 0xff, 0xfc,
    0x0, 0x0, 0x0, 0x1f, 0xff, 0xd3, 0xff, 0xf0,
    0x0, 0x0, 0x0, 0x2f, 0xff, 0x8f, 0xff, 0xc0,
    0x0, 0x0, 0x0, 0x7f, 0xff, 0x3f, 0xff, 0x0,
    0x0, 0x0, 0x0, 0xff, 0xfc, 0xff, 0xfc, 0x0,
    0x0, 0x0, 0x3, 0xff, 0xf3, 0xff, 0xf0, 0x0,
    0x0, 0x0, 0xf, 0xff, 0xcf, 0xff, 0xc0, 0x0,
    0x0, 0x0, 0x7f, 0xfe, 0x3f, 0xff, 0x0, 0x0,
    0x0, 0x2, 0xff, 0xf4, 0xff, 0xfc, 0x0, 0x0,
    0x0, 0x1f, 0xff, 0xc3, 0xff, 0xf0, 0x0, 0x0,
    0x1, 0xff, 0xfe, 0xf, 0xff, 0xd0, 0x0, 0x1,
    0x7f, 0xff, 0xf0, 0x3f, 0xff, 0xff, 0xff, 0xff,
    0xff, 0xff, 0x0, 0xff, 0xff, 0xff, 0xff, 0xff,
    0xff, 0xf0, 0x3, 0xff, 0xff, 0xff, 0xff, 0xff,
    0xfe, 0x0, 0xf, 0xff, 0xff, 0xff, 0xff, 0xff,
    0xfe, 0x0, 0x3f, 0xff, 0xff, 0xff, 0xff, 0xff,
    0xff, 0x0, 0xff, 0xff, 0xff, 0xff, 0xff, 0xff,
    0xff, 0x3, 0xff, 0xf0, 0x0, 0x0, 0x7, 0xff,
    0xff, 0xf, 0xff, 0xc0, 0x0, 0x0, 0x1, 0xff,
    0xfd, 0x3f, 0xff, 0x0, 0x0, 0x0, 0x2, 0xff,
    0xfc, 0xff, 0xfc, 0x0, 0x0, 0x0, 0x3, 0xff,
    0xf3, 0xff, 0xf0, 0x0, 0x0, 0x0, 0xb, 0xff,
    0xdf, 0xff, 0xc0, 0x0, 0x0, 0x0, 0x2f, 0xff,
    0x7f, 0xff, 0x0, 0x0, 0x0, 0x0, 0xbf, 0xfd,
    0xff, 0xfc, 0x0, 0x0, 0x0, 0x2, 0xff, 0xf7,
    0xff, 0xf0, 0x0, 0x0, 0x0, 0xf, 0xff, 0xdf,
    0xff, 0xc0, 0x0, 0x0, 0x0, 0x3f, 0xff, 0x7f,
    0xff, 0x0, 0x0, 0x0, 0x3, 0xff, 0xfc, 0xff,
    0xfc, 0x0, 0x0, 0x0, 0x2f, 0xff, 0xe3, 0xff,
    0xf4, 0x0, 0x0, 0x1b, 0xff, 0xff, 0x4f, 0xff,
    0xff, 0xff, 0xff, 0xff, 0xff, 0xfc, 0x3f, 0xff,
    0xff, 0xff, 0xff, 0xff, 0xff, 0xc0, 0xff, 0xff,
    0xff, 0xff, 0xff, 0xff, 0xfc, 0x3, 0xff, 0xff,
    0xff, 0xff, 0xff, 0xff, 0xc0, 0xf, 0xff, 0xff,
    0xff, 0xff, 0xff, 0xf4, 0x0, 0x3f, 0xff, 0xff,
    0xff, 0xff, 0xe4, 0x0, 0x0,

    /* U+0043 "C" */
    0x0, 0x0, 0x2, 0xbf, 0xfe, 0x90, 0x0, 0x0,
    0x0, 0x0, 0xbf, 0xff, 0xff, 0xfe, 0x0, 0x0,
    0x0, 0x7, 0xff, 0xff, 0xff, 0xff, 0xe0, 0x0,
    0x0, 0x2f, 0xff, 0xff, 0xff, 0xff, 0xfc, 0x0,
    0x0, 0xbf, 0xff, 0xff, 0xff, 0xff, 0xff, 0x0,
    0x1, 0xff, 0xff, 0xff, 0xff, 0xff, 0xff, 0xc0,
    0x3, 0xff, 0xff, 0xe5, 0x5b, 0xff, 0xff, 0xe0,
    0xb, 0xff, 0xfd, 0x0, 0x0, 0x3f, 0xff, 0xf0,
    0xf, 0xff, 0xf0, 0x0, 0x0, 0xb, 0xff, 0xf8,
    0x1f, 0xff, 0xd0, 0x0, 0x0, 0x3, 0xff, 0xfc,
    0x2f, 0xff, 0x80, 0x0, 0x0, 0x0, 0xff, 0xfc,
    0x3f, 0xff, 0x40, 0x0, 0x0, 0x0, 0xff, 0xfd,
    0x3f, 0xff, 0x0, 0x0, 0x0, 0x0, 0xbf, 0xfd,
    0x7f, 0xff, 0x0, 0x0, 0x0, 0x0, 0x7f, 0xfd,
    0x7f, 0xfe, 0x0, 0x0, 0x0, 0x0, 0x0, 0x0,
    0x7f, 0xfe, 0x0, 0x0, 0x0, 0x0, 0x0, 0x0,
    0x7f, 0xfe, 0x0, 0x0, 0x0, 0x0, 0x0, 0x0,
    0x7f, 0xfe, 0x0, 0x0, 0x0, 0x0, 0x0, 0x0,
    0xbf, 0xfe, 0x0, 0x0, 0x0, 0x0, 0x0, 0x0,
    0xbf, 0xfe, 0x0, 0x0, 0x0, 0x0, 0x0, 0x0,
    0xbf, 0xfe, 0x0, 0x0, 0x0, 0x0, 0x0, 0x0,
    0xbf, 0xfe, 0x0, 0x0, 0x0, 0x0, 0x0, 0x0,
    0xbf, 0xfe, 0x0, 0x0, 0x0, 0x0, 0x0, 0x0,
    0xbf, 0xfe, 0x0, 0x0, 0x0, 0x0, 0x0, 0x0,
    0xbf, 0xfe, 0x0, 0x0, 0x0, 0x0, 0x0, 0x0,
    0xbf, 0xfe, 0x0, 0x0, 0x0, 0x0, 0x0, 0x0,
    0xbf, 0xfe, 0x0, 0x0, 0x0, 0x0, 0x0, 0x0,
    0x7f, 0xfe, 0x0, 0x0, 0x0, 0x0, 0x0, 0x0,
    0x7f, 0xfe, 0x0, 0x0, 0x0, 0x0, 0x0, 0x0,
    0x7f, 0xfe, 0x0, 0x0, 0x0, 0x0, 0x0, 0x0,
    0x7f, 0xfe, 0x0, 0x0, 0x0, 0x0, 0x0, 0x0,
    0x7f, 0xff, 0x0, 0x0, 0x0, 0x0, 0x6a, 0xa8,
    0x3f, 0xff, 0x0, 0x0, 0x0, 0x0, 0xbf, 0xfd,
    0x3f, 0xff, 0x40, 0x0, 0x0, 0x0, 0xff, 0xfc,
    0x2f, 0xff, 0x80, 0x0, 0x0, 0x0, 0xff, 0xfc,
    0x1f, 0xff, 0xd0, 0x0, 0x0, 0x3, 0xff, 0xfc,
    0xf, 0xff, 0xf0, 0x0, 0x0, 0xb, 0xff, 0xf8,
    0xb, 0xff, 0xfd, 0x0, 0x0, 0x3f, 0xff, 0xf0,
    0x3, 0xff, 0xff, 0xe5, 0x5b, 0xff, 0xff, 0xe0,
    0x2, 0xff, 0xff, 0xff, 0xff, 0xff, 0xff, 0xc0,
    0x0, 0xbf, 0xff, 0xff, 0xff, 0xff, 0xff, 0x0,
    0x0, 0x2f, 0xff, 0xff, 0xff, 0xff, 0xfd, 0x0,
    0x0, 0x7, 0xff, 0xff, 0xff, 0xff, 0xe0, 0x0,
    0x0, 0x0, 0xbf, 0xff, 0xff, 0xfe, 0x40, 0x0,
    0x0, 0x0, 0x6, 0xbf, 0xff, 0x90, 0x0, 0x0,

    /* U+0044 "D" */
    0xff, 0xff, 0xff, 0xff, 0xfe, 0x40, 0x0, 0x3,
    0xff, 0xff, 0xff, 0xff, 0xff, 0xe0, 0x0, 0xf,
    0xff, 0xff, 0xff, 0xff, 0xff, 0xf8, 0x0, 0x3f,
    0xff, 0xff, 0xff, 0xff, 0xff, 0xfc, 0x0, 0xff,
    0xff, 0xff, 0xff, 0xff, 0xff, 0xfc, 0x3, 0xff,
    0xff, 0xff, 0xff, 0xff, 0xff, 0xfc, 0xf, 0xff,
    0xd0, 0x0, 0x5, 0xff, 0xff, 0xf4, 0x3f, 0xff,
    0x40, 0x0, 0x0, 0x3f, 0xff, 0xf0, 0xff, 0xfd,
    0x0, 0x0, 0x0, 0x3f, 0xff, 0xd3, 0xff, 0xf4,
    0x0, 0x0, 0x0, 0x3f, 0xff, 0x8f, 0xff, 0xd0,
    0x0, 0x0, 0x0, 0xbf, 0xff, 0x3f, 0xff, 0x40,
    0x0, 0x0, 0x0, 0xff, 0xfc, 0xff, 0xfd, 0x0,
    0x0, 0x0, 0x3, 0xff, 0xf7, 0xff, 0xf4, 0x0,
    0x0, 0x0, 0xb, 0xff, 0xef, 0xff, 0xd0, 0x0,
    0x0, 0x0, 0x1f, 0xff, 0xbf, 0xff, 0x40, 0x0,
    0x0, 0x0, 0x7f, 0xfe, 0xff, 0xfd, 0x0, 0x0,
    0x0, 0x1, 0xff, 0xfb, 0xff, 0xf4, 0x0, 0x0,
    0x0, 0x7, 0xff, 0xff, 0xff, 0xd0, 0x0, 0x0,
    0x0, 0x1f, 0xff, 0xff, 0xff, 0x40, 0x0, 0x0,
    0x0, 0x7f, 0xff, 0xff, 0xfd, 0x0, 0x0, 0x0,
    0x1, 0xff, 0xff, 0xff, 0xf4, 0x0, 0x0, 0x0,
    0x7, 0xff, 0xff, 0xff, 0xd0, 0x0, 0x0, 0x0,
    0x1f, 0xff, 0xff, 0xff, 0x40, 0x0, 0x0, 0x0,
    0x7f, 0xff, 0xff, 0xfd, 0x0, 0x0, 0x0, 0x1,
    0xff, 0xff, 0xff, 0xf4, 0x0, 0x0, 0x0, 0x7,
    0xff, 0xff, 0xff, 0xd0, 0x0, 0x0, 0x0, 0x1f,
    0xff, 0xff, 0xff, 0x40, 0x0, 0x0, 0x0, 0x7f,
    0xfe, 0xff, 0xfd, 0x0, 0x0, 0x0, 0x1, 0xff,
    0xfb, 0xff, 0xf4, 0x0, 0x0, 0x0, 0x7, 0xff,
    0xef, 0xff, 0xd0, 0x0, 0x0, 0x0, 0x2f, 0xff,
    0xbf, 0xff, 0x40, 0x0, 0x0, 0x0, 0xff, 0xfd,
    0xff, 0xfd, 0x0, 0x0, 0x0, 0x3, 0xff, 0xf3,
    0xff, 0xf4, 0x0, 0x0, 0x0, 0x1f, 0xff, 0xcf,
    0xff, 0xd0, 0x0, 0x0, 0x0, 0xff, 0xfe, 0x3f,
    0xff, 0x40, 0x0, 0x0, 0xf, 0xff, 0xf4, 0xff,
    0xfd, 0x0, 0x0, 0x0, 0xff, 0xff, 0xc3, 0xff,
    0xf4, 0x0, 0x5, 0x7f, 0xff, 0xfd, 0xf, 0xff,
    0xff, 0xff, 0xff, 0xff, 0xff, 0xe0, 0x3f, 0xff,
    0xff, 0xff, 0xff, 0xff, 0xff, 0x0, 0xff, 0xff,
    0xff, 0xff, 0xff, 0xff, 0xf0, 0x3, 0xff, 0xff,
    0xff, 0xff, 0xff, 0xfe, 0x0, 0xf, 0xff, 0xff,
    0xff, 0xff, 0xff, 0x80, 0x0, 0x3f, 0xff, 0xff,
    0xff, 0xfe, 0x90, 0x0, 0x0,

    /* U+0045 "E" */
    0xff, 0xff, 0xff, 0xff, 0xff, 0xff, 0xff, 0x3f,
    0xff, 0xff, 0xff, 0xff, 0xff, 0xff, 0xcf, 0xff,
    0xff, 0xff, 0xff, 0xff, 0xff, 0xf3, 0xff, 0xff,
    0xff, 0xff, 0xff, 0xff, 0xfc, 0xff, 0xff, 0xff,
    0xff, 0xff, 0xff, 0xff, 0x3f, 0xff, 0xff, 0xff,
    0xff, 0xff, 0xff, 0xcf, 0xff, 0xd0, 0x0, 0x0,
    0x0, 0x0, 0x3, 0xff, 0xf0, 0x0, 0x0, 0x0,
    0x0, 0x0, 0xff, 0xfc, 0x0, 0x0, 0x0, 0x0,
    0x0, 0x3f, 0xff, 0x0, 0x0, 0x0, 0x0, 0x0,
    0xf, 0xff, 0xc0, 0x0, 0x0, 0x0, 0x0, 0x3,
    0xff, 0xf0, 0x0, 0x0, 0x0, 0x0, 0x0, 0xff,
    0xfc, 0x0, 0x0, 0x0, 0x0, 0x0, 0x3f, 0xff,
    0x0, 0x0, 0x0, 0x0, 0x0, 0xf, 0xff, 0xc0,
    0x0, 0x0, 0x0, 0x0, 0x3, 0xff, 0xf0, 0x0,
    0x0, 0x0, 0x0, 0x0, 0xff, 0xfc, 0x0, 0x0,
    0x0, 0x0, 0x0, 0x3f, 0xff, 0x0, 0x0, 0x0,
    0x0, 0x0, 0xf, 0xff, 0xd0, 0x0, 0x0, 0x0,
    0x0, 0x3, 0xff, 0xff, 0xff, 0xff, 0xff, 0xff,
    0x0, 0xff, 0xff, 0xff, 0xff, 0xff, 0xff, 0xc0,
    0x3f, 0xff, 0xff, 0xff, 0xff, 0xff, 0xf0, 0xf,
    0xff, 0xff, 0xff, 0xff, 0xff, 0xfc, 0x3, 0xff,
    0xff, 0xff, 0xff, 0xff, 0xff, 0x0, 0xff, 0xff,
    0xff, 0xff, 0xff, 0xff, 0xc0, 0x3f, 0xff, 0x0,
    0x0, 0x0, 0x0, 0x0, 0xf, 0xff, 0xc0, 0x0,
    0x0, 0x0, 0x0, 0x3, 0xff, 0xf0, 0x0, 0x0,
    0x0, 0x0, 0x0, 0xff, 0xfc, 0x0, 0x0, 0x0,
    0x0, 0x0, 0x3f, 0xff, 0x0, 0x0, 0x0, 0x0,
    0x0, 0xf, 0xff, 0xc0, 0x0, 0x0, 0x0, 0x0,
    0x3, 0xff, 0xf0, 0x0, 0x0, 0x0, 0x0, 0x0,
    0xff, 0xfc, 0x0, 0x0, 0x0, 0x0, 0x0, 0x3f,
    0xff, 0x0, 0x0, 0x0, 0x0, 0x0, 0xf, 0xff,
    0xc0, 0x0, 0x0, 0x0, 0x0, 0x3, 0xff, 0xf0,
    0x0, 0x0, 0x0, 0x0, 0x0, 0xff, 0xfc, 0x0,
    0x0, 0x0, 0x0, 0x0, 0x3f, 0xff, 0x40, 0x0,
    0x0, 0x0, 0x0, 0xf, 0xff, 0xff, 0xff, 0xff,
    0xff, 0xff, 0xf3, 0xff, 0xff, 0xff, 0xff, 0xff,
    0xff, 0xfc, 0xff, 0xff, 0xff, 0xff, 0xff, 0xff,
    0xff, 0x3f, 0xff, 0xff, 0xff, 0xff, 0xff, 0xff,
    0xcf, 0xff, 0xff, 0xff, 0xff, 0xff, 0xff, 0xf3,
    0xff, 0xff, 0xff, 0xff, 0xff, 0xff, 0xfc,

    /* U+0046 "F" */
    0xff, 0xff, 0xff, 0xff, 0xff, 0xff, 0xff, 0x3f,
    0xff, 0xff, 0xff, 0xff, 0xff, 0xff, 0xcf, 0xff,
    0xff, 0xff, 0xff, 0xff, 0xff, 0xf3, 0xff, 0xff,
    0xff, 0xff, 0xff, 0xff, 0xfc, 0xff, 0xff, 0xff,
    0xff, 0xff, 0xff, 0xff, 0x3f, 0xff, 0xff, 0xff,
    0xff, 0xff, 0xff, 0xcf, 0xff, 0xd0, 0x0, 0x0,
    0x0, 0x0, 0x3, 0xff, 0xf0, 0x0, 0x0, 0x0,
    0x0, 0x0, 0xff, 0xfc, 0x0, 0x0, 0x0, 0x0,
    0x0, 0x3f, 0xff, 0x0, 0x0, 0x0, 0x0, 0x0,
    0xf, 0xff, 0xc0, 0x0, 0x0, 0x0, 0x0, 0x3,
    0xff, 0xf0, 0x0, 0x0, 0x0, 0x0, 0x0, 0xff,
    0xfc, 0x0, 0x0, 0x0, 0x0, 0x0, 0x3f, 0xff,
    0x0, 0x0, 0x0, 0x0, 0x0, 0xf, 0xff, 0xc0,
    0x0, 0x0, 0x0, 0x0, 0x3, 0xff, 0xf0, 0x0,
    0x0, 0x0, 0x0, 0x0, 0xff, 0xfc, 0x0, 0x0,
    0x0, 0x0, 0x0, 0x3f, 0xff, 0x0, 0x0, 0x0,
    0x0, 0x0, 0xf, 0xff, 0xc0, 0x0, 0x0, 0x0,
    0x0, 0x3, 0xff, 0xff, 0xff, 0xff, 0xff, 0xff,
    0x40, 0xff, 0xff, 0xff, 0xff, 0xff, 0xff, 0xd0,
    0x3f, 0xff, 0xff, 0xff, 0xff, 0xff, 0xf4, 0xf,
    0xff, 0xff, 0xff, 0xff, 0xff, 0xfd, 0x3, 0xff,
    0xff, 0xff, 0xff, 0xff, 0xff, 0x40, 0xff, 0xff,
    0xff, 0xff, 0xff, 0xff, 0xd0, 0x3f, 0xff, 0x40,
    0x0, 0x0, 0x0, 0x0, 0xf, 0xff, 0xc0, 0x0,
    0x0, 0x0, 0x0, 0x3, 0xff, 0xf0, 0x0, 0x0,
    0x0, 0x0, 0x0, 0xff, 0xfc, 0x0, 0x0, 0x0,
    0x0, 0x0, 0x3f, 0xff, 0x0, 0x0, 0x0, 0x0,
    0x0, 0xf, 0xff, 0xc0, 0x0, 0x0, 0x0, 0x0,
    0x3, 0xff, 0xf0, 0x0, 0x0, 0x0, 0x0, 0x0,
    0xff, 0xfc, 0x0, 0x0, 0x0, 0x0, 0x0, 0x3f,
    0xff, 0x0, 0x0, 0x0, 0x0, 0x0, 0xf, 0xff,
    0xc0, 0x0, 0x0, 0x0, 0x0, 0x3, 0xff, 0xf0,
    0x0, 0x0, 0x0, 0x0, 0x0, 0xff, 0xfc, 0x0,
    0x0, 0x0, 0x0, 0x0, 0x3f, 0xff, 0x0, 0x0,
    0x0, 0x0, 0x0, 0xf, 0xff, 0xc0, 0x0, 0x0,
    0x0, 0x0, 0x3, 0xff, 0xf0, 0x0, 0x0, 0x0,
    0x0, 0x0, 0xff, 0xfc, 0x0, 0x0, 0x0, 0x0,
    0x0, 0x3f, 0xff, 0x0, 0x0, 0x0, 0x0, 0x0,
    0xf, 0xff, 0xc0, 0x0, 0x0, 0x0, 0x0, 0x3,
    0xff, 0xf0, 0x0, 0x0, 0x0, 0x0, 0x0,

    /* U+0047 "G" */
    0x0, 0x0, 0x6, 0xbf, 0xfe, 0x90, 0x0, 0x0,
    0x0, 0x0, 0xbf, 0xff, 0xff, 0xfe, 0x0, 0x0,
    0x0, 0x7, 0xff, 0xff, 0xff, 0xff, 0xe0, 0x0,
    0x0, 0x2f, 0xff, 0xff, 0xff, 0xff, 0xfc, 0x0,
    0x0, 0xbf, 0xff, 0xff, 0xff, 0xff, 0xff, 0x0,
    0x1, 0xff, 0xff, 0xff, 0xff, 0xff, 0xff, 0x80,
    0x3, 0xff, 0xff, 0xe5, 0x5b, 0xff, 0xff, 0xd0,
    0xb, 0xff, 0xfd, 0x0, 0x0, 0x3f, 0xff, 0xf0,
    0xf, 0xff, 0xf0, 0x0, 0x0, 0xb, 0xff, 0xf4,
    0x1f, 0xff, 0xd0, 0x0, 0x0, 0x3, 0xff, 0xfc,
    0x2f, 0xff, 0x80, 0x0, 0x0, 0x1, 0xff, 0xfc,
    0x3f, 0xff, 0x40, 0x0, 0x0, 0x0, 0xff, 0xfc,
    0x3f, 0xff, 0x0, 0x0, 0x0, 0x0, 0xbf, 0xfd,
    0x7f, 0xff, 0x0, 0x0, 0x0, 0x0, 0xbf, 0xfd,
    0x7f, 0xfe, 0x0, 0x0, 0x0, 0x0, 0x0, 0x0,
    0x7f, 0xfe, 0x0, 0x0, 0x0, 0x0, 0x0, 0x0,
    0x7f, 0xfe, 0x0, 0x0, 0x0, 0x0, 0x0, 0x0,
    0x7f, 0xfe, 0x0, 0x0, 0x0, 0x0, 0x0, 0x0,
    0xbf, 0xfe, 0x0, 0x0, 0x0, 0x0, 0x0, 0x0,
    0xbf, 0xfe, 0x0, 0x0, 0x0, 0x0, 0x0, 0x0,
    0xbf, 0xfe, 0x0, 0x0, 0x0, 0x0, 0x0, 0x0,
    0xbf, 0xfe, 0x0, 0x0, 0xff, 0xff, 0xff, 0xfd,
    0xbf, 0xfe, 0x0, 0x0, 0xff, 0xff, 0xff, 0xfe,
    0xbf, 0xfe, 0x0, 0x0, 0xff, 0xff, 0xff, 0xfe,
    0xbf, 0xfe, 0x0, 0x0, 0xff, 0xff, 0xff, 0xfe,
    0xbf, 0xfe, 0x0, 0x0, 0xff, 0xff, 0xff, 0xfe,
    0xbf, 0xfe, 0x0, 0x0, 0xff, 0xff, 0xff, 0xfe,
    0x7f, 0xfe, 0x0, 0x0, 0x0, 0x0, 0x7f, 0xfe,
    0x7f, 0xfe, 0x0, 0x0, 0x0, 0x0, 0x7f, 0xfe,
    0x7f, 0xfe, 0x0, 0x0, 0x0, 0x0, 0x7f, 0xfd,
    0x7f, 0xfe, 0x0, 0x0, 0x0, 0x0, 0x7f, 0xfd,
    0x7f, 0xff, 0x0, 0x0, 0x0, 0x0, 0xbf, 0xfd,
    0x3f, 0xff, 0x0, 0x0, 0x0, 0x0, 0xbf, 0xfc,
    0x3f, 0xff, 0x40, 0x0, 0x0, 0x0, 0xff, 0xfc,
    0x2f, 0xff, 0x80, 0x0, 0x0, 0x1, 0xff, 0xfc,
    0x1f, 0xff, 0xd0, 0x0, 0x0, 0x3, 0xff, 0xf8,
    0xf, 0xff, 0xf0, 0x0, 0x0, 0xb, 0xff, 0xf0,
    0xb, 0xff, 0xfe, 0x0, 0x0, 0x2f, 0xff, 0xf0,
    0x3, 0xff, 0xff, 0xe9, 0x5b, 0xff, 0xff, 0xd0,
    0x2, 0xff, 0xff, 0xff, 0xff, 0xff, 0xff, 0x80,
    0x0, 0xbf, 0xff, 0xff, 0xff, 0xff, 0xff, 0x0,
    0x0, 0x2f, 0xff, 0xff, 0xff, 0xff, 0xfc, 0x0,
    0x0, 0x7, 0xff, 0xff, 0xff, 0xff, 0xe0, 0x0,
    0x0, 0x0, 0xbf, 0xff, 0xff, 0xfe, 0x0, 0x0,
    0x0, 0x0, 0x6, 0xbf, 0xff, 0x90, 0x0, 0x0,

    /* U+0048 "H" */
    0xff, 0xfc, 0x0, 0x0, 0x0, 0x1, 0xff, 0xfb,
    0xff, 0xf0, 0x0, 0x0, 0x0, 0x7, 0xff, 0xef,
    0xff, 0xc0, 0x0, 0x0, 0x0, 0x1f, 0xff, 0xbf,
    0xff, 0x0, 0x0, 0x0, 0x0, 0x7f, 0xfe, 0xff,
    0xfc, 0x0, 0x0, 0x0, 0x1, 0xff, 0xfb, 0xff,
    0xf0, 0x0, 0x0, 0x0, 0x7, 0xff, 0xef, 0xff,
    0xc0, 0x0, 0x0, 0x0, 0x1f, 0xff, 0xbf, 0xff,
    0x0, 0x0, 0x0, 0x0, 0x7f, 0xfe, 0xff, 0xfc,
    0x0, 0x0, 0x0, 0x1, 0xff, 0xfb, 0xff, 0xf0,
    0x0, 0x0, 0x0, 0x7, 0xff, 0xef, 0xff, 0xc0,
    0x0, 0x0, 0x0, 0x1f, 0xff, 0xbf, 0xff, 0x0,
    0x0, 0x0, 0x0, 0x7f, 0xfe, 0xff, 0xfc, 0x0,
    0x0, 0x0, 0x1, 0xff, 0xfb, 0xff, 0xf0, 0x0,
    0x0, 0x0, 0x7, 0xff, 0xef, 0xff, 0xc0, 0x0,
    0x0, 0x0, 0x1f, 0xff, 0xbf, 0xff, 0x0, 0x0,
    0x0, 0x0, 0x7f, 0xfe, 0xff, 0xfc, 0x0, 0x0,
    0x0, 0x1, 0xff, 0xfb, 0xff, 0xf0, 0x0, 0x0,
    0x0, 0x7, 0xff, 0xef, 0xff, 0xd0, 0x0, 0x0,
    0x0, 0x2f, 0xff, 0xbf, 0xff, 0xff, 0xff, 0xff,
    0xff, 0xff, 0xfe, 0xff, 0xff, 0xff, 0xff, 0xff,
    0xff, 0xff, 0xfb, 0xff, 0xff, 0xff, 0xff, 0xff,
    0xff, 0xff, 0xef, 0xff, 0xff, 0xff, 0xff, 0xff,
    0xff, 0xff, 0xbf, 0xff, 0xff, 0xff, 0xff, 0xff,
    0xff, 0xfe, 0xff, 0xff, 0xff, 0xff, 0xff, 0xff,
    0xff, 0xfb, 0xff, 0xf0, 0x0, 0x0, 0x0, 0x7,
    0xff, 0xef, 0xff, 0xc0, 0x0, 0x0, 0x0, 0x1f,
    0xff, 0xbf, 0xff, 0x0, 0x0, 0x0, 0x0, 0x7f,
    0xfe, 0xff, 0xfc, 0x0, 0x0, 0x0, 0x1, 0xff,
    0xfb, 0xff, 0xf0, 0x0, 0x0, 0x0, 0x7, 0xff,
    0xef, 0xff, 0xc0, 0x0, 0x0, 0x0, 0x1f, 0xff,
    0xbf, 0xff, 0x0, 0x0, 0x0, 0x0, 0x7f, 0xfe,
    0xff, 0xfc, 0x0, 0x0, 0x0, 0x1, 0xff, 0xfb,
    0xff, 0xf0, 0x0, 0x0, 0x0, 0x7, 0xff, 0xef,
    0xff, 0xc0, 0x0, 0x0, 0x0, 0x1f, 0xff, 0xbf,
    0xff, 0x0, 0x0, 0x0, 0x0, 0x7f, 0xfe, 0xff,
    0xfc, 0x0, 0x0, 0x0, 0x1, 0xff, 0xfb, 0xff,
    0xf0, 0x0, 0x0, 0x0, 0x7, 0xff, 0xef, 0xff,
    0xc0, 0x0, 0x0, 0x0, 0x1f, 0xff, 0xbf, 0xff,
    0x0, 0x0, 0x0, 0x0, 0x7f, 0xfe, 0xff, 0xfc,
    0x0, 0x0, 0x0, 0x1, 0xff, 0xfb, 0xff, 0xf0,
    0x0, 0x0, 0x0, 0x7, 0xff, 0xef, 0xff, 0xc0,
    0x0, 0x0, 0x0, 0x1f, 0xff, 0xbf, 0xff, 0x0,
    0x0, 0x0, 0x0, 0x7f, 0xfe,

    /* U+0049 "I" */
    0xbf, 0xfd, 0xbf, 0xfd, 0xbf, 0xfd, 0xbf, 0xfd,
    0xbf, 0xfd, 0xbf, 0xfd, 0xbf, 0xfd, 0xbf, 0xfd,
    0xbf, 0xfd, 0xbf, 0xfd, 0xbf, 0xfd, 0xbf, 0xfd,
    0xbf, 0xfd, 0xbf, 0xfd, 0xbf, 0xfd, 0xbf, 0xfd,
    0xbf, 0xfd, 0xbf, 0xfd, 0xbf, 0xfd, 0xbf, 0xfd,
    0xbf, 0xfd, 0xbf, 0xfd, 0xbf, 0xfd, 0xbf, 0xfd,
    0xbf, 0xfd, 0xbf, 0xfd, 0xbf, 0xfd, 0xbf, 0xfd,
    0xbf, 0xfd, 0xbf, 0xfd, 0xbf, 0xfd, 0xbf, 0xfd,
    0xbf, 0xfd, 0xbf, 0xfd, 0xbf, 0xfd, 0xbf, 0xfd,
    0xbf, 0xfd, 0xbf, 0xfd, 0xbf, 0xfd, 0xbf, 0xfd,
    0xbf, 0xfd, 0xbf, 0xfd, 0xbf, 0xfd, 0xbf, 0xfd,

    /* U+004A "J" */
    0x0, 0x0, 0xff, 0xfc, 0x0, 0x3, 0xff, 0xf0,
    0x0, 0xf, 0xff, 0xc0, 0x0, 0x3f, 0xff, 0x0,
    0x0, 0xff, 0xfc, 0x0, 0x3, 0xff, 0xf0, 0x0,
    0xf, 0xff, 0xc0, 0x0, 0x3f, 0xff, 0x0, 0x0,
    0xff, 0xfc, 0x0, 0x3, 0xff, 0xf0, 0x0, 0xf,
    0xff, 0xc0, 0x0, 0x3f, 0xff, 0x0, 0x0, 0xff,
    0xfc, 0x0, 0x3, 0xff, 0xf0, 0x0, 0xf, 0xff,
    0xc0, 0x0, 0x3f, 0xff, 0x0, 0x0, 0xff, 0xfc,
    0x0, 0x3, 0xff, 0xf0, 0x0, 0xf, 0xff, 0xc0,
    0x0, 0x3f, 0xff, 0x0, 0x0, 0xff, 0xfc, 0x0,
    0x3, 0xff, 0xf0, 0x0, 0xf, 0xff, 0xc0, 0x0,
    0x3f, 0xff, 0x0, 0x0, 0xff, 0xfc, 0x0, 0x3,
    0xff, 0xf0, 0x0, 0xf, 0xff, 0xc0, 0x0, 0x3f,
    0xff, 0x0, 0x0, 0xff, 0xfc, 0x0, 0x3, 0xff,
    0xf0, 0x0, 0xf, 0xff, 0xc0, 0x0, 0x3f, 0xff,
    0x0, 0x0, 0xff, 0xfc, 0x0, 0x3, 0xff, 0xf0,
    0x0, 0x1f, 0xff, 0xc0, 0x0, 0x7f, 0xff, 0x0,
    0x3, 0xff, 0xf8, 0x1, 0x7f, 0xff, 0xe7, 0xff,
    0xff, 0xff, 0x1f, 0xff, 0xff, 0xfc, 0x7f, 0xff,
    0xff, 0xd1, 0xff, 0xff, 0xfd, 0x7, 0xff, 0xff,
    0xd0, 0x1f, 0xff, 0xe4, 0x0,

    /* U+004B "K" */
    0xff, 0xfc, 0x0, 0x0, 0x0, 0x1, 0xff, 0xff,
    0xf, 0xff, 0xc0, 0x0, 0x0, 0x0, 0x3f, 0xff,
    0xc0, 0xff, 0xfc, 0x0, 0x0, 0x0, 0xf, 0xff,
    0xf4, 0xf, 0xff, 0xc0, 0x0, 0x0, 0x2, 0xff,
    0xfe, 0x0, 0xff, 0xfc, 0x0, 0x0, 0x0, 0x7f,
    0xff, 0xc0, 0xf, 0xff, 0xc0, 0x0, 0x0, 0xf,
    0xff, 0xf0, 0x0, 0xff, 0xfc, 0x0, 0x0, 0x3,
    0xff, 0xfc, 0x0, 0xf, 0xff, 0xc0, 0x0, 0x0,
    0xbf, 0xff, 0x40, 0x0, 0xff, 0xfc, 0x0, 0x0,
    0x1f, 0xff, 0xe0, 0x0, 0xf, 0xff, 0xc0, 0x0,
    0x3, 0xff, 0xfc, 0x0, 0x0, 0xff, 0xfc, 0x0,
    0x0, 0xff, 0xff, 0x0, 0x0, 0xf, 0xff, 0xc0,
    0x0, 0x2f, 0xff, 0xd0, 0x0, 0x0, 0xff, 0xfc,
    0x0, 0x7, 0xff, 0xf4, 0x0, 0x0, 0xf, 0xff,
    0xc0, 0x0, 0xff, 0xfe, 0x0, 0x0, 0x0, 0xff,
    0xfc, 0x0, 0x3f, 0xff, 0xc0, 0x0, 0x0, 0xf,
    0xff, 0xc0, 0xb, 0xff, 0xf0, 0x0, 0x0, 0x0,
    0xff, 0xfc, 0x1, 0xff, 0xfd, 0x0, 0x0, 0x0,
    0xf, 0xff, 0xc0, 0x7f, 0xff, 0x80, 0x0, 0x0,
    0x0, 0xff, 0xfc, 0xf, 0xff, 0xfc, 0x0, 0x0,
    0x0, 0xf, 0xff, 0xc2, 0xff, 0xff, 0xe0, 0x0,
    0x0, 0x0, 0xff, 0xfc, 0xbf, 0xff, 0xff, 0x0,
    0x0, 0x0, 0xf, 0xff, 0xdf, 0xff, 0xff, 0xfc,
    0x0, 0x0, 0x0, 0xff, 0xff, 0xff, 0xff, 0xff,
    0xd0, 0x0, 0x0, 0xf, 0xff, 0xff, 0xfe, 0xff,
    0xff, 0x0, 0x0, 0x0, 0xff, 0xff, 0xff, 0xc7,
    0xff, 0xf8, 0x0, 0x0, 0xf, 0xff, 0xff, 0xf0,
    0x3f, 0xff, 0xc0, 0x0, 0x0, 0xff, 0xff, 0xfd,
    0x0, 0xff, 0xfe, 0x0, 0x0, 0xf, 0xff, 0xff,
    0x80, 0xb, 0xff, 0xf4, 0x0, 0x0, 0xff, 0xff,
    0xf0, 0x0, 0x3f, 0xff, 0xc0, 0x0, 0xf, 0xff,
    0xfc, 0x0, 0x2, 0xff, 0xfd, 0x0, 0x0, 0xff,
    0xff, 0x0, 0x0, 0xf, 0xff, 0xf0, 0x0, 0xf,
    0xff, 0xd0, 0x0, 0x0, 0x7f, 0xff, 0x80, 0x0,
    0xff, 0xfc, 0x0, 0x0, 0x3, 0xff, 0xfc, 0x0,
    0xf, 0xff, 0xc0, 0x0, 0x0, 0x1f, 0xff, 0xe0,
    0x0, 0xff, 0xfc, 0x0, 0x0, 0x0, 0xbf, 0xff,
    0x40, 0xf, 0xff, 0xc0, 0x0, 0x0, 0x3, 0xff,
    0xfc, 0x0, 0xff, 0xfc, 0x0, 0x0, 0x0, 0x2f,
    0xff, 0xd0, 0xf, 0xff, 0xc0, 0x0, 0x0, 0x0,
    0xff, 0xff, 0x0, 0xff, 0xfc, 0x0, 0x0, 0x0,
    0x7, 0xff, 0xf8, 0xf, 0xff, 0xc0, 0x0, 0x0,
    0x0, 0x3f, 0xff, 0xc0, 0xff, 0xfc, 0x0, 0x0,
    0x0, 0x1, 0xff, 0xfe, 0xf, 0xff, 0xc0, 0x0,
    0x0, 0x0, 0xf, 0xff, 0xf4, 0xff, 0xfc, 0x0,
    0x0, 0x0, 0x0, 0x3f, 0xff, 0xcf, 0xff, 0xc0,
    0x0, 0x0, 0x0, 0x2, 0xff, 0xfd,

    /* U+004C "L" */
    0xff, 0xfc, 0x0, 0x0, 0x0, 0x0, 0x0, 0xff,
    0xfc, 0x0, 0x0, 0x0, 0x0, 0x0, 0xff, 0xfc,
    0x0, 0x0, 0x0, 0x0, 0x0, 0xff, 0xfc, 0x0,
    0x0, 0x0, 0x0, 0x0, 0xff, 0xfc, 0x0, 0x0,
    0x0, 0x0, 0x0, 0xff, 0xfc, 0x0, 0x0, 0x0,
    0x0, 0x0, 0xff, 0xfc, 0x0, 0x0, 0x0, 0x0,
    0x0, 0xff, 0xfc, 0x0, 0x0, 0x0, 0x0, 0x0,
    0xff, 0xfc, 0x0, 0x0, 0x0, 0x0, 0x0, 0xff,
    0xfc, 0x0, 0x0, 0x0, 0x0, 0x0, 0xff, 0xfc,
    0x0, 0x0, 0x0, 0x0, 0x0, 0xff, 0xfc, 0x0,
    0x0, 0x0, 0x0, 0x0, 0xff, 0xfc, 0x0, 0x0,
    0x0, 0x0, 0x0, 0xff, 0xfc, 0x0, 0x0, 0x0,
    0x0, 0x0, 0xff, 0xfc, 0x0, 0x0, 0x0, 0x0,
    0x0, 0xff, 0xfc, 0x0, 0x0, 0x0, 0x0, 0x0,
    0xff, 0xfc, 0x0, 0x0, 0x0, 0x0, 0x0, 0xff,
    0xfc, 0x0, 0x0, 0x0, 0x0, 0x0, 0xff, 0xfc,
    0x0, 0x0, 0x0, 0x0, 0x0, 0xff, 0xfc, 0x0,
    0x0, 0x0, 0x0, 0x0, 0xff, 0xfc, 0x0, 0x0,
    0x0, 0x0, 0x0, 0xff, 0xfc, 0x0, 0x0, 0x0,
    0x0, 0x0, 0xff, 0xfc, 0x0, 0x0, 0x0, 0x0,
    0x0, 0xff, 0xfc, 0x0, 0x0, 0x0, 0x0, 0x0,
    0xff, 0xfc, 0x0, 0x0, 0x0, 0x0, 0x0, 0xff,
    0xfc, 0x0, 0x0, 0x0, 0x0, 0x0, 0xff, 0xfc,
    0x0, 0x0, 0x0, 0x0, 0x0, 0xff, 0xfc, 0x0,
    0x0, 0x0, 0x0, 0x0, 0xff, 0xfc, 0x0, 0x0,
    0x0, 0x0, 0x0, 0xff, 0xfc, 0x0, 0x0, 0x0,
    0x0, 0x0, 0xff, 0xfc, 0x0, 0x0, 0x0, 0x0,
    0x0, 0xff, 0xfc, 0x0, 0x0, 0x0, 0x0, 0x0,
    0xff, 0xfc, 0x0, 0x0, 0x0, 0x0, 0x0, 0xff,
    0xfc, 0x0, 0x0, 0x0, 0x0, 0x0, 0xff, 0xfc,
    0x0, 0x0, 0x0, 0x0, 0x0, 0xff, 0xfc, 0x0,
    0x0, 0x0, 0x0, 0x0, 0xff, 0xfc, 0x0, 0x0,
    0x0, 0x0, 0x0, 0xff, 0xfd, 0x0, 0x0, 0x0,
    0x0, 0x0, 0xff, 0xff, 0xff, 0xff, 0xff, 0xff,
    0xfc, 0xff, 0xff, 0xff, 0xff, 0xff, 0xff, 0xfc,
    0xff, 0xff, 0xff, 0xff, 0xff, 0xff, 0xfc, 0xff,
    0xff, 0xff, 0xff, 0xff, 0xff, 0xfc, 0xff, 0xff,
    0xff, 0xff, 0xff, 0xff, 0xfc, 0xff, 0xff, 0xff,
    0xff, 0xff, 0xff, 0xfc,

    /* U+004D "M" */
    0x7f, 0xff, 0x0, 0x0, 0x0, 0x0, 0x0, 0x1,
    0xff, 0xfd, 0xff, 0xfd, 0x0, 0x0, 0x0, 0x0,
    0x0, 0xf, 0xff, 0xf7, 0xff, 0xfc, 0x0, 0x0,
    0x0, 0x0, 0x0, 0x7f, 0xff, 0xdf, 0xff, 0xf4,
    0x0, 0x0, 0x0, 0x0, 0x3, 0xff, 0xff, 0x7f,
    0xff, 0xf0, 0x0, 0x0, 0x0, 0x0, 0x1f, 0xff,
    0xfd, 0xff, 0xff, 0xc0, 0x0, 0x0, 0x0, 0x0,
    0xbf, 0xff, 0xf7, 0xff, 0xff, 0x80, 0x0, 0x0,
    0x0, 0x3, 0xff, 0xff, 0xdf, 0xff, 0xff, 0x0,
    0x0, 0x0, 0x0, 0x2f, 0xff, 0xff, 0x7f, 0xff,
    0xfe, 0x0, 0x0, 0x0, 0x0, 0xff, 0xff, 0xfd,
    0xff, 0xff, 0xfc, 0x0, 0x0, 0x0, 0xb, 0xff,
    0xff, 0xf7, 0xff, 0xff, 0xf8, 0x0, 0x0, 0x0,
    0x3f, 0xff, 0xff, 0xdf, 0xff, 0xff, 0xf0, 0x0,
    0x0, 0x1, 0xff, 0xff, 0xff, 0x7f, 0xff, 0xff,
    0xd0, 0x0, 0x0, 0xf, 0xff, 0xff, 0xfd, 0xff,
    0xff, 0xff, 0xc0, 0x0, 0x0, 0x7f, 0xff, 0xff,
    0xf7, 0xff, 0xff, 0xff, 0x40, 0x0, 0x3, 0xff,
    0xff, 0xff, 0xdf, 0xff, 0xff, 0xff, 0x0, 0x0,
    0x1f, 0xff, 0xff, 0xff, 0x7f, 0xfe, 0xbf, 0xfd,
    0x0, 0x0, 0xff, 0xfd, 0xff, 0xfd, 0xff, 0xf8,
    0xff, 0xfc, 0x0, 0x3, 0xff, 0xe3, 0xff, 0xf7,
    0xff, 0xe2, 0xff, 0xf4, 0x0, 0x2f, 0xff, 0xf,
    0xff, 0xdf, 0xff, 0x83, 0xff, 0xe0, 0x0, 0xff,
    0xf8, 0x3f, 0xff, 0x7f, 0xfe, 0xb, 0xff, 0xc0,
    0xb, 0xff, 0xd0, 0xff, 0xfd, 0xff, 0xf8, 0xf,
    0xff, 0x80, 0x3f, 0xff, 0x3, 0xff, 0xf7, 0xff,
    0xe0, 0x3f, 0xff, 0x2, 0xff, 0xf4, 0xf, 0xff,
    0xdf, 0xff, 0x80, 0x7f, 0xfe, 0xf, 0xff, 0xc0,
    0x3f, 0xff, 0x7f, 0xfe, 0x0, 0xff, 0xfc, 0x7f,
    0xfd, 0x0, 0xff, 0xfd, 0xff, 0xf8, 0x1, 0xff,
    0xfb, 0xff, 0xf0, 0x3, 0xff, 0xf7, 0xff, 0xe0,
    0x3, 0xff, 0xff, 0xff, 0x40, 0xf, 0xff, 0xdf,
    0xff, 0x80, 0x7, 0xff, 0xff, 0xfc, 0x0, 0x3f,
    0xff, 0x7f, 0xfe, 0x0, 0xf, 0xff, 0xff, 0xd0,
    0x0, 0xff, 0xfd, 0xff, 0xf8, 0x0, 0x1f, 0xff,
    0xff, 0x0, 0x3, 0xff, 0xf7, 0xff, 0xe0, 0x0,
    0x3f, 0xff, 0xf8, 0x0, 0xf, 0xff, 0xdf, 0xff,
    0x80, 0x0, 0xbf, 0xff, 0xc0, 0x0, 0x3f, 0xff,
    0x7f, 0xfe, 0x0, 0x0, 0xff, 0xfe, 0x0, 0x0,
    0xff, 0xfd, 0xff, 0xf8, 0x0, 0x2, 0xff, 0xf0,
    0x0, 0x3, 0xff, 0xf7, 0xff, 0xe0, 0x0, 0x3,
    0xff, 0x80, 0x0, 0xf, 0xff, 0xdf, 0xff, 0x80,
    0x0, 0x5, 0x54, 0x0, 0x0, 0x3f, 0xff, 0x7f,
    0xfe, 0x0, 0x0, 0x0, 0x0, 0x0, 0x0, 0xff,
    0xfd, 0xff, 0xf8, 0x0, 0x0, 0x0, 0x0, 0x0,
    0x3, 0xff, 0xf7, 0xff, 0xe0, 0x0, 0x0, 0x0,
    0x0, 0x0, 0xf, 0xff, 0xdf, 0xff, 0x80, 0x0,
    0x0, 0x0, 0x0, 0x0, 0x3f, 0xff, 0x7f, 0xfe,
    0x0, 0x0, 0x0, 0x0, 0x0, 0x0, 0xff, 0xfd,
    0xff, 0xf8, 0x0, 0x0, 0x0, 0x0, 0x0, 0x3,
    0xff, 0xf7, 0xff, 0xe0, 0x0, 0x0, 0x0, 0x0,
    0x0, 0xf, 0xff, 0xdf, 0xff, 0x80, 0x0, 0x0,
    0x0, 0x0, 0x0, 0x3f, 0xff,

    /* U+004E "N" */
    0xff, 0xfe, 0x0, 0x0, 0x0, 0x0, 0x2f, 0xff,
    0x7f, 0xff, 0xc0, 0x0, 0x0, 0x0, 0xb, 0xff,
    0xdf, 0xff, 0xf8, 0x0, 0x0, 0x0, 0x2, 0xff,
    0xf7, 0xff, 0xff, 0x40, 0x0, 0x0, 0x0, 0xbf,
    0xfd, 0xff, 0xff, 0xf0, 0x0, 0x0, 0x0, 0x2f,
    0xff, 0x7f, 0xff, 0xfe, 0x0, 0x0, 0x0, 0xb,
    0xff, 0xdf, 0xff, 0xff, 0xc0, 0x0, 0x0, 0x2,
    0xff, 0xf7, 0xff, 0xff, 0xf8, 0x0, 0x0, 0x0,
    0xbf, 0xfd, 0xff, 0xff, 0xff, 0x40, 0x0, 0x0,
    0x2f, 0xff, 0x7f, 0xff, 0xff, 0xf0, 0x0, 0x0,
    0xb, 0xff, 0xdf, 0xff, 0xff, 0xfe, 0x0, 0x0,
    0x2, 0xff, 0xf7, 0xff, 0xff, 0xff, 0xc0, 0x0,
    0x0, 0xbf, 0xfd, 0xff, 0xff, 0xff, 0xf8, 0x0,
    0x0, 0x2f, 0xff, 0x7f, 0xff, 0xff, 0xff, 0x40,
    0x0, 0xb, 0xff, 0xdf, 0xff, 0xef, 0xff, 0xf0,
    0x0, 0x2, 0xff, 0xf7, 0xff, 0xf3, 0xff, 0xfe,
    0x0, 0x0, 0xbf, 0xfd, 0xff, 0xfc, 0x3f, 0xff,
    0xc0, 0x0, 0x2f, 0xff, 0x7f, 0xff, 0xb, 0xff,
    0xf8, 0x0, 0xb, 0xff, 0xdf, 0xff, 0xc0, 0xff,
    0xff, 0x40, 0x2, 0xff, 0xf7, 0xff, 0xf0, 0x1f,
    0xff, 0xf0, 0x0, 0xbf, 0xfd, 0xff, 0xfc, 0x3,
    0xff, 0xfe, 0x0, 0x2f, 0xff, 0x7f, 0xff, 0x0,
    0x3f, 0xff, 0xc0, 0xb, 0xff, 0xdf, 0xff, 0xc0,
    0xb, 0xff, 0xf8, 0x2, 0xff, 0xf7, 0xff, 0xf0,
    0x0, 0xff, 0xff, 0x40, 0xbf, 0xfd, 0xff, 0xfc,
    0x0, 0x1f, 0xff, 0xf0, 0x2f, 0xff, 0x7f, 0xff,
    0x0, 0x3, 0xff, 0xfe, 0xb, 0xff, 0xdf, 0xff,
    0xc0, 0x0, 0x3f, 0xff, 0xc2, 0xff, 0xf7, 0xff,
    0xf0, 0x0, 0xb, 0xff, 0xf8, 0xbf, 0xfd, 0xff,
    0xfc, 0x0, 0x0, 0xff, 0xff, 0x6f, 0xff, 0x7f,
    0xff, 0x0, 0x0, 0x1f, 0xff, 0xfb, 0xff, 0xdf,
    0xff, 0xc0, 0x0, 0x3, 0xff, 0xff, 0xff, 0xf7,
    0xff, 0xf0, 0x0, 0x0, 0x3f, 0xff, 0xff, 0xfd,
    0xff, 0xfc, 0x0, 0x0, 0xb, 0xff, 0xff, 0xff,
    0x7f, 0xff, 0x0, 0x0, 0x0, 0xff, 0xff, 0xff,
    0xdf, 0xff, 0xc0, 0x0, 0x0, 0x1f, 0xff, 0xff,
    0xf7, 0xff, 0xf0, 0x0, 0x0, 0x3, 0xff, 0xff,
    0xfd, 0xff, 0xfc, 0x0, 0x0, 0x0, 0x3f, 0xff,
    0xff, 0x7f, 0xff, 0x0, 0x0, 0x0, 0xb, 0xff,
    0xff, 0xdf, 0xff, 0xc0, 0x0, 0x0, 0x0, 0xff,
    0xff, 0xf7, 0xff, 0xf0, 0x0, 0x0, 0x0, 0x1f,
    0xff, 0xfd, 0xff, 0xfc, 0x0, 0x0, 0x0, 0x3,
    0xff, 0xff, 0x7f, 0xff, 0x0, 0x0, 0x0, 0x0,
    0x3f, 0xff, 0xdf, 0xff, 0xc0, 0x0, 0x0, 0x0,
    0xb, 0xff, 0xf7, 0xff, 0xf0, 0x0, 0x0, 0x0,
    0x0, 0xff, 0xfd,

    /* U+004F "O" */
    0x0, 0x0, 0x6, 0xbf, 0xfe, 0x90, 0x0, 0x0,
    0x0, 0x0, 0xbf, 0xff, 0xff, 0xfe, 0x0, 0x0,
    0x0, 0x7, 0xff, 0xff, 0xff, 0xff, 0xd0, 0x0,
    0x0, 0x2f, 0xff, 0xff, 0xff, 0xff, 0xf8, 0x0,
    0x0, 0xbf, 0xff, 0xff, 0xff, 0xff, 0xfe, 0x0,
    0x1, 0xff, 0xff, 0xff, 0xff, 0xff, 0xff, 0x80,
    0x3, 0xff, 0xff, 0xe5, 0x5b, 0xff, 0xff, 0xc0,
    0xb, 0xff, 0xfd, 0x0, 0x0, 0x7f, 0xff, 0xe0,
    0xf, 0xff, 0xf0, 0x0, 0x0, 0xf, 0xff, 0xf0,
    0x1f, 0xff, 0xc0, 0x0, 0x0, 0x7, 0xff, 0xf4,
    0x2f, 0xff, 0x80, 0x0, 0x0, 0x3, 0xff, 0xfc,
    0x3f, 0xff, 0x40, 0x0, 0x0, 0x1, 0xff, 0xfc,
    0x3f, 0xff, 0x0, 0x0, 0x0, 0x0, 0xff, 0xfc,
    0x7f, 0xff, 0x0, 0x0, 0x0, 0x0, 0xff, 0xfd,
    0x7f, 0xfe, 0x0, 0x0, 0x0, 0x0, 0xbf, 0xfd,
    0x7f, 0xfe, 0x0, 0x0, 0x0, 0x0, 0xbf, 0xfd,
    0x7f, 0xfe, 0x0, 0x0, 0x0, 0x0, 0xbf, 0xfd,
    0x7f, 0xfe, 0x0, 0x0, 0x0, 0x0, 0xbf, 0xfe,
    0xbf, 0xfe, 0x0, 0x0, 0x0, 0x0, 0xbf, 0xfe,
    0xbf, 0xfe, 0x0, 0x0, 0x0, 0x0, 0xbf, 0xfe,
    0xbf, 0xfe, 0x0, 0x0, 0x0, 0x0, 0xbf, 0xfe,
    0xbf, 0xfe, 0x0, 0x0, 0x0, 0x0, 0xbf, 0xfe,
    0xbf, 0xfe, 0x0, 0x0, 0x0, 0x0, 0xbf, 0xfe,
    0xbf, 0xfe, 0x0, 0x0, 0x0, 0x0, 0xbf, 0xfe,
    0xbf, 0xfe, 0x0, 0x0, 0x0, 0x0, 0xbf, 0xfe,
    0xbf, 0xfe, 0x0, 0x0, 0x0, 0x0, 0xbf, 0xfe,
    0xbf, 0xfe, 0x0, 0x0, 0x0, 0x0, 0xbf, 0xfe,
    0x7f, 0xfe, 0x0, 0x0, 0x0, 0x0, 0xbf, 0xfe,
    0x7f, 0xfe, 0x0, 0x0, 0x0, 0x0, 0xbf, 0xfd,
    0x7f, 0xfe, 0x0, 0x0, 0x0, 0x0, 0xbf, 0xfd,
    0x7f, 0xfe, 0x0, 0x0, 0x0, 0x0, 0xbf, 0xfd,
    0x7f, 0xff, 0x0, 0x0, 0x0, 0x0, 0xff, 0xfd,
    0x3f, 0xff, 0x0, 0x0, 0x0, 0x0, 0xff, 0xfc,
    0x3f, 0xff, 0x40, 0x0, 0x0, 0x1, 0xff, 0xfc,
    0x3f, 0xff, 0x80, 0x0, 0x0, 0x2, 0xff, 0xf8,
    0x1f, 0xff, 0xc0, 0x0, 0x0, 0x7, 0xff, 0xf4,
    0xf, 0xff, 0xf0, 0x0, 0x0, 0xf, 0xff, 0xf0,
    0xb, 0xff, 0xfd, 0x0, 0x0, 0x7f, 0xff, 0xe0,
    0x3, 0xff, 0xff, 0xe5, 0x5b, 0xff, 0xff, 0xc0,
    0x2, 0xff, 0xff, 0xff, 0xff, 0xff, 0xff, 0x40,
    0x0, 0xff, 0xff, 0xff, 0xff, 0xff, 0xfe, 0x0,
    0x0, 0x2f, 0xff, 0xff, 0xff, 0xff, 0xf8, 0x0,
    0x0, 0xb, 0xff, 0xff, 0xff, 0xff, 0xd0, 0x0,
    0x0, 0x0, 0xbf, 0xff, 0xff, 0xfe, 0x0, 0x0,
    0x0, 0x0, 0x6, 0xff, 0xfe, 0x80, 0x0, 0x0,

    /* U+0050 "P" */
    0xff, 0xff, 0xff, 0xff, 0xfe, 0x40, 0x0, 0x3,
    0xff, 0xff, 0xff, 0xff, 0xff, 0xf4, 0x0, 0xf,
    0xff, 0xff, 0xff, 0xff, 0xff, 0xfc, 0x0, 0x3f,
    0xff, 0xff, 0xff, 0xff, 0xff, 0xfd, 0x0, 0xff,
    0xff, 0xff, 0xff, 0xff, 0xff, 0xfd, 0x3, 0xff,
    0xff, 0xff, 0xff, 0xff, 0xff, 0xfc, 0xf, 0xff,
    0xd0, 0x0, 0x5, 0xbf, 0xff, 0xf8, 0x3f, 0xff,
    0x0, 0x0, 0x0, 0x2f, 0xff, 0xf0, 0xff, 0xfc,
    0x0, 0x0, 0x0, 0x1f, 0xff, 0xd3, 0xff, 0xf0,
    0x0, 0x0, 0x0, 0x2f, 0xff, 0x8f, 0xff, 0xc0,
    0x0, 0x0, 0x0, 0x7f, 0xff, 0x3f, 0xff, 0x0,
    0x0, 0x0, 0x0, 0xff, 0xfc, 0xff, 0xfc, 0x0,
    0x0, 0x0, 0x3, 0xff, 0xf3, 0xff, 0xf0, 0x0,
    0x0, 0x0, 0xf, 0xff, 0xcf, 0xff, 0xc0, 0x0,
    0x0, 0x0, 0x3f, 0xff, 0x3f, 0xff, 0x0, 0x0,
    0x0, 0x0, 0xff, 0xfc, 0xff, 0xfc, 0x0, 0x0,
    0x0, 0x7, 0xff, 0xf3, 0xff, 0xf0, 0x0, 0x0,
    0x0, 0x2f, 0xff, 0xcf, 0xff, 0xc0, 0x0, 0x0,
    0x1, 0xff, 0xfe, 0x3f, 0xff, 0x0, 0x0, 0x0,
    0x2f, 0xff, 0xf0, 0xff, 0xfd, 0x0, 0x0, 0x5b,
    0xff, 0xff, 0x83, 0xff, 0xff, 0xff, 0xff, 0xff,
    0xff, 0xfc, 0xf, 0xff, 0xff, 0xff, 0xff, 0xff,
    0xff, 0xd0, 0x3f, 0xff, 0xff, 0xff, 0xff, 0xff,
    0xfd, 0x0, 0xff, 0xff, 0xff, 0xff, 0xff, 0xff,
    0xc0, 0x3, 0xff, 0xff, 0xff, 0xff, 0xff, 0xf4,
    0x0, 0xf, 0xff, 0xff, 0xff, 0xff, 0xe4, 0x0,
    0x0, 0x3f, 0xff, 0x0, 0x0, 0x0, 0x0, 0x0,
    0x0, 0xff, 0xfc, 0x0, 0x0, 0x0, 0x0, 0x0,
    0x3, 0xff, 0xf0, 0x0, 0x0, 0x0, 0x0, 0x0,
    0xf, 0xff, 0xc0, 0x0, 0x0, 0x0, 0x0, 0x0,
    0x3f, 0xff, 0x0, 0x0, 0x0, 0x0, 0x0, 0x0,
    0xff, 0xfc, 0x0, 0x0, 0x0, 0x0, 0x0, 0x3,
    0xff, 0xf0, 0x0, 0x0, 0x0, 0x0, 0x0, 0xf,
    0xff, 0xc0, 0x0, 0x0, 0x0, 0x0, 0x0, 0x3f,
    0xff, 0x0, 0x0, 0x0, 0x0, 0x0, 0x0, 0xff,
    0xfc, 0x0, 0x0, 0x0, 0x0, 0x0, 0x3, 0xff,
    0xf0, 0x0, 0x0, 0x0, 0x0, 0x0, 0xf, 0xff,
    0xc0, 0x0, 0x0, 0x0, 0x0, 0x0, 0x3f, 0xff,
    0x0, 0x0, 0x0, 0x0, 0x0, 0x0, 0xff, 0xfc,
    0x0, 0x0, 0x0, 0x0, 0x0, 0x3, 0xff, 0xf0,
    0x0, 0x0, 0x0, 0x0, 0x0, 0xf, 0xff, 0xc0,
    0x0, 0x0, 0x0, 0x0, 0x0, 0x3f, 0xff, 0x0,
    0x0, 0x0, 0x0, 0x0, 0x0,

    /* U+0051 "Q" */
    0x0, 0x0, 0x6, 0xbf, 0xfe, 0x90, 0x0, 0x0,
    0x0, 0x0, 0xbf, 0xff, 0xff, 0xfe, 0x0, 0x0,
    0x0, 0x7, 0xff, 0xff, 0xff, 0xff, 0xd0, 0x0,
    0x0, 0x2f, 0xff, 0xff, 0xff, 0xff, 0xf8, 0x0,
    0x0, 0xbf, 0xff, 0xff, 0xff, 0xff, 0xfe, 0x0,
    0x1, 0xff, 0xff, 0xff, 0xff, 0xff, 0xff, 0x80,
    0x3, 0xff, 0xff, 0xe5, 0x5b, 0xff, 0xff, 0xc0,
    0xb, 0xff, 0xfd, 0x0, 0x0, 0x7f, 0xff, 0xe0,
    0xf, 0xff, 0xf0, 0x0, 0x0, 0xf, 0xff, 0xf0,
    0x1f, 0xff, 0xd0, 0x0, 0x0, 0x7, 0xff, 0xf4,
    0x2f, 0xff, 0x80, 0x0, 0x0, 0x3, 0xff, 0xf8,
    0x3f, 0xff, 0x40, 0x0, 0x0, 0x1, 0xff, 0xfc,
    0x3f, 0xff, 0x0, 0x0, 0x0, 0x0, 0xff, 0xfc,
    0x7f, 0xff, 0x0, 0x0, 0x0, 0x0, 0xff, 0xfd,
    0x7f, 0xfe, 0x0, 0x0, 0x0, 0x0, 0xbf, 0xfd,
    0x7f, 0xfe, 0x0, 0x0, 0x0, 0x0, 0xbf, 0xfd,
    0x7f, 0xfe, 0x0, 0x0, 0x0, 0x0, 0xbf, 0xfd,
    0x7f, 0xfe, 0x0, 0x0, 0x0, 0x0, 0xbf, 0xfe,
    0xbf, 0xfe, 0x0, 0x0, 0x0, 0x0, 0xbf, 0xfe,
    0xbf, 0xfe, 0x0, 0x0, 0x0, 0x0, 0xbf, 0xfe,
    0xbf, 0xfe, 0x0, 0x0, 0x0, 0x0, 0xbf, 0xfe,
    0xbf, 0xfe, 0x0, 0x0, 0x0, 0x0, 0xbf, 0xfe,
    0xbf, 0xfe, 0x0, 0x0, 0x0, 0x0, 0xbf, 0xfe,
    0xbf, 0xfe, 0x0, 0x0, 0x0, 0x0, 0xbf, 0xfe,
    0xbf, 0xfe, 0x0, 0x0, 0x0, 0x0, 0xbf, 0xfe,
    0xbf, 0xfe, 0x0, 0x0, 0x0, 0x0, 0xbf, 0xfe,
    0xbf, 0xfe, 0x0, 0x0, 0x0, 0x0, 0xbf, 0xfe,
    0x7f, 0xfe, 0x0, 0x0, 0x0, 0x0, 0xbf, 0xfe,
    0x7f, 0xfe, 0x0, 0x0, 0x0, 0x0, 0xbf, 0xfd,
    0x7f, 0xfe, 0x0, 0x0, 0x0, 0x0, 0xbf, 0xfd,
    0x7f, 0xfe, 0x0, 0x0, 0x0, 0x0, 0xbf, 0xfd,
    0x7f, 0xff, 0x0, 0x0, 0x0, 0x0, 0xff, 0xfd,
    0x3f, 0xff, 0x0, 0x0, 0x0, 0x0, 0xff, 0xfc,
    0x3f, 0xff, 0x40, 0x0, 0x0, 0x1, 0xff, 0xfc,
    0x3f, 0xff, 0x80, 0x0, 0x0, 0x2, 0xff, 0xf8,
    0x1f, 0xff, 0xc0, 0x0, 0x0, 0x3, 0xff, 0xf4,
    0xf, 0xff, 0xf0, 0x0, 0x0, 0xf, 0xff, 0xf0,
    0xb, 0xff, 0xfd, 0x0, 0x0, 0x7f, 0xff, 0xe0,
    0x3, 0xff, 0xff, 0xe5, 0x5b, 0xff, 0xff, 0xc0,
    0x2, 0xff, 0xff, 0xff, 0xff, 0xff, 0xff, 0x40,
    0x0, 0xff, 0xff, 0xff, 0xff, 0xff, 0xfe, 0x0,
    0x0, 0x2f, 0xff, 0xff, 0xff, 0xff, 0xf8, 0x0,
    0x0, 0xb, 0xff, 0xff, 0xff, 0xff, 0xe0, 0x0,
    0x0, 0x0, 0xbf, 0xff, 0xff, 0xff, 0xe0, 0x0,
    0x0, 0x0, 0x6, 0xff, 0xff, 0xff, 0xf0, 0x0,
    0x0, 0x0, 0x0, 0x0, 0x1, 0xff, 0xfc, 0x0,
    0x0, 0x0, 0x0, 0x0, 0x0, 0xff, 0xfd, 0x0,
    0x0, 0x0, 0x0, 0x0, 0x0, 0x3f, 0xff, 0x0,
    0x0, 0x0, 0x0, 0x0, 0x0, 0x2f, 0xff, 0x40,
    0x0, 0x0, 0x0, 0x0, 0x0, 0xf, 0xff, 0xc0,
    0x0, 0x0, 0x0, 0x0, 0x0, 0xb, 0xff, 0xd0,
    0x0, 0x0, 0x0, 0x0, 0x0, 0x3, 0xff, 0xd0,
    0x0, 0x0, 0x0, 0x0, 0x0, 0x2, 0xfe, 0x0,
    0x0, 0x0, 0x0, 0x0, 0x0, 0x0, 0xe0, 0x0,
    0x0, 0x0, 0x0, 0x0, 0x0, 0x0, 0x0, 0x0,

    /* U+0052 "R" */
    0xff, 0xff, 0xff, 0xff, 0xff, 0x90, 0x0, 0x0,
    0xff, 0xff, 0xff, 0xff, 0xff, 0xfe, 0x0, 0x0,
    0xff, 0xff, 0xff, 0xff, 0xff, 0xff, 0xd0, 0x0,
    0xff, 0xff, 0xff, 0xff, 0xff, 0xff, 0xf8, 0x0,
    0xff, 0xff, 0xff, 0xff, 0xff, 0xff, 0xfd, 0x0,
    0xff, 0xff, 0xff, 0xff, 0xff, 0xff, 0xff, 0x0,
    0xff, 0xfd, 0x0, 0x0, 0x1b, 0xff, 0xff, 0x80,
    0xff, 0xfc, 0x0, 0x0, 0x0, 0x7f, 0xff, 0xc0,
    0xff, 0xfc, 0x0, 0x0, 0x0, 0x1f, 0xff, 0xe0,
    0xff, 0xfc, 0x0, 0x0, 0x0, 0xb, 0xff, 0xf0,
    0xff, 0xfc, 0x0, 0x0, 0x0, 0x3, 0xff, 0xf0,
    0xff, 0xfc, 0x0, 0x0, 0x0, 0x3, 0xff, 0xf0,
    0xff, 0xfc, 0x0, 0x0, 0x0, 0x3, 0xff, 0xf0,
    0xff, 0xfc, 0x0, 0x0, 0x0, 0x3, 0xff, 0xf0,
    0xff, 0xfc, 0x0, 0x0, 0x0, 0x3, 0xff, 0xf0,
    0xff, 0xfc, 0x0, 0x0, 0x0, 0x3, 0xff, 0xf0,
    0xff, 0xfc, 0x0, 0x0, 0x0, 0xb, 0xff, 0xf0,
    0xff, 0xfc, 0x0, 0x0, 0x0, 0xf, 0xff, 0xe0,
    0xff, 0xfc, 0x0, 0x0, 0x0, 0x3f, 0xff, 0xc0,
    0xff, 0xfc, 0x0, 0x0, 0x6, 0xff, 0xff, 0x80,
    0xff, 0xff, 0xff, 0xff, 0xff, 0xff, 0xff, 0x0,
    0xff, 0xff, 0xff, 0xff, 0xff, 0xff, 0xfd, 0x0,
    0xff, 0xff, 0xff, 0xff, 0xff, 0xff, 0xf4, 0x0,
    0xff, 0xff, 0xff, 0xff, 0xff, 0xff, 0xc0, 0x0,
    0xff, 0xff, 0xff, 0xff, 0xff, 0xf9, 0x0, 0x0,
    0xff, 0xff, 0xff, 0xff, 0xff, 0xf4, 0x0, 0x0,
    0xff, 0xfc, 0x0, 0x3, 0xff, 0xfc, 0x0, 0x0,
    0xff, 0xfc, 0x0, 0x1, 0xff, 0xfd, 0x0, 0x0,
    0xff, 0xfc, 0x0, 0x0, 0xff, 0xff, 0x0, 0x0,
    0xff, 0xfc, 0x0, 0x0, 0x7f, 0xff, 0x40, 0x0,
    0xff, 0xfc, 0x0, 0x0, 0x3f, 0xff, 0xc0, 0x0,
    0xff, 0xfc, 0x0, 0x0, 0x1f, 0xff, 0xd0, 0x0,
    0xff, 0xfc, 0x0, 0x0, 0xf, 0xff, 0xf0, 0x0,
    0xff, 0xfc, 0x0, 0x0, 0x7, 0xff, 0xf4, 0x0,
    0xff, 0xfc, 0x0, 0x0, 0x3, 0xff, 0xfc, 0x0,
    0xff, 0xfc, 0x0, 0x0, 0x2, 0xff, 0xfd, 0x0,
    0xff, 0xfc, 0x0, 0x0, 0x0, 0xff, 0xff, 0x0,
    0xff, 0xfc, 0x0, 0x0, 0x0, 0xbf, 0xff, 0x40,
    0xff, 0xfc, 0x0, 0x0, 0x0, 0x3f, 0xff, 0xc0,
    0xff, 0xfc, 0x0, 0x0, 0x0, 0x2f, 0xff, 0xd0,
    0xff, 0xfc, 0x0, 0x0, 0x0, 0xf, 0xff, 0xf0,
    0xff, 0xfc, 0x0, 0x0, 0x0, 0xb, 0xff, 0xf4,
    0xff, 0xfc, 0x0, 0x0, 0x0, 0x3, 0xff, 0xfc,
    0xff, 0xfc, 0x0, 0x0, 0x0, 0x2, 0xff, 0xfd,

    /* U+0053 "S" */
    0x0, 0x0, 0x1, 0xbf, 0xfe, 0x40, 0x0, 0x0,
    0x0, 0x0, 0x7f, 0xff, 0xff, 0xfd, 0x0, 0x0,
    0x0, 0x3, 0xff, 0xff, 0xff, 0xff, 0x80, 0x0,
    0x0, 0x1f, 0xff, 0xff, 0xff, 0xff, 0xf0, 0x0,
    0x0, 0x7f, 0xff, 0xff, 0xff, 0xff, 0xfc, 0x0,
    0x0, 0xff, 0xff, 0xff, 0xff, 0xff, 0xff, 0x0,
    0x3, 0xff, 0xff, 0x90, 0x6, 0xff, 0xff, 0x40,
    0x7, 0xff, 0xf8, 0x0, 0x0, 0x3f, 0xff, 0xc0,
    0xb, 0xff, 0xe0, 0x0, 0x0, 0xf, 0xff, 0xd0,
    0xf, 0xff, 0xc0, 0x0, 0x0, 0x7, 0xff, 0xe0,
    0xf, 0xff, 0x80, 0x0, 0x0, 0x3, 0xff, 0xf0,
    0xf, 0xff, 0x80, 0x0, 0x0, 0x2, 0xff, 0xf0,
    0x1f, 0xff, 0x40, 0x0, 0x0, 0x2, 0xff, 0xf4,
    0x1f, 0xff, 0x80, 0x0, 0x0, 0x2, 0xff, 0xf4,
    0xf, 0xff, 0xc0, 0x0, 0x0, 0x0, 0x0, 0x0,
    0xf, 0xff, 0xd0, 0x0, 0x0, 0x0, 0x0, 0x0,
    0xf, 0xff, 0xf0, 0x0, 0x0, 0x0, 0x0, 0x0,
    0xb, 0xff, 0xfe, 0x0, 0x0, 0x0, 0x0, 0x0,
    0x3, 0xff, 0xff, 0xe5, 0x0, 0x0, 0x0, 0x0,
    0x2, 0xff, 0xff, 0xff, 0xfe, 0x40, 0x0, 0x0,
    0x0, 0xff, 0xff, 0xff, 0xff, 0xfe, 0x0, 0x0,
    0x0, 0x3f, 0xff, 0xff, 0xff, 0xff, 0xe0, 0x0,
    0x0, 0xb, 0xff, 0xff, 0xff, 0xff, 0xfc, 0x0,
    0x0, 0x0, 0xbf, 0xff, 0xff, 0xff, 0xff, 0x0,
    0x0, 0x0, 0x6, 0xff, 0xff, 0xff, 0xff, 0xc0,
    0x0, 0x0, 0x0, 0x1, 0xbf, 0xff, 0xff, 0xe0,
    0x0, 0x0, 0x0, 0x0, 0x0, 0xbf, 0xff, 0xf0,
    0x0, 0x0, 0x0, 0x0, 0x0, 0xf, 0xff, 0xf4,
    0x0, 0x0, 0x0, 0x0, 0x0, 0x3, 0xff, 0xf8,
    0x0, 0x0, 0x0, 0x0, 0x0, 0x1, 0xff, 0xfc,
    0x0, 0x0, 0x0, 0x0, 0x0, 0x0, 0xff, 0xfc,
    0x3f, 0xfd, 0x0, 0x0, 0x0, 0x0, 0xff, 0xfc,
    0x3f, 0xfe, 0x0, 0x0, 0x0, 0x0, 0xff, 0xfc,
    0x3f, 0xff, 0x0, 0x0, 0x0, 0x0, 0xff, 0xfc,
    0x3f, 0xff, 0x0, 0x0, 0x0, 0x0, 0xff, 0xfc,
    0x2f, 0xff, 0x80, 0x0, 0x0, 0x2, 0xff, 0xf8,
    0xf, 0xff, 0xd0, 0x0, 0x0, 0x3, 0xff, 0xf4,
    0xf, 0xff, 0xf4, 0x0, 0x0, 0x1f, 0xff, 0xf0,
    0x7, 0xff, 0xff, 0x90, 0x1, 0xff, 0xff, 0xd0,
    0x2, 0xff, 0xff, 0xff, 0xff, 0xff, 0xff, 0xc0,
    0x0, 0xff, 0xff, 0xff, 0xff, 0xff, 0xff, 0x0,
    0x0, 0x3f, 0xff, 0xff, 0xff, 0xff, 0xfc, 0x0,
    0x0, 0xb, 0xff, 0xff, 0xff, 0xff, 0xe0, 0x0,
    0x0, 0x0, 0xbf, 0xff, 0xff, 0xfe, 0x0, 0x0,
    0x0, 0x0, 0x6, 0xff, 0xfe, 0x50, 0x0, 0x0,

    /* U+0054 "T" */
    0x3f, 0xff, 0xff, 0xff, 0xff, 0xff, 0xff, 0xfc,
    0x3f, 0xff, 0xff, 0xff, 0xff, 0xff, 0xff, 0xfc,
    0x3f, 0xff, 0xff, 0xff, 0xff, 0xff, 0xff, 0xfc,
    0x3f, 0xff, 0xff, 0xff, 0xff, 0xff, 0xff, 0xfc,
    0x3f, 0xff, 0xff, 0xff, 0xff, 0xff, 0xff, 0xfc,
    0x3f, 0xff, 0xff, 0xff, 0xff, 0xff, 0xff, 0xfc,
    0x0, 0x0, 0x0, 0xbf, 0xfe, 0x0, 0x0, 0x0,
    0x0, 0x0, 0x0, 0xbf, 0xfe, 0x0, 0x0, 0x0,
    0x0, 0x0, 0x0, 0xbf, 0xfe, 0x0, 0x0, 0x0,
    0x0, 0x0, 0x0, 0xbf, 0xfe, 0x0, 0x0, 0x0,
    0x0, 0x0, 0x0, 0xbf, 0xfe, 0x0, 0x0, 0x0,
    0x0, 0x0, 0x0, 0xbf, 0xfe, 0x0, 0x0, 0x0,
    0x0, 0x0, 0x0, 0xbf, 0xfe, 0x0, 0x0, 0x0,
    0x0, 0x0, 0x0, 0xbf, 0xfe, 0x0, 0x0, 0x0,
    0x0, 0x0, 0x0, 0xbf, 0xfe, 0x0, 0x0, 0x0,
    0x0, 0x0, 0x0, 0xbf, 0xfe, 0x0, 0x0, 0x0,
    0x0, 0x0, 0x0, 0xbf, 0xfe, 0x0, 0x0, 0x0,
    0x0, 0x0, 0x0, 0xbf, 0xfe, 0x0, 0x0, 0x0,
    0x0, 0x0, 0x0, 0xbf, 0xfe, 0x0, 0x0, 0x0,
    0x0, 0x0, 0x0, 0xbf, 0xfe, 0x0, 0x0, 0x0,
    0x0, 0x0, 0x0, 0xbf, 0xfe, 0x0, 0x0, 0x0,
    0x0, 0x0, 0x0, 0xbf, 0xfe, 0x0, 0x0, 0x0,
    0x0, 0x0, 0x0, 0xbf, 0xfe, 0x0, 0x0, 0x0,
    0x0, 0x0, 0x0, 0xbf, 0xfe, 0x0, 0x0, 0x0,
    0x0, 0x0, 0x0, 0xbf, 0xfe, 0x0, 0x0, 0x0,
    0x0, 0x0, 0x0, 0xbf, 0xfe, 0x0, 0x0, 0x0,
    0x0, 0x0, 0x0, 0xbf, 0xfe, 0x0, 0x0, 0x0,
    0x0, 0x0, 0x0, 0xbf, 0xfe, 0x0, 0x0, 0x0,
    0x0, 0x0, 0x0, 0xbf, 0xfe, 0x0, 0x0, 0x0,
    0x0, 0x0, 0x0, 0xbf, 0xfe, 0x0, 0x0, 0x0,
    0x0, 0x0, 0x0, 0xbf, 0xfe, 0x0, 0x0, 0x0,
    0x0, 0x0, 0x0, 0xbf, 0xfe, 0x0, 0x0, 0x0,
    0x0, 0x0, 0x0, 0xbf, 0xfe, 0x0, 0x0, 0x0,
    0x0, 0x0, 0x0, 0xbf, 0xfe, 0x0, 0x0, 0x0,
    0x0, 0x0, 0x0, 0xbf, 0xfe, 0x0, 0x0, 0x0,
    0x0, 0x0, 0x0, 0xbf, 0xfe, 0x0, 0x0, 0x0,
    0x0, 0x0, 0x0, 0xbf, 0xfe, 0x0, 0x0, 0x0,
    0x0, 0x0, 0x0, 0xbf, 0xfe, 0x0, 0x0, 0x0,
    0x0, 0x0, 0x0, 0xbf, 0xfe, 0x0, 0x0, 0x0,
    0x0, 0x0, 0x0, 0xbf, 0xfe, 0x0, 0x0, 0x0,
    0x0, 0x0, 0x0, 0xbf, 0xfe, 0x0, 0x0, 0x0,
    0x0, 0x0, 0x0, 0xbf, 0xfe, 0x0, 0x0, 0x0,
    0x0, 0x0, 0x0, 0xbf, 0xfe, 0x0, 0x0, 0x0,
    0x0, 0x0, 0x0, 0xbf, 0xfe, 0x0, 0x0, 0x0,

    /* U+0055 "U" */
    0xff, 0xfd, 0x0, 0x0, 0x0, 0x0, 0xff, 0xff,
    0xff, 0xf4, 0x0, 0x0, 0x0, 0x3, 0xff, 0xff,
    0xff, 0xd0, 0x0, 0x0, 0x0, 0xf, 0xff, 0xff,
    0xff, 0x40, 0x0, 0x0, 0x0, 0x3f, 0xff, 0xff,
    0xfd, 0x0, 0x0, 0x0, 0x0, 0xff, 0xff, 0xff,
    0xf4, 0x0, 0x0, 0x0, 0x3, 0xff, 0xff, 0xff,
    0xd0, 0x0, 0x0, 0x0, 0xf, 0xff, 0xff, 0xff,
    0x40, 0x0, 0x0, 0x0, 0x3f, 0xff, 0xff, 0xfd,
    0x0, 0x0, 0x0, 0x0, 0xff, 0xff, 0xff, 0xf4,
    0x0, 0x0, 0x0, 0x3, 0xff, 0xff, 0xff, 0xd0,
    0x0, 0x0, 0x0, 0xf, 0xff, 0xff, 0xff, 0x40,
    0x0, 0x0, 0x0, 0x3f, 0xff, 0xff, 0xfd, 0x0,
    0x0, 0x0, 0x0, 0xff, 0xff, 0xff, 0xf4, 0x0,
    0x0, 0x0, 0x3, 0xff, 0xff, 0xff, 0xd0, 0x0,
    0x0, 0x0, 0xf, 0xff, 0xff, 0xff, 0x40, 0x0,
    0x0, 0x0, 0x3f, 0xff, 0xff, 0xfd, 0x0, 0x0,
    0x0, 0x0, 0xff, 0xff, 0xff, 0xf4, 0x0, 0x0,
    0x0, 0x3, 0xff, 0xff, 0xff, 0xd0, 0x0, 0x0,
    0x0, 0xf, 0xff, 0xff, 0xff, 0x40, 0x0, 0x0,
    0x0, 0x3f, 0xff, 0xff, 0xfd, 0x0, 0x0, 0x0,
    0x0, 0xff, 0xff, 0xff, 0xf4, 0x0, 0x0, 0x0,
    0x3, 0xff, 0xff, 0xff, 0xd0, 0x0, 0x0, 0x0,
    0xf, 0xff, 0xff, 0xff, 0x40, 0x0, 0x0, 0x0,
    0x3f, 0xff, 0xff, 0xfd, 0x0, 0x0, 0x0, 0x0,
    0xff, 0xff, 0xff, 0xf4, 0x0, 0x0, 0x0, 0x3,
    0xff, 0xff, 0xff, 0xd0, 0x0, 0x0, 0x0, 0xf,
    0xff, 0xff, 0xff, 0x40, 0x0, 0x0, 0x0, 0x3f,
    0xff, 0xff, 0xfd, 0x0, 0x0, 0x0, 0x0, 0xff,
    0xff, 0xff, 0xf4, 0x0, 0x0, 0x0, 0x3, 0xff,
    0xff, 0xff, 0xd0, 0x0, 0x0, 0x0, 0xf, 0xff,
    0xef, 0xff, 0x80, 0x0, 0x0, 0x0, 0x7f, 0xff,
    0xbf, 0xff, 0x0, 0x0, 0x0, 0x2, 0xff, 0xf9,
    0xff, 0xfc, 0x0, 0x0, 0x0, 0xf, 0xff, 0xd3,
    0xff, 0xfc, 0x0, 0x0, 0x0, 0xbf, 0xff, 0xb,
    0xff, 0xf8, 0x0, 0x0, 0x7, 0xff, 0xf8, 0xf,
    0xff, 0xf8, 0x0, 0x0, 0xbf, 0xff, 0xc0, 0x1f,
    0xff, 0xfe, 0x51, 0x6f, 0xff, 0xfe, 0x0, 0x2f,
    0xff, 0xff, 0xff, 0xff, 0xff, 0xf0, 0x0, 0x3f,
    0xff, 0xff, 0xff, 0xff, 0xff, 0x0, 0x0, 0x2f,
    0xff, 0xff, 0xff, 0xff, 0xe0, 0x0, 0x0, 0x1f,
    0xff, 0xff, 0xff, 0xfd, 0x0, 0x0, 0x0, 0xb,
    0xff, 0xff, 0xff, 0x80, 0x0, 0x0, 0x0, 0x1,
    0xaf, 0xfe, 0x90, 0x0, 0x0,

    /* U+0056 "V" */
    0xbf, 0xff, 0x0, 0x0, 0x0, 0x0, 0xb, 0xff,
    0xe3, 0xff, 0xf0, 0x0, 0x0, 0x0, 0x0, 0xff,
    0xfd, 0x3f, 0xff, 0x40, 0x0, 0x0, 0x0, 0xf,
    0xff, 0xc2, 0xff, 0xf8, 0x0, 0x0, 0x0, 0x1,
    0xff, 0xfc, 0x1f, 0xff, 0xc0, 0x0, 0x0, 0x0,
    0x2f, 0xff, 0x40, 0xff, 0xfc, 0x0, 0x0, 0x0,
    0x3, 0xff, 0xf0, 0xb, 0xff, 0xe0, 0x0, 0x0,
    0x0, 0x7f, 0xff, 0x0, 0x7f, 0xff, 0x0, 0x0,
    0x0, 0xb, 0xff, 0xe0, 0x3, 0xff, 0xf0, 0x0,
    0x0, 0x0, 0xff, 0xfc, 0x0, 0x2f, 0xff, 0x40,
    0x0, 0x0, 0xf, 0xff, 0xc0, 0x1, 0xff, 0xf8,
    0x0, 0x0, 0x1, 0xff, 0xf8, 0x0, 0xf, 0xff,
    0xc0, 0x0, 0x0, 0x3f, 0xff, 0x40, 0x0, 0xbf,
    0xfd, 0x0, 0x0, 0x3, 0xff, 0xf0, 0x0, 0x7,
    0xff, 0xe0, 0x0, 0x0, 0x7f, 0xfe, 0x0, 0x0,
    0x3f, 0xff, 0x0, 0x0, 0xb, 0xff, 0xd0, 0x0,
    0x3, 0xff, 0xf0, 0x0, 0x0, 0xff, 0xfc, 0x0,
    0x0, 0x1f, 0xff, 0x40, 0x0, 0xf, 0xff, 0x80,
    0x0, 0x0, 0xff, 0xfc, 0x0, 0x2, 0xff, 0xf4,
    0x0, 0x0, 0xf, 0xff, 0xc0, 0x0, 0x3f, 0xff,
    0x0, 0x0, 0x0, 0x7f, 0xfd, 0x0, 0x3, 0xff,
    0xe0, 0x0, 0x0, 0x3, 0xff, 0xe0, 0x0, 0x7f,
    0xfd, 0x0, 0x0, 0x0, 0x3f, 0xff, 0x0, 0xb,
    0xff, 0xc0, 0x0, 0x0, 0x2, 0xff, 0xf0, 0x0,
    0xff, 0xfc, 0x0, 0x0, 0x0, 0xf, 0xff, 0x80,
    0xf, 0xff, 0x40, 0x0, 0x0, 0x0, 0xff, 0xfc,
    0x2, 0xff, 0xf0, 0x0, 0x0, 0x0, 0xb, 0xff,
    0xc0, 0x3f, 0xff, 0x0, 0x0, 0x0, 0x0, 0x7f,
    0xfd, 0x3, 0xff, 0xd0, 0x0, 0x0, 0x0, 0x3,
    0xff, 0xe0, 0x7f, 0xfc, 0x0, 0x0, 0x0, 0x0,
    0x2f, 0xff, 0xb, 0xff, 0xc0, 0x0, 0x0, 0x0,
    0x1, 0xff, 0xf4, 0xff, 0xf8, 0x0, 0x0, 0x0,
    0x0, 0xf, 0xff, 0x9f, 0xff, 0x0, 0x0, 0x0,
    0x0, 0x0, 0xbf, 0xfe, 0xff, 0xf0, 0x0, 0x0,
    0x0, 0x0, 0x7, 0xff, 0xff, 0xfe, 0x0, 0x0,
    0x0, 0x0, 0x0, 0x3f, 0xff, 0xff, 0xd0, 0x0,
    0x0, 0x0, 0x0, 0x2, 0xff, 0xff, 0xfc, 0x0,
    0x0, 0x0, 0x0, 0x0, 0x1f, 0xff, 0xff, 0x80,
    0x0, 0x0, 0x0, 0x0, 0x0, 0xff, 0xff, 0xf4,
    0x0, 0x0, 0x0, 0x0, 0x0, 0xf, 0xff, 0xff,
    0x0, 0x0, 0x0, 0x0, 0x0, 0x0, 0x7f, 0xff,
    0xe0, 0x0, 0x0, 0x0, 0x0, 0x0, 0x3, 0xff,
    0xfd, 0x0, 0x0, 0x0, 0x0, 0x0, 0x0, 0x3f,
    0xff, 0xc0, 0x0, 0x0, 0x0, 0x0, 0x0, 0x2,
    0xff, 0xf8, 0x0, 0x0, 0x0, 0x0, 0x0, 0x0,
    0xf, 0xff, 0x40, 0x0, 0x0, 0x0, 0x0, 0x0,
    0x0, 0xff, 0xf0, 0x0, 0x0, 0x0,

    /* U+0057 "W" */
    0xbf, 0xfd, 0x0, 0x0, 0x0, 0x1f, 0xff, 0xf8,
    0x0, 0x0, 0x0, 0x7f, 0xfd, 0x7f, 0xfe, 0x0,
    0x0, 0x0, 0x2f, 0xff, 0xfc, 0x0, 0x0, 0x0,
    0x7f, 0xfc, 0x3f, 0xff, 0x0, 0x0, 0x0, 0x3f,
    0xff, 0xfc, 0x0, 0x0, 0x0, 0xbf, 0xfc, 0x3f,
    0xff, 0x0, 0x0, 0x0, 0x3f, 0xff, 0xfd, 0x0,
    0x0, 0x0, 0xff, 0xf8, 0x2f, 0xff, 0x40, 0x0,
    0x0, 0x7f, 0xff, 0xfe, 0x0, 0x0, 0x0, 0xff,
    0xf4, 0x1f, 0xff, 0x80, 0x0, 0x0, 0xbf, 0xff,
    0xff, 0x0, 0x0, 0x1, 0xff, 0xf0, 0xf, 0xff,
    0xc0, 0x0, 0x0, 0xbf, 0xff, 0xff, 0x0, 0x0,
    0x2, 0xff, 0xf0, 0xf, 0xff, 0xc0, 0x0, 0x0,
    0xff, 0xff, 0xff, 0x0, 0x0, 0x2, 0xff, 0xe0,
    0xb, 0xff, 0xc0, 0x0, 0x0, 0xff, 0xff, 0xff,
    0x40, 0x0, 0x3, 0xff, 0xd0, 0x7, 0xff, 0xd0,
    0x0, 0x1, 0xff, 0xff, 0xff, 0x80, 0x0, 0x3,
    0xff, 0xc0, 0x3, 0xff, 0xe0, 0x0, 0x2, 0xff,
    0xef, 0xff, 0xc0, 0x0, 0x7, 0xff, 0xc0, 0x3,
    0xff, 0xf0, 0x0, 0x3, 0xff, 0xdb, 0xff, 0xc0,
    0x0, 0xb, 0xff, 0x80, 0x2, 0xff, 0xf0, 0x0,
    0x3, 0xff, 0xc7, 0xff, 0xd0, 0x0, 0xf, 0xff,
    0x40, 0x1, 0xff, 0xf4, 0x0, 0x3, 0xff, 0xc3,
    0xff, 0xe0, 0x0, 0xf, 0xff, 0x0, 0x0, 0xff,
    0xf8, 0x0, 0x7, 0xff, 0x83, 0xff, 0xf0, 0x0,
    0xf, 0xff, 0x0, 0x0, 0xff, 0xfc, 0x0, 0xb,
    0xff, 0x42, 0xff, 0xf0, 0x0, 0x1f, 0xfe, 0x0,
    0x0, 0xbf, 0xfc, 0x0, 0xf, 0xff, 0x1, 0xff,
    0xf0, 0x0, 0x2f, 0xfd, 0x0, 0x0, 0x7f, 0xfc,
    0x0, 0xf, 0xff, 0x0, 0xff, 0xf4, 0x0, 0x3f,
    0xfc, 0x0, 0x0, 0x3f, 0xfd, 0x0, 0x1f, 0xfe,
    0x0, 0xff, 0xf8, 0x0, 0x3f, 0xfc, 0x0, 0x0,
    0x3f, 0xfe, 0x0, 0x2f, 0xfd, 0x0, 0xbf, 0xfc,
    0x0, 0x7f, 0xf8, 0x0, 0x0, 0x2f, 0xff, 0x0,
    0x2f, 0xfc, 0x0, 0x7f, 0xfc, 0x0, 0x7f, 0xf4,
    0x0, 0x0, 0x1f, 0xff, 0x0, 0x3f, 0xfc, 0x0,
    0x3f, 0xfd, 0x0, 0xbf, 0xf0, 0x0, 0x0, 0xf,
    0xff, 0x40, 0x3f, 0xfc, 0x0, 0x3f, 0xfe, 0x0,
    0xff, 0xf0, 0x0, 0x0, 0xf, 0xff, 0x80, 0x7f,
    0xf8, 0x0, 0x2f, 0xff, 0x0, 0xff, 0xf0, 0x0,
    0x0, 0xb, 0xff, 0xc0, 0xbf, 0xf4, 0x0, 0x1f,
    0xff, 0x1, 0xff, 0xe0, 0x0, 0x0, 0x7, 0xff,
    0xc0, 0xff, 0xf0, 0x0, 0xf, 0xff, 0x42, 0xff,
    0xd0, 0x0, 0x0, 0x3, 0xff, 0xc0, 0xff, 0xf0,
    0x0, 0xf, 0xff, 0x43, 0xff, 0xc0, 0x0, 0x0,
    0x3, 0xff, 0xd0, 0xff, 0xe0, 0x0, 0xb, 0xff,
    0x83, 0xff, 0xc0, 0x0, 0x0, 0x2, 0xff, 0xe1,
    0xff, 0xd0, 0x0, 0x7, 0xff, 0xc3, 0xff, 0x80,
    0x0, 0x0, 0x1, 0xff, 0xf2, 0xff, 0xc0, 0x0,
    0x3, 0xff, 0xc7, 0xff, 0x40, 0x0, 0x0, 0x0,
    0xff, 0xf3, 0xff, 0xc0, 0x0, 0x3, 0xff, 0xdb,
    0xff, 0x0, 0x0, 0x0, 0x0, 0xff, 0xf7, 0xff,
    0x80, 0x0, 0x2, 0xff, 0xef, 0xff, 0x0, 0x0,
    0x0, 0x0, 0xbf, 0xff, 0xff, 0x40, 0x0, 0x1,
    0xff, 0xff, 0xfe, 0x0, 0x0, 0x0, 0x0, 0x7f,
    0xff, 0xff, 0x0, 0x0, 0x0, 0xff, 0xff, 0xfd,
    0x0, 0x0, 0x0, 0x0, 0x3f, 0xff, 0xff, 0x0,
    0x0, 0x0, 0xff, 0xff, 0xfc, 0x0, 0x0, 0x0,
    0x0, 0x3f, 0xff, 0xfe, 0x0, 0x0, 0x0, 0xbf,
    0xff, 0xfc, 0x0, 0x0, 0x0, 0x0, 0x2f, 0xff,
    0xfd, 0x0, 0x0, 0x0, 0x7f, 0xff, 0xf8, 0x0,
    0x0, 0x0, 0x0, 0x1f, 0xff, 0xfc, 0x0, 0x0,
    0x0, 0x3f, 0xff, 0xf4, 0x0, 0x0, 0x0, 0x0,
    0xf, 0xff, 0xfc, 0x0, 0x0, 0x0, 0x3f, 0xff,
    0xf0, 0x0, 0x0, 0x0, 0x0, 0xf, 0xff, 0xf8,
    0x0, 0x0, 0x0, 0x2f, 0xff, 0xf0, 0x0, 0x0,
    0x0, 0x0, 0xb, 0xff, 0xf4, 0x0, 0x0, 0x0,
    0x1f, 0xff, 0xe0, 0x0, 0x0, 0x0, 0x0, 0x7,
    0xff, 0xf0, 0x0, 0x0, 0x0, 0xf, 0xff, 0xd0,
    0x0, 0x0, 0x0, 0x0, 0x3, 0xff, 0xf0, 0x0,
    0x0, 0x0, 0xf, 0xff, 0xc0, 0x0, 0x0, 0x0,
    0x0, 0x3, 0xff, 0xe0, 0x0, 0x0, 0x0, 0xb,
    0xff, 0xc0, 0x0, 0x0,

    /* U+0058 "X" */
    0x1f, 0xff, 0xf0, 0x0, 0x0, 0x0, 0x7, 0xff,
    0xfc, 0x2, 0xff, 0xfe, 0x0, 0x0, 0x0, 0x3,
    0xff, 0xfc, 0x0, 0x3f, 0xff, 0xc0, 0x0, 0x0,
    0x1, 0xff, 0xfe, 0x0, 0xb, 0xff, 0xf8, 0x0,
    0x0, 0x0, 0xff, 0xff, 0x0, 0x0, 0xff, 0xff,
    0x40, 0x0, 0x0, 0xbf, 0xff, 0x40, 0x0, 0x1f,
    0xff, 0xf0, 0x0, 0x0, 0x3f, 0xff, 0x80, 0x0,
    0x2, 0xff, 0xfd, 0x0, 0x0, 0x2f, 0xff, 0xc0,
    0x0, 0x0, 0x3f, 0xff, 0xc0, 0x0, 0xf, 0xff,
    0xe0, 0x0, 0x0, 0x7, 0xff, 0xf8, 0x0, 0xf,
    0xff, 0xf0, 0x0, 0x0, 0x0, 0xff, 0xff, 0x0,
    0x7, 0xff, 0xf4, 0x0, 0x0, 0x0, 0xf, 0xff,
    0xe0, 0x3, 0xff, 0xf8, 0x0, 0x0, 0x0, 0x2,
    0xff, 0xfc, 0x1, 0xff, 0xfc, 0x0, 0x0, 0x0,
    0x0, 0x3f, 0xff, 0xc0, 0xff, 0xfd, 0x0, 0x0,
    0x0, 0x0, 0x7, 0xff, 0xf4, 0xbf, 0xff, 0x0,
    0x0, 0x0, 0x0, 0x0, 0xff, 0xff, 0x3f, 0xff,
    0x40, 0x0, 0x0, 0x0, 0x0, 0xf, 0xff, 0xff,
    0xff, 0x80, 0x0, 0x0, 0x0, 0x0, 0x2, 0xff,
    0xff, 0xff, 0xc0, 0x0, 0x0, 0x0, 0x0, 0x0,
    0x3f, 0xff, 0xff, 0xd0, 0x0, 0x0, 0x0, 0x0,
    0x0, 0x7, 0xff, 0xff, 0xf0, 0x0, 0x0, 0x0,
    0x0, 0x0, 0x0, 0xff, 0xff, 0xf4, 0x0, 0x0,
    0x0, 0x0, 0x0, 0x0, 0xf, 0xff, 0xf8, 0x0,
    0x0, 0x0, 0x0, 0x0, 0x0, 0x3, 0xff, 0xff,
    0x0, 0x0, 0x0, 0x0, 0x0, 0x0, 0x2, 0xff,
    0xff, 0xd0, 0x0, 0x0, 0x0, 0x0, 0x0, 0x0,
    0xff, 0xff, 0xfc, 0x0, 0x0, 0x0, 0x0, 0x0,
    0x0, 0xff, 0xff, 0xff, 0x80, 0x0, 0x0, 0x0,
    0x0, 0x0, 0x7f, 0xff, 0xff, 0xf4, 0x0, 0x0,
    0x0, 0x0, 0x0, 0x3f, 0xff, 0xff, 0xff, 0x0,
    0x0, 0x0, 0x0, 0x0, 0x2f, 0xff, 0xdf, 0xff,
    0xd0, 0x0, 0x0, 0x0, 0x0, 0x1f, 0xff, 0xd2,
    0xff, 0xfc, 0x0, 0x0, 0x0, 0x0, 0xf, 0xff,
    0xe0, 0x3f, 0xff, 0x80, 0x0, 0x0, 0x0, 0x7,
    0xff, 0xf0, 0xb, 0xff, 0xf4, 0x0, 0x0, 0x0,
    0x3, 0xff, 0xf8, 0x0, 0xff, 0xff, 0x0, 0x0,
    0x0, 0x2, 0xff, 0xfc, 0x0, 0x1f, 0xff, 0xe0,
    0x0, 0x0, 0x1, 0xff, 0xfd, 0x0, 0x3, 0xff,
    0xfc, 0x0, 0x0, 0x0, 0xff, 0xff, 0x0, 0x0,
    0x7f, 0xff, 0x80, 0x0, 0x0, 0xbf, 0xff, 0x40,
    0x0, 0xf, 0xff, 0xf4, 0x0, 0x0, 0x3f, 0xff,
    0x80, 0x0, 0x0, 0xff, 0xff, 0x0, 0x0, 0x2f,
    0xff, 0xc0, 0x0, 0x0, 0x2f, 0xff, 0xe0, 0x0,
    0x1f, 0xff, 0xe0, 0x0, 0x0, 0x3, 0xff, 0xfc,
    0x0, 0xf, 0xff, 0xf0, 0x0, 0x0, 0x0, 0x7f,
    0xff, 0xc0, 0xb, 0xff, 0xf4, 0x0, 0x0, 0x0,
    0xf, 0xff, 0xf4, 0x3, 0xff, 0xfc, 0x0, 0x0,
    0x0, 0x1, 0xff, 0xff, 0x3, 0xff, 0xfc, 0x0,
    0x0, 0x0, 0x0, 0x3f, 0xff, 0xe1, 0xff, 0xfe,
    0x0, 0x0, 0x0, 0x0, 0x3, 0xff, 0xfc,

    /* U+0059 "Y" */
    0x7f, 0xff, 0x0, 0x0, 0x0, 0x0, 0x3f, 0xff,
    0x8f, 0xff, 0xe0, 0x0, 0x0, 0x0, 0x2f, 0xff,
    0xc1, 0xff, 0xfc, 0x0, 0x0, 0x0, 0xf, 0xff,
    0xe0, 0x3f, 0xff, 0x80, 0x0, 0x0, 0x7, 0xff,
    0xf0, 0x7, 0xff, 0xf0, 0x0, 0x0, 0x3, 0xff,
    0xf8, 0x0, 0xff, 0xfd, 0x0, 0x0, 0x1, 0xff,
    0xfc, 0x0, 0x1f, 0xff, 0xc0, 0x0, 0x0, 0xff,
    0xfe, 0x0, 0x3, 0xff, 0xf4, 0x0, 0x0, 0x7f,
    0xff, 0x0, 0x0, 0x7f, 0xff, 0x0, 0x0, 0x2f,
    0xff, 0x80, 0x0, 0xf, 0xff, 0xd0, 0x0, 0xf,
    0xff, 0xc0, 0x0, 0x1, 0xff, 0xf8, 0x0, 0xb,
    0xff, 0xe0, 0x0, 0x0, 0x3f, 0xff, 0x0, 0x3,
    0xff, 0xf0, 0x0, 0x0, 0x7, 0xff, 0xe0, 0x2,
    0xff, 0xf8, 0x0, 0x0, 0x0, 0xff, 0xfc, 0x0,
    0xff, 0xfc, 0x0, 0x0, 0x0, 0x2f, 0xff, 0x80,
    0x7f, 0xfe, 0x0, 0x0, 0x0, 0x3, 0xff, 0xf0,
    0x3f, 0xff, 0x0, 0x0, 0x0, 0x0, 0xbf, 0xfd,
    0x1f, 0xff, 0x80, 0x0, 0x0, 0x0, 0xf, 0xff,
    0xcf, 0xff, 0xc0, 0x0, 0x0, 0x0, 0x2, 0xff,
    0xfb, 0xff, 0xe0, 0x0, 0x0, 0x0, 0x0, 0x3f,
    0xff, 0xff, 0xf0, 0x0, 0x0, 0x0, 0x0, 0xb,
    0xff, 0xff, 0xf8, 0x0, 0x0, 0x0, 0x0, 0x0,
    0xff, 0xff, 0xfc, 0x0, 0x0, 0x0, 0x0, 0x0,
    0x2f, 0xff, 0xfe, 0x0, 0x0, 0x0, 0x0, 0x0,
    0x3, 0xff, 0xff, 0x0, 0x0, 0x0, 0x0, 0x0,
    0x0, 0xbf, 0xff, 0xc0, 0x0, 0x0, 0x0, 0x0,
    0x0, 0xf, 0xff, 0xd0, 0x0, 0x0, 0x0, 0x0,
    0x0, 0x3, 0xff, 0xf0, 0x0, 0x0, 0x0, 0x0,
    0x0, 0x0, 0xff, 0xfc, 0x0, 0x0, 0x0, 0x0,
    0x0, 0x0, 0x3f, 0xff, 0x0, 0x0, 0x0, 0x0,
    0x0, 0x0, 0xf, 0xff, 0xc0, 0x0, 0x0, 0x0,
    0x0, 0x0, 0x3, 0xff, 0xf0, 0x0, 0x0, 0x0,
    0x0, 0x0, 0x0, 0xff, 0xfc, 0x0, 0x0, 0x0,
    0x0, 0x0, 0x0, 0x3f, 0xff, 0x0, 0x0, 0x0,
    0x0, 0x0, 0x0, 0xf, 0xff, 0xc0, 0x0, 0x0,
    0x0, 0x0, 0x0, 0x3, 0xff, 0xf0, 0x0, 0x0,
    0x0, 0x0, 0x0, 0x0, 0xff, 0xfc, 0x0, 0x0,
    0x0, 0x0, 0x0, 0x0, 0x3f, 0xff, 0x0, 0x0,
    0x0, 0x0, 0x0, 0x0, 0xf, 0xff, 0xc0, 0x0,
    0x0, 0x0, 0x0, 0x0, 0x3, 0xff, 0xf0, 0x0,
    0x0, 0x0, 0x0, 0x0, 0x0, 0xff, 0xfc, 0x0,
    0x0, 0x0, 0x0, 0x0, 0x0, 0x3f, 0xff, 0x0,
    0x0, 0x0, 0x0, 0x0, 0x0, 0xf, 0xff, 0xc0,
    0x0, 0x0, 0x0, 0x0, 0x0, 0x3, 0xff, 0xf0,
    0x0, 0x0, 0x0, 0x0, 0x0, 0x0, 0xff, 0xfc,
    0x0, 0x0, 0x0,

    /* U+005A "Z" */
    0x7f, 0xff, 0xff, 0xff, 0xff, 0xff, 0xfe, 0x1f,
    0xff, 0xff, 0xff, 0xff, 0xff, 0xff, 0x87, 0xff,
    0xff, 0xff, 0xff, 0xff, 0xff, 0xe1, 0xff, 0xff,
    0xff, 0xff, 0xff, 0xff, 0xf8, 0x7f, 0xff, 0xff,
    0xff, 0xff, 0xff, 0xfe, 0x1f, 0xff, 0xff, 0xff,
    0xff, 0xff, 0xff, 0x80, 0x0, 0x0, 0x0, 0x0,
    0x1f, 0xff, 0xe0, 0x0, 0x0, 0x0, 0x0, 0xf,
    0xff, 0xf0, 0x0, 0x0, 0x0, 0x0, 0x7, 0xff,
    0xf4, 0x0, 0x0, 0x0, 0x0, 0x3, 0xff, 0xf8,
    0x0, 0x0, 0x0, 0x0, 0x2, 0xff, 0xfc, 0x0,
    0x0, 0x0, 0x0, 0x1, 0xff, 0xfd, 0x0, 0x0,
    0x0, 0x0, 0x0, 0xff, 0xff, 0x0, 0x0, 0x0,
    0x0, 0x0, 0xbf, 0xff, 0x0, 0x0, 0x0, 0x0,
    0x0, 0x3f, 0xff, 0x80, 0x0, 0x0, 0x0, 0x0,
    0x3f, 0xff, 0xc0, 0x0, 0x0, 0x0, 0x0, 0x1f,
    0xff, 0xc0, 0x0, 0x0, 0x0, 0x0, 0xf, 0xff,
    0xe0, 0x0, 0x0, 0x0, 0x0, 0xb, 0xff, 0xf0,
    0x0, 0x0, 0x0, 0x0, 0x7, 0xff, 0xf4, 0x0,
    0x0, 0x0, 0x0, 0x3, 0xff, 0xf8, 0x0, 0x0,
    0x0, 0x0, 0x2, 0xff, 0xfc, 0x0, 0x0, 0x0,
    0x0, 0x1, 0xff, 0xfd, 0x0, 0x0, 0x0, 0x0,
    0x0, 0xff, 0xff, 0x0, 0x0, 0x0, 0x0, 0x0,
    0xbf, 0xff, 0x0, 0x0, 0x0, 0x0, 0x0, 0x3f,
    0xff, 0x80, 0x0, 0x0, 0x0, 0x0, 0x3f, 0xff,
    0xc0, 0x0, 0x0, 0x0, 0x0, 0x1f, 0xff, 0xd0,
    0x0, 0x0, 0x0, 0x0, 0xf, 0xff, 0xe0, 0x0,
    0x0, 0x0, 0x0, 0xb, 0xff, 0xf0, 0x0, 0x0,
    0x0, 0x0, 0x7, 0xff, 0xf4, 0x0, 0x0, 0x0,
    0x0, 0x3, 0xff, 0xfc, 0x0, 0x0, 0x0, 0x0,
    0x2, 0xff, 0xfc, 0x0, 0x0, 0x0, 0x0, 0x0,
    0xff, 0xfe, 0x0, 0x0, 0x0, 0x0, 0x0, 0xff,
    0xff, 0x0, 0x0, 0x0, 0x0, 0x0, 0x7f, 0xff,
    0x40, 0x0, 0x0, 0x0, 0x0, 0x3f, 0xff, 0x80,
    0x0, 0x0, 0x0, 0x0, 0x2f, 0xff, 0xd0, 0x0,
    0x0, 0x0, 0x0, 0xf, 0xff, 0xff, 0xff, 0xff,
    0xff, 0xff, 0xf3, 0xff, 0xff, 0xff, 0xff, 0xff,
    0xff, 0xfc, 0xff, 0xff, 0xff, 0xff, 0xff, 0xff,
    0xff, 0x3f, 0xff, 0xff, 0xff, 0xff, 0xff, 0xff,
    0xcf, 0xff, 0xff, 0xff, 0xff, 0xff, 0xff, 0xf3,
    0xff, 0xff, 0xff, 0xff, 0xff, 0xff, 0xfc,

    /* U+005B "[" */
    0xff, 0xff, 0xff, 0x7f, 0xff, 0xff, 0xdf, 0xff,
    0xff, 0xf7, 0xff, 0xff, 0xfd, 0xff, 0xff, 0xff,
    0x7f, 0xff, 0xff, 0xdf, 0xff, 0xd5, 0x53, 0xff,
    0xf0, 0x0, 0xff, 0xfc, 0x0, 0x3f, 0xff, 0x0,
    0xf, 0xff, 0xc0, 0x3, 0xff, 0xf0, 0x0, 0xff,
    0xfc, 0x0, 0x3f, 0xff, 0x0, 0xf, 0xff, 0xc0,
    0x3, 0xff, 0xf0, 0x0, 0xff, 0xfc, 0x0, 0x3f,
    0xff, 0x0, 0xf, 0xff, 0xc0, 0x3, 0xff, 0xf0,
    0x0, 0xff, 0xfc, 0x0, 0x3f, 0xff, 0x0, 0xf,
    0xff, 0xc0, 0x3, 0xff, 0xf0, 0x0, 0xff, 0xfc,
    0x0, 0x3f, 0xff, 0x0, 0xf, 0xff, 0xc0, 0x3,
    0xff, 0xf0, 0x0, 0xff, 0xfc, 0x0, 0x3f, 0xff,
    0x0, 0xf, 0xff, 0xc0, 0x3, 0xff, 0xf0, 0x0,
    0xff, 0xfc, 0x0, 0x3f, 0xff, 0x0, 0xf, 0xff,
    0xc0, 0x3, 0xff, 0xf0, 0x0, 0xff, 0xfc, 0x0,
    0x3f, 0xff, 0x0, 0xf, 0xff, 0xc0, 0x3, 0xff,
    0xf0, 0x0, 0xff, 0xfc, 0x0, 0x3f, 0xff, 0x0,
    0xf, 0xff, 0xc0, 0x3, 0xff, 0xf0, 0x0, 0xff,
    0xfc, 0x0, 0x3f, 0xff, 0x0, 0xf, 0xff, 0xff,
    0xf7, 0xff, 0xff, 0xfd, 0xff, 0xff, 0xff, 0x7f,
    0xff, 0xff, 0xdf, 0xff, 0xff, 0xf7, 0xff, 0xff,
    0xfd,

    /* U+005C "\\" */
    0xbf, 0xf0, 0x0, 0x0, 0x0, 0x7f, 0xf0, 0x0,
    0x0, 0x0, 0x3f, 0xf4, 0x0, 0x0, 0x0, 0x3f,
    0xfc, 0x0, 0x0, 0x0, 0x2f, 0xfc, 0x0, 0x0,
    0x0, 0xf, 0xfd, 0x0, 0x0, 0x0, 0xf, 0xfe,
    0x0, 0x0, 0x0, 0xb, 0xff, 0x0, 0x0, 0x0,
    0x7, 0xff, 0x40, 0x0, 0x0, 0x3, 0xff, 0x80,
    0x0, 0x0, 0x2, 0xff, 0xc0, 0x0, 0x0, 0x1,
    0xff, 0xc0, 0x0, 0x0, 0x0, 0xff, 0xe0, 0x0,
    0x0, 0x0, 0xff, 0xf0, 0x0, 0x0, 0x0, 0x7f,
    0xf0, 0x0, 0x0, 0x0, 0x3f, 0xf4, 0x0, 0x0,
    0x0, 0x3f, 0xf8, 0x0, 0x0, 0x0, 0x2f, 0xfc,
    0x0, 0x0, 0x0, 0x1f, 0xfd, 0x0, 0x0, 0x0,
    0xf, 0xfe, 0x0, 0x0, 0x0, 0xb, 0xff, 0x0,
    0x0, 0x0, 0x7, 0xff, 0x0, 0x0, 0x0, 0x3,
    0xff, 0x80, 0x0, 0x0, 0x3, 0xff, 0xc0, 0x0,
    0x0, 0x1, 0xff, 0xc0, 0x0, 0x0, 0x0, 0xff,
    0xd0, 0x0, 0x0, 0x0, 0xff, 0xe0, 0x0, 0x0,
    0x0, 0xbf, 0xf0, 0x0, 0x0, 0x0, 0x7f, 0xf4,
    0x0, 0x0, 0x0, 0x3f, 0xf8, 0x0, 0x0, 0x0,
    0x2f, 0xfc, 0x0, 0x0, 0x0, 0x1f, 0xfc, 0x0,
    0x0, 0x0, 0xf, 0xfe, 0x0, 0x0, 0x0, 0xf,
    0xff, 0x0, 0x0, 0x0, 0x7, 0xff, 0x0, 0x0,
    0x0, 0x3, 0xff, 0x40, 0x0, 0x0, 0x3, 0xff,
    0x80, 0x0, 0x0, 0x2, 0xff, 0xc0, 0x0, 0x0,
    0x1, 0xff, 0xd0, 0x0, 0x0, 0x0, 0xff, 0xe0,
    0x0, 0x0, 0x0, 0xbf, 0xf0, 0x0, 0x0, 0x0,
    0x7f, 0xf0, 0x0, 0x0, 0x0, 0x3f, 0xf8, 0x0,
    0x0, 0x0, 0x3f, 0xfc, 0x0, 0x0, 0x0, 0x1a,
    0xa8,

    /* U+005D "]" */
    0xff, 0xff, 0xff, 0x7f, 0xff, 0xff, 0xdf, 0xff,
    0xff, 0xf7, 0xff, 0xff, 0xfd, 0xff, 0xff, 0xff,
    0x7f, 0xff, 0xff, 0xd0, 0x2, 0xff, 0xf4, 0x0,
    0x7f, 0xfd, 0x0, 0x1f, 0xff, 0x40, 0x7, 0xff,
    0xd0, 0x1, 0xff, 0xf4, 0x0, 0x7f, 0xfd, 0x0,
    0x1f, 0xff, 0x40, 0x7, 0xff, 0xd0, 0x1, 0xff,
    0xf4, 0x0, 0x7f, 0xfd, 0x0, 0x1f, 0xff, 0x40,
    0x7, 0xff, 0xd0, 0x1, 0xff, 0xf4, 0x0, 0x7f,
    0xfd, 0x0, 0x1f, 0xff, 0x40, 0x7, 0xff, 0xd0,
    0x1, 0xff, 0xf4, 0x0, 0x7f, 0xfd, 0x0, 0x1f,
    0xff, 0x40, 0x7, 0xff, 0xd0, 0x1, 0xff, 0xf4,
    0x0, 0x7f, 0xfd, 0x0, 0x1f, 0xff, 0x40, 0x7,
    0xff, 0xd0, 0x1, 0xff, 0xf4, 0x0, 0x7f, 0xfd,
    0x0, 0x1f, 0xff, 0x40, 0x7, 0xff, 0xd0, 0x1,
    0xff, 0xf4, 0x0, 0x7f, 0xfd, 0x0, 0x1f, 0xff,
    0x40, 0x7, 0xff, 0xd0, 0x1, 0xff, 0xf4, 0x0,
    0x7f, 0xfd, 0x0, 0x1f, 0xff, 0x40, 0x7, 0xff,
    0xd0, 0x1, 0xff, 0xf4, 0x0, 0x7f, 0xfd, 0x0,
    0x1f, 0xff, 0x40, 0xb, 0xff, 0xdf, 0xff, 0xff,
    0xf7, 0xff, 0xff, 0xfd, 0xff, 0xff, 0xff, 0x7f,
    0xff, 0xff, 0xdf, 0xff, 0xff, 0xf7, 0xff, 0xff,
    0xfd,

    /* U+005E "^" */
    0x0, 0x0, 0x0, 0xaa, 0x80, 0x0, 0x0, 0x0,
    0x0, 0x0, 0xff, 0xf8, 0x0, 0x0, 0x0, 0x0,
    0x0, 0x3f, 0xff, 0x0, 0x0, 0x0, 0x0, 0x0,
    0x2f, 0xff, 0xe0, 0x0, 0x0, 0x0, 0x0, 0xf,
    0xff, 0xfc, 0x0, 0x0, 0x0, 0x0, 0x7, 0xff,
    0xff, 0x40, 0x0, 0x0, 0x0, 0x3, 0xff, 0xff,
    0xe0, 0x0, 0x0, 0x0, 0x0, 0xff, 0xef, 0xfc,
    0x0, 0x0, 0x0, 0x0, 0xbf, 0xf3, 0xff, 0x80,
    0x0, 0x0, 0x0, 0x3f, 0xf4, 0xbf, 0xf0, 0x0,
    0x0, 0x0, 0x1f, 0xfc, 0xf, 0xfd, 0x0, 0x0,
    0x0, 0xf, 0xfe, 0x3, 0xff, 0xc0, 0x0, 0x0,
    0x3, 0xff, 0x0, 0x7f, 0xf0, 0x0, 0x0, 0x2,
    0xff, 0xc0, 0xf, 0xfe, 0x0, 0x0, 0x0, 0xff,
    0xd0, 0x2, 0xff, 0xc0, 0x0, 0x0, 0x7f, 0xf0,
    0x0, 0x3f, 0xf4, 0x0, 0x0, 0x3f, 0xf8, 0x0,
    0xb, 0xff, 0x0, 0x0, 0x1f, 0xfc, 0x0, 0x1,
    0xff, 0xc0, 0x0, 0xb, 0xff, 0x0, 0x0, 0x3f,
    0xf8, 0x0, 0x3, 0xff, 0x40, 0x0, 0xb, 0xff,
    0x0, 0x1, 0xff, 0xc0, 0x0, 0x0, 0xff, 0xd0,
    0x0, 0xff, 0xe0, 0x0, 0x0, 0x2f, 0xfc, 0x0,
    0x7f, 0xf4, 0x0, 0x0, 0x7, 0xff, 0x0, 0x2f,
    0xfc, 0x0, 0x0, 0x0, 0xff, 0xe0, 0xf, 0xfd,
    0x0, 0x0, 0x0, 0x2f, 0xfc, 0xb, 0xff, 0x0,
    0x0, 0x0, 0x3, 0xff, 0x43, 0xff, 0x80, 0x0,
    0x0, 0x0, 0xbf, 0xf0,

    /* U+005F "_" */
    0x55, 0x55, 0x55, 0x55, 0x55, 0x55, 0x55, 0x57,
    0xff, 0xff, 0xff, 0xff, 0xff, 0xff, 0xff, 0xef,
    0xff, 0xff, 0xff, 0xff, 0xff, 0xff, 0xff, 0xbf,
    0xff, 0xff, 0xff, 0xff, 0xff, 0xff, 0xfe, 0xff,
    0xff, 0xff, 0xff, 0xff, 0xff, 0xff, 0xf8,

    /* U+0060 "`" */
    0x3f, 0xff, 0x40, 0x0, 0x3f, 0xff, 0x0, 0x0,
    0x3f, 0xff, 0x0, 0x0, 0x3f, 0xff, 0x0, 0x0,
    0x3f, 0xfe, 0x0, 0x0, 0x3f, 0xfe, 0x0, 0x0,
    0x3f, 0xfd, 0x0, 0x0, 0x2f, 0xfc,

    /* U+007B "{" */
    0x0, 0x0, 0x6f, 0xff, 0x0, 0x0, 0xff, 0xff,
    0xc0, 0x0, 0xff, 0xff, 0xf0, 0x0, 0x7f, 0xff,
    0xfc, 0x0, 0x3f, 0xff, 0xff, 0x0, 0xf, 0xff,
    0xfa, 0x80, 0x3, 0xff, 0xf0, 0x0, 0x0, 0xff,
    0xf4, 0x0, 0x0, 0x3f, 0xfc, 0x0, 0x0, 0xf,
    0xff, 0x0, 0x0, 0x3, 0xff, 0xc0, 0x0, 0x0,
    0xff, 0xf0, 0x0, 0x0, 0x3f, 0xfc, 0x0, 0x0,
    0xf, 0xff, 0x0, 0x0, 0x3, 0xff, 0xc0, 0x0,
    0x0, 0xff, 0xf0, 0x0, 0x0, 0x3f, 0xfc, 0x0,
    0x0, 0xf, 0xff, 0x0, 0x0, 0x3, 0xff, 0xc0,
    0x0, 0x1, 0xff, 0xf0, 0x0, 0x0, 0xbf, 0xfc,
    0x0, 0x0, 0x3f, 0xff, 0x0, 0x0, 0x7f, 0xff,
    0x80, 0x3, 0xff, 0xff, 0xc0, 0x0, 0xff, 0xff,
    0xd0, 0x0, 0x3f, 0xff, 0x80, 0x0, 0xf, 0xff,
    0xf4, 0x0, 0x3, 0xff, 0xff, 0x80, 0x0, 0xff,
    0xff, 0xf4, 0x0, 0x0, 0xff, 0xfe, 0x0, 0x0,
    0xf, 0xff, 0xc0, 0x0, 0x1, 0xff, 0xf0, 0x0,
    0x0, 0x7f, 0xfc, 0x0, 0x0, 0xf, 0xff, 0x0,
    0x0, 0x3, 0xff, 0xc0, 0x0, 0x0, 0xff, 0xf0,
    0x0, 0x0, 0x3f, 0xfc, 0x0, 0x0, 0xf, 0xff,
    0x0, 0x0, 0x3, 0xff, 0xc0, 0x0, 0x0, 0xff,
    0xf0, 0x0, 0x0, 0x3f, 0xfc, 0x0, 0x0, 0xf,
    0xff, 0x0, 0x0, 0x3, 0xff, 0xc0, 0x0, 0x0,
    0xff, 0xf0, 0x0, 0x0, 0x3f, 0xfd, 0x0, 0x0,
    0xf, 0xff, 0x80, 0x0, 0x3, 0xff, 0xfe, 0x50,
    0x0, 0xff, 0xff, 0xfc, 0x0, 0x1f, 0xff, 0xff,
    0x0, 0x3, 0xff, 0xff, 0xc0, 0x0, 0x3f, 0xff,
    0xf0, 0x0, 0x1, 0xbf, 0xfc,

    /* U+007C "|" */
    0x0, 0x2, 0xff, 0xeb, 0xff, 0xaf, 0xfe, 0xbf,
    0xfa, 0xff, 0xeb, 0xff, 0xaf, 0xfe, 0xbf, 0xfa,
    0xff, 0xeb, 0xff, 0xaf, 0xfe, 0xbf, 0xfa, 0xff,
    0xeb, 0xff, 0xaf, 0xfe, 0xbf, 0xfa, 0xff, 0xeb,
    0xff, 0xaf, 0xfe, 0xbf, 0xfa, 0xff, 0xeb, 0xff,
    0xaf, 0xfe, 0xbf, 0xfa, 0xff, 0xeb, 0xff, 0xaf,
    0xfe, 0xbf, 0xfa, 0xff, 0xeb, 0xff, 0xaf, 0xfe,
    0xbf, 0xfa, 0xff, 0xeb, 0xff, 0xaf, 0xfe, 0xbf,
    0xfa, 0xff, 0xeb, 0xff, 0xaf, 0xfe, 0xbf, 0xfa,
    0xff, 0xeb, 0xff, 0xaf, 0xfe, 0xbf, 0xfa, 0xff,
    0xeb, 0xff, 0xaf, 0xfe, 0xbf, 0xfa, 0xff, 0xeb,
    0xff, 0xaf, 0xfe, 0xbf, 0xf8,

    /* U+007D "}" */
    0xff, 0xf9, 0x0, 0x0, 0x3f, 0xff, 0xf4, 0x0,
    0xf, 0xff, 0xff, 0x0, 0x3, 0xff, 0xff, 0xe0,
    0x0, 0xff, 0xff, 0xfc, 0x0, 0x1a, 0xff, 0xff,
    0x40, 0x0, 0x7, 0xff, 0xd0, 0x0, 0x0, 0xff,
    0xf4, 0x0, 0x0, 0x3f, 0xfd, 0x0, 0x0, 0xf,
    0xff, 0x40, 0x0, 0x3, 0xff, 0xd0, 0x0, 0x0,
    0xff, 0xf4, 0x0, 0x0, 0x3f, 0xfd, 0x0, 0x0,
    0xf, 0xff, 0x40, 0x0, 0x3, 0xff, 0xd0, 0x0,
    0x0, 0xff, 0xf4, 0x0, 0x0, 0x3f, 0xfd, 0x0,
    0x0, 0xf, 0xff, 0x40, 0x0, 0x3, 0xff, 0xd0,
    0x0, 0x0, 0xff, 0xf8, 0x0, 0x0, 0x2f, 0xff,
    0x0, 0x0, 0xb, 0xff, 0xd0, 0x0, 0x1, 0xff,
    0xfe, 0x0, 0x0, 0x3f, 0xff, 0xfc, 0x0, 0x3,
    0xff, 0xff, 0x0, 0x0, 0x2f, 0xff, 0xc0, 0x0,
    0xb, 0xff, 0xf0, 0x0, 0xf, 0xff, 0xfc, 0x0,
    0xf, 0xff, 0xff, 0x0, 0x7, 0xff, 0xf4, 0x0,
    0x2, 0xff, 0xf0, 0x0, 0x0, 0xff, 0xfc, 0x0,
    0x0, 0x3f, 0xfe, 0x0, 0x0, 0xf, 0xff, 0x40,
    0x0, 0x3, 0xff, 0xd0, 0x0, 0x0, 0xff, 0xf4,
    0x0, 0x0, 0x3f, 0xfd, 0x0, 0x0, 0xf, 0xff,
    0x40, 0x0, 0x3, 0xff, 0xd0, 0x0, 0x0, 0xff,
    0xf4, 0x0, 0x0, 0x3f, 0xfd, 0x0, 0x0, 0xf,
    0xff, 0x40, 0x0, 0x3, 0xff, 0xd0, 0x0, 0x0,
    0xff, 0xf4, 0x0, 0x0, 0x3f, 0xfd, 0x0, 0x0,
    0x1f, 0xff, 0x40, 0x5, 0xaf, 0xff, 0xd0, 0x3,
    0xff, 0xff, 0xf0, 0x0, 0xff, 0xff, 0xf8, 0x0,
    0x3f, 0xff, 0xfc, 0x0, 0xf, 0xff, 0xfd, 0x0,
    0x3, 0xff, 0xe4, 0x0, 0x0,

    /* U+007E "~" */
    0x0, 0x1, 0xa9, 0x0, 0x0, 0x0, 0x0, 0x0,
    0xb, 0xff, 0xf4, 0x0, 0x0, 0xb8, 0x0, 0xf,
    0xff, 0xff, 0xd0, 0x0, 0x7f, 0xc0, 0xf, 0xff,
    0xff, 0xfe, 0x0, 0x7f, 0xfc, 0xf, 0xff, 0xff,
    0xff, 0xfe, 0xff, 0xff, 0xb, 0xff, 0xff, 0xff,
    0xff, 0xff, 0xff, 0x3, 0xff, 0xe0, 0x2f, 0xff,
    0xff, 0xff, 0x40, 0xbf, 0xd0, 0x0, 0xbf, 0xff,
    0xff, 0x80, 0x2, 0xe0, 0x0, 0x7, 0xff, 0xff,
    0x40, 0x0, 0x10, 0x0, 0x0, 0x1b, 0xfd, 0x0,
    0x0
};


/*---------------------
 *  GLYPH DESCRIPTION
 *--------------------*/

static const lv_font_fmt_txt_glyph_dsc_t glyph_dsc[] = {
    {.bitmap_index = 0, .adv_w = 0, .box_w = 0, .box_h = 0, .ofs_x = 0, .ofs_y = 0} /* id = 0 reserved */,
    {.bitmap_index = 0, .adv_w = 247, .box_w = 9, .box_h = 44, .ofs_x = 3, .ofs_y = 0},
    {.bitmap_index = 99, .adv_w = 359, .box_w = 18, .box_h = 18, .ofs_x = 2, .ofs_y = 26},
    {.bitmap_index = 180, .adv_w = 534, .box_w = 32, .box_h = 44, .ofs_x = 1, .ofs_y = 0},
    {.bitmap_index = 532, .adv_w = 490, .box_w = 27, .box_h = 51, .ofs_x = 1, .ofs_y = -4},
    {.bitmap_index = 877, .adv_w = 886, .box_w = 52, .box_h = 47, .ofs_x = 2, .ofs_y = -2},
    {.bitmap_index = 1488, .adv_w = 602, .box_w = 32, .box_h = 45, .ofs_x = 3, .ofs_y = 0},
    {.bitmap_index = 1848, .adv_w = 187, .box_w = 8, .box_h = 18, .ofs_x = 2, .ofs_y = 26},
    {.bitmap_index = 1884, .adv_w = 304, .box_w = 13, .box_h = 53, .ofs_x = 3, .ofs_y = -5},
    {.bitmap_index = 2057, .adv_w = 304, .box_w = 13, .box_h = 53, .ofs_x = 3, .ofs_y = -5},
    {.bitmap_index = 2230, .adv_w = 380, .box_w = 18, .box_h = 19, .ofs_x = 3, .ofs_y = 25},
    {.bitmap_index = 2316, .adv_w = 527, .box_w = 27, .box_h = 27, .ofs_x = 3, .ofs_y = 4},
    {.bitmap_index = 2499, .adv_w = 187, .box_w = 8, .box_h = 18, .ofs_x = 2, .ofs_y = -10},
    {.bitmap_index = 2535, .adv_w = 396, .box_w = 19, .box_h = 7, .ofs_x = 3, .ofs_y = 19},
    {.bitmap_index = 2569, .adv_w = 210, .box_w = 9, .box_h = 8, .ofs_x = 2, .ofs_y = 0},
    {.bitmap_index = 2587, .adv_w = 404, .box_w = 20, .box_h = 45, .ofs_x = 3, .ofs_y = -1},
    {.bitmap_index = 2812, .adv_w = 509, .box_w = 26, .box_h = 45, .ofs_x = 3, .ofs_y = 0},
    {.bitmap_index = 3105, .adv_w = 344, .box_w = 15, .box_h = 44, .ofs_x = 2, .ofs_y = 0},
    {.bitmap_index = 3270, .adv_w = 488, .box_w = 25, .box_h = 45, .ofs_x = 3, .ofs_y = 0},
    {.bitmap_index = 3552, .adv_w = 505, .box_w = 26, .box_h = 45, .ofs_x = 3, .ofs_y = 0},
    {.bitmap_index = 3845, .adv_w = 517, .box_w = 28, .box_h = 44, .ofs_x = 2, .ofs_y = 0},
    {.bitmap_index = 4153, .adv_w = 496, .box_w = 25, .box_h = 44, .ofs_x = 3, .ofs_y = 0},
    {.bitmap_index = 4428, .adv_w = 512, .box_w = 26, .box_h = 44, .ofs_x = 3, .ofs_y = 0},
    {.bitmap_index = 4714, .adv_w = 451, .box_w = 25, .box_h = 44, .ofs_x = 2, .ofs_y = 0},
    {.bitmap_index = 4989, .adv_w = 525, .box_w = 27, .box_h = 45, .ofs_x = 3, .ofs_y = 0},
    {.bitmap_index = 5293, .adv_w = 512, .box_w = 26, .box_h = 45, .ofs_x = 3, .ofs_y = 0},
    {.bitmap_index = 5586, .adv_w = 210, .box_w = 9, .box_h = 29, .ofs_x = 2, .ofs_y = 0},
    {.bitmap_index = 5652, .adv_w = 210, .box_w = 9, .box_h = 39, .ofs_x = 2, .ofs_y = -10},
    {.bitmap_index = 5740, .adv_w = 527, .box_w = 27, .box_h = 27, .ofs_x = 3, .ofs_y = 4},
    {.bitmap_index = 5923, .adv_w = 527, .box_w = 27, .box_h = 19, .ofs_x = 3, .ofs_y = 8},
    {.bitmap_index = 6052, .adv_w = 527, .box_w = 27, .box_h = 27, .ofs_x = 3, .ofs_y = 4},
    {.bitmap_index = 6235, .adv_w = 447, .box_w = 25, .box_h = 45, .ofs_x = 1, .ofs_y = 0},
    {.bitmap_index = 6517, .adv_w = 879, .box_w = 49, .box_h = 53, .ofs_x = 3, .ofs_y = -9},
    {.bitmap_index = 7167, .adv_w = 600, .box_w = 38, .box_h = 44, .ofs_x = 0, .ofs_y = 0},
    {.bitmap_index = 7585, .adv_w = 607, .box_w = 31, .box_h = 44, .ofs_x = 4, .ofs_y = 0},
    {.bitmap_index = 7926, .adv_w = 607, .box_w = 32, .box_h = 45, .ofs_x = 3, .ofs_y = 0},
    {.bitmap_index = 8286, .adv_w = 611, .box_w = 31, .box_h = 44, .ofs_x = 4, .ofs_y = 0},
    {.bitmap_index = 8627, .adv_w = 557, .box_w = 29, .box_h = 44, .ofs_x = 4, .ofs_y = 0},
    {.bitmap_index = 8946, .adv_w = 557, .box_w = 29, .box_h = 44, .ofs_x = 4, .ofs_y = 0},
    {.bitmap_index = 9265, .adv_w = 607, .box_w = 32, .box_h = 45, .ofs_x = 3, .ofs_y = 0},
    {.bitmap_index = 9625, .adv_w = 620, .box_w = 31, .box_h = 44, .ofs_x = 4, .ofs_y = 0},
    {.bitmap_index = 9966, .adv_w = 250, .box_w = 8, .box_h = 44, .ofs_x = 4, .ofs_y = 0},
    {.bitmap_index = 10054, .adv_w = 327, .box_w = 15, .box_h = 44, .ofs_x = 1, .ofs_y = 0},
    {.bitmap_index = 10219, .adv_w = 610, .box_w = 34, .box_h = 44, .ofs_x = 4, .ofs_y = 0},
    {.bitmap_index = 10593, .adv_w = 524, .box_w = 28, .box_h = 44, .ofs_x = 4, .ofs_y = 0},
    {.bitmap_index = 10901, .adv_w = 759, .box_w = 39, .box_h = 44, .ofs_x = 4, .ofs_y = 0},
    {.bitmap_index = 11330, .adv_w = 649, .box_w = 33, .box_h = 44, .ofs_x = 4, .ofs_y = 0},
    {.bitmap_index = 11693, .adv_w = 607, .box_w = 32, .box_h = 45, .ofs_x = 3, .ofs_y = 0},
    {.bitmap_index = 12053, .adv_w = 574, .box_w = 31, .box_h = 44, .ofs_x = 4, .ofs_y = 0},
    {.bitmap_index = 12394, .adv_w = 607, .box_w = 32, .box_h = 55, .ofs_x = 3, .ofs_y = -10},
    {.bitmap_index = 12834, .adv_w = 604, .box_w = 32, .box_h = 44, .ofs_x = 4, .ofs_y = 0},
    {.bitmap_index = 13186, .adv_w = 551, .box_w = 32, .box_h = 45, .ofs_x = 1, .ofs_y = 0},
    {.bitmap_index = 13546, .adv_w = 514, .box_w = 32, .box_h = 44, .ofs_x = 0, .ofs_y = 0},
    {.bitmap_index = 13898, .adv_w = 625, .box_w = 31, .box_h = 44, .ofs_x = 4, .ofs_y = 0},
    {.bitmap_index = 14239, .adv_w = 547, .box_w = 34, .box_h = 44, .ofs_x = 0, .ofs_y = 0},
    {.bitmap_index = 14613, .adv_w = 827, .box_w = 52, .box_h = 44, .ofs_x = 0, .ofs_y = 0},
    {.bitmap_index = 15185, .adv_w = 589, .box_w = 37, .box_h = 44, .ofs_x = 0, .ofs_y = 0},
    {.bitmap_index = 15592, .adv_w = 531, .box_w = 33, .box_h = 44, .ofs_x = 0, .ofs_y = 0},
    {.bitmap_index = 15955, .adv_w = 513, .box_w = 29, .box_h = 44, .ofs_x = 2, .ofs_y = 0},
    {.bitmap_index = 16274, .adv_w = 310, .box_w = 13, .box_h = 52, .ofs_x = 4, .ofs_y = -5},
    {.bitmap_index = 16443, .adv_w = 404, .box_w = 20, .box_h = 45, .ofs_x = 3, .ofs_y = -1},
    {.bitmap_index = 16668, .adv_w = 311, .box_w = 13, .box_h = 52, .ofs_x = 3, .ofs_y = -5},
    {.bitmap_index = 16837, .adv_w = 527, .box_w = 29, .box_h = 27, .ofs_x = 2, .ofs_y = 17},
    {.bitmap_index = 17033, .adv_w = 489, .box_w = 31, .box_h = 5, .ofs_x = 0, .ofs_y = -7},
    {.bitmap_index = 17072, .adv_w = 504, .box_w = 15, .box_h = 8, .ofs_x = 8, .ofs_y = 37},
    {.bitmap_index = 17102, .adv_w = 355, .box_w = 17, .box_h = 52, .ofs_x = 3, .ofs_y = -5},
    {.bitmap_index = 17323, .adv_w = 305, .box_w = 7, .box_h = 53, .ofs_x = 6, .ofs_y = -5},
    {.bitmap_index = 17416, .adv_w = 355, .box_w = 17, .box_h = 52, .ofs_x = 3, .ofs_y = -5},
    {.bitmap_index = 17637, .adv_w = 527, .box_w = 29, .box_h = 10, .ofs_x = 2, .ofs_y = 13}
};

/*---------------------
 *  CHARACTER MAPPING
 *--------------------*/



/*Collect the unicode lists and glyph_id offsets*/
static const lv_font_fmt_txt_cmap_t cmaps[] =
{
    {
        .range_start = 33, .range_length = 64, .glyph_id_start = 1,
        .unicode_list = NULL, .glyph_id_ofs_list = NULL, .list_length = 0, .type = LV_FONT_FMT_TXT_CMAP_FORMAT0_TINY
    },
    {
        .range_start = 123, .range_length = 4, .glyph_id_start = 65,
        .unicode_list = NULL, .glyph_id_ofs_list = NULL, .list_length = 0, .type = LV_FONT_FMT_TXT_CMAP_FORMAT0_TINY
    }
};

/*-----------------
 *    KERNING
 *----------------*/


/*Pair left and right glyphs for kerning*/
static const uint8_t kern_pair_glyph_ids[] =
{
    13, 52,
    13, 54,
    13, 55,
    13, 57,
    16, 23,
    18, 23,
    19, 23,
    20, 23,
    22, 23,
    23, 19,
    23, 20,
    23, 22,
    23, 24,
    23, 25,
    24, 23,
    25, 23,
    33, 12,
    33, 14,
    33, 35,
    33, 39,
    33, 47,
    33, 49,
    33, 52,
    33, 53,
    33, 54,
    33, 55,
    33, 57,
    34, 54,
    34, 55,
    34, 57,
    38, 12,
    38, 14,
    38, 33,
    43, 35,
    43, 39,
    43, 47,
    43, 49,
    44, 13,
    44, 35,
    44, 39,
    44, 47,
    44, 49,
    44, 52,
    44, 53,
    44, 54,
    44, 55,
    44, 57,
    44, 60,
    48, 12,
    48, 14,
    48, 33,
    50, 55,
    51, 57,
    52, 12,
    52, 13,
    52, 14,
    52, 26,
    52, 27,
    52, 33,
    52, 35,
    52, 39,
    52, 47,
    52, 49,
    52, 55,
    53, 12,
    53, 14,
    53, 33,
    54, 12,
    54, 13,
    54, 14,
    54, 26,
    54, 27,
    54, 33,
    54, 35,
    54, 39,
    54, 47,
    54, 49,
    55, 12,
    55, 13,
    55, 14,
    55, 33,
    56, 35,
    56, 39,
    56, 47,
    56, 49
};

/* Kerning between the respective left and right glyphs
 * 4.4 format which needs to scaled with `kern_scale`*/
static const int8_t kern_pair_values[] =
{
    -60, -33, -27, -60, -17, -8, -26, -34,
    -27, -17, -34, -34, -8, -12, -26, -17,
    17, 17, -7, -7, -7, -7, -65, -16,
    -31, -16, -40, -12, -4, -8, -117, -117,
    -58, -22, -22, -22, -22, -110, -33, -33,
    -33, -33, -97, -46, -85, -59, -90, -42,
    -95, -95, -37, 8, -8, -66, -60, -66,
    -33, -33, -65, -26, -26, -26, -26, 17,
    -33, -33, -21, -58, -33, -58, -16, -16,
    -26, -7, -7, -7, -7, -47, -27, -47,
    -16, -14, -14, -14, -14
};

/*Collect the kern pair's data in one place*/
static const lv_font_fmt_txt_kern_pair_t kern_pairs =
{
    .glyph_ids = kern_pair_glyph_ids,
    .values = kern_pair_values,
    .pair_cnt = 85,
    .glyph_ids_size = 0
};

/*--------------------
 *  ALL CUSTOM DATA
 *--------------------*/

#if LVGL_VERSION_MAJOR == 8
/*Store all the custom data of the font*/
static  lv_font_fmt_txt_glyph_cache_t cache;
#endif

#if LVGL_VERSION_MAJOR >= 8
static const lv_font_fmt_txt_dsc_t font_dsc = {
#else
static lv_font_fmt_txt_dsc_t font_dsc = {
#endif
    .glyph_bitmap = glyph_bitmap,
    .glyph_dsc = glyph_dsc,
    .cmaps = cmaps,
    .kern_dsc = &kern_pairs,
    .kern_scale = 19,
    .cmap_num = 2,
    .bpp = 2,
    .kern_classes = 0,
    .bitmap_format = 0,
#if LVGL_VERSION_MAJOR == 8
    .cache = &cache
#endif
};



/*-----------------
 *  PUBLIC FONT
 *----------------*/

/*Initialize a public general font descriptor*/
#if LVGL_VERSION_MAJOR >= 8
const lv_font_t DINish_SemiBold_63 = {
#else
lv_font_t DINish_SemiBold_63 = {
#endif
    .get_glyph_dsc = lv_font_get_glyph_dsc_fmt_txt,    /*Function pointer to get glyph's data*/
    .get_glyph_bitmap = lv_font_get_bitmap_fmt_txt,    /*Function pointer to get glyph's bitmap*/
    .line_height = 58,          /*The maximum line height required by the font*/
    .base_line = 10,             /*Baseline measured from the bottom of the line*/
#if !(LVGL_VERSION_MAJOR == 6 && LVGL_VERSION_MINOR == 0)
    .subpx = LV_FONT_SUBPX_NONE,
#endif
#if LV_VERSION_CHECK(7, 4, 0) || LVGL_VERSION_MAJOR >= 8
    .underline_position = -9,
    .underline_thickness = 3,
#endif
    .dsc = &font_dsc,          /*The custom font data. Will be accessed by `get_glyph_bitmap/dsc` */
#if LV_VERSION_CHECK(8, 2, 0) || LVGL_VERSION_MAJOR >= 9
    .fallback = NULL,
#endif
    .user_data = NULL,
};



#endif /*#if DINISH_SEMIBOLD_63*/

