#include <lvgl.h>
/*******************************************************************************
 * Size: 36 px
 * Bpp: 8
 * Opts: --font ttf/DINish-SemiBold.ttf --bpp 8 --size 36 --no-compress --format lvgl --r 0x21-0x60,0x7B-0x7E -o 36/DINish_SemiBold_A8_36.c
 ******************************************************************************/


#ifndef DINISH_SEMIBOLD_A8_36
#define DINISH_SEMIBOLD_A8_36 1
#endif

#if DINISH_SEMIBOLD_A8_36

/*-----------------
 *    BITMAPS
 *----------------*/

/*Store the image of the glyphs*/
static LV_ATTRIBUTE_LARGE_CONST const uint8_t glyph_bitmap[] = {
    /* U+0021 "!" */
    0xc3, 0xff, 0xff, 0xff, 0x9d, 0xb7, 0xff, 0xff,
    0xff, 0x92, 0xac, 0xff, 0xff, 0xff, 0x87, 0xa0,
    0xff, 0xff, 0xff, 0x7b, 0x95, 0xff, 0xff, 0xff,
    0x70, 0x89, 0xff, 0xff, 0xff, 0x64, 0x7e, 0xff,
    0xff, 0xff, 0x59, 0x73, 0xff, 0xff, 0xff, 0x4e,
    0x67, 0xff, 0xff, 0xff, 0x42, 0x5c, 0xff, 0xff,
    0xff, 0x37, 0x50, 0xff, 0xff, 0xff, 0x2b, 0x45,
    0xff, 0xff, 0xff, 0x20, 0x39, 0xff, 0xff, 0xff,
    0x14, 0x2e, 0xff, 0xff, 0xff, 0x9, 0x23, 0xff,
    0xff, 0xfd, 0x0, 0x17, 0xff, 0xff, 0xf2, 0x0,
    0xc, 0xff, 0xff, 0xe7, 0x0, 0x0, 0x28, 0x28,
    0x23, 0x0, 0x0, 0x0, 0x0, 0x0, 0x0, 0x0,
    0x0, 0x0, 0x0, 0x0, 0x2d, 0x44, 0x44, 0x44,
    0x25, 0xac, 0xff, 0xff, 0xff, 0x8c, 0xac, 0xff,
    0xff, 0xff, 0x8c, 0xac, 0xff, 0xff, 0xff, 0x8c,
    0xac, 0xff, 0xff, 0xff, 0x8c,

    /* U+0022 "\"" */
    0x74, 0xff, 0xff, 0xff, 0x2c, 0x0, 0x4c, 0xff,
    0xff, 0xff, 0x48, 0x74, 0xff, 0xff, 0xff, 0x2c,
    0x0, 0x4c, 0xff, 0xff, 0xff, 0x48, 0x74, 0xff,
    0xff, 0xff, 0x2c, 0x0, 0x4c, 0xff, 0xff, 0xff,
    0x48, 0x74, 0xff, 0xff, 0xff, 0x2c, 0x0, 0x4c,
    0xff, 0xff, 0xff, 0x48, 0x74, 0xff, 0xff, 0xff,
    0x2c, 0x0, 0x4c, 0xff, 0xff, 0xff, 0x48, 0x74,
    0xff, 0xff, 0xff, 0x2c, 0x0, 0x4c, 0xff, 0xff,
    0xff, 0x48, 0x74, 0xff, 0xff, 0xff, 0x2c, 0x0,
    0x4c, 0xff, 0xff, 0xff, 0x48, 0x74, 0xff, 0xff,
    0xff, 0x2c, 0x0, 0x4c, 0xff, 0xff, 0xff, 0x48,
    0x74, 0xff, 0xff, 0xff, 0x2c, 0x0, 0x4c, 0xff,
    0xff, 0xff, 0x48, 0x74, 0xff, 0xff, 0xff, 0x2c,
    0x0, 0x4c, 0xff, 0xff, 0xff, 0x48, 0x5, 0xc,
    0xc, 0xc, 0x2, 0x0, 0x3, 0xc, 0xc, 0xc,
    0x3,

    /* U+0023 "#" */
    0x0, 0x0, 0x0, 0x0, 0x0, 0x4d, 0xff, 0xff,
    0xdf, 0x0, 0x0, 0x0, 0x0, 0xe9, 0xff, 0xff,
    0x46, 0x0, 0x0, 0x0, 0x0, 0x0, 0x0, 0x0,
    0x6e, 0xff, 0xff, 0xbe, 0x0, 0x0, 0x0, 0xb,
    0xff, 0xff, 0xff, 0x25, 0x0, 0x0, 0x0, 0x0,
    0x0, 0x0, 0x0, 0x8f, 0xff, 0xff, 0x9e, 0x0,
    0x0, 0x0, 0x2d, 0xff, 0xff, 0xfd, 0x6, 0x0,
    0x0, 0x0, 0x0, 0x0, 0x0, 0x0, 0xb0, 0xff,
    0xff, 0x7d, 0x0, 0x0, 0x0, 0x4e, 0xff, 0xff,
    0xe3, 0x0, 0x0, 0x0, 0x0, 0x0, 0x0, 0x0,
    0x0, 0xd1, 0xff, 0xff, 0x5d, 0x0, 0x0, 0x0,
    0x70, 0xff, 0xff, 0xc2, 0x0, 0x0, 0x0, 0x0,
    0x0, 0x0, 0x0, 0x0, 0xf2, 0xff, 0xff, 0x3c,
    0x0, 0x0, 0x0, 0x92, 0xff, 0xff, 0xa1, 0x0,
    0x0, 0x0, 0x0, 0x0, 0x0, 0x0, 0x13, 0xff,
    0xff, 0xff, 0x1c, 0x0, 0x0, 0x0, 0xb3, 0xff,
    0xff, 0x80, 0x0, 0x0, 0x0, 0x0, 0x60, 0xff,
    0xff, 0xff, 0xff, 0xff, 0xff, 0xff, 0xff, 0xff,
    0xff, 0xff, 0xff, 0xff, 0xff, 0xff, 0xff, 0x5c,
    0x0, 0x60, 0xff, 0xff, 0xff, 0xff, 0xff, 0xff,
    0xff, 0xff, 0xff, 0xff, 0xff, 0xff, 0xff, 0xff,
    0xff, 0xff, 0x5c, 0x0, 0x57, 0xe8, 0xe8, 0xf4,
    0xff, 0xff, 0xf7, 0xe8, 0xe8, 0xe8, 0xeb, 0xff,
    0xff, 0xff, 0xe8, 0xe8, 0xe8, 0x53, 0x0, 0x0,
    0x0, 0x0, 0x9e, 0xff, 0xff, 0x95, 0x0, 0x0,
    0x0, 0x3e, 0xff, 0xff, 0xf6, 0x1, 0x0, 0x0,
    0x0, 0x0, 0x0, 0x0, 0x0, 0xc2, 0xff, 0xff,
    0x70, 0x0, 0x0, 0x0, 0x62, 0xff, 0xff, 0xd4,
    0x0, 0x0, 0x0, 0x0, 0x0, 0x0, 0x0, 0x0,
    0xe7, 0xff, 0xff, 0x4a, 0x0, 0x0, 0x0, 0x87,
    0xff, 0xff, 0xb2, 0x0, 0x0, 0x0, 0x0, 0x0,
    0x0, 0x0, 0xb, 0xff, 0xff, 0xff, 0x25, 0x0,
    0x0, 0x0, 0xab, 0xff, 0xff, 0x90, 0x0, 0x0,
    0x0, 0x0, 0x3d, 0xe8, 0xe8, 0xea, 0xff, 0xff,
    0xff, 0xe9, 0xe8, 0xe8, 0xe8, 0xf9, 0xff, 0xff,
    0xf3, 0xe8, 0xe8, 0x65, 0x0, 0x44, 0xff, 0xff,
    0xff, 0xff, 0xff, 0xff, 0xff, 0xff, 0xff, 0xff,
    0xff, 0xff, 0xff, 0xff, 0xff, 0xff, 0x70, 0x0,
    0x44, 0xff, 0xff, 0xff, 0xff, 0xff, 0xff, 0xff,
    0xff, 0xff, 0xff, 0xff, 0xff, 0xff, 0xff, 0xff,
    0xff, 0x70, 0x0, 0x0, 0x0, 0x0, 0x94, 0xff,
    0xff, 0x9f, 0x0, 0x0, 0x0, 0x34, 0xff, 0xff,
    0xff, 0x8, 0x0, 0x0, 0x0, 0x0, 0x0, 0x0,
    0x0, 0xb4, 0xff, 0xff, 0x80, 0x0, 0x0, 0x0,
    0x52, 0xff, 0xff, 0xe8, 0x0, 0x0, 0x0, 0x0,
    0x0, 0x0, 0x0, 0x0, 0xd3, 0xff, 0xff, 0x60,
    0x0, 0x0, 0x0, 0x70, 0xff, 0xff, 0xc8, 0x0,
    0x0, 0x0, 0x0, 0x0, 0x0, 0x0, 0x0, 0xf2,
    0xff, 0xff, 0x41, 0x0, 0x0, 0x0, 0x8e, 0xff,
    0xff, 0xa9, 0x0, 0x0, 0x0, 0x0, 0x0, 0x0,
    0x0, 0x12, 0xff, 0xff, 0xff, 0x21, 0x0, 0x0,
    0x0, 0xac, 0xff, 0xff, 0x89, 0x0, 0x0, 0x0,
    0x0, 0x0, 0x0, 0x0, 0x32, 0xff, 0xff, 0xfd,
    0x5, 0x0, 0x0, 0x0, 0xca, 0xff, 0xff, 0x6a,
    0x0, 0x0, 0x0, 0x0, 0x0, 0x0, 0x0, 0x51,
    0xff, 0xff, 0xe2, 0x0, 0x0, 0x0, 0x0, 0xe8,
    0xff, 0xff, 0x4a, 0x0, 0x0, 0x0, 0x0, 0x0,
    0x0, 0x0, 0x70, 0xff, 0xff, 0xc3, 0x0, 0x0,
    0x0, 0x6, 0xfe, 0xff, 0xff, 0x2b, 0x0, 0x0,
    0x0, 0x0, 0x0,

    /* U+0024 "$" */
    0x0, 0x0, 0x0, 0x0, 0x0, 0x0, 0x1c, 0x1c,
    0x1c, 0x3, 0x0, 0x0, 0x0, 0x0, 0x0, 0x0,
    0x0, 0x0, 0x0, 0x0, 0x0, 0xff, 0xff, 0xff,
    0x20, 0x0, 0x0, 0x0, 0x0, 0x0, 0x0, 0x0,
    0x0, 0x0, 0x0, 0x0, 0xff, 0xff, 0xff, 0x20,
    0x0, 0x0, 0x0, 0x0, 0x0, 0x0, 0x0, 0x0,
    0x0, 0x0, 0x15, 0xff, 0xff, 0xff, 0x33, 0x0,
    0x0, 0x0, 0x0, 0x0, 0x0, 0x0, 0x0, 0x48,
    0xc5, 0xfe, 0xff, 0xff, 0xff, 0xff, 0xc6, 0x44,
    0x0, 0x0, 0x0, 0x0, 0x0, 0x86, 0xff, 0xff,
    0xff, 0xff, 0xff, 0xff, 0xff, 0xff, 0xff, 0x7a,
    0x0, 0x0, 0x0, 0x5d, 0xff, 0xff, 0xff, 0xff,
    0xff, 0xff, 0xff, 0xff, 0xff, 0xff, 0xff, 0x50,
    0x0, 0x3, 0xe0, 0xff, 0xff, 0xfd, 0x71, 0x16,
    0x7, 0x29, 0x9d, 0xff, 0xff, 0xff, 0xd7, 0x0,
    0x34, 0xff, 0xff, 0xff, 0xa4, 0x0, 0x0, 0x0,
    0x0, 0x0, 0xb9, 0xff, 0xff, 0xff, 0x2c, 0x5c,
    0xff, 0xff, 0xff, 0x62, 0x0, 0x0, 0x0, 0x0,
    0x0, 0x5c, 0xff, 0xff, 0xff, 0x5e, 0x67, 0xff,
    0xff, 0xff, 0x5e, 0x0, 0x0, 0x0, 0x0, 0x0,
    0x11, 0x50, 0x50, 0x50, 0x23, 0x55, 0xff, 0xff,
    0xff, 0xbd, 0x2, 0x0, 0x0, 0x0, 0x0, 0x0,
    0x0, 0x0, 0x0, 0x0, 0x1f, 0xff, 0xff, 0xff,
    0xff, 0xb7, 0x32, 0x0, 0x0, 0x0, 0x0, 0x0,
    0x0, 0x0, 0x0, 0x0, 0xb5, 0xff, 0xff, 0xff,
    0xff, 0xff, 0xe0, 0xa8, 0x76, 0x35, 0x0, 0x0,
    0x0, 0x0, 0x0, 0x1a, 0xdc, 0xff, 0xff, 0xff,
    0xff, 0xff, 0xff, 0xff, 0xff, 0xca, 0x30, 0x0,
    0x0, 0x0, 0x0, 0x12, 0x9a, 0xf9, 0xff, 0xff,
    0xff, 0xff, 0xff, 0xff, 0xff, 0xf4, 0x3b, 0x0,
    0x0, 0x0, 0x0, 0x0, 0x16, 0x64, 0xa6, 0xe3,
    0xff, 0xff, 0xff, 0xff, 0xff, 0xe4, 0x9, 0x0,
    0x0, 0x0, 0x0, 0x0, 0x0, 0x0, 0x0, 0x2f,
    0x9c, 0xfd, 0xff, 0xff, 0xff, 0x62, 0x0, 0x0,
    0x0, 0x0, 0x0, 0x0, 0x0, 0x0, 0x0, 0x0,
    0x72, 0xff, 0xff, 0xff, 0xa4, 0x2e, 0x34, 0x34,
    0x24, 0x0, 0x0, 0x0, 0x0, 0x0, 0x0, 0xd,
    0xff, 0xff, 0xff, 0xbf, 0xd3, 0xff, 0xff, 0xd4,
    0x0, 0x0, 0x0, 0x0, 0x0, 0x0, 0x7, 0xfe,
    0xff, 0xff, 0xbd, 0xaa, 0xff, 0xff, 0xfe, 0x21,
    0x0, 0x0, 0x0, 0x0, 0x0, 0x31, 0xff, 0xff,
    0xff, 0xa1, 0x60, 0xff, 0xff, 0xff, 0xbd, 0x10,
    0x0, 0x0, 0x0, 0xc, 0xbe, 0xff, 0xff, 0xff,
    0x62, 0x8, 0xe4, 0xff, 0xff, 0xff, 0xe9, 0xa4,
    0x88, 0xa1, 0xe9, 0xff, 0xff, 0xff, 0xe9, 0xb,
    0x0, 0x41, 0xf8, 0xff, 0xff, 0xff, 0xff, 0xff,
    0xff, 0xff, 0xff, 0xff, 0xf9, 0x46, 0x0, 0x0,
    0x0, 0x3f, 0xde, 0xff, 0xff, 0xff, 0xff, 0xff,
    0xff, 0xff, 0xd9, 0x3d, 0x0, 0x0, 0x0, 0x0,
    0x0, 0x5, 0x53, 0x98, 0xff, 0xff, 0xff, 0x9b,
    0x49, 0x2, 0x0, 0x0, 0x0, 0x0, 0x0, 0x0,
    0x0, 0x0, 0x0, 0xff, 0xff, 0xff, 0x20, 0x0,
    0x0, 0x0, 0x0, 0x0, 0x0, 0x0, 0x0, 0x0,
    0x0, 0x0, 0xff, 0xff, 0xff, 0x20, 0x0, 0x0,
    0x0, 0x0, 0x0, 0x0, 0x0, 0x0, 0x0, 0x0,
    0x0, 0xff, 0xff, 0xff, 0x20, 0x0, 0x0, 0x0,
    0x0, 0x0,

    /* U+0025 "%" */
    0x0, 0x5, 0x72, 0xce, 0xf1, 0xf7, 0xd8, 0x8e,
    0x18, 0x0, 0x0, 0x0, 0x0, 0x0, 0x0, 0x0,
    0x0, 0x0, 0x0, 0x30, 0xfe, 0xff, 0xe6, 0xb,
    0x0, 0x0, 0x0, 0x0, 0x0, 0x0, 0x3, 0xb8,
    0xff, 0xff, 0xff, 0xff, 0xff, 0xff, 0xe7, 0x22,
    0x0, 0x0, 0x0, 0x0, 0x0, 0x0, 0x0, 0x0,
    0x0, 0xba, 0xff, 0xff, 0x65, 0x0, 0x0, 0x0,
    0x0, 0x0, 0x0, 0x0, 0x5c, 0xff, 0xff, 0xff,
    0xff, 0xfb, 0xff, 0xff, 0xff, 0xa7, 0x0, 0x0,
    0x0, 0x0, 0x0, 0x0, 0x0, 0x0, 0x47, 0xff,
    0xff, 0xd5, 0x3, 0x0, 0x0, 0x0, 0x0, 0x0,
    0x0, 0x0, 0xad, 0xff, 0xff, 0xea, 0x1b, 0x7,
    0xb0, 0xff, 0xff, 0xf5, 0x0, 0x0, 0x0, 0x0,
    0x0, 0x0, 0x0, 0x2, 0xd0, 0xff, 0xff, 0x4c,
    0x0, 0x0, 0x0, 0x0, 0x0, 0x0, 0x0, 0x0,
    0xcd, 0xff, 0xff, 0xab, 0x0, 0x0, 0x5c, 0xff,
    0xff, 0xff, 0x11, 0x0, 0x0, 0x0, 0x0, 0x0,
    0x0, 0x60, 0xff, 0xff, 0xc0, 0x0, 0x0, 0x0,
    0x0, 0x0, 0x0, 0x0, 0x0, 0x0, 0xd8, 0xff,
    0xff, 0x9c, 0x0, 0x0, 0x4d, 0xff, 0xff, 0xff,
    0x1c, 0x0, 0x0, 0x0, 0x0, 0x0, 0x8, 0xe2,
    0xff, 0xfe, 0x35, 0x0, 0x0, 0x0, 0x0, 0x0,
    0x0, 0x0, 0x0, 0x0, 0xd8, 0xff, 0xff, 0x9c,
    0x0, 0x0, 0x4c, 0xff, 0xff, 0xff, 0x1c, 0x0,
    0x0, 0x0, 0x0, 0x0, 0x78, 0xff, 0xff, 0xa7,
    0x0, 0x0, 0x0, 0x0, 0x0, 0x0, 0x0, 0x0,
    0x0, 0x0, 0xd8, 0xff, 0xff, 0x9c, 0x0, 0x0,
    0x4c, 0xff, 0xff, 0xff, 0x1c, 0x0, 0x0, 0x0,
    0x0, 0x13, 0xf0, 0xff, 0xf9, 0x21, 0x0, 0x0,
    0x0, 0x0, 0x0, 0x0, 0x0, 0x0, 0x0, 0x0,
    0xd8, 0xff, 0xff, 0x9c, 0x0, 0x0, 0x4c, 0xff,
    0xff, 0xff, 0x1c, 0x0, 0x0, 0x0, 0x0, 0x91,
    0xff, 0xff, 0x8f, 0x0, 0x0, 0x0, 0x0, 0x0,
    0x0, 0x0, 0x0, 0x0, 0x0, 0x0, 0xd8, 0xff,
    0xff, 0x9c, 0x0, 0x0, 0x4d, 0xff, 0xff, 0xff,
    0x1b, 0x0, 0x0, 0x0, 0x23, 0xf9, 0xff, 0xef,
    0x13, 0x0, 0x0, 0x3c, 0xb1, 0xe8, 0xfa, 0xe6,
    0xa9, 0x32, 0x0, 0x0, 0xcd, 0xff, 0xff, 0xaa,
    0x0, 0x0, 0x5c, 0xff, 0xff, 0xff, 0x10, 0x0,
    0x0, 0x0, 0xaa, 0xff, 0xff, 0x76, 0x0, 0x0,
    0x57, 0xfd, 0xff, 0xff, 0xff, 0xff, 0xff, 0xfc,
    0x4c, 0x0, 0xaf, 0xff, 0xff, 0xe8, 0x14, 0x3,
    0xad, 0xff, 0xff, 0xea, 0x0, 0x0, 0x0, 0x36,
    0xff, 0xff, 0xe1, 0x8, 0x0, 0xa, 0xeb, 0xff,
    0xff, 0xff, 0xfb, 0xff, 0xff, 0xff, 0xe6, 0x4,
    0x5d, 0xff, 0xff, 0xff, 0xfc, 0xf6, 0xff, 0xff,
    0xff, 0x9a, 0x0, 0x0, 0x0, 0xc1, 0xff, 0xff,
    0x5d, 0x0, 0x0, 0x4a, 0xff, 0xff, 0xff, 0x63,
    0x2, 0x6a, 0xff, 0xff, 0xff, 0x43, 0x2, 0xb9,
    0xff, 0xff, 0xff, 0xff, 0xff, 0xff, 0xe3, 0x1c,
    0x0, 0x0, 0x4f, 0xff, 0xff, 0xcf, 0x1, 0x0,
    0x0, 0x6e, 0xff, 0xff, 0xfd, 0x7, 0x0, 0xd,
    0xff, 0xff, 0xff, 0x61, 0x0, 0x6, 0x74, 0xcc,
    0xf0, 0xfb, 0xe3, 0x9f, 0x1d, 0x0, 0x0, 0x3,
    0xd6, 0xff, 0xff, 0x45, 0x0, 0x0, 0x0, 0x7f,
    0xff, 0xff, 0xf2, 0x0, 0x0, 0x0, 0xfa, 0xff,
    0xff, 0x73, 0x0, 0x0, 0x0, 0x0, 0x0, 0x0,
    0x0, 0x0, 0x0, 0x0, 0x0, 0x67, 0xff, 0xff,
    0xb8, 0x0, 0x0, 0x0, 0x0, 0x80, 0xff, 0xff,
    0xf0, 0x0, 0x0, 0x0, 0xf8, 0xff, 0xff, 0x74,
    0x0, 0x0, 0x0, 0x0, 0x0, 0x0, 0x0, 0x0,
    0x0, 0x0, 0xb, 0xe7, 0xff, 0xfd, 0x2e, 0x0,
    0x0, 0x0, 0x0, 0x80, 0xff, 0xff, 0xf0, 0x0,
    0x0, 0x0, 0xf8, 0xff, 0xff, 0x74, 0x0, 0x0,
    0x0, 0x0, 0x0, 0x0, 0x0, 0x0, 0x0, 0x0,
    0x80, 0xff, 0xff, 0xa0, 0x0, 0x0, 0x0, 0x0,
    0x0, 0x80, 0xff, 0xff, 0xf0, 0x0, 0x0, 0x0,
    0xf8, 0xff, 0xff, 0x74, 0x0, 0x0, 0x0, 0x0,
    0x0, 0x0, 0x0, 0x0, 0x0, 0x18, 0xf3, 0xff,
    0xf6, 0x1d, 0x0, 0x0, 0x0, 0x0, 0x0, 0x80,
    0xff, 0xff, 0xf0, 0x0, 0x0, 0x0, 0xf8, 0xff,
    0xff, 0x74, 0x0, 0x0, 0x0, 0x0, 0x0, 0x0,
    0x0, 0x0, 0x0, 0x99, 0xff, 0xff, 0x87, 0x0,
    0x0, 0x0, 0x0, 0x0, 0x0, 0x7e, 0xff, 0xff,
    0xf2, 0x0, 0x0, 0x0, 0xfa, 0xff, 0xff, 0x72,
    0x0, 0x0, 0x0, 0x0, 0x0, 0x0, 0x0, 0x0,
    0x28, 0xfc, 0xff, 0xec, 0xf, 0x0, 0x0, 0x0,
    0x0, 0x0, 0x0, 0x6f, 0xff, 0xff, 0xfd, 0x6,
    0x0, 0xd, 0xff, 0xff, 0xff, 0x61, 0x0, 0x0,
    0x0, 0x0, 0x0, 0x0, 0x0, 0x0, 0xb1, 0xff,
    0xff, 0x6e, 0x0, 0x0, 0x0, 0x0, 0x0, 0x0,
    0x0, 0x4b, 0xff, 0xff, 0xff, 0x59, 0x0, 0x64,
    0xff, 0xff, 0xff, 0x34, 0x0, 0x0, 0x0, 0x0,
    0x0, 0x0, 0x0, 0x3d, 0xff, 0xff, 0xdc, 0x5,
    0x0, 0x0, 0x0, 0x0, 0x0, 0x0, 0x0, 0x9,
    0xed, 0xff, 0xff, 0xff, 0xf4, 0xff, 0xff, 0xff,
    0xdb, 0x3, 0x0, 0x0, 0x0, 0x0, 0x0, 0x0,
    0x0, 0xc8, 0xff, 0xff, 0x56, 0x0, 0x0, 0x0,
    0x0, 0x0, 0x0, 0x0, 0x0, 0x0, 0x54, 0xfc,
    0xff, 0xff, 0xff, 0xff, 0xff, 0xf9, 0x44, 0x0,
    0x0, 0x0, 0x0, 0x0, 0x0, 0x0, 0x56, 0xff,
    0xff, 0xc9, 0x0, 0x0, 0x0, 0x0, 0x0, 0x0,
    0x0, 0x0, 0x0, 0x0, 0x0, 0x38, 0xae, 0xe5,
    0xfb, 0xed, 0xb7, 0x3b, 0x0, 0x0,

    /* U+0026 "&" */
    0x0, 0x0, 0x0, 0x0, 0x0, 0x4a, 0xb2, 0xe6,
    0xf7, 0xde, 0x98, 0x27, 0x0, 0x0, 0x0, 0x0,
    0x0, 0x0, 0x0, 0x0, 0x0, 0x0, 0x2, 0x9d,
    0xff, 0xff, 0xff, 0xff, 0xff, 0xff, 0xf6, 0x56,
    0x0, 0x0, 0x0, 0x0, 0x0, 0x0, 0x0, 0x0,
    0x0, 0x85, 0xff, 0xff, 0xff, 0xff, 0xff, 0xff,
    0xff, 0xff, 0xf8, 0x30, 0x0, 0x0, 0x0, 0x0,
    0x0, 0x0, 0x0, 0x13, 0xf7, 0xff, 0xff, 0xe7,
    0x4b, 0x1d, 0x6c, 0xfd, 0xff, 0xff, 0xab, 0x0,
    0x0, 0x0, 0x0, 0x0, 0x0, 0x0, 0x52, 0xff,
    0xff, 0xff, 0x62, 0x0, 0x0, 0x0, 0xa6, 0xff,
    0xff, 0xf3, 0x0, 0x0, 0x0, 0x0, 0x0, 0x0,
    0x0, 0x6d, 0xff, 0xff, 0xff, 0x35, 0x0, 0x0,
    0x0, 0x79, 0xff, 0xff, 0xff, 0xb, 0x0, 0x0,
    0x0, 0x0, 0x0, 0x0, 0x57, 0xff, 0xff, 0xff,
    0x58, 0x0, 0x0, 0x0, 0xa0, 0xff, 0xff, 0xef,
    0x0, 0x0, 0x0, 0x0, 0x0, 0x0, 0x0, 0x13,
    0xf8, 0xff, 0xff, 0xc8, 0x1, 0x0, 0x27, 0xf6,
    0xff, 0xff, 0xa9, 0x0, 0x0, 0x0, 0x0, 0x0,
    0x0, 0x0, 0x0, 0x91, 0xff, 0xff, 0xff, 0x69,
    0x1e, 0xdd, 0xff, 0xff, 0xfd, 0x33, 0x0, 0x0,
    0x0, 0x0, 0x0, 0x0, 0x0, 0x0, 0x10, 0xe6,
    0xff, 0xff, 0xf3, 0xe3, 0xff, 0xff, 0xff, 0x7b,
    0x0, 0x0, 0x0, 0x0, 0x0, 0x0, 0x0, 0x0,
    0x0, 0x0, 0x4d, 0xff, 0xff, 0xff, 0xff, 0xff,
    0xff, 0x91, 0x0, 0x0, 0x0, 0x0, 0x0, 0x0,
    0x0, 0x0, 0x0, 0x0, 0x0, 0xd, 0xe0, 0xff,
    0xff, 0xff, 0xff, 0x82, 0x0, 0x0, 0x0, 0x0,
    0x0, 0x0, 0x0, 0x0, 0x0, 0x0, 0x0, 0x16,
    0xd0, 0xff, 0xff, 0xff, 0xff, 0xff, 0x67, 0x0,
    0x0, 0x0, 0x0, 0x0, 0x0, 0x0, 0x0, 0x0,
    0x0, 0x11, 0xd4, 0xff, 0xff, 0xff, 0xff, 0xff,
    0xff, 0xf7, 0x2f, 0x0, 0x0, 0x0, 0x5, 0x1a,
    0x0, 0x0, 0x0, 0x1, 0xb9, 0xff, 0xff, 0xff,
    0xce, 0x80, 0xff, 0xff, 0xff, 0xd8, 0xc, 0x0,
    0x0, 0x98, 0xe4, 0x2f, 0x0, 0x0, 0x5e, 0xff,
    0xff, 0xff, 0xd2, 0xf, 0x0, 0xb2, 0xff, 0xff,
    0xff, 0xa3, 0x0, 0x62, 0xff, 0xff, 0xf2, 0x38,
    0x0, 0xcf, 0xff, 0xff, 0xf9, 0x23, 0x0, 0x0,
    0x13, 0xe4, 0xff, 0xff, 0xff, 0x8e, 0xf8, 0xff,
    0xff, 0xdb, 0x10, 0x12, 0xff, 0xff, 0xff, 0xa4,
    0x0, 0x0, 0x0, 0x0, 0x40, 0xfd, 0xff, 0xff,
    0xff, 0xff, 0xff, 0xf4, 0x2c, 0x0, 0x2e, 0xff,
    0xff, 0xff, 0x7d, 0x0, 0x0, 0x0, 0x0, 0x0,
    0x82, 0xff, 0xff, 0xff, 0xff, 0xff, 0x57, 0x0,
    0x0, 0x26, 0xff, 0xff, 0xff, 0x9c, 0x0, 0x0,
    0x0, 0x0, 0x0, 0x4, 0xe3, 0xff, 0xff, 0xff,
    0xbf, 0x0, 0x0, 0x0, 0x7, 0xf7, 0xff, 0xff,
    0xf4, 0x20, 0x0, 0x0, 0x0, 0x8, 0x9d, 0xff,
    0xff, 0xff, 0xff, 0xff, 0x4f, 0x0, 0x0, 0x0,
    0xad, 0xff, 0xff, 0xff, 0xed, 0x84, 0x60, 0x7e,
    0xdc, 0xff, 0xff, 0xff, 0xff, 0xff, 0xff, 0xf8,
    0x89, 0x47, 0x0, 0x2b, 0xf6, 0xff, 0xff, 0xff,
    0xff, 0xff, 0xff, 0xff, 0xff, 0xff, 0xbf, 0x64,
    0xff, 0xff, 0xff, 0xff, 0xb0, 0x0, 0x0, 0x4b,
    0xf3, 0xff, 0xff, 0xff, 0xff, 0xff, 0xff, 0xff,
    0xa2, 0xa, 0x0, 0xa3, 0xff, 0xff, 0xff, 0xb0,
    0x0, 0x0, 0x0, 0x1d, 0x8c, 0xd3, 0xf4, 0xf6,
    0xdd, 0xa0, 0x3e, 0x0, 0x0, 0x0, 0x7, 0x95,
    0xeb, 0xff, 0xb0,

    /* U+0027 "'" */
    0x74, 0xff, 0xff, 0xff, 0x2c, 0x74, 0xff, 0xff,
    0xff, 0x2c, 0x74, 0xff, 0xff, 0xff, 0x2c, 0x74,
    0xff, 0xff, 0xff, 0x2c, 0x74, 0xff, 0xff, 0xff,
    0x2c, 0x74, 0xff, 0xff, 0xff, 0x2c, 0x74, 0xff,
    0xff, 0xff, 0x2c, 0x74, 0xff, 0xff, 0xff, 0x2c,
    0x74, 0xff, 0xff, 0xff, 0x2c, 0x74, 0xff, 0xff,
    0xff, 0x2c, 0x5, 0xc, 0xc, 0xc, 0x2,

    /* U+0028 "(" */
    0x0, 0x0, 0x0, 0x0, 0xe, 0xe1, 0xf8, 0xdb,
    0x3, 0x0, 0x0, 0x0, 0x0, 0x91, 0xff, 0xff,
    0x79, 0x0, 0x0, 0x0, 0x0, 0x22, 0xfa, 0xff,
    0xf6, 0x13, 0x0, 0x0, 0x0, 0x0, 0xa0, 0xff,
    0xff, 0x9e, 0x0, 0x0, 0x0, 0x0, 0x17, 0xf9,
    0xff, 0xff, 0x4c, 0x0, 0x0, 0x0, 0x0, 0x7a,
    0xff, 0xff, 0xf7, 0xa, 0x0, 0x0, 0x0, 0x0,
    0xd4, 0xff, 0xff, 0xb5, 0x0, 0x0, 0x0, 0x0,
    0x25, 0xff, 0xff, 0xff, 0x70, 0x0, 0x0, 0x0,
    0x0, 0x69, 0xff, 0xff, 0xff, 0x41, 0x0, 0x0,
    0x0, 0x0, 0xa4, 0xff, 0xff, 0xff, 0x14, 0x0,
    0x0, 0x0, 0x0, 0xd3, 0xff, 0xff, 0xe8, 0x0,
    0x0, 0x0, 0x0, 0x0, 0xf7, 0xff, 0xff, 0xc5,
    0x0, 0x0, 0x0, 0x0, 0x14, 0xff, 0xff, 0xff,
    0xb5, 0x0, 0x0, 0x0, 0x0, 0x26, 0xff, 0xff,
    0xff, 0xa6, 0x0, 0x0, 0x0, 0x0, 0x2f, 0xff,
    0xff, 0xff, 0x97, 0x0, 0x0, 0x0, 0x0, 0x30,
    0xff, 0xff, 0xff, 0x96, 0x0, 0x0, 0x0, 0x0,
    0x27, 0xff, 0xff, 0xff, 0xa5, 0x0, 0x0, 0x0,
    0x0, 0x14, 0xff, 0xff, 0xff, 0xb5, 0x0, 0x0,
    0x0, 0x0, 0x0, 0xf8, 0xff, 0xff, 0xc4, 0x0,
    0x0, 0x0, 0x0, 0x0, 0xd4, 0xff, 0xff, 0xe6,
    0x0, 0x0, 0x0, 0x0, 0x0, 0xa5, 0xff, 0xff,
    0xff, 0x13, 0x0, 0x0, 0x0, 0x0, 0x6a, 0xff,
    0xff, 0xff, 0x41, 0x0, 0x0, 0x0, 0x0, 0x27,
    0xff, 0xff, 0xff, 0x70, 0x0, 0x0, 0x0, 0x0,
    0x0, 0xd6, 0xff, 0xff, 0xb4, 0x0, 0x0, 0x0,
    0x0, 0x0, 0x7e, 0xff, 0xff, 0xf7, 0xa, 0x0,
    0x0, 0x0, 0x0, 0x1a, 0xfb, 0xff, 0xff, 0x4e,
    0x0, 0x0, 0x0, 0x0, 0x0, 0xa5, 0xff, 0xff,
    0xa0, 0x0, 0x0, 0x0, 0x0, 0x0, 0x28, 0xfc,
    0xff, 0xf7, 0x13, 0x0, 0x0, 0x0, 0x0, 0x0,
    0x9b, 0xff, 0xff, 0x77, 0x0, 0x0, 0x0, 0x0,
    0x0, 0x14, 0xed, 0xff, 0xe1, 0x3,

    /* U+0029 ")" */
    0xc, 0xea, 0xf8, 0xd2, 0x5, 0x0, 0x0, 0x0,
    0x0, 0x0, 0x93, 0xff, 0xff, 0x78, 0x0, 0x0,
    0x0, 0x0, 0x0, 0x26, 0xfe, 0xff, 0xf1, 0x12,
    0x0, 0x0, 0x0, 0x0, 0x0, 0xb9, 0xff, 0xff,
    0x86, 0x0, 0x0, 0x0, 0x0, 0x0, 0x68, 0xff,
    0xff, 0xed, 0x9, 0x0, 0x0, 0x0, 0x0, 0x1d,
    0xff, 0xff, 0xff, 0x61, 0x0, 0x0, 0x0, 0x0,
    0x0, 0xd2, 0xff, 0xff, 0xbb, 0x0, 0x0, 0x0,
    0x0, 0x0, 0x8c, 0xff, 0xff, 0xfc, 0x10, 0x0,
    0x0, 0x0, 0x0, 0x5d, 0xff, 0xff, 0xff, 0x4f,
    0x0, 0x0, 0x0, 0x0, 0x30, 0xff, 0xff, 0xff,
    0x8a, 0x0, 0x0, 0x0, 0x0, 0x6, 0xfb, 0xff,
    0xff, 0xb9, 0x0, 0x0, 0x0, 0x0, 0x0, 0xde,
    0xff, 0xff, 0xdf, 0x0, 0x0, 0x0, 0x0, 0x0,
    0xce, 0xff, 0xff, 0xf9, 0x1, 0x0, 0x0, 0x0,
    0x0, 0xbf, 0xff, 0xff, 0xff, 0xd, 0x0, 0x0,
    0x0, 0x0, 0xb0, 0xff, 0xff, 0xff, 0x16, 0x0,
    0x0, 0x0, 0x0, 0xaf, 0xff, 0xff, 0xff, 0x17,
    0x0, 0x0, 0x0, 0x0, 0xbf, 0xff, 0xff, 0xff,
    0xe, 0x0, 0x0, 0x0, 0x0, 0xcf, 0xff, 0xff,
    0xfa, 0x1, 0x0, 0x0, 0x0, 0x0, 0xde, 0xff,
    0xff, 0xe0, 0x0, 0x0, 0x0, 0x0, 0x6, 0xfb,
    0xff, 0xff, 0xb9, 0x0, 0x0, 0x0, 0x0, 0x30,
    0xff, 0xff, 0xff, 0x8a, 0x0, 0x0, 0x0, 0x0,
    0x5e, 0xff, 0xff, 0xff, 0x4f, 0x0, 0x0, 0x0,
    0x0, 0x8d, 0xff, 0xff, 0xfc, 0x10, 0x0, 0x0,
    0x0, 0x0, 0xd2, 0xff, 0xff, 0xbb, 0x0, 0x0,
    0x0, 0x0, 0x1e, 0xff, 0xff, 0xff, 0x62, 0x0,
    0x0, 0x0, 0x0, 0x69, 0xff, 0xff, 0xef, 0xa,
    0x0, 0x0, 0x0, 0x0, 0xba, 0xff, 0xff, 0x8a,
    0x0, 0x0, 0x0, 0x0, 0x25, 0xfe, 0xff, 0xf4,
    0x15, 0x0, 0x0, 0x0, 0x0, 0x91, 0xff, 0xff,
    0x81, 0x0, 0x0, 0x0, 0x0, 0xc, 0xf1, 0xff,
    0xdf, 0x9, 0x0, 0x0, 0x0, 0x0,

    /* U+002A "*" */
    0x0, 0x0, 0x0, 0x0, 0x4c, 0xff, 0xe0, 0x0,
    0x0, 0x0, 0x0, 0x0, 0x9, 0x0, 0x0, 0x4c,
    0xff, 0xe0, 0x0, 0x0, 0xa, 0x0, 0x0, 0x9e,
    0xc5, 0x35, 0x4c, 0xff, 0xe0, 0x5, 0x71, 0xed,
    0x33, 0xc, 0xe0, 0xff, 0xfe, 0xcc, 0xff, 0xf1,
    0xd9, 0xff, 0xff, 0x80, 0x0, 0xa, 0x81, 0xf6,
    0xff, 0xff, 0xff, 0xff, 0xd3, 0x43, 0x0, 0x0,
    0x0, 0x12, 0xad, 0xff, 0xff, 0xff, 0xf9, 0x59,
    0x0, 0x0, 0x3, 0x69, 0xed, 0xff, 0xff, 0xff,
    0xff, 0xff, 0xff, 0xbf, 0x2d, 0x9, 0xe2, 0xff,
    0xbb, 0x76, 0xff, 0xe3, 0x6d, 0xee, 0xff, 0x7c,
    0x0, 0x4c, 0x51, 0x0, 0x4c, 0xff, 0xe0, 0x0,
    0x13, 0x84, 0x8, 0x0, 0x0, 0x0, 0x0, 0x4c,
    0xff, 0xe0, 0x0, 0x0, 0x0, 0x0, 0x0, 0x0,
    0x0, 0x0, 0x31, 0xa8, 0x93, 0x0, 0x0, 0x0,
    0x0,

    /* U+002B "+" */
    0x0, 0x0, 0x0, 0x0, 0x0, 0x0, 0x1f, 0x60,
    0x60, 0x60, 0x15, 0x0, 0x0, 0x0, 0x0, 0x0,
    0x0, 0x0, 0x0, 0x0, 0x0, 0x0, 0x0, 0x54,
    0xff, 0xff, 0xff, 0x38, 0x0, 0x0, 0x0, 0x0,
    0x0, 0x0, 0x0, 0x0, 0x0, 0x0, 0x0, 0x0,
    0x54, 0xff, 0xff, 0xff, 0x38, 0x0, 0x0, 0x0,
    0x0, 0x0, 0x0, 0x0, 0x0, 0x0, 0x0, 0x0,
    0x0, 0x54, 0xff, 0xff, 0xff, 0x38, 0x0, 0x0,
    0x0, 0x0, 0x0, 0x0, 0x0, 0x0, 0x0, 0x0,
    0x0, 0x0, 0x54, 0xff, 0xff, 0xff, 0x38, 0x0,
    0x0, 0x0, 0x0, 0x0, 0x0, 0x0, 0x0, 0x0,
    0x0, 0x0, 0x0, 0x54, 0xff, 0xff, 0xff, 0x38,
    0x0, 0x0, 0x0, 0x0, 0x0, 0x0, 0x1a, 0x98,
    0x98, 0x98, 0x98, 0x98, 0xba, 0xff, 0xff, 0xff,
    0xae, 0x98, 0x98, 0x98, 0x98, 0x98, 0x2, 0x2c,
    0xff, 0xff, 0xff, 0xff, 0xff, 0xff, 0xff, 0xff,
    0xff, 0xff, 0xff, 0xff, 0xff, 0xff, 0xff, 0x4,
    0x2c, 0xff, 0xff, 0xff, 0xff, 0xff, 0xff, 0xff,
    0xff, 0xff, 0xff, 0xff, 0xff, 0xff, 0xff, 0xff,
    0x4, 0x2c, 0xff, 0xff, 0xff, 0xff, 0xff, 0xff,
    0xff, 0xff, 0xff, 0xff, 0xff, 0xff, 0xff, 0xff,
    0xff, 0x4, 0x0, 0x0, 0x0, 0x0, 0x0, 0x0,
    0x54, 0xff, 0xff, 0xff, 0x38, 0x0, 0x0, 0x0,
    0x0, 0x0, 0x0, 0x0, 0x0, 0x0, 0x0, 0x0,
    0x0, 0x54, 0xff, 0xff, 0xff, 0x38, 0x0, 0x0,
    0x0, 0x0, 0x0, 0x0, 0x0, 0x0, 0x0, 0x0,
    0x0, 0x0, 0x54, 0xff, 0xff, 0xff, 0x38, 0x0,
    0x0, 0x0, 0x0, 0x0, 0x0, 0x0, 0x0, 0x0,
    0x0, 0x0, 0x0, 0x54, 0xff, 0xff, 0xff, 0x38,
    0x0, 0x0, 0x0, 0x0, 0x0, 0x0, 0x0, 0x0,
    0x0, 0x0, 0x0, 0x0, 0x54, 0xff, 0xff, 0xff,
    0x38, 0x0, 0x0, 0x0, 0x0, 0x0, 0x0, 0x0,
    0x0, 0x0, 0x0, 0x0, 0x0, 0x54, 0xff, 0xff,
    0xff, 0x38, 0x0, 0x0, 0x0, 0x0, 0x0, 0x0,

    /* U+002C "," */
    0x74, 0xff, 0xff, 0xff, 0x2c, 0x74, 0xff, 0xff,
    0xff, 0x2c, 0x74, 0xff, 0xff, 0xff, 0x2c, 0x74,
    0xff, 0xff, 0xff, 0x2c, 0x74, 0xff, 0xff, 0xff,
    0x2c, 0x74, 0xff, 0xff, 0xff, 0x2c, 0x74, 0xff,
    0xff, 0xff, 0x2a, 0x74, 0xff, 0xfe, 0x78, 0x0,
    0x74, 0xf7, 0x56, 0x0, 0x0, 0x5f, 0x3a, 0x0,
    0x0, 0x0, 0x0, 0x0, 0x0, 0x0, 0x0,

    /* U+002D "-" */
    0x83, 0x94, 0x94, 0x94, 0x94, 0x94, 0x94, 0x94,
    0x94, 0x94, 0x4, 0xe4, 0xff, 0xff, 0xff, 0xff,
    0xff, 0xff, 0xff, 0xff, 0xff, 0x8, 0xe4, 0xff,
    0xff, 0xff, 0xff, 0xff, 0xff, 0xff, 0xff, 0xff,
    0x8, 0xe4, 0xff, 0xff, 0xff, 0xff, 0xff, 0xff,
    0xff, 0xff, 0xff, 0x8,

    /* U+002E "." */
    0x3f, 0x8c, 0x8c, 0x8c, 0x83, 0x74, 0xff, 0xff,
    0xff, 0xf0, 0x74, 0xff, 0xff, 0xff, 0xf0, 0x74,
    0xff, 0xff, 0xff, 0xf0, 0x74, 0xff, 0xff, 0xff,
    0xf0,

    /* U+002F "/" */
    0x0, 0x0, 0x0, 0x0, 0x0, 0x0, 0x0, 0x0,
    0xbc, 0xff, 0xff, 0x80, 0x0, 0x0, 0x0, 0x0,
    0x0, 0x0, 0x0, 0xf, 0xfa, 0xff, 0xff, 0x32,
    0x0, 0x0, 0x0, 0x0, 0x0, 0x0, 0x0, 0x58,
    0xff, 0xff, 0xe2, 0x0, 0x0, 0x0, 0x0, 0x0,
    0x0, 0x0, 0x0, 0xa6, 0xff, 0xff, 0x95, 0x0,
    0x0, 0x0, 0x0, 0x0, 0x0, 0x0, 0x4, 0xef,
    0xff, 0xff, 0x46, 0x0, 0x0, 0x0, 0x0, 0x0,
    0x0, 0x0, 0x42, 0xff, 0xff, 0xf2, 0x6, 0x0,
    0x0, 0x0, 0x0, 0x0, 0x0, 0x0, 0x90, 0xff,
    0xff, 0xaa, 0x0, 0x0, 0x0, 0x0, 0x0, 0x0,
    0x0, 0x0, 0xdd, 0xff, 0xff, 0x5b, 0x0, 0x0,
    0x0, 0x0, 0x0, 0x0, 0x0, 0x2c, 0xff, 0xff,
    0xfb, 0x11, 0x0, 0x0, 0x0, 0x0, 0x0, 0x0,
    0x0, 0x7a, 0xff, 0xff, 0xbe, 0x0, 0x0, 0x0,
    0x0, 0x0, 0x0, 0x0, 0x0, 0xc8, 0xff, 0xff,
    0x70, 0x0, 0x0, 0x0, 0x0, 0x0, 0x0, 0x0,
    0x17, 0xfe, 0xff, 0xff, 0x22, 0x0, 0x0, 0x0,
    0x0, 0x0, 0x0, 0x0, 0x64, 0xff, 0xff, 0xd3,
    0x0, 0x0, 0x0, 0x0, 0x0, 0x0, 0x0, 0x0,
    0xb3, 0xff, 0xff, 0x85, 0x0, 0x0, 0x0, 0x0,
    0x0, 0x0, 0x0, 0xa, 0xf6, 0xff, 0xff, 0x36,
    0x0, 0x0, 0x0, 0x0, 0x0, 0x0, 0x0, 0x4f,
    0xff, 0xff, 0xe7, 0x1, 0x0, 0x0, 0x0, 0x0,
    0x0, 0x0, 0x0, 0x9d, 0xff, 0xff, 0x9a, 0x0,
    0x0, 0x0, 0x0, 0x0, 0x0, 0x0, 0x2, 0xe8,
    0xff, 0xff, 0x4b, 0x0, 0x0, 0x0, 0x0, 0x0,
    0x0, 0x0, 0x39, 0xff, 0xff, 0xf4, 0x8, 0x0,
    0x0, 0x0, 0x0, 0x0, 0x0, 0x0, 0x87, 0xff,
    0xff, 0xae, 0x0, 0x0, 0x0, 0x0, 0x0, 0x0,
    0x0, 0x0, 0xd5, 0xff, 0xff, 0x60, 0x0, 0x0,
    0x0, 0x0, 0x0, 0x0, 0x0, 0x22, 0xff, 0xff,
    0xfd, 0x15, 0x0, 0x0, 0x0, 0x0, 0x0, 0x0,
    0x0, 0x71, 0xff, 0xff, 0xc3, 0x0, 0x0, 0x0,
    0x0, 0x0, 0x0, 0x0, 0x0, 0xbf, 0xff, 0xff,
    0x75, 0x0, 0x0, 0x0, 0x0, 0x0, 0x0, 0x0,
    0x11, 0xfb, 0xff, 0xff, 0x27, 0x0, 0x0, 0x0,
    0x0, 0x0, 0x0, 0x0,

    /* U+0030 "0" */
    0x0, 0x0, 0x0, 0x38, 0x9e, 0xda, 0xf3, 0xf8,
    0xe4, 0xb1, 0x5e, 0x3, 0x0, 0x0, 0x0, 0x0,
    0x3, 0x94, 0xff, 0xff, 0xff, 0xff, 0xff, 0xff,
    0xff, 0xff, 0xcc, 0x18, 0x0, 0x0, 0x0, 0x87,
    0xff, 0xff, 0xff, 0xff, 0xff, 0xff, 0xff, 0xff,
    0xff, 0xff, 0xca, 0x3, 0x0, 0x23, 0xfd, 0xff,
    0xff, 0xff, 0xef, 0xb0, 0xa9, 0xe2, 0xff, 0xff,
    0xff, 0xff, 0x60, 0x0, 0x84, 0xff, 0xff, 0xff,
    0xd6, 0x12, 0x0, 0x0, 0x6, 0xaf, 0xff, 0xff,
    0xff, 0xbf, 0x0, 0xc2, 0xff, 0xff, 0xff, 0x61,
    0x0, 0x0, 0x0, 0x0, 0x2c, 0xff, 0xff, 0xff,
    0xf5, 0x3, 0xe9, 0xff, 0xff, 0xff, 0x28, 0x0,
    0x0, 0x0, 0x0, 0x0, 0xf1, 0xff, 0xff, 0xff,
    0x1d, 0xf9, 0xff, 0xff, 0xff, 0xe, 0x0, 0x0,
    0x0, 0x0, 0x0, 0xd7, 0xff, 0xff, 0xff, 0x2c,
    0xff, 0xff, 0xff, 0xff, 0x5, 0x0, 0x0, 0x0,
    0x0, 0x0, 0xce, 0xff, 0xff, 0xff, 0x34, 0xff,
    0xff, 0xff, 0xff, 0x4, 0x0, 0x0, 0x0, 0x0,
    0x0, 0xcc, 0xff, 0xff, 0xff, 0x34, 0xff, 0xff,
    0xff, 0xff, 0x4, 0x0, 0x0, 0x0, 0x0, 0x0,
    0xcc, 0xff, 0xff, 0xff, 0x34, 0xff, 0xff, 0xff,
    0xff, 0x4, 0x0, 0x0, 0x0, 0x0, 0x0, 0xcc,
    0xff, 0xff, 0xff, 0x34, 0xff, 0xff, 0xff, 0xff,
    0x4, 0x0, 0x0, 0x0, 0x0, 0x0, 0xcc, 0xff,
    0xff, 0xff, 0x34, 0xff, 0xff, 0xff, 0xff, 0x4,
    0x0, 0x0, 0x0, 0x0, 0x0, 0xcc, 0xff, 0xff,
    0xff, 0x34, 0xff, 0xff, 0xff, 0xff, 0x4, 0x0,
    0x0, 0x0, 0x0, 0x0, 0xcc, 0xff, 0xff, 0xff,
    0x34, 0xff, 0xff, 0xff, 0xff, 0x4, 0x0, 0x0,
    0x0, 0x0, 0x0, 0xcc, 0xff, 0xff, 0xff, 0x34,
    0xff, 0xff, 0xff, 0xff, 0x5, 0x0, 0x0, 0x0,
    0x0, 0x0, 0xcd, 0xff, 0xff, 0xff, 0x33, 0xf7,
    0xff, 0xff, 0xff, 0xe, 0x0, 0x0, 0x0, 0x0,
    0x0, 0xd7, 0xff, 0xff, 0xff, 0x2a, 0xe7, 0xff,
    0xff, 0xff, 0x29, 0x0, 0x0, 0x0, 0x0, 0x0,
    0xf0, 0xff, 0xff, 0xff, 0x1a, 0xc0, 0xff, 0xff,
    0xff, 0x63, 0x0, 0x0, 0x0, 0x0, 0x29, 0xff,
    0xff, 0xff, 0xf1, 0x1, 0x84, 0xff, 0xff, 0xff,
    0xd6, 0xe, 0x0, 0x0, 0x2, 0xa6, 0xff, 0xff,
    0xff, 0xb8, 0x0, 0x27, 0xfe, 0xff, 0xff, 0xff,
    0xe6, 0x9c, 0x95, 0xd3, 0xff, 0xff, 0xff, 0xff,
    0x58, 0x0, 0x0, 0x93, 0xff, 0xff, 0xff, 0xff,
    0xff, 0xff, 0xff, 0xff, 0xff, 0xff, 0xc4, 0x2,
    0x0, 0x0, 0x6, 0xa4, 0xff, 0xff, 0xff, 0xff,
    0xff, 0xff, 0xff, 0xff, 0xc9, 0x15, 0x0, 0x0,
    0x0, 0x0, 0x0, 0x42, 0xa3, 0xdd, 0xf5, 0xf8,
    0xe5, 0xb1, 0x5c, 0x2, 0x0, 0x0, 0x0,

    /* U+0031 "1" */
    0x0, 0x0, 0x0, 0x28, 0xd5, 0xff, 0xff, 0xff,
    0xb4, 0x0, 0x0, 0x56, 0xf3, 0xff, 0xff, 0xff,
    0xff, 0xb4, 0x5, 0x90, 0xff, 0xff, 0xff, 0xff,
    0xff, 0xff, 0xb4, 0x7c, 0xff, 0xff, 0xff, 0xff,
    0xff, 0xff, 0xff, 0xb4, 0x84, 0xff, 0xff, 0xff,
    0xd9, 0xff, 0xff, 0xff, 0xb4, 0x84, 0xff, 0xf8,
    0x6b, 0x4c, 0xff, 0xff, 0xff, 0xb4, 0x84, 0xd8,
    0x2f, 0x0, 0x4c, 0xff, 0xff, 0xff, 0xb4, 0x3b,
    0xb, 0x0, 0x0, 0x4c, 0xff, 0xff, 0xff, 0xb4,
    0x0, 0x0, 0x0, 0x0, 0x4c, 0xff, 0xff, 0xff,
    0xb4, 0x0, 0x0, 0x0, 0x0, 0x4c, 0xff, 0xff,
    0xff, 0xb4, 0x0, 0x0, 0x0, 0x0, 0x4c, 0xff,
    0xff, 0xff, 0xb4, 0x0, 0x0, 0x0, 0x0, 0x4c,
    0xff, 0xff, 0xff, 0xb4, 0x0, 0x0, 0x0, 0x0,
    0x4c, 0xff, 0xff, 0xff, 0xb4, 0x0, 0x0, 0x0,
    0x0, 0x4c, 0xff, 0xff, 0xff, 0xb4, 0x0, 0x0,
    0x0, 0x0, 0x4c, 0xff, 0xff, 0xff, 0xb4, 0x0,
    0x0, 0x0, 0x0, 0x4c, 0xff, 0xff, 0xff, 0xb4,
    0x0, 0x0, 0x0, 0x0, 0x4c, 0xff, 0xff, 0xff,
    0xb4, 0x0, 0x0, 0x0, 0x0, 0x4c, 0xff, 0xff,
    0xff, 0xb4, 0x0, 0x0, 0x0, 0x0, 0x4c, 0xff,
    0xff, 0xff, 0xb4, 0x0, 0x0, 0x0, 0x0, 0x4c,
    0xff, 0xff, 0xff, 0xb4, 0x0, 0x0, 0x0, 0x0,
    0x4c, 0xff, 0xff, 0xff, 0xb4, 0x0, 0x0, 0x0,
    0x0, 0x4c, 0xff, 0xff, 0xff, 0xb4, 0x0, 0x0,
    0x0, 0x0, 0x4c, 0xff, 0xff, 0xff, 0xb4, 0x0,
    0x0, 0x0, 0x0, 0x4c, 0xff, 0xff, 0xff, 0xb4,
    0x0, 0x0, 0x0, 0x0, 0x4c, 0xff, 0xff, 0xff,
    0xb4,

    /* U+0032 "2" */
    0x0, 0x0, 0x0, 0x1, 0x4f, 0xad, 0xdd, 0xf7,
    0xea, 0xca, 0x77, 0x15, 0x0, 0x0, 0x0, 0x0,
    0x0, 0x18, 0xbc, 0xff, 0xff, 0xff, 0xff, 0xff,
    0xff, 0xff, 0xec, 0x4d, 0x0, 0x0, 0x0, 0x8,
    0xcc, 0xff, 0xff, 0xff, 0xff, 0xff, 0xff, 0xff,
    0xff, 0xff, 0xfc, 0x42, 0x0, 0x0, 0x7b, 0xff,
    0xff, 0xff, 0xff, 0xbe, 0x8f, 0xab, 0xfa, 0xff,
    0xff, 0xff, 0xe6, 0x6, 0x0, 0xe1, 0xff, 0xff,
    0xff, 0x6f, 0x0, 0x0, 0x0, 0x31, 0xf7, 0xff,
    0xff, 0xff, 0x5b, 0x14, 0xff, 0xff, 0xff, 0xe5,
    0x2, 0x0, 0x0, 0x0, 0x0, 0x98, 0xff, 0xff,
    0xff, 0x90, 0x2f, 0xff, 0xff, 0xff, 0xbd, 0x0,
    0x0, 0x0, 0x0, 0x0, 0x6c, 0xff, 0xff, 0xff,
    0xac, 0x12, 0x5c, 0x5c, 0x5c, 0x40, 0x0, 0x0,
    0x0, 0x0, 0x0, 0x6e, 0xff, 0xff, 0xff, 0xa4,
    0x0, 0x0, 0x0, 0x0, 0x0, 0x0, 0x0, 0x0,
    0x0, 0x0, 0xa1, 0xff, 0xff, 0xff, 0x85, 0x0,
    0x0, 0x0, 0x0, 0x0, 0x0, 0x0, 0x0, 0x0,
    0x14, 0xf4, 0xff, 0xff, 0xff, 0x3d, 0x0, 0x0,
    0x0, 0x0, 0x0, 0x0, 0x0, 0x0, 0x0, 0x9f,
    0xff, 0xff, 0xff, 0xd0, 0x1, 0x0, 0x0, 0x0,
    0x0, 0x0, 0x0, 0x0, 0x0, 0x57, 0xff, 0xff,
    0xff, 0xff, 0x45, 0x0, 0x0, 0x0, 0x0, 0x0,
    0x0, 0x0, 0x0, 0x27, 0xf2, 0xff, 0xff, 0xff,
    0x97, 0x0, 0x0, 0x0, 0x0, 0x0, 0x0, 0x0,
    0x0, 0x9, 0xd2, 0xff, 0xff, 0xff, 0xd2, 0x9,
    0x0, 0x0, 0x0, 0x0, 0x0, 0x0, 0x0, 0x0,
    0x9f, 0xff, 0xff, 0xff, 0xf3, 0x27, 0x0, 0x0,
    0x0, 0x0, 0x0, 0x0, 0x0, 0x0, 0x62, 0xff,
    0xff, 0xff, 0xff, 0x59, 0x0, 0x0, 0x0, 0x0,
    0x0, 0x0, 0x0, 0x0, 0x2d, 0xf6, 0xff, 0xff,
    0xff, 0x97, 0x0, 0x0, 0x0, 0x0, 0x0, 0x0,
    0x0, 0x0, 0xd, 0xd9, 0xff, 0xff, 0xff, 0xce,
    0x7, 0x0, 0x0, 0x0, 0x0, 0x0, 0x0, 0x0,
    0x0, 0xa8, 0xff, 0xff, 0xff, 0xf1, 0x24, 0x0,
    0x0, 0x0, 0x0, 0x0, 0x0, 0x0, 0x0, 0x6c,
    0xff, 0xff, 0xff, 0xff, 0x54, 0x0, 0x0, 0x0,
    0x0, 0x0, 0x0, 0x0, 0x0, 0x34, 0xf9, 0xff,
    0xff, 0xff, 0x92, 0x0, 0x0, 0x0, 0x0, 0x0,
    0x0, 0x0, 0x0, 0xb, 0xdf, 0xff, 0xff, 0xff,
    0xfd, 0x9e, 0x98, 0x98, 0x98, 0x98, 0x98, 0x98,
    0x98, 0x68, 0x24, 0xff, 0xff, 0xff, 0xff, 0xff,
    0xff, 0xff, 0xff, 0xff, 0xff, 0xff, 0xff, 0xff,
    0xb0, 0x24, 0xff, 0xff, 0xff, 0xff, 0xff, 0xff,
    0xff, 0xff, 0xff, 0xff, 0xff, 0xff, 0xff, 0xb0,
    0x24, 0xff, 0xff, 0xff, 0xff, 0xff, 0xff, 0xff,
    0xff, 0xff, 0xff, 0xff, 0xff, 0xff, 0xb0,

    /* U+0033 "3" */
    0x0, 0x0, 0x0, 0x3, 0x58, 0xb1, 0xe4, 0xf8,
    0xf4, 0xd9, 0x9d, 0x36, 0x0, 0x0, 0x0, 0x0,
    0x0, 0x0, 0x1a, 0xc7, 0xff, 0xff, 0xff, 0xff,
    0xff, 0xff, 0xff, 0xff, 0x90, 0x1, 0x0, 0x0,
    0x0, 0x6, 0xd1, 0xff, 0xff, 0xff, 0xff, 0xff,
    0xff, 0xff, 0xff, 0xff, 0xff, 0x87, 0x0, 0x0,
    0x0, 0x6c, 0xff, 0xff, 0xff, 0xff, 0xbd, 0x8f,
    0xa3, 0xf0, 0xff, 0xff, 0xff, 0xfb, 0x21, 0x0,
    0x0, 0xc0, 0xff, 0xff, 0xff, 0x60, 0x0, 0x0,
    0x0, 0x18, 0xe1, 0xff, 0xff, 0xff, 0x71, 0x0,
    0x0, 0xe6, 0xff, 0xff, 0xdc, 0x0, 0x0, 0x0,
    0x0, 0x0, 0x6b, 0xff, 0xff, 0xff, 0x97, 0x0,
    0x0, 0xb6, 0xc0, 0xc0, 0x8d, 0x0, 0x0, 0x0,
    0x0, 0x0, 0x44, 0xff, 0xff, 0xff, 0xa2, 0x0,
    0x0, 0x0, 0x0, 0x0, 0x0, 0x0, 0x0, 0x0,
    0x0, 0x0, 0x57, 0xff, 0xff, 0xff, 0x88, 0x0,
    0x0, 0x0, 0x0, 0x0, 0x0, 0x0, 0x0, 0x0,
    0x0, 0x0, 0xa5, 0xff, 0xff, 0xff, 0x4b, 0x0,
    0x0, 0x0, 0x0, 0x0, 0x0, 0x0, 0x0, 0x4,
    0x25, 0x8f, 0xff, 0xff, 0xff, 0xcc, 0x1, 0x0,
    0x0, 0x0, 0x0, 0x0, 0x0, 0x0, 0xb8, 0xff,
    0xff, 0xff, 0xff, 0xff, 0xd4, 0x1b, 0x0, 0x0,
    0x0, 0x0, 0x0, 0x0, 0x0, 0x0, 0xb8, 0xff,
    0xff, 0xff, 0xff, 0xed, 0x27, 0x0, 0x0, 0x0,
    0x0, 0x0, 0x0, 0x0, 0x0, 0x0, 0xb8, 0xff,
    0xff, 0xff, 0xff, 0xff, 0xf7, 0x4e, 0x0, 0x0,
    0x0, 0x0, 0x0, 0x0, 0x0, 0x0, 0x59, 0x80,
    0xa3, 0xeb, 0xff, 0xff, 0xff, 0xf2, 0x21, 0x0,
    0x0, 0x0, 0x0, 0x0, 0x0, 0x0, 0x0, 0x0,
    0x0, 0x15, 0xcb, 0xff, 0xff, 0xff, 0x89, 0x0,
    0x0, 0x0, 0x0, 0x0, 0x0, 0x0, 0x0, 0x0,
    0x0, 0x0, 0x38, 0xff, 0xff, 0xff, 0xd7, 0x0,
    0x0, 0x0, 0x0, 0x0, 0x0, 0x0, 0x0, 0x0,
    0x0, 0x0, 0x2, 0xf8, 0xff, 0xff, 0xf4, 0x0,
    0x0, 0x0, 0x0, 0x0, 0x0, 0x0, 0x0, 0x0,
    0x0, 0x0, 0x0, 0xe0, 0xff, 0xff, 0xff, 0x7,
    0x32, 0xfc, 0xfc, 0xfc, 0xa1, 0x0, 0x0, 0x0,
    0x0, 0x0, 0x0, 0xf4, 0xff, 0xff, 0xf6, 0x0,
    0x24, 0xff, 0xff, 0xff, 0xca, 0x0, 0x0, 0x0,
    0x0, 0x0, 0x2e, 0xff, 0xff, 0xff, 0xd9, 0x0,
    0x6, 0xf3, 0xff, 0xff, 0xff, 0x55, 0x0, 0x0,
    0x0, 0xe, 0xc1, 0xff, 0xff, 0xff, 0x92, 0x0,
    0x0, 0xa2, 0xff, 0xff, 0xff, 0xff, 0xb9, 0x89,
    0x99, 0xe2, 0xff, 0xff, 0xff, 0xfc, 0x2b, 0x0,
    0x0, 0x1f, 0xec, 0xff, 0xff, 0xff, 0xff, 0xff,
    0xff, 0xff, 0xff, 0xff, 0xff, 0x79, 0x0, 0x0,
    0x0, 0x0, 0x32, 0xdd, 0xff, 0xff, 0xff, 0xff,
    0xff, 0xff, 0xff, 0xfb, 0x79, 0x1, 0x0, 0x0,
    0x0, 0x0, 0x0, 0x9, 0x66, 0xb7, 0xe7, 0xf9,
    0xef, 0xd2, 0x8b, 0x28, 0x0, 0x0, 0x0, 0x0,

    /* U+0034 "4" */
    0x0, 0x0, 0x0, 0x0, 0x0, 0x0, 0x0, 0x9b,
    0xff, 0xff, 0xff, 0x69, 0x0, 0x0, 0x0, 0x0,
    0x0, 0x0, 0x0, 0x0, 0x0, 0x0, 0x0, 0x11,
    0xf5, 0xff, 0xff, 0xf1, 0xc, 0x0, 0x0, 0x0,
    0x0, 0x0, 0x0, 0x0, 0x0, 0x0, 0x0, 0x0,
    0x73, 0xff, 0xff, 0xff, 0x90, 0x0, 0x0, 0x0,
    0x0, 0x0, 0x0, 0x0, 0x0, 0x0, 0x0, 0x0,
    0x2, 0xdd, 0xff, 0xff, 0xfe, 0x25, 0x0, 0x0,
    0x0, 0x0, 0x0, 0x0, 0x0, 0x0, 0x0, 0x0,
    0x0, 0x4c, 0xff, 0xff, 0xff, 0xb7, 0x0, 0x0,
    0x0, 0x0, 0x0, 0x0, 0x0, 0x0, 0x0, 0x0,
    0x0, 0x0, 0xb9, 0xff, 0xff, 0xff, 0x4b, 0x0,
    0x0, 0x0, 0x0, 0x0, 0x0, 0x0, 0x0, 0x0,
    0x0, 0x0, 0x26, 0xfe, 0xff, 0xff, 0xdc, 0x2,
    0x0, 0x0, 0x0, 0x0, 0x0, 0x0, 0x0, 0x0,
    0x0, 0x0, 0x0, 0x92, 0xff, 0xff, 0xff, 0x72,
    0x0, 0x0, 0x0, 0x0, 0x0, 0x0, 0x0, 0x0,
    0x0, 0x0, 0x0, 0xc, 0xf1, 0xff, 0xff, 0xf5,
    0x10, 0x0, 0x0, 0x0, 0x0, 0x0, 0x0, 0x0,
    0x0, 0x0, 0x0, 0x0, 0x6b, 0xff, 0xff, 0xff,
    0x99, 0x0, 0x0, 0x0, 0x0, 0x0, 0x0, 0x0,
    0x0, 0x0, 0x0, 0x0, 0x0, 0xd6, 0xff, 0xff,
    0xff, 0x2d, 0x0, 0x4, 0x18, 0x18, 0x18, 0x14,
    0x0, 0x0, 0x0, 0x0, 0x0, 0x44, 0xff, 0xff,
    0xff, 0xc0, 0x0, 0x0, 0x2c, 0xff, 0xff, 0xff,
    0xd8, 0x0, 0x0, 0x0, 0x0, 0x0, 0xb0, 0xff,
    0xff, 0xff, 0x53, 0x0, 0x0, 0x2c, 0xff, 0xff,
    0xff, 0xd8, 0x0, 0x0, 0x0, 0x0, 0x1f, 0xfc,
    0xff, 0xff, 0xe3, 0x4, 0x0, 0x0, 0x2c, 0xff,
    0xff, 0xff, 0xd8, 0x0, 0x0, 0x0, 0x0, 0x89,
    0xff, 0xff, 0xff, 0x7a, 0x0, 0x0, 0x0, 0x2c,
    0xff, 0xff, 0xff, 0xd8, 0x0, 0x0, 0x0, 0x8,
    0xec, 0xff, 0xff, 0xf8, 0x15, 0x0, 0x0, 0x0,
    0x2c, 0xff, 0xff, 0xff, 0xd8, 0x0, 0x0, 0x0,
    0x62, 0xff, 0xff, 0xff, 0xa2, 0x0, 0x0, 0x0,
    0x0, 0x2c, 0xff, 0xff, 0xff, 0xd8, 0x0, 0x0,
    0x0, 0x98, 0xff, 0xff, 0xff, 0xff, 0xff, 0xff,
    0xff, 0xff, 0xff, 0xff, 0xff, 0xff, 0xff, 0xff,
    0xff, 0x20, 0x98, 0xff, 0xff, 0xff, 0xff, 0xff,
    0xff, 0xff, 0xff, 0xff, 0xff, 0xff, 0xff, 0xff,
    0xff, 0xff, 0x20, 0x98, 0xff, 0xff, 0xff, 0xff,
    0xff, 0xff, 0xff, 0xff, 0xff, 0xff, 0xff, 0xff,
    0xff, 0xff, 0xff, 0x20, 0x57, 0x94, 0x94, 0x94,
    0x94, 0x94, 0x94, 0x94, 0x94, 0xa6, 0xff, 0xff,
    0xff, 0xef, 0x94, 0x94, 0x12, 0x0, 0x0, 0x0,
    0x0, 0x0, 0x0, 0x0, 0x0, 0x0, 0x2c, 0xff,
    0xff, 0xff, 0xd8, 0x0, 0x0, 0x0, 0x0, 0x0,
    0x0, 0x0, 0x0, 0x0, 0x0, 0x0, 0x0, 0x2c,
    0xff, 0xff, 0xff, 0xd8, 0x0, 0x0, 0x0, 0x0,
    0x0, 0x0, 0x0, 0x0, 0x0, 0x0, 0x0, 0x0,
    0x2c, 0xff, 0xff, 0xff, 0xd8, 0x0, 0x0, 0x0,
    0x0, 0x0, 0x0, 0x0, 0x0, 0x0, 0x0, 0x0,
    0x0, 0x2c, 0xff, 0xff, 0xff, 0xd8, 0x0, 0x0,
    0x0,

    /* U+0035 "5" */
    0xa4, 0xff, 0xff, 0xff, 0xff, 0xff, 0xff, 0xff,
    0xff, 0xff, 0xff, 0xff, 0xff, 0x44, 0xa4, 0xff,
    0xff, 0xff, 0xff, 0xff, 0xff, 0xff, 0xff, 0xff,
    0xff, 0xff, 0xff, 0x44, 0xa4, 0xff, 0xff, 0xff,
    0xff, 0xff, 0xff, 0xff, 0xff, 0xff, 0xff, 0xff,
    0xff, 0x44, 0xa4, 0xff, 0xff, 0xf2, 0x90, 0x90,
    0x90, 0x90, 0x90, 0x90, 0x90, 0x90, 0x90, 0x26,
    0xa4, 0xff, 0xff, 0xe0, 0x0, 0x0, 0x0, 0x0,
    0x0, 0x0, 0x0, 0x0, 0x0, 0x0, 0xa4, 0xff,
    0xff, 0xe0, 0x0, 0x0, 0x0, 0x0, 0x0, 0x0,
    0x0, 0x0, 0x0, 0x0, 0xa4, 0xff, 0xff, 0xe0,
    0x0, 0x0, 0x0, 0x0, 0x0, 0x0, 0x0, 0x0,
    0x0, 0x0, 0xa4, 0xff, 0xff, 0xe0, 0x0, 0x0,
    0x0, 0x0, 0x0, 0x0, 0x0, 0x0, 0x0, 0x0,
    0xa4, 0xff, 0xff, 0xe0, 0x2c, 0xa5, 0xe6, 0xfa,
    0xeb, 0xbd, 0x62, 0x3, 0x0, 0x0, 0xa4, 0xff,
    0xff, 0xf7, 0xf8, 0xff, 0xff, 0xff, 0xff, 0xff,
    0xff, 0xbe, 0xc, 0x0, 0xa4, 0xff, 0xff, 0xff,
    0xff, 0xff, 0xff, 0xff, 0xff, 0xff, 0xff, 0xff,
    0x9b, 0x0, 0xa4, 0xff, 0xff, 0xff, 0xff, 0xc0,
    0x87, 0xa0, 0xee, 0xff, 0xff, 0xff, 0xfd, 0x1e,
    0xa4, 0xff, 0xff, 0xff, 0x7a, 0x0, 0x0, 0x0,
    0x20, 0xe9, 0xff, 0xff, 0xff, 0x6e, 0x52, 0x80,
    0x80, 0x7a, 0x3, 0x0, 0x0, 0x0, 0x0, 0x7e,
    0xff, 0xff, 0xff, 0x9f, 0x0, 0x0, 0x0, 0x0,
    0x0, 0x0, 0x0, 0x0, 0x0, 0x4b, 0xff, 0xff,
    0xff, 0xb4, 0x0, 0x0, 0x0, 0x0, 0x0, 0x0,
    0x0, 0x0, 0x0, 0x32, 0xff, 0xff, 0xff, 0xbf,
    0x0, 0x0, 0x0, 0x0, 0x0, 0x0, 0x0, 0x0,
    0x0, 0x30, 0xff, 0xff, 0xff, 0xc0, 0x0, 0x0,
    0x0, 0x0, 0x0, 0x0, 0x0, 0x0, 0x0, 0x32,
    0xff, 0xff, 0xff, 0xbf, 0x9b, 0x9c, 0x9c, 0x71,
    0x0, 0x0, 0x0, 0x0, 0x0, 0x4b, 0xff, 0xff,
    0xff, 0xb1, 0xf3, 0xff, 0xff, 0xdb, 0x0, 0x0,
    0x0, 0x0, 0x0, 0x7e, 0xff, 0xff, 0xff, 0x96,
    0xce, 0xff, 0xff, 0xff, 0x61, 0x0, 0x0, 0x0,
    0x1f, 0xe9, 0xff, 0xff, 0xff, 0x5a, 0x7c, 0xff,
    0xff, 0xff, 0xff, 0xb9, 0x88, 0x9e, 0xed, 0xff,
    0xff, 0xff, 0xeb, 0xa, 0xd, 0xdd, 0xff, 0xff,
    0xff, 0xff, 0xff, 0xff, 0xff, 0xff, 0xff, 0xff,
    0x5c, 0x0, 0x0, 0x23, 0xd3, 0xff, 0xff, 0xff,
    0xff, 0xff, 0xff, 0xff, 0xfb, 0x6d, 0x0, 0x0,
    0x0, 0x0, 0x6, 0x61, 0xb6, 0xe7, 0xfa, 0xf3,
    0xd4, 0x91, 0x24, 0x0, 0x0, 0x0,

    /* U+0036 "6" */
    0x0, 0x0, 0x0, 0x0, 0x0, 0x0, 0x0, 0x2f,
    0xfe, 0xff, 0xff, 0xf3, 0x15, 0x0, 0x0, 0x0,
    0x0, 0x0, 0x0, 0x0, 0x0, 0x0, 0x0, 0xb1,
    0xff, 0xff, 0xff, 0x84, 0x0, 0x0, 0x0, 0x0,
    0x0, 0x0, 0x0, 0x0, 0x0, 0x0, 0x34, 0xff,
    0xff, 0xff, 0xef, 0x10, 0x0, 0x0, 0x0, 0x0,
    0x0, 0x0, 0x0, 0x0, 0x0, 0x0, 0xb7, 0xff,
    0xff, 0xff, 0x7a, 0x0, 0x0, 0x0, 0x0, 0x0,
    0x0, 0x0, 0x0, 0x0, 0x0, 0x3b, 0xff, 0xff,
    0xff, 0xea, 0xc, 0x0, 0x0, 0x0, 0x0, 0x0,
    0x0, 0x0, 0x0, 0x0, 0x0, 0xbe, 0xff, 0xff,
    0xff, 0x71, 0x0, 0x0, 0x0, 0x0, 0x0, 0x0,
    0x0, 0x0, 0x0, 0x0, 0x40, 0xff, 0xff, 0xff,
    0xe4, 0x8, 0x0, 0x0, 0x0, 0x0, 0x0, 0x0,
    0x0, 0x0, 0x0, 0x0, 0xc4, 0xff, 0xff, 0xff,
    0x67, 0x0, 0x0, 0x0, 0x0, 0x0, 0x0, 0x0,
    0x0, 0x0, 0x0, 0x47, 0xff, 0xff, 0xff, 0xdd,
    0x5, 0x0, 0x0, 0x0, 0x0, 0x0, 0x0, 0x0,
    0x0, 0x0, 0x0, 0xc9, 0xff, 0xff, 0xff, 0x7c,
    0x5f, 0x70, 0x55, 0x16, 0x0, 0x0, 0x0, 0x0,
    0x0, 0x0, 0x4e, 0xff, 0xff, 0xff, 0xff, 0xff,
    0xff, 0xff, 0xff, 0xfc, 0x9a, 0xb, 0x0, 0x0,
    0x0, 0x0, 0xcd, 0xff, 0xff, 0xff, 0xff, 0xff,
    0xff, 0xff, 0xff, 0xff, 0xff, 0xcb, 0x9, 0x0,
    0x0, 0x44, 0xff, 0xff, 0xff, 0xff, 0xff, 0xff,
    0xff, 0xff, 0xff, 0xff, 0xff, 0xff, 0x91, 0x0,
    0x0, 0xa7, 0xff, 0xff, 0xff, 0xf6, 0x71, 0x1d,
    0x11, 0x4b, 0xdc, 0xff, 0xff, 0xff, 0xf7, 0x12,
    0x1, 0xee, 0xff, 0xff, 0xff, 0x69, 0x0, 0x0,
    0x0, 0x0, 0x20, 0xf6, 0xff, 0xff, 0xff, 0x51,
    0x1d, 0xff, 0xff, 0xff, 0xfc, 0x6, 0x0, 0x0,
    0x0, 0x0, 0x0, 0xa9, 0xff, 0xff, 0xff, 0x76,
    0x2f, 0xff, 0xff, 0xff, 0xdf, 0x0, 0x0, 0x0,
    0x0, 0x0, 0x0, 0x84, 0xff, 0xff, 0xff, 0x85,
    0x33, 0xff, 0xff, 0xff, 0xd8, 0x0, 0x0, 0x0,
    0x0, 0x0, 0x0, 0x7c, 0xff, 0xff, 0xff, 0x86,
    0x27, 0xff, 0xff, 0xff, 0xf0, 0x0, 0x0, 0x0,
    0x0, 0x0, 0x0, 0x98, 0xff, 0xff, 0xff, 0x76,
    0xe, 0xfd, 0xff, 0xff, 0xff, 0x2c, 0x0, 0x0,
    0x0, 0x0, 0x2, 0xd3, 0xff, 0xff, 0xff, 0x54,
    0x0, 0xcc, 0xff, 0xff, 0xff, 0xc0, 0xe, 0x0,
    0x0, 0x0, 0x7e, 0xff, 0xff, 0xff, 0xfb, 0x14,
    0x0, 0x62, 0xff, 0xff, 0xff, 0xff, 0xe2, 0x99,
    0x8d, 0xc8, 0xff, 0xff, 0xff, 0xff, 0x9d, 0x0,
    0x0, 0x3, 0xba, 0xff, 0xff, 0xff, 0xff, 0xff,
    0xff, 0xff, 0xff, 0xff, 0xff, 0xdc, 0x13, 0x0,
    0x0, 0x0, 0xd, 0xac, 0xff, 0xff, 0xff, 0xff,
    0xff, 0xff, 0xff, 0xff, 0xc8, 0x1d, 0x0, 0x0,
    0x0, 0x0, 0x0, 0x0, 0x40, 0xa0, 0xdb, 0xf4,
    0xf8, 0xe3, 0xad, 0x55, 0x2, 0x0, 0x0, 0x0,

    /* U+0037 "7" */
    0xcc, 0xff, 0xff, 0xff, 0xff, 0xff, 0xff, 0xff,
    0xff, 0xff, 0xff, 0xff, 0xff, 0xf0, 0xcc, 0xff,
    0xff, 0xff, 0xff, 0xff, 0xff, 0xff, 0xff, 0xff,
    0xff, 0xff, 0xff, 0xf0, 0xcc, 0xff, 0xff, 0xff,
    0xff, 0xff, 0xff, 0xff, 0xff, 0xff, 0xff, 0xff,
    0xff, 0xf0, 0x79, 0x98, 0x98, 0x98, 0x98, 0x98,
    0x98, 0x98, 0x98, 0x9b, 0xff, 0xff, 0xff, 0xe8,
    0x0, 0x0, 0x0, 0x0, 0x0, 0x0, 0x0, 0x0,
    0x0, 0x4a, 0xff, 0xff, 0xff, 0x9b, 0x0, 0x0,
    0x0, 0x0, 0x0, 0x0, 0x0, 0x0, 0x0, 0xa8,
    0xff, 0xff, 0xff, 0x3f, 0x0, 0x0, 0x0, 0x0,
    0x0, 0x0, 0x0, 0x0, 0xe, 0xf6, 0xff, 0xff,
    0xe1, 0x1, 0x0, 0x0, 0x0, 0x0, 0x0, 0x0,
    0x0, 0x0, 0x64, 0xff, 0xff, 0xff, 0x86, 0x0,
    0x0, 0x0, 0x0, 0x0, 0x0, 0x0, 0x0, 0x0,
    0xc2, 0xff, 0xff, 0xff, 0x2a, 0x0, 0x0, 0x0,
    0x0, 0x0, 0x0, 0x0, 0x0, 0x21, 0xfe, 0xff,
    0xff, 0xcd, 0x0, 0x0, 0x0, 0x0, 0x0, 0x0,
    0x0, 0x0, 0x0, 0x7f, 0xff, 0xff, 0xff, 0x70,
    0x0, 0x0, 0x0, 0x0, 0x0, 0x0, 0x0, 0x0,
    0x0, 0xdb, 0xff, 0xff, 0xfc, 0x17, 0x0, 0x0,
    0x0, 0x0, 0x0, 0x0, 0x0, 0x0, 0x3b, 0xff,
    0xff, 0xff, 0xb7, 0x0, 0x0, 0x0, 0x0, 0x0,
    0x0, 0x0, 0x0, 0x0, 0x99, 0xff, 0xff, 0xff,
    0x5b, 0x0, 0x0, 0x0, 0x0, 0x0, 0x0, 0x0,
    0x0, 0x7, 0xef, 0xff, 0xff, 0xf3, 0xb, 0x0,
    0x0, 0x0, 0x0, 0x0, 0x0, 0x0, 0x0, 0x56,
    0xff, 0xff, 0xff, 0xa2, 0x0, 0x0, 0x0, 0x0,
    0x0, 0x0, 0x0, 0x0, 0x0, 0xb4, 0xff, 0xff,
    0xff, 0x45, 0x0, 0x0, 0x0, 0x0, 0x0, 0x0,
    0x0, 0x0, 0x16, 0xfb, 0xff, 0xff, 0xe6, 0x3,
    0x0, 0x0, 0x0, 0x0, 0x0, 0x0, 0x0, 0x0,
    0x70, 0xff, 0xff, 0xff, 0x8c, 0x0, 0x0, 0x0,
    0x0, 0x0, 0x0, 0x0, 0x0, 0x0, 0xce, 0xff,
    0xff, 0xff, 0x30, 0x0, 0x0, 0x0, 0x0, 0x0,
    0x0, 0x0, 0x0, 0x2c, 0xff, 0xff, 0xff, 0xd3,
    0x0, 0x0, 0x0, 0x0, 0x0, 0x0, 0x0, 0x0,
    0x0, 0x8b, 0xff, 0xff, 0xff, 0x77, 0x0, 0x0,
    0x0, 0x0, 0x0, 0x0, 0x0, 0x0, 0x3, 0xe5,
    0xff, 0xff, 0xfd, 0x1d, 0x0, 0x0, 0x0, 0x0,
    0x0, 0x0, 0x0, 0x0, 0x47, 0xff, 0xff, 0xff,
    0xbe, 0x0, 0x0, 0x0, 0x0, 0x0, 0x0, 0x0,
    0x0, 0x0, 0xa5, 0xff, 0xff, 0xff, 0x62, 0x0,
    0x0, 0x0, 0x0, 0x0, 0x0, 0x0,

    /* U+0038 "8" */
    0x0, 0x0, 0x0, 0xf, 0x6c, 0xc3, 0xe6, 0xf8,
    0xe0, 0xb6, 0x59, 0x5, 0x0, 0x0, 0x0, 0x0,
    0x0, 0x3d, 0xe3, 0xff, 0xff, 0xff, 0xff, 0xff,
    0xff, 0xff, 0xc9, 0x21, 0x0, 0x0, 0x0, 0x2f,
    0xf5, 0xff, 0xff, 0xff, 0xff, 0xff, 0xff, 0xff,
    0xff, 0xff, 0xdd, 0x12, 0x0, 0x0, 0xcd, 0xff,
    0xff, 0xff, 0xf9, 0xab, 0x8f, 0xbd, 0xff, 0xff,
    0xff, 0xff, 0x9a, 0x0, 0x35, 0xff, 0xff, 0xff,
    0xf5, 0x2e, 0x0, 0x0, 0x0, 0x5e, 0xff, 0xff,
    0xff, 0xf6, 0xd, 0x66, 0xff, 0xff, 0xff, 0x92,
    0x0, 0x0, 0x0, 0x0, 0x0, 0xc5, 0xff, 0xff,
    0xff, 0x34, 0x7e, 0xff, 0xff, 0xff, 0x6b, 0x0,
    0x0, 0x0, 0x0, 0x0, 0x9b, 0xff, 0xff, 0xff,
    0x4e, 0x6f, 0xff, 0xff, 0xff, 0x7c, 0x0, 0x0,
    0x0, 0x0, 0x0, 0xae, 0xff, 0xff, 0xff, 0x3d,
    0x45, 0xff, 0xff, 0xff, 0xc9, 0x1, 0x0, 0x0,
    0x0, 0x14, 0xed, 0xff, 0xff, 0xfb, 0x14, 0x2,
    0xdc, 0xff, 0xff, 0xff, 0xa5, 0x27, 0xb, 0x39,
    0xca, 0xff, 0xff, 0xff, 0xa3, 0x0, 0x0, 0x36,
    0xf5, 0xff, 0xff, 0xff, 0xff, 0xff, 0xff, 0xff,
    0xff, 0xff, 0xda, 0x11, 0x0, 0x0, 0x0, 0x36,
    0xfa, 0xff, 0xff, 0xff, 0xff, 0xff, 0xff, 0xff,
    0xe2, 0x12, 0x0, 0x0, 0x0, 0x27, 0xdb, 0xff,
    0xff, 0xff, 0xff, 0xff, 0xff, 0xff, 0xff, 0xff,
    0xb6, 0x8, 0x0, 0xb, 0xd6, 0xff, 0xff, 0xff,
    0xe9, 0x94, 0x78, 0xa0, 0xf8, 0xff, 0xff, 0xff,
    0x9b, 0x0, 0x6d, 0xff, 0xff, 0xff, 0xce, 0x14,
    0x0, 0x0, 0x0, 0x2c, 0xf2, 0xff, 0xff, 0xff,
    0x28, 0xc7, 0xff, 0xff, 0xff, 0x3a, 0x0, 0x0,
    0x0, 0x0, 0x0, 0x7b, 0xff, 0xff, 0xff, 0x83,
    0xee, 0xff, 0xff, 0xf9, 0x4, 0x0, 0x0, 0x0,
    0x0, 0x0, 0x41, 0xff, 0xff, 0xff, 0xa9, 0xff,
    0xff, 0xff, 0xe8, 0x0, 0x0, 0x0, 0x0, 0x0,
    0x0, 0x2c, 0xff, 0xff, 0xff, 0xbb, 0xef, 0xff,
    0xff, 0xfc, 0x6, 0x0, 0x0, 0x0, 0x0, 0x0,
    0x47, 0xff, 0xff, 0xff, 0xa9, 0xcf, 0xff, 0xff,
    0xff, 0x46, 0x0, 0x0, 0x0, 0x0, 0x0, 0x87,
    0xff, 0xff, 0xff, 0x8a, 0x84, 0xff, 0xff, 0xff,
    0xd8, 0x15, 0x0, 0x0, 0x0, 0x3b, 0xf7, 0xff,
    0xff, 0xff, 0x3f, 0x1c, 0xf6, 0xff, 0xff, 0xff,
    0xed, 0x99, 0x85, 0xb0, 0xfc, 0xff, 0xff, 0xff,
    0xcf, 0x0, 0x0, 0x5a, 0xff, 0xff, 0xff, 0xff,
    0xff, 0xff, 0xff, 0xff, 0xff, 0xff, 0xf2, 0x28,
    0x0, 0x0, 0x0, 0x59, 0xf1, 0xff, 0xff, 0xff,
    0xff, 0xff, 0xff, 0xff, 0xd9, 0x33, 0x0, 0x0,
    0x0, 0x0, 0x0, 0x18, 0x78, 0xc8, 0xe8, 0xf8,
    0xe1, 0xb8, 0x60, 0x9, 0x0, 0x0, 0x0,

    /* U+0039 "9" */
    0x0, 0x0, 0x0, 0x0, 0x35, 0x9b, 0xd8, 0xf3,
    0xf8, 0xe4, 0xb2, 0x62, 0x6, 0x0, 0x0, 0x0,
    0x0, 0x0, 0x8, 0x9d, 0xff, 0xff, 0xff, 0xff,
    0xff, 0xff, 0xff, 0xff, 0xda, 0x2d, 0x0, 0x0,
    0x0, 0x1, 0xae, 0xff, 0xff, 0xff, 0xff, 0xff,
    0xff, 0xff, 0xff, 0xff, 0xff, 0xeb, 0x21, 0x0,
    0x0, 0x5b, 0xff, 0xff, 0xff, 0xff, 0xe4, 0xa1,
    0x94, 0xcb, 0xff, 0xff, 0xff, 0xff, 0xb3, 0x0,
    0x0, 0xc9, 0xff, 0xff, 0xff, 0xb7, 0xd, 0x0,
    0x0, 0x0, 0x77, 0xff, 0xff, 0xff, 0xff, 0x1f,
    0xd, 0xfd, 0xff, 0xff, 0xfe, 0x1c, 0x0, 0x0,
    0x0, 0x0, 0x1, 0xcf, 0xff, 0xff, 0xff, 0x5e,
    0x27, 0xff, 0xff, 0xff, 0xe0, 0x0, 0x0, 0x0,
    0x0, 0x0, 0x0, 0x98, 0xff, 0xff, 0xff, 0x7a,
    0x33, 0xff, 0xff, 0xff, 0xcc, 0x0, 0x0, 0x0,
    0x0, 0x0, 0x0, 0x84, 0xff, 0xff, 0xff, 0x87,
    0x2f, 0xff, 0xff, 0xff, 0xdc, 0x0, 0x0, 0x0,
    0x0, 0x0, 0x0, 0x93, 0xff, 0xff, 0xff, 0x83,
    0x1d, 0xff, 0xff, 0xff, 0xfc, 0x13, 0x0, 0x0,
    0x0, 0x0, 0x0, 0xc5, 0xff, 0xff, 0xff, 0x6f,
    0x1, 0xea, 0xff, 0xff, 0xff, 0xa7, 0x5, 0x0,
    0x0, 0x0, 0x61, 0xff, 0xff, 0xff, 0xff, 0x3d,
    0x0, 0x94, 0xff, 0xff, 0xff, 0xff, 0xd7, 0x8e,
    0x83, 0xb9, 0xff, 0xff, 0xff, 0xff, 0xec, 0x5,
    0x0, 0x1a, 0xeb, 0xff, 0xff, 0xff, 0xff, 0xff,
    0xff, 0xff, 0xff, 0xff, 0xff, 0xff, 0x8e, 0x0,
    0x0, 0x0, 0x37, 0xe9, 0xff, 0xff, 0xff, 0xff,
    0xff, 0xff, 0xff, 0xff, 0xff, 0xfb, 0x1e, 0x0,
    0x0, 0x0, 0x0, 0x13, 0x82, 0xd0, 0xf4, 0xf5,
    0xc8, 0xf4, 0xff, 0xff, 0xff, 0x9b, 0x0, 0x0,
    0x0, 0x0, 0x0, 0x0, 0x0, 0x0, 0x0, 0x0,
    0x43, 0xff, 0xff, 0xff, 0xf9, 0x1f, 0x0, 0x0,
    0x0, 0x0, 0x0, 0x0, 0x0, 0x0, 0x0, 0x0,
    0xc1, 0xff, 0xff, 0xff, 0x96, 0x0, 0x0, 0x0,
    0x0, 0x0, 0x0, 0x0, 0x0, 0x0, 0x0, 0x41,
    0xff, 0xff, 0xff, 0xf8, 0x1b, 0x0, 0x0, 0x0,
    0x0, 0x0, 0x0, 0x0, 0x0, 0x0, 0x0, 0xc0,
    0xff, 0xff, 0xff, 0x91, 0x0, 0x0, 0x0, 0x0,
    0x0, 0x0, 0x0, 0x0, 0x0, 0x0, 0x3e, 0xff,
    0xff, 0xff, 0xf6, 0x18, 0x0, 0x0, 0x0, 0x0,
    0x0, 0x0, 0x0, 0x0, 0x0, 0x0, 0xbd, 0xff,
    0xff, 0xff, 0x8b, 0x0, 0x0, 0x0, 0x0, 0x0,
    0x0, 0x0, 0x0, 0x0, 0x0, 0x3c, 0xff, 0xff,
    0xff, 0xf4, 0x15, 0x0, 0x0, 0x0, 0x0, 0x0,
    0x0, 0x0, 0x0, 0x0, 0x0, 0xbb, 0xff, 0xff,
    0xff, 0x86, 0x0, 0x0, 0x0, 0x0, 0x0, 0x0,
    0x0, 0x0, 0x0, 0x0, 0x3a, 0xff, 0xff, 0xff,
    0xf1, 0x12, 0x0, 0x0, 0x0, 0x0, 0x0, 0x0,
    0x0, 0x0, 0x0, 0x0, 0xb9, 0xff, 0xff, 0xff,
    0x81, 0x0, 0x0, 0x0, 0x0, 0x0, 0x0, 0x0,

    /* U+003A ":" */
    0x74, 0xff, 0xff, 0xff, 0xf0, 0x74, 0xff, 0xff,
    0xff, 0xf0, 0x74, 0xff, 0xff, 0xff, 0xf0, 0x74,
    0xff, 0xff, 0xff, 0xf0, 0x43, 0x94, 0x94, 0x94,
    0x8a, 0x0, 0x0, 0x0, 0x0, 0x0, 0x0, 0x0,
    0x0, 0x0, 0x0, 0x0, 0x0, 0x0, 0x0, 0x0,
    0x0, 0x0, 0x0, 0x0, 0x0, 0x0, 0x0, 0x0,
    0x0, 0x0, 0x0, 0x0, 0x0, 0x0, 0x0, 0x0,
    0x0, 0x0, 0x0, 0x0, 0x3f, 0x8c, 0x8c, 0x8c,
    0x83, 0x74, 0xff, 0xff, 0xff, 0xf0, 0x74, 0xff,
    0xff, 0xff, 0xf0, 0x74, 0xff, 0xff, 0xff, 0xf0,
    0x74, 0xff, 0xff, 0xff, 0xf0,

    /* U+003B ";" */
    0x43, 0x94, 0x94, 0x94, 0x8a, 0x74, 0xff, 0xff,
    0xff, 0xf0, 0x74, 0xff, 0xff, 0xff, 0xf0, 0x74,
    0xff, 0xff, 0xff, 0xf0, 0x74, 0xff, 0xff, 0xff,
    0xf0, 0x0, 0x0, 0x0, 0x0, 0x0, 0x0, 0x0,
    0x0, 0x0, 0x0, 0x0, 0x0, 0x0, 0x0, 0x0,
    0x0, 0x0, 0x0, 0x0, 0x0, 0x0, 0x0, 0x0,
    0x0, 0x0, 0x0, 0x0, 0x0, 0x0, 0x0, 0x0,
    0x0, 0x0, 0x0, 0x0, 0x0, 0x0, 0x0, 0x0,
    0x0, 0x0, 0xb8, 0xff, 0xff, 0xe0, 0x0, 0xb8,
    0xff, 0xff, 0xe0, 0x0, 0xb8, 0xff, 0xff, 0xe0,
    0x0, 0xb8, 0xff, 0xff, 0xe0, 0x0, 0xb8, 0xff,
    0xff, 0xe0, 0x0, 0xb8, 0xff, 0xff, 0xe0, 0x0,
    0xb8, 0xff, 0xff, 0xde, 0x0, 0xb8, 0xff, 0xee,
    0x3e, 0x0, 0xb8, 0xde, 0x28, 0x0, 0x0, 0x81,
    0x16, 0x0, 0x0, 0x0, 0x0, 0x0, 0x0, 0x0,

    /* U+003C "<" */
    0x0, 0x0, 0x0, 0x0, 0x0, 0x0, 0x0, 0x0,
    0x0, 0x0, 0x0, 0x0, 0x0, 0x0, 0x1b, 0x7b,
    0x0, 0x0, 0x0, 0x0, 0x0, 0x0, 0x0, 0x0,
    0x0, 0x0, 0x0, 0x2, 0x49, 0xb0, 0xfc, 0xfc,
    0x0, 0x0, 0x0, 0x0, 0x0, 0x0, 0x0, 0x0,
    0x0, 0x1a, 0x7c, 0xe1, 0xff, 0xff, 0xff, 0xfc,
    0x0, 0x0, 0x0, 0x0, 0x0, 0x0, 0x2, 0x48,
    0xaf, 0xfb, 0xff, 0xff, 0xff, 0xff, 0xff, 0xfb,
    0x0, 0x0, 0x0, 0x0, 0x19, 0x7b, 0xdf, 0xff,
    0xff, 0xff, 0xff, 0xff, 0xff, 0xe9, 0x8c, 0x28,
    0x0, 0x1, 0x47, 0xad, 0xfb, 0xff, 0xff, 0xff,
    0xff, 0xff, 0xfd, 0xb6, 0x52, 0x5, 0x0, 0x0,
    0x1c, 0xde, 0xff, 0xff, 0xff, 0xff, 0xff, 0xff,
    0xde, 0x7d, 0x1c, 0x0, 0x0, 0x0, 0x0, 0x0,
    0x2c, 0xff, 0xff, 0xff, 0xff, 0xf8, 0xa7, 0x43,
    0x1, 0x0, 0x0, 0x0, 0x0, 0x0, 0x0, 0x0,
    0x2c, 0xff, 0xff, 0xff, 0xff, 0xfa, 0xad, 0x49,
    0x2, 0x0, 0x0, 0x0, 0x0, 0x0, 0x0, 0x0,
    0x1d, 0xe2, 0xff, 0xff, 0xff, 0xff, 0xff, 0xff,
    0xe2, 0x81, 0x1f, 0x0, 0x0, 0x0, 0x0, 0x0,
    0x0, 0x2, 0x4c, 0xb2, 0xfc, 0xff, 0xff, 0xff,
    0xff, 0xff, 0xfd, 0xb9, 0x54, 0x5, 0x0, 0x0,
    0x0, 0x0, 0x0, 0x0, 0x1c, 0x7f, 0xe2, 0xff,
    0xff, 0xff, 0xff, 0xff, 0xff, 0xea, 0x8c, 0x28,
    0x0, 0x0, 0x0, 0x0, 0x0, 0x0, 0x2, 0x4c,
    0xb2, 0xfc, 0xff, 0xff, 0xff, 0xff, 0xff, 0xfb,
    0x0, 0x0, 0x0, 0x0, 0x0, 0x0, 0x0, 0x0,
    0x0, 0x1c, 0x7f, 0xe2, 0xff, 0xff, 0xff, 0xfc,
    0x0, 0x0, 0x0, 0x0, 0x0, 0x0, 0x0, 0x0,
    0x0, 0x0, 0x0, 0x2, 0x4c, 0xb2, 0xfc, 0xfc,
    0x0, 0x0, 0x0, 0x0, 0x0, 0x0, 0x0, 0x0,
    0x0, 0x0, 0x0, 0x0, 0x0, 0x0, 0x1c, 0x7c,

    /* U+003D "=" */
    0x2c, 0xff, 0xff, 0xff, 0xff, 0xff, 0xff, 0xff,
    0xff, 0xff, 0xff, 0xff, 0xff, 0xff, 0xff, 0xfc,
    0x2c, 0xff, 0xff, 0xff, 0xff, 0xff, 0xff, 0xff,
    0xff, 0xff, 0xff, 0xff, 0xff, 0xff, 0xff, 0xfc,
    0x2c, 0xff, 0xff, 0xff, 0xff, 0xff, 0xff, 0xff,
    0xff, 0xff, 0xff, 0xff, 0xff, 0xff, 0xff, 0xfc,
    0x16, 0x84, 0x84, 0x84, 0x84, 0x84, 0x84, 0x84,
    0x84, 0x84, 0x84, 0x84, 0x84, 0x84, 0x84, 0x81,
    0x0, 0x0, 0x0, 0x0, 0x0, 0x0, 0x0, 0x0,
    0x0, 0x0, 0x0, 0x0, 0x0, 0x0, 0x0, 0x0,
    0x0, 0x0, 0x0, 0x0, 0x0, 0x0, 0x0, 0x0,
    0x0, 0x0, 0x0, 0x0, 0x0, 0x0, 0x0, 0x0,
    0x0, 0x0, 0x0, 0x0, 0x0, 0x0, 0x0, 0x0,
    0x0, 0x0, 0x0, 0x0, 0x0, 0x0, 0x0, 0x0,
    0x16, 0x84, 0x84, 0x84, 0x84, 0x84, 0x84, 0x84,
    0x84, 0x84, 0x84, 0x84, 0x84, 0x84, 0x84, 0x81,
    0x2c, 0xff, 0xff, 0xff, 0xff, 0xff, 0xff, 0xff,
    0xff, 0xff, 0xff, 0xff, 0xff, 0xff, 0xff, 0xfc,
    0x2c, 0xff, 0xff, 0xff, 0xff, 0xff, 0xff, 0xff,
    0xff, 0xff, 0xff, 0xff, 0xff, 0xff, 0xff, 0xfc,
    0x2c, 0xff, 0xff, 0xff, 0xff, 0xff, 0xff, 0xff,
    0xff, 0xff, 0xff, 0xff, 0xff, 0xff, 0xff, 0xfc,

    /* U+003E ">" */
    0x1c, 0x6a, 0xe, 0x0, 0x0, 0x0, 0x0, 0x0,
    0x0, 0x0, 0x0, 0x0, 0x0, 0x0, 0x0, 0x0,
    0x2c, 0xff, 0xf5, 0x9d, 0x36, 0x0, 0x0, 0x0,
    0x0, 0x0, 0x0, 0x0, 0x0, 0x0, 0x0, 0x0,
    0x2c, 0xff, 0xff, 0xff, 0xff, 0xd0, 0x69, 0xe,
    0x0, 0x0, 0x0, 0x0, 0x0, 0x0, 0x0, 0x0,
    0x2b, 0xff, 0xff, 0xff, 0xff, 0xff, 0xff, 0xf4,
    0x9c, 0x35, 0x0, 0x0, 0x0, 0x0, 0x0, 0x0,
    0x0, 0x3b, 0x9e, 0xf4, 0xff, 0xff, 0xff, 0xff,
    0xff, 0xff, 0xce, 0x68, 0xd, 0x0, 0x0, 0x0,
    0x0, 0x0, 0x0, 0xd, 0x65, 0xc9, 0xff, 0xff,
    0xff, 0xff, 0xff, 0xff, 0xf3, 0x9a, 0x34, 0x0,
    0x0, 0x0, 0x0, 0x0, 0x0, 0x0, 0x2c, 0x8f,
    0xec, 0xff, 0xff, 0xff, 0xff, 0xff, 0xff, 0xcb,
    0x0, 0x0, 0x0, 0x0, 0x0, 0x0, 0x0, 0x0,
    0x6, 0x56, 0xb9, 0xfd, 0xff, 0xff, 0xff, 0xfc,
    0x0, 0x0, 0x0, 0x0, 0x0, 0x0, 0x0, 0x0,
    0x8, 0x5c, 0xc0, 0xff, 0xff, 0xff, 0xff, 0xfc,
    0x0, 0x0, 0x0, 0x0, 0x0, 0x0, 0x30, 0x94,
    0xef, 0xff, 0xff, 0xff, 0xff, 0xff, 0xff, 0xce,
    0x0, 0x0, 0x0, 0xe, 0x67, 0xcb, 0xff, 0xff,
    0xff, 0xff, 0xff, 0xff, 0xf5, 0x9f, 0x38, 0x0,
    0x0, 0x3b, 0x9f, 0xf5, 0xff, 0xff, 0xff, 0xff,
    0xff, 0xff, 0xd1, 0x6c, 0xf, 0x0, 0x0, 0x0,
    0x2b, 0xff, 0xff, 0xff, 0xff, 0xff, 0xff, 0xf5,
    0x9f, 0x38, 0x0, 0x0, 0x0, 0x0, 0x0, 0x0,
    0x2c, 0xff, 0xff, 0xff, 0xff, 0xd1, 0x6c, 0xf,
    0x0, 0x0, 0x0, 0x0, 0x0, 0x0, 0x0, 0x0,
    0x2c, 0xff, 0xf5, 0x9f, 0x38, 0x0, 0x0, 0x0,
    0x0, 0x0, 0x0, 0x0, 0x0, 0x0, 0x0, 0x0,
    0x1c, 0x6c, 0xf, 0x0, 0x0, 0x0, 0x0, 0x0,
    0x0, 0x0, 0x0, 0x0, 0x0, 0x0, 0x0, 0x0,

    /* U+003F "?" */
    0x0, 0x0, 0x1, 0x52, 0xaf, 0xe4, 0xf8, 0xee,
    0xd1, 0x86, 0x22, 0x0, 0x0, 0x0, 0x0, 0xd,
    0xb7, 0xff, 0xff, 0xff, 0xff, 0xff, 0xff, 0xff,
    0xf6, 0x68, 0x0, 0x0, 0x0, 0xab, 0xff, 0xff,
    0xff, 0xff, 0xff, 0xff, 0xff, 0xff, 0xff, 0xff,
    0x5b, 0x0, 0x38, 0xff, 0xff, 0xff, 0xff, 0xcc,
    0x98, 0xa9, 0xf1, 0xff, 0xff, 0xff, 0xed, 0x9,
    0x8f, 0xff, 0xff, 0xff, 0x94, 0x1, 0x0, 0x0,
    0x1b, 0xe7, 0xff, 0xff, 0xff, 0x59, 0xc3, 0xff,
    0xff, 0xff, 0x18, 0x0, 0x0, 0x0, 0x0, 0x7d,
    0xff, 0xff, 0xff, 0x82, 0x97, 0xb4, 0xb4, 0xa9,
    0x0, 0x0, 0x0, 0x0, 0x0, 0x60, 0xff, 0xff,
    0xff, 0x8f, 0x0, 0x0, 0x0, 0x0, 0x0, 0x0,
    0x0, 0x0, 0x0, 0x8b, 0xff, 0xff, 0xff, 0x71,
    0x0, 0x0, 0x0, 0x0, 0x0, 0x0, 0x0, 0x0,
    0x13, 0xef, 0xff, 0xff, 0xfe, 0x27, 0x0, 0x0,
    0x0, 0x0, 0x0, 0x0, 0x0, 0x0, 0xaa, 0xff,
    0xff, 0xff, 0xac, 0x0, 0x0, 0x0, 0x0, 0x0,
    0x0, 0x0, 0x0, 0x6b, 0xff, 0xff, 0xff, 0xf1,
    0x1c, 0x0, 0x0, 0x0, 0x0, 0x0, 0x0, 0x0,
    0x36, 0xf9, 0xff, 0xff, 0xff, 0x58, 0x0, 0x0,
    0x0, 0x0, 0x0, 0x0, 0x0, 0x10, 0xe1, 0xff,
    0xff, 0xff, 0x98, 0x0, 0x0, 0x0, 0x0, 0x0,
    0x0, 0x0, 0x0, 0x94, 0xff, 0xff, 0xff, 0xd1,
    0x8, 0x0, 0x0, 0x0, 0x0, 0x0, 0x0, 0x0,
    0x5, 0xef, 0xff, 0xff, 0xfe, 0x30, 0x0, 0x0,
    0x0, 0x0, 0x0, 0x0, 0x0, 0x0, 0x20, 0xff,
    0xff, 0xff, 0xcd, 0x0, 0x0, 0x0, 0x0, 0x0,
    0x0, 0x0, 0x0, 0x0, 0x27, 0xff, 0xff, 0xff,
    0xb5, 0x0, 0x0, 0x0, 0x0, 0x0, 0x0, 0x0,
    0x0, 0x0, 0x28, 0xff, 0xff, 0xff, 0xb4, 0x0,
    0x0, 0x0, 0x0, 0x0, 0x0, 0x0, 0x0, 0x0,
    0x8, 0x34, 0x34, 0x34, 0x24, 0x0, 0x0, 0x0,
    0x0, 0x0, 0x0, 0x0, 0x0, 0x0, 0x0, 0x0,
    0x0, 0x0, 0x0, 0x0, 0x0, 0x0, 0x0, 0x0,
    0x0, 0x0, 0x0, 0x0, 0x10, 0x30, 0x30, 0x30,
    0x28, 0x0, 0x0, 0x0, 0x0, 0x0, 0x0, 0x0,
    0x0, 0x0, 0x58, 0xff, 0xff, 0xff, 0xd8, 0x0,
    0x0, 0x0, 0x0, 0x0, 0x0, 0x0, 0x0, 0x0,
    0x58, 0xff, 0xff, 0xff, 0xd8, 0x0, 0x0, 0x0,
    0x0, 0x0, 0x0, 0x0, 0x0, 0x0, 0x58, 0xff,
    0xff, 0xff, 0xd8, 0x0, 0x0, 0x0, 0x0, 0x0,
    0x0, 0x0, 0x0, 0x0, 0x58, 0xff, 0xff, 0xff,
    0xd8, 0x0, 0x0, 0x0, 0x0, 0x0,

    /* U+0040 "@" */
    0x0, 0x0, 0x0, 0x0, 0x0, 0x0, 0x0, 0x0,
    0x0, 0x27, 0x75, 0xae, 0xd8, 0xee, 0xfb, 0xef,
    0xda, 0xc2, 0x87, 0x43, 0x7, 0x0, 0x0, 0x0,
    0x0, 0x0, 0x0, 0x0, 0x0, 0x0, 0x0, 0x0,
    0x0, 0x0, 0x0, 0x0, 0x48, 0xc1, 0xff, 0xff,
    0xff, 0xff, 0xff, 0xff, 0xff, 0xff, 0xff, 0xff,
    0xff, 0xe9, 0x77, 0xd, 0x0, 0x0, 0x0, 0x0,
    0x0, 0x0, 0x0, 0x0, 0x0, 0x0, 0x0, 0x14,
    0xad, 0xff, 0xff, 0xff, 0xff, 0xff, 0xff, 0xff,
    0xff, 0xff, 0xff, 0xff, 0xff, 0xff, 0xff, 0xff,
    0xea, 0x47, 0x0, 0x0, 0x0, 0x0, 0x0, 0x0,
    0x0, 0x0, 0x0, 0x29, 0xde, 0xff, 0xff, 0xff,
    0xff, 0xe0, 0x95, 0x64, 0x44, 0x38, 0x3e, 0x52,
    0x7b, 0xbc, 0xfb, 0xff, 0xff, 0xff, 0xfe, 0x7f,
    0x0, 0x0, 0x0, 0x0, 0x0, 0x0, 0x0, 0x1f,
    0xe5, 0xff, 0xff, 0xff, 0xd6, 0x4d, 0x1, 0x0,
    0x0, 0x0, 0x0, 0x0, 0x0, 0x0, 0x0, 0x1c,
    0x92, 0xfc, 0xff, 0xff, 0xff, 0x76, 0x0, 0x0,
    0x0, 0x0, 0x0, 0x4, 0xcc, 0xff, 0xff, 0xff,
    0x9d, 0x6, 0x0, 0x0, 0x0, 0x0, 0x0, 0x0,
    0x0, 0x0, 0x0, 0x0, 0x0, 0x0, 0x39, 0xe7,
    0xff, 0xff, 0xfe, 0x50, 0x0, 0x0, 0x0, 0x0,
    0x78, 0xff, 0xff, 0xff, 0x9e, 0x0, 0x0, 0x0,
    0x2a, 0xa5, 0xe6, 0xf9, 0xe6, 0xa2, 0x21, 0x5f,
    0x9c, 0x9c, 0x7c, 0x0, 0x2b, 0xef, 0xff, 0xff,
    0xe1, 0x8, 0x0, 0x0, 0xd, 0xed, 0xff, 0xff,
    0xd9, 0x8, 0x0, 0x0, 0x3d, 0xf6, 0xff, 0xff,
    0xff, 0xff, 0xff, 0xef, 0xbf, 0xff, 0xff, 0xcc,
    0x0, 0x0, 0x5b, 0xff, 0xff, 0xff, 0x78, 0x0,
    0x0, 0x64, 0xff, 0xff, 0xff, 0x56, 0x0, 0x0,
    0x3, 0xdd, 0xff, 0xff, 0xff, 0xff, 0xff, 0xff,
    0xff, 0xff, 0xff, 0xff, 0xcc, 0x0, 0x0, 0x0,
    0xcf, 0xff, 0xff, 0xe2, 0x2, 0x0, 0xb5, 0xff,
    0xff, 0xec, 0x3, 0x0, 0x0, 0x47, 0xff, 0xff,
    0xff, 0xd9, 0x3a, 0x8, 0x2c, 0xc2, 0xff, 0xff,
    0xff, 0xcc, 0x0, 0x0, 0x0, 0x6d, 0xff, 0xff,
    0xff, 0x33, 0x0, 0xec, 0xff, 0xff, 0xa7, 0x0,
    0x0, 0x0, 0x84, 0xff, 0xff, 0xff, 0x3a, 0x0,
    0x0, 0x0, 0x1a, 0xf9, 0xff, 0xff, 0xcc, 0x0,
    0x0, 0x0, 0x28, 0xff, 0xff, 0xff, 0x6c, 0x16,
    0xff, 0xff, 0xff, 0x79, 0x0, 0x0, 0x0, 0xa2,
    0xff, 0xff, 0xf0, 0x0, 0x0, 0x0, 0x0, 0x0,
    0xcd, 0xff, 0xff, 0xcc, 0x0, 0x0, 0x0, 0x3,
    0xfc, 0xff, 0xff, 0x8f, 0x28, 0xff, 0xff, 0xff,
    0x62, 0x0, 0x0, 0x0, 0xae, 0xff, 0xff, 0xd7,
    0x0, 0x0, 0x0, 0x0, 0x0, 0xb3, 0xff, 0xff,
    0xcc, 0x0, 0x0, 0x0, 0x0, 0xed, 0xff, 0xff,
    0x9f, 0x33, 0xff, 0xff, 0xff, 0x58, 0x0, 0x0,
    0x0, 0xb0, 0xff, 0xff, 0xd4, 0x0, 0x0, 0x0,
    0x0, 0x0, 0xb0, 0xff, 0xff, 0xcc, 0x0, 0x0,
    0x0, 0x0, 0xe8, 0xff, 0xff, 0xa4, 0x34, 0xff,
    0xff, 0xff, 0x58, 0x0, 0x0, 0x0, 0xb0, 0xff,
    0xff, 0xd4, 0x0, 0x0, 0x0, 0x0, 0x0, 0xb0,
    0xff, 0xff, 0xcc, 0x0, 0x0, 0x0, 0x0, 0xe8,
    0xff, 0xff, 0xa4, 0x33, 0xff, 0xff, 0xff, 0x58,
    0x0, 0x0, 0x0, 0xae, 0xff, 0xff, 0xd9, 0x0,
    0x0, 0x0, 0x0, 0x0, 0xb4, 0xff, 0xff, 0xcc,
    0x0, 0x0, 0x0, 0x0, 0xeb, 0xff, 0xff, 0x9f,
    0x2a, 0xff, 0xff, 0xff, 0x61, 0x0, 0x0, 0x0,
    0xa3, 0xff, 0xff, 0xf1, 0x0, 0x0, 0x0, 0x0,
    0x0, 0xce, 0xff, 0xff, 0xcf, 0x0, 0x0, 0x0,
    0x3, 0xfa, 0xff, 0xff, 0x8d, 0x1a, 0xff, 0xff,
    0xff, 0x77, 0x0, 0x0, 0x0, 0x84, 0xff, 0xff,
    0xff, 0x36, 0x0, 0x0, 0x0, 0x19, 0xf9, 0xff,
    0xff, 0xec, 0x3, 0x0, 0x0, 0x37, 0xff, 0xff,
    0xff, 0x61, 0x1, 0xf2, 0xff, 0xff, 0xa4, 0x0,
    0x0, 0x0, 0x49, 0xff, 0xff, 0xff, 0xd2, 0x2f,
    0x3, 0x23, 0xbe, 0xff, 0xff, 0xff, 0xff, 0x82,
    0x7, 0x20, 0xcc, 0xff, 0xff, 0xfa, 0x19, 0x0,
    0xbf, 0xff, 0xff, 0xe9, 0x2, 0x0, 0x0, 0x3,
    0xdd, 0xff, 0xff, 0xff, 0xff, 0xfc, 0xff, 0xff,
    0xff, 0xdc, 0xff, 0xff, 0xff, 0xfd, 0xff, 0xff,
    0xff, 0xff, 0x91, 0x0, 0x0, 0x71, 0xff, 0xff,
    0xff, 0x4f, 0x0, 0x0, 0x0, 0x39, 0xf3, 0xff,
    0xff, 0xff, 0xff, 0xff, 0xff, 0xac, 0x15, 0xdd,
    0xff, 0xff, 0xff, 0xff, 0xff, 0xff, 0xb1, 0x7,
    0x0, 0x0, 0x18, 0xf7, 0xff, 0xff, 0xd2, 0x4,
    0x0, 0x0, 0x0, 0x25, 0x9e, 0xe2, 0xfa, 0xee,
    0xc7, 0x69, 0x2, 0x0, 0x11, 0x8b, 0xdb, 0xf7,
    0xef, 0xc0, 0x5c, 0x2, 0x0, 0x0, 0x0, 0x0,
    0x90, 0xff, 0xff, 0xff, 0x8c, 0x0, 0x0, 0x0,
    0x0, 0x0, 0x0, 0x0, 0x0, 0x0, 0x0, 0x0,
    0x0, 0x0, 0x0, 0x0, 0x0, 0x0, 0x0, 0x0,
    0x0, 0x0, 0x0, 0x0, 0x0, 0xe, 0xe1, 0xff,
    0xff, 0xff, 0x80, 0x0, 0x0, 0x0, 0x0, 0x0,
    0x0, 0x0, 0x0, 0x0, 0x0, 0x0, 0x0, 0x0,
    0x0, 0x0, 0x0, 0x0, 0x0, 0x0, 0x0, 0x0,
    0x0, 0x0, 0x0, 0x38, 0xf5, 0xff, 0xff, 0xff,
    0xb8, 0x26, 0x0, 0x0, 0x0, 0x0, 0x0, 0x0,
    0x0, 0x0, 0x0, 0x0, 0x28, 0xa6, 0x83, 0x0,
    0x0, 0x0, 0x0, 0x0, 0x0, 0x0, 0x0, 0x0,
    0x0, 0x47, 0xf3, 0xff, 0xff, 0xff, 0xfd, 0xb3,
    0x64, 0x30, 0x10, 0x3, 0xb, 0x1a, 0x40, 0x74,
    0xc6, 0xff, 0xff, 0xed, 0xa, 0x0, 0x0, 0x0,
    0x0, 0x0, 0x0, 0x0, 0x0, 0x0, 0x0, 0x2f,
    0xd7, 0xff, 0xff, 0xff, 0xff, 0xff, 0xff, 0xff,
    0xff, 0xff, 0xff, 0xff, 0xff, 0xff, 0xff, 0xff,
    0xff, 0x69, 0x0, 0x0, 0x0, 0x0, 0x0, 0x0,
    0x0, 0x0, 0x0, 0x0, 0x0, 0x6, 0x79, 0xea,
    0xff, 0xff, 0xff, 0xff, 0xff, 0xff, 0xff, 0xff,
    0xff, 0xff, 0xff, 0xff, 0xea, 0x78, 0xc, 0x0,
    0x0, 0x0, 0x0, 0x0, 0x0, 0x0, 0x0, 0x0,
    0x0, 0x0, 0x0, 0x0, 0x8, 0x58, 0xa6, 0xdf,
    0xfe, 0xff, 0xff, 0xff, 0xff, 0xf9, 0xd0, 0x9b,
    0x4a, 0x5, 0x0, 0x0, 0x0, 0x0, 0x0, 0x0,
    0x0, 0x0, 0x0, 0x0, 0x0, 0x0, 0x0, 0x0,
    0x0, 0x0, 0x0, 0x0, 0x0, 0xb, 0x20, 0x2c,
    0x25, 0x17, 0x4, 0x0, 0x0, 0x0, 0x0, 0x0,
    0x0, 0x0, 0x0, 0x0, 0x0, 0x0,

    /* U+0041 "A" */
    0x0, 0x0, 0x0, 0x0, 0x0, 0x0, 0x0, 0x0,
    0x1b, 0xfd, 0xff, 0xff, 0x8d, 0x0, 0x0, 0x0,
    0x0, 0x0, 0x0, 0x0, 0x0, 0x0, 0x0, 0x0,
    0x0, 0x0, 0x0, 0x0, 0x0, 0x0, 0x75, 0xff,
    0xff, 0xff, 0xe5, 0x2, 0x0, 0x0, 0x0, 0x0,
    0x0, 0x0, 0x0, 0x0, 0x0, 0x0, 0x0, 0x0,
    0x0, 0x0, 0x0, 0x0, 0xd0, 0xff, 0xff, 0xff,
    0xff, 0x43, 0x0, 0x0, 0x0, 0x0, 0x0, 0x0,
    0x0, 0x0, 0x0, 0x0, 0x0, 0x0, 0x0, 0x0,
    0x0, 0x2b, 0xff, 0xff, 0xff, 0xff, 0xff, 0x9e,
    0x0, 0x0, 0x0, 0x0, 0x0, 0x0, 0x0, 0x0,
    0x0, 0x0, 0x0, 0x0, 0x0, 0x0, 0x0, 0x87,
    0xff, 0xff, 0xff, 0xff, 0xff, 0xf1, 0x8, 0x0,
    0x0, 0x0, 0x0, 0x0, 0x0, 0x0, 0x0, 0x0,
    0x0, 0x0, 0x0, 0x0, 0x1, 0xe0, 0xff, 0xff,
    0xfa, 0xff, 0xff, 0xff, 0x54, 0x0, 0x0, 0x0,
    0x0, 0x0, 0x0, 0x0, 0x0, 0x0, 0x0, 0x0,
    0x0, 0x0, 0x3d, 0xff, 0xff, 0xff, 0x85, 0xfc,
    0xff, 0xff, 0xaf, 0x0, 0x0, 0x0, 0x0, 0x0,
    0x0, 0x0, 0x0, 0x0, 0x0, 0x0, 0x0, 0x0,
    0x98, 0xff, 0xff, 0xff, 0x1f, 0xbd, 0xff, 0xff,
    0xf9, 0x11, 0x0, 0x0, 0x0, 0x0, 0x0, 0x0,
    0x0, 0x0, 0x0, 0x0, 0x0, 0x5, 0xed, 0xff,
    0xff, 0xcc, 0x0, 0x69, 0xff, 0xff, 0xff, 0x65,
    0x0, 0x0, 0x0, 0x0, 0x0, 0x0, 0x0, 0x0,
    0x0, 0x0, 0x0, 0x4f, 0xff, 0xff, 0xff, 0x7a,
    0x0, 0x17, 0xfd, 0xff, 0xff, 0xc0, 0x0, 0x0,
    0x0, 0x0, 0x0, 0x0, 0x0, 0x0, 0x0, 0x0,
    0x0, 0xaa, 0xff, 0xff, 0xff, 0x28, 0x0, 0x0,
    0xc2, 0xff, 0xff, 0xfe, 0x1d, 0x0, 0x0, 0x0,
    0x0, 0x0, 0x0, 0x0, 0x0, 0x0, 0xe, 0xf7,
    0xff, 0xff, 0xd6, 0x0, 0x0, 0x0, 0x6e, 0xff,
    0xff, 0xff, 0x76, 0x0, 0x0, 0x0, 0x0, 0x0,
    0x0, 0x0, 0x0, 0x0, 0x60, 0xff, 0xff, 0xff,
    0x84, 0x0, 0x0, 0x0, 0x1c, 0xfe, 0xff, 0xff,
    0xd1, 0x0, 0x0, 0x0, 0x0, 0x0, 0x0, 0x0,
    0x0, 0x0, 0xbb, 0xff, 0xff, 0xff, 0x32, 0x0,
    0x0, 0x0, 0x0, 0xc7, 0xff, 0xff, 0xff, 0x2c,
    0x0, 0x0, 0x0, 0x0, 0x0, 0x0, 0x0, 0x19,
    0xfd, 0xff, 0xff, 0xdf, 0x0, 0x0, 0x0, 0x0,
    0x0, 0x73, 0xff, 0xff, 0xff, 0x87, 0x0, 0x0,
    0x0, 0x0, 0x0, 0x0, 0x0, 0x72, 0xff, 0xff,
    0xff, 0x8d, 0x0, 0x0, 0x0, 0x0, 0x0, 0x20,
    0xff, 0xff, 0xff, 0xe1, 0x1, 0x0, 0x0, 0x0,
    0x0, 0x0, 0x0, 0xcd, 0xff, 0xff, 0xff, 0x95,
    0x68, 0x68, 0x68, 0x68, 0x68, 0x68, 0xeb, 0xff,
    0xff, 0xff, 0x3d, 0x0, 0x0, 0x0, 0x0, 0x0,
    0x28, 0xff, 0xff, 0xff, 0xff, 0xff, 0xff, 0xff,
    0xff, 0xff, 0xff, 0xff, 0xff, 0xff, 0xff, 0xff,
    0x98, 0x0, 0x0, 0x0, 0x0, 0x0, 0x83, 0xff,
    0xff, 0xff, 0xff, 0xff, 0xff, 0xff, 0xff, 0xff,
    0xff, 0xff, 0xff, 0xff, 0xff, 0xff, 0xed, 0x6,
    0x0, 0x0, 0x0, 0x0, 0xdd, 0xff, 0xff, 0xff,
    0xff, 0xff, 0xff, 0xff, 0xff, 0xff, 0xff, 0xff,
    0xff, 0xff, 0xff, 0xff, 0xff, 0x4e, 0x0, 0x0,
    0x0, 0x3a, 0xff, 0xff, 0xff, 0xed, 0x5, 0x0,
    0x0, 0x0, 0x0, 0x0, 0x0, 0x0, 0x0, 0x81,
    0xff, 0xff, 0xff, 0xa9, 0x0, 0x0, 0x0, 0x95,
    0xff, 0xff, 0xff, 0x9a, 0x0, 0x0, 0x0, 0x0,
    0x0, 0x0, 0x0, 0x0, 0x0, 0x2a, 0xff, 0xff,
    0xff, 0xf6, 0xd, 0x0, 0x4, 0xeb, 0xff, 0xff,
    0xff, 0x41, 0x0, 0x0, 0x0, 0x0, 0x0, 0x0,
    0x0, 0x0, 0x0, 0x0, 0xd4, 0xff, 0xff, 0xff,
    0x5f, 0x0, 0x4b, 0xff, 0xff, 0xff, 0xe6, 0x2,
    0x0, 0x0, 0x0, 0x0, 0x0, 0x0, 0x0, 0x0,
    0x0, 0x0, 0x7e, 0xff, 0xff, 0xff, 0xba, 0x0,
    0xa6, 0xff, 0xff, 0xff, 0x90, 0x0, 0x0, 0x0,
    0x0, 0x0, 0x0, 0x0, 0x0, 0x0, 0x0, 0x0,
    0x27, 0xff, 0xff, 0xff, 0xfc, 0x19,

    /* U+0042 "B" */
    0xa4, 0xff, 0xff, 0xff, 0xff, 0xff, 0xff, 0xff,
    0xff, 0xff, 0xf3, 0xde, 0xaa, 0x56, 0x4, 0x0,
    0x0, 0x0, 0xa4, 0xff, 0xff, 0xff, 0xff, 0xff,
    0xff, 0xff, 0xff, 0xff, 0xff, 0xff, 0xff, 0xff,
    0xd2, 0x29, 0x0, 0x0, 0xa4, 0xff, 0xff, 0xff,
    0xff, 0xff, 0xff, 0xff, 0xff, 0xff, 0xff, 0xff,
    0xff, 0xff, 0xff, 0xe6, 0x1c, 0x0, 0xa4, 0xff,
    0xff, 0xff, 0xbd, 0x90, 0x90, 0x90, 0x90, 0x94,
    0xb2, 0xea, 0xff, 0xff, 0xff, 0xff, 0xa5, 0x0,
    0xa4, 0xff, 0xff, 0xff, 0x68, 0x0, 0x0, 0x0,
    0x0, 0x0, 0x0, 0xc, 0xa5, 0xff, 0xff, 0xff,
    0xfa, 0xd, 0xa4, 0xff, 0xff, 0xff, 0x68, 0x0,
    0x0, 0x0, 0x0, 0x0, 0x0, 0x0, 0xd, 0xef,
    0xff, 0xff, 0xff, 0x41, 0xa4, 0xff, 0xff, 0xff,
    0x68, 0x0, 0x0, 0x0, 0x0, 0x0, 0x0, 0x0,
    0x0, 0xc2, 0xff, 0xff, 0xff, 0x58, 0xa4, 0xff,
    0xff, 0xff, 0x68, 0x0, 0x0, 0x0, 0x0, 0x0,
    0x0, 0x0, 0x0, 0xc0, 0xff, 0xff, 0xff, 0x48,
    0xa4, 0xff, 0xff, 0xff, 0x68, 0x0, 0x0, 0x0,
    0x0, 0x0, 0x0, 0x0, 0xb, 0xee, 0xff, 0xff,
    0xfe, 0x1d, 0xa4, 0xff, 0xff, 0xff, 0x68, 0x0,
    0x0, 0x0, 0x0, 0x0, 0x0, 0xd, 0xa7, 0xff,
    0xff, 0xff, 0xb1, 0x0, 0xa4, 0xff, 0xff, 0xff,
    0xbd, 0x90, 0x90, 0x90, 0x90, 0x94, 0xb1, 0xec,
    0xff, 0xff, 0xff, 0xe8, 0x1f, 0x0, 0xa4, 0xff,
    0xff, 0xff, 0xff, 0xff, 0xff, 0xff, 0xff, 0xff,
    0xff, 0xff, 0xff, 0xff, 0xc6, 0x28, 0x0, 0x0,
    0xa4, 0xff, 0xff, 0xff, 0xff, 0xff, 0xff, 0xff,
    0xff, 0xff, 0xff, 0xff, 0xff, 0xff, 0xa9, 0x1f,
    0x0, 0x0, 0xa4, 0xff, 0xff, 0xff, 0xff, 0xff,
    0xff, 0xff, 0xff, 0xff, 0xff, 0xff, 0xff, 0xff,
    0xff, 0xed, 0x27, 0x0, 0xa4, 0xff, 0xff, 0xff,
    0x68, 0x0, 0x0, 0x0, 0x0, 0x1, 0x1a, 0x4c,
    0xce, 0xff, 0xff, 0xff, 0xd6, 0x1, 0xa4, 0xff,
    0xff, 0xff, 0x68, 0x0, 0x0, 0x0, 0x0, 0x0,
    0x0, 0x0, 0xb, 0xde, 0xff, 0xff, 0xff, 0x4a,
    0xa4, 0xff, 0xff, 0xff, 0x68, 0x0, 0x0, 0x0,
    0x0, 0x0, 0x0, 0x0, 0x0, 0x76, 0xff, 0xff,
    0xff, 0x8c, 0xa4, 0xff, 0xff, 0xff, 0x68, 0x0,
    0x0, 0x0, 0x0, 0x0, 0x0, 0x0, 0x0, 0x51,
    0xff, 0xff, 0xff, 0xab, 0xa4, 0xff, 0xff, 0xff,
    0x68, 0x0, 0x0, 0x0, 0x0, 0x0, 0x0, 0x0,
    0x0, 0x5f, 0xff, 0xff, 0xff, 0xab, 0xa4, 0xff,
    0xff, 0xff, 0x68, 0x0, 0x0, 0x0, 0x0, 0x0,
    0x0, 0x0, 0x0, 0xab, 0xff, 0xff, 0xff, 0x90,
    0xa4, 0xff, 0xff, 0xff, 0x68, 0x0, 0x0, 0x0,
    0x0, 0x0, 0x0, 0x3, 0x73, 0xff, 0xff, 0xff,
    0xff, 0x50, 0xa4, 0xff, 0xff, 0xff, 0xbb, 0x8c,
    0x8c, 0x8c, 0x8c, 0x8d, 0xa8, 0xdc, 0xff, 0xff,
    0xff, 0xff, 0xdd, 0x5, 0xa4, 0xff, 0xff, 0xff,
    0xff, 0xff, 0xff, 0xff, 0xff, 0xff, 0xff, 0xff,
    0xff, 0xff, 0xff, 0xfa, 0x41, 0x0, 0xa4, 0xff,
    0xff, 0xff, 0xff, 0xff, 0xff, 0xff, 0xff, 0xff,
    0xff, 0xff, 0xff, 0xff, 0xea, 0x47, 0x0, 0x0,
    0xa4, 0xff, 0xff, 0xff, 0xff, 0xff, 0xff, 0xff,
    0xff, 0xff, 0xf9, 0xe7, 0xb9, 0x6e, 0xd, 0x0,
    0x0, 0x0,

    /* U+0043 "C" */
    0x0, 0x0, 0x0, 0x0, 0x20, 0x7f, 0xbf, 0xe4,
    0xf7, 0xf2, 0xd9, 0xb7, 0x66, 0x14, 0x0, 0x0,
    0x0, 0x0, 0x0, 0x0, 0x5, 0x91, 0xfb, 0xff,
    0xff, 0xff, 0xff, 0xff, 0xff, 0xff, 0xff, 0xf4,
    0x6c, 0x1, 0x0, 0x0, 0x0, 0x5, 0xbe, 0xff,
    0xff, 0xff, 0xff, 0xff, 0xff, 0xff, 0xff, 0xff,
    0xff, 0xff, 0xff, 0xa0, 0x0, 0x0, 0x0, 0x89,
    0xff, 0xff, 0xff, 0xff, 0xfb, 0xc6, 0xa4, 0xa7,
    0xcb, 0xfe, 0xff, 0xff, 0xff, 0xff, 0x73, 0x0,
    0x14, 0xf7, 0xff, 0xff, 0xff, 0xc2, 0x21, 0x0,
    0x0, 0x0, 0x0, 0x27, 0xc9, 0xff, 0xff, 0xff,
    0xf4, 0x13, 0x70, 0xff, 0xff, 0xff, 0xe2, 0xc,
    0x0, 0x0, 0x0, 0x0, 0x0, 0x0, 0xe, 0xe1,
    0xff, 0xff, 0xff, 0x66, 0xad, 0xff, 0xff, 0xff,
    0x79, 0x0, 0x0, 0x0, 0x0, 0x0, 0x0, 0x0,
    0x0, 0x77, 0xff, 0xff, 0xff, 0x9b, 0xdc, 0xff,
    0xff, 0xff, 0x38, 0x0, 0x0, 0x0, 0x0, 0x0,
    0x0, 0x0, 0x0, 0x40, 0xd0, 0xd0, 0xd0, 0x90,
    0xef, 0xff, 0xff, 0xff, 0x15, 0x0, 0x0, 0x0,
    0x0, 0x0, 0x0, 0x0, 0x0, 0x0, 0x0, 0x0,
    0x0, 0x0, 0xfd, 0xff, 0xff, 0xff, 0x8, 0x0,
    0x0, 0x0, 0x0, 0x0, 0x0, 0x0, 0x0, 0x0,
    0x0, 0x0, 0x0, 0x0, 0xff, 0xff, 0xff, 0xff,
    0x4, 0x0, 0x0, 0x0, 0x0, 0x0, 0x0, 0x0,
    0x0, 0x0, 0x0, 0x0, 0x0, 0x0, 0xff, 0xff,
    0xff, 0xff, 0x4, 0x0, 0x0, 0x0, 0x0, 0x0,
    0x0, 0x0, 0x0, 0x0, 0x0, 0x0, 0x0, 0x0,
    0xff, 0xff, 0xff, 0xff, 0x4, 0x0, 0x0, 0x0,
    0x0, 0x0, 0x0, 0x0, 0x0, 0x0, 0x0, 0x0,
    0x0, 0x0, 0xff, 0xff, 0xff, 0xff, 0x4, 0x0,
    0x0, 0x0, 0x0, 0x0, 0x0, 0x0, 0x0, 0x0,
    0x0, 0x0, 0x0, 0x0, 0xff, 0xff, 0xff, 0xff,
    0x4, 0x0, 0x0, 0x0, 0x0, 0x0, 0x0, 0x0,
    0x0, 0x0, 0x0, 0x0, 0x0, 0x0, 0xfd, 0xff,
    0xff, 0xff, 0x6, 0x0, 0x0, 0x0, 0x0, 0x0,
    0x0, 0x0, 0x0, 0x0, 0x0, 0x0, 0x0, 0x0,
    0xf0, 0xff, 0xff, 0xff, 0x12, 0x0, 0x0, 0x0,
    0x0, 0x0, 0x0, 0x0, 0x0, 0x0, 0x0, 0x0,
    0x0, 0x0, 0xde, 0xff, 0xff, 0xff, 0x36, 0x0,
    0x0, 0x0, 0x0, 0x0, 0x0, 0x0, 0x0, 0x33,
    0xa4, 0xa4, 0xa4, 0x69, 0xb1, 0xff, 0xff, 0xff,
    0x79, 0x0, 0x0, 0x0, 0x0, 0x0, 0x0, 0x0,
    0x0, 0x76, 0xff, 0xff, 0xff, 0x92, 0x75, 0xff,
    0xff, 0xff, 0xe5, 0x10, 0x0, 0x0, 0x0, 0x0,
    0x0, 0x0, 0x10, 0xe2, 0xff, 0xff, 0xff, 0x67,
    0x19, 0xfa, 0xff, 0xff, 0xff, 0xcb, 0x2b, 0x0,
    0x0, 0x0, 0x0, 0x2c, 0xcc, 0xff, 0xff, 0xff,
    0xfa, 0x1b, 0x0, 0x92, 0xff, 0xff, 0xff, 0xff,
    0xff, 0xd3, 0xb0, 0xb0, 0xd3, 0xff, 0xff, 0xff,
    0xff, 0xff, 0x91, 0x0, 0x0, 0x7, 0xc7, 0xff,
    0xff, 0xff, 0xff, 0xff, 0xff, 0xff, 0xff, 0xff,
    0xff, 0xff, 0xff, 0xc3, 0x8, 0x0, 0x0, 0x0,
    0x8, 0x9a, 0xfc, 0xff, 0xff, 0xff, 0xff, 0xff,
    0xff, 0xff, 0xff, 0xfd, 0x97, 0x9, 0x0, 0x0,
    0x0, 0x0, 0x0, 0x0, 0x24, 0x83, 0xc2, 0xe7,
    0xf8, 0xf7, 0xe6, 0xbe, 0x82, 0x22, 0x0, 0x0,
    0x0, 0x0,

    /* U+0044 "D" */
    0xa4, 0xff, 0xff, 0xff, 0xff, 0xff, 0xff, 0xff,
    0xff, 0xf6, 0xe3, 0xb7, 0x74, 0x13, 0x0, 0x0,
    0x0, 0x0, 0xa4, 0xff, 0xff, 0xff, 0xff, 0xff,
    0xff, 0xff, 0xff, 0xff, 0xff, 0xff, 0xff, 0xf3,
    0x70, 0x0, 0x0, 0x0, 0xa4, 0xff, 0xff, 0xff,
    0xff, 0xff, 0xff, 0xff, 0xff, 0xff, 0xff, 0xff,
    0xff, 0xff, 0xff, 0x97, 0x0, 0x0, 0xa4, 0xff,
    0xff, 0xff, 0xc5, 0x98, 0x98, 0x98, 0x98, 0xa2,
    0xca, 0xfe, 0xff, 0xff, 0xff, 0xff, 0x60, 0x0,
    0xa4, 0xff, 0xff, 0xff, 0x70, 0x0, 0x0, 0x0,
    0x0, 0x0, 0x0, 0x32, 0xde, 0xff, 0xff, 0xff,
    0xdf, 0x3, 0xa4, 0xff, 0xff, 0xff, 0x70, 0x0,
    0x0, 0x0, 0x0, 0x0, 0x0, 0x0, 0x2a, 0xfa,
    0xff, 0xff, 0xff, 0x47, 0xa4, 0xff, 0xff, 0xff,
    0x70, 0x0, 0x0, 0x0, 0x0, 0x0, 0x0, 0x0,
    0x0, 0xad, 0xff, 0xff, 0xff, 0x83, 0xa4, 0xff,
    0xff, 0xff, 0x70, 0x0, 0x0, 0x0, 0x0, 0x0,
    0x0, 0x0, 0x0, 0x68, 0xff, 0xff, 0xff, 0xb3,
    0xa4, 0xff, 0xff, 0xff, 0x70, 0x0, 0x0, 0x0,
    0x0, 0x0, 0x0, 0x0, 0x0, 0x42, 0xff, 0xff,
    0xff, 0xc6, 0xa4, 0xff, 0xff, 0xff, 0x70, 0x0,
    0x0, 0x0, 0x0, 0x0, 0x0, 0x0, 0x0, 0x32,
    0xff, 0xff, 0xff, 0xd6, 0xa4, 0xff, 0xff, 0xff,
    0x70, 0x0, 0x0, 0x0, 0x0, 0x0, 0x0, 0x0,
    0x0, 0x2c, 0xff, 0xff, 0xff, 0xdc, 0xa4, 0xff,
    0xff, 0xff, 0x70, 0x0, 0x0, 0x0, 0x0, 0x0,
    0x0, 0x0, 0x0, 0x2c, 0xff, 0xff, 0xff, 0xdc,
    0xa4, 0xff, 0xff, 0xff, 0x70, 0x0, 0x0, 0x0,
    0x0, 0x0, 0x0, 0x0, 0x0, 0x2c, 0xff, 0xff,
    0xff, 0xdc, 0xa4, 0xff, 0xff, 0xff, 0x70, 0x0,
    0x0, 0x0, 0x0, 0x0, 0x0, 0x0, 0x0, 0x2c,
    0xff, 0xff, 0xff, 0xdc, 0xa4, 0xff, 0xff, 0xff,
    0x70, 0x0, 0x0, 0x0, 0x0, 0x0, 0x0, 0x0,
    0x0, 0x2c, 0xff, 0xff, 0xff, 0xdc, 0xa4, 0xff,
    0xff, 0xff, 0x70, 0x0, 0x0, 0x0, 0x0, 0x0,
    0x0, 0x0, 0x0, 0x30, 0xff, 0xff, 0xff, 0xd6,
    0xa4, 0xff, 0xff, 0xff, 0x70, 0x0, 0x0, 0x0,
    0x0, 0x0, 0x0, 0x0, 0x0, 0x3f, 0xff, 0xff,
    0xff, 0xc6, 0xa4, 0xff, 0xff, 0xff, 0x70, 0x0,
    0x0, 0x0, 0x0, 0x0, 0x0, 0x0, 0x0, 0x64,
    0xff, 0xff, 0xff, 0xb2, 0xa4, 0xff, 0xff, 0xff,
    0x70, 0x0, 0x0, 0x0, 0x0, 0x0, 0x0, 0x0,
    0x0, 0xaa, 0xff, 0xff, 0xff, 0x82, 0xa4, 0xff,
    0xff, 0xff, 0x70, 0x0, 0x0, 0x0, 0x0, 0x0,
    0x0, 0x0, 0x29, 0xfa, 0xff, 0xff, 0xff, 0x46,
    0xa4, 0xff, 0xff, 0xff, 0x70, 0x0, 0x0, 0x0,
    0x0, 0x0, 0x0, 0x31, 0xde, 0xff, 0xff, 0xff,
    0xde, 0x2, 0xa4, 0xff, 0xff, 0xff, 0xc5, 0x98,
    0x98, 0x98, 0x98, 0xa1, 0xc9, 0xfe, 0xff, 0xff,
    0xff, 0xff, 0x5d, 0x0, 0xa4, 0xff, 0xff, 0xff,
    0xff, 0xff, 0xff, 0xff, 0xff, 0xff, 0xff, 0xff,
    0xff, 0xff, 0xff, 0x93, 0x0, 0x0, 0xa4, 0xff,
    0xff, 0xff, 0xff, 0xff, 0xff, 0xff, 0xff, 0xff,
    0xff, 0xff, 0xff, 0xf1, 0x6b, 0x0, 0x0, 0x0,
    0xa4, 0xff, 0xff, 0xff, 0xff, 0xff, 0xff, 0xff,
    0xff, 0xf5, 0xe2, 0xb4, 0x6f, 0xf, 0x0, 0x0,
    0x0, 0x0,

    /* U+0045 "E" */
    0xa4, 0xff, 0xff, 0xff, 0xff, 0xff, 0xff, 0xff,
    0xff, 0xff, 0xff, 0xff, 0xff, 0xff, 0xff, 0xff,
    0x64, 0xa4, 0xff, 0xff, 0xff, 0xff, 0xff, 0xff,
    0xff, 0xff, 0xff, 0xff, 0xff, 0xff, 0xff, 0xff,
    0xff, 0x64, 0xa4, 0xff, 0xff, 0xff, 0xff, 0xff,
    0xff, 0xff, 0xff, 0xff, 0xff, 0xff, 0xff, 0xff,
    0xff, 0xff, 0x64, 0xa4, 0xff, 0xff, 0xff, 0xc2,
    0x98, 0x98, 0x98, 0x98, 0x98, 0x98, 0x98, 0x98,
    0x98, 0x98, 0x98, 0x3b, 0xa4, 0xff, 0xff, 0xff,
    0x68, 0x0, 0x0, 0x0, 0x0, 0x0, 0x0, 0x0,
    0x0, 0x0, 0x0, 0x0, 0x0, 0xa4, 0xff, 0xff,
    0xff, 0x68, 0x0, 0x0, 0x0, 0x0, 0x0, 0x0,
    0x0, 0x0, 0x0, 0x0, 0x0, 0x0, 0xa4, 0xff,
    0xff, 0xff, 0x68, 0x0, 0x0, 0x0, 0x0, 0x0,
    0x0, 0x0, 0x0, 0x0, 0x0, 0x0, 0x0, 0xa4,
    0xff, 0xff, 0xff, 0x68, 0x0, 0x0, 0x0, 0x0,
    0x0, 0x0, 0x0, 0x0, 0x0, 0x0, 0x0, 0x0,
    0xa4, 0xff, 0xff, 0xff, 0x68, 0x0, 0x0, 0x0,
    0x0, 0x0, 0x0, 0x0, 0x0, 0x0, 0x0, 0x0,
    0x0, 0xa4, 0xff, 0xff, 0xff, 0x68, 0x0, 0x0,
    0x0, 0x0, 0x0, 0x0, 0x0, 0x0, 0x0, 0x0,
    0x0, 0x0, 0xa4, 0xff, 0xff, 0xff, 0xbf, 0x94,
    0x94, 0x94, 0x94, 0x94, 0x94, 0x94, 0x94, 0x94,
    0x68, 0x0, 0x0, 0xa4, 0xff, 0xff, 0xff, 0xff,
    0xff, 0xff, 0xff, 0xff, 0xff, 0xff, 0xff, 0xff,
    0xff, 0xb4, 0x0, 0x0, 0xa4, 0xff, 0xff, 0xff,
    0xff, 0xff, 0xff, 0xff, 0xff, 0xff, 0xff, 0xff,
    0xff, 0xff, 0xb4, 0x0, 0x0, 0xa4, 0xff, 0xff,
    0xff, 0xff, 0xff, 0xff, 0xff, 0xff, 0xff, 0xff,
    0xff, 0xff, 0xff, 0xb4, 0x0, 0x0, 0xa4, 0xff,
    0xff, 0xff, 0x68, 0x0, 0x0, 0x0, 0x0, 0x0,
    0x0, 0x0, 0x0, 0x0, 0x0, 0x0, 0x0, 0xa4,
    0xff, 0xff, 0xff, 0x68, 0x0, 0x0, 0x0, 0x0,
    0x0, 0x0, 0x0, 0x0, 0x0, 0x0, 0x0, 0x0,
    0xa4, 0xff, 0xff, 0xff, 0x68, 0x0, 0x0, 0x0,
    0x0, 0x0, 0x0, 0x0, 0x0, 0x0, 0x0, 0x0,
    0x0, 0xa4, 0xff, 0xff, 0xff, 0x68, 0x0, 0x0,
    0x0, 0x0, 0x0, 0x0, 0x0, 0x0, 0x0, 0x0,
    0x0, 0x0, 0xa4, 0xff, 0xff, 0xff, 0x68, 0x0,
    0x0, 0x0, 0x0, 0x0, 0x0, 0x0, 0x0, 0x0,
    0x0, 0x0, 0x0, 0xa4, 0xff, 0xff, 0xff, 0x68,
    0x0, 0x0, 0x0, 0x0, 0x0, 0x0, 0x0, 0x0,
    0x0, 0x0, 0x0, 0x0, 0xa4, 0xff, 0xff, 0xff,
    0x68, 0x0, 0x0, 0x0, 0x0, 0x0, 0x0, 0x0,
    0x0, 0x0, 0x0, 0x0, 0x0, 0xa4, 0xff, 0xff,
    0xff, 0xc2, 0x98, 0x98, 0x98, 0x98, 0x98, 0x98,
    0x98, 0x98, 0x98, 0x98, 0x98, 0x3b, 0xa4, 0xff,
    0xff, 0xff, 0xff, 0xff, 0xff, 0xff, 0xff, 0xff,
    0xff, 0xff, 0xff, 0xff, 0xff, 0xff, 0x64, 0xa4,
    0xff, 0xff, 0xff, 0xff, 0xff, 0xff, 0xff, 0xff,
    0xff, 0xff, 0xff, 0xff, 0xff, 0xff, 0xff, 0x64,
    0xa4, 0xff, 0xff, 0xff, 0xff, 0xff, 0xff, 0xff,
    0xff, 0xff, 0xff, 0xff, 0xff, 0xff, 0xff, 0xff,
    0x64,

    /* U+0046 "F" */
    0xa4, 0xff, 0xff, 0xff, 0xff, 0xff, 0xff, 0xff,
    0xff, 0xff, 0xff, 0xff, 0xff, 0xff, 0xff, 0xff,
    0x64, 0xa4, 0xff, 0xff, 0xff, 0xff, 0xff, 0xff,
    0xff, 0xff, 0xff, 0xff, 0xff, 0xff, 0xff, 0xff,
    0xff, 0x64, 0xa4, 0xff, 0xff, 0xff, 0xff, 0xff,
    0xff, 0xff, 0xff, 0xff, 0xff, 0xff, 0xff, 0xff,
    0xff, 0xff, 0x64, 0xa4, 0xff, 0xff, 0xff, 0xc2,
    0x98, 0x98, 0x98, 0x98, 0x98, 0x98, 0x98, 0x98,
    0x98, 0x98, 0x98, 0x3b, 0xa4, 0xff, 0xff, 0xff,
    0x68, 0x0, 0x0, 0x0, 0x0, 0x0, 0x0, 0x0,
    0x0, 0x0, 0x0, 0x0, 0x0, 0xa4, 0xff, 0xff,
    0xff, 0x68, 0x0, 0x0, 0x0, 0x0, 0x0, 0x0,
    0x0, 0x0, 0x0, 0x0, 0x0, 0x0, 0xa4, 0xff,
    0xff, 0xff, 0x68, 0x0, 0x0, 0x0, 0x0, 0x0,
    0x0, 0x0, 0x0, 0x0, 0x0, 0x0, 0x0, 0xa4,
    0xff, 0xff, 0xff, 0x68, 0x0, 0x0, 0x0, 0x0,
    0x0, 0x0, 0x0, 0x0, 0x0, 0x0, 0x0, 0x0,
    0xa4, 0xff, 0xff, 0xff, 0x68, 0x0, 0x0, 0x0,
    0x0, 0x0, 0x0, 0x0, 0x0, 0x0, 0x0, 0x0,
    0x0, 0xa4, 0xff, 0xff, 0xff, 0x68, 0x0, 0x0,
    0x0, 0x0, 0x0, 0x0, 0x0, 0x0, 0x0, 0x0,
    0x0, 0x0, 0xa4, 0xff, 0xff, 0xff, 0xbd, 0x90,
    0x90, 0x90, 0x90, 0x90, 0x90, 0x90, 0x90, 0x90,
    0x69, 0x0, 0x0, 0xa4, 0xff, 0xff, 0xff, 0xff,
    0xff, 0xff, 0xff, 0xff, 0xff, 0xff, 0xff, 0xff,
    0xff, 0xbc, 0x0, 0x0, 0xa4, 0xff, 0xff, 0xff,
    0xff, 0xff, 0xff, 0xff, 0xff, 0xff, 0xff, 0xff,
    0xff, 0xff, 0xbc, 0x0, 0x0, 0xa4, 0xff, 0xff,
    0xff, 0xff, 0xff, 0xff, 0xff, 0xff, 0xff, 0xff,
    0xff, 0xff, 0xff, 0xbc, 0x0, 0x0, 0xa4, 0xff,
    0xff, 0xff, 0x68, 0x0, 0x0, 0x0, 0x0, 0x0,
    0x0, 0x0, 0x0, 0x0, 0x0, 0x0, 0x0, 0xa4,
    0xff, 0xff, 0xff, 0x68, 0x0, 0x0, 0x0, 0x0,
    0x0, 0x0, 0x0, 0x0, 0x0, 0x0, 0x0, 0x0,
    0xa4, 0xff, 0xff, 0xff, 0x68, 0x0, 0x0, 0x0,
    0x0, 0x0, 0x0, 0x0, 0x0, 0x0, 0x0, 0x0,
    0x0, 0xa4, 0xff, 0xff, 0xff, 0x68, 0x0, 0x0,
    0x0, 0x0, 0x0, 0x0, 0x0, 0x0, 0x0, 0x0,
    0x0, 0x0, 0xa4, 0xff, 0xff, 0xff, 0x68, 0x0,
    0x0, 0x0, 0x0, 0x0, 0x0, 0x0, 0x0, 0x0,
    0x0, 0x0, 0x0, 0xa4, 0xff, 0xff, 0xff, 0x68,
    0x0, 0x0, 0x0, 0x0, 0x0, 0x0, 0x0, 0x0,
    0x0, 0x0, 0x0, 0x0, 0xa4, 0xff, 0xff, 0xff,
    0x68, 0x0, 0x0, 0x0, 0x0, 0x0, 0x0, 0x0,
    0x0, 0x0, 0x0, 0x0, 0x0, 0xa4, 0xff, 0xff,
    0xff, 0x68, 0x0, 0x0, 0x0, 0x0, 0x0, 0x0,
    0x0, 0x0, 0x0, 0x0, 0x0, 0x0, 0xa4, 0xff,
    0xff, 0xff, 0x68, 0x0, 0x0, 0x0, 0x0, 0x0,
    0x0, 0x0, 0x0, 0x0, 0x0, 0x0, 0x0, 0xa4,
    0xff, 0xff, 0xff, 0x68, 0x0, 0x0, 0x0, 0x0,
    0x0, 0x0, 0x0, 0x0, 0x0, 0x0, 0x0, 0x0,
    0xa4, 0xff, 0xff, 0xff, 0x68, 0x0, 0x0, 0x0,
    0x0, 0x0, 0x0, 0x0, 0x0, 0x0, 0x0, 0x0,
    0x0,

    /* U+0047 "G" */
    0x0, 0x0, 0x0, 0x0, 0x22, 0x81, 0xc0, 0xe5,
    0xf7, 0xf1, 0xd8, 0xb5, 0x64, 0x12, 0x0, 0x0,
    0x0, 0x0, 0x0, 0x0, 0x6, 0x95, 0xfc, 0xff,
    0xff, 0xff, 0xff, 0xff, 0xff, 0xff, 0xff, 0xf2,
    0x67, 0x0, 0x0, 0x0, 0x0, 0x5, 0xc1, 0xff,
    0xff, 0xff, 0xff, 0xff, 0xff, 0xff, 0xff, 0xff,
    0xff, 0xff, 0xff, 0x9a, 0x0, 0x0, 0x0, 0x8b,
    0xff, 0xff, 0xff, 0xff, 0xfc, 0xc7, 0xa5, 0xa6,
    0xca, 0xfe, 0xff, 0xff, 0xff, 0xff, 0x6b, 0x0,
    0x15, 0xf8, 0xff, 0xff, 0xff, 0xc4, 0x22, 0x0,
    0x0, 0x0, 0x0, 0x26, 0xc8, 0xff, 0xff, 0xff,
    0xf1, 0xf, 0x71, 0xff, 0xff, 0xff, 0xe4, 0xd,
    0x0, 0x0, 0x0, 0x0, 0x0, 0x0, 0xe, 0xe2,
    0xff, 0xff, 0xff, 0x5d, 0xad, 0xff, 0xff, 0xff,
    0x7b, 0x0, 0x0, 0x0, 0x0, 0x0, 0x0, 0x0,
    0x0, 0x7c, 0xff, 0xff, 0xff, 0x92, 0xdc, 0xff,
    0xff, 0xff, 0x39, 0x0, 0x0, 0x0, 0x0, 0x0,
    0x0, 0x0, 0x0, 0x4a, 0xdc, 0xdc, 0xdc, 0x91,
    0xef, 0xff, 0xff, 0xff, 0x15, 0x0, 0x0, 0x0,
    0x0, 0x0, 0x0, 0x0, 0x0, 0x0, 0x0, 0x0,
    0x0, 0x0, 0xfd, 0xff, 0xff, 0xff, 0x8, 0x0,
    0x0, 0x0, 0x0, 0x0, 0x0, 0x0, 0x0, 0x0,
    0x0, 0x0, 0x0, 0x0, 0xff, 0xff, 0xff, 0xff,
    0x4, 0x0, 0x0, 0x0, 0x0, 0x0, 0x0, 0x0,
    0x0, 0x0, 0x0, 0x0, 0x0, 0x0, 0xff, 0xff,
    0xff, 0xff, 0x4, 0x0, 0x0, 0x0, 0xd, 0x60,
    0x60, 0x60, 0x60, 0x60, 0x60, 0x60, 0x60, 0x45,
    0xff, 0xff, 0xff, 0xff, 0x4, 0x0, 0x0, 0x0,
    0x24, 0xff, 0xff, 0xff, 0xff, 0xff, 0xff, 0xff,
    0xff, 0xb8, 0xff, 0xff, 0xff, 0xff, 0x4, 0x0,
    0x0, 0x0, 0x24, 0xff, 0xff, 0xff, 0xff, 0xff,
    0xff, 0xff, 0xff, 0xb8, 0xff, 0xff, 0xff, 0xff,
    0x4, 0x0, 0x0, 0x0, 0x24, 0xff, 0xff, 0xff,
    0xff, 0xff, 0xff, 0xff, 0xff, 0xb8, 0xfd, 0xff,
    0xff, 0xff, 0x6, 0x0, 0x0, 0x0, 0x0, 0x0,
    0x0, 0x0, 0x0, 0x38, 0xff, 0xff, 0xff, 0xb6,
    0xf0, 0xff, 0xff, 0xff, 0x12, 0x0, 0x0, 0x0,
    0x0, 0x0, 0x0, 0x0, 0x0, 0x3b, 0xff, 0xff,
    0xff, 0xa9, 0xde, 0xff, 0xff, 0xff, 0x36, 0x0,
    0x0, 0x0, 0x0, 0x0, 0x0, 0x0, 0x0, 0x4f,
    0xff, 0xff, 0xff, 0x98, 0xb1, 0xff, 0xff, 0xff,
    0x7b, 0x0, 0x0, 0x0, 0x0, 0x0, 0x0, 0x0,
    0x0, 0x87, 0xff, 0xff, 0xff, 0x6f, 0x75, 0xff,
    0xff, 0xff, 0xe7, 0x12, 0x0, 0x0, 0x0, 0x0,
    0x0, 0x0, 0x12, 0xe9, 0xff, 0xff, 0xff, 0x35,
    0x19, 0xfa, 0xff, 0xff, 0xff, 0xce, 0x2f, 0x0,
    0x0, 0x0, 0x0, 0x27, 0xc9, 0xff, 0xff, 0xff,
    0xd5, 0x0, 0x0, 0x92, 0xff, 0xff, 0xff, 0xff,
    0xff, 0xd6, 0xb2, 0xae, 0xcf, 0xfd, 0xff, 0xff,
    0xff, 0xff, 0x56, 0x0, 0x0, 0x7, 0xc7, 0xff,
    0xff, 0xff, 0xff, 0xff, 0xff, 0xff, 0xff, 0xff,
    0xff, 0xff, 0xff, 0x95, 0x0, 0x0, 0x0, 0x0,
    0x8, 0x9b, 0xfd, 0xff, 0xff, 0xff, 0xff, 0xff,
    0xff, 0xff, 0xff, 0xf5, 0x75, 0x0, 0x0, 0x0,
    0x0, 0x0, 0x0, 0x0, 0x25, 0x84, 0xc3, 0xe7,
    0xf8, 0xf6, 0xe3, 0xb7, 0x75, 0x14, 0x0, 0x0,
    0x0, 0x0,

    /* U+0048 "H" */
    0xa4, 0xff, 0xff, 0xff, 0x68, 0x0, 0x0, 0x0,
    0x0, 0x0, 0x0, 0x0, 0x0, 0x40, 0xff, 0xff,
    0xff, 0xcc, 0xa4, 0xff, 0xff, 0xff, 0x68, 0x0,
    0x0, 0x0, 0x0, 0x0, 0x0, 0x0, 0x0, 0x40,
    0xff, 0xff, 0xff, 0xcc, 0xa4, 0xff, 0xff, 0xff,
    0x68, 0x0, 0x0, 0x0, 0x0, 0x0, 0x0, 0x0,
    0x0, 0x40, 0xff, 0xff, 0xff, 0xcc, 0xa4, 0xff,
    0xff, 0xff, 0x68, 0x0, 0x0, 0x0, 0x0, 0x0,
    0x0, 0x0, 0x0, 0x40, 0xff, 0xff, 0xff, 0xcc,
    0xa4, 0xff, 0xff, 0xff, 0x68, 0x0, 0x0, 0x0,
    0x0, 0x0, 0x0, 0x0, 0x0, 0x40, 0xff, 0xff,
    0xff, 0xcc, 0xa4, 0xff, 0xff, 0xff, 0x68, 0x0,
    0x0, 0x0, 0x0, 0x0, 0x0, 0x0, 0x0, 0x40,
    0xff, 0xff, 0xff, 0xcc, 0xa4, 0xff, 0xff, 0xff,
    0x68, 0x0, 0x0, 0x0, 0x0, 0x0, 0x0, 0x0,
    0x0, 0x40, 0xff, 0xff, 0xff, 0xcc, 0xa4, 0xff,
    0xff, 0xff, 0x68, 0x0, 0x0, 0x0, 0x0, 0x0,
    0x0, 0x0, 0x0, 0x40, 0xff, 0xff, 0xff, 0xcc,
    0xa4, 0xff, 0xff, 0xff, 0x68, 0x0, 0x0, 0x0,
    0x0, 0x0, 0x0, 0x0, 0x0, 0x40, 0xff, 0xff,
    0xff, 0xcc, 0xa4, 0xff, 0xff, 0xff, 0x68, 0x0,
    0x0, 0x0, 0x0, 0x0, 0x0, 0x0, 0x0, 0x40,
    0xff, 0xff, 0xff, 0xcc, 0xa4, 0xff, 0xff, 0xff,
    0xbb, 0x8c, 0x8c, 0x8c, 0x8c, 0x8c, 0x8c, 0x8c,
    0x8c, 0xa9, 0xff, 0xff, 0xff, 0xcc, 0xa4, 0xff,
    0xff, 0xff, 0xff, 0xff, 0xff, 0xff, 0xff, 0xff,
    0xff, 0xff, 0xff, 0xff, 0xff, 0xff, 0xff, 0xcc,
    0xa4, 0xff, 0xff, 0xff, 0xff, 0xff, 0xff, 0xff,
    0xff, 0xff, 0xff, 0xff, 0xff, 0xff, 0xff, 0xff,
    0xff, 0xcc, 0xa4, 0xff, 0xff, 0xff, 0xff, 0xff,
    0xff, 0xff, 0xff, 0xff, 0xff, 0xff, 0xff, 0xff,
    0xff, 0xff, 0xff, 0xcc, 0xa4, 0xff, 0xff, 0xff,
    0x68, 0x0, 0x0, 0x0, 0x0, 0x0, 0x0, 0x0,
    0x0, 0x40, 0xff, 0xff, 0xff, 0xcc, 0xa4, 0xff,
    0xff, 0xff, 0x68, 0x0, 0x0, 0x0, 0x0, 0x0,
    0x0, 0x0, 0x0, 0x40, 0xff, 0xff, 0xff, 0xcc,
    0xa4, 0xff, 0xff, 0xff, 0x68, 0x0, 0x0, 0x0,
    0x0, 0x0, 0x0, 0x0, 0x0, 0x40, 0xff, 0xff,
    0xff, 0xcc, 0xa4, 0xff, 0xff, 0xff, 0x68, 0x0,
    0x0, 0x0, 0x0, 0x0, 0x0, 0x0, 0x0, 0x40,
    0xff, 0xff, 0xff, 0xcc, 0xa4, 0xff, 0xff, 0xff,
    0x68, 0x0, 0x0, 0x0, 0x0, 0x0, 0x0, 0x0,
    0x0, 0x40, 0xff, 0xff, 0xff, 0xcc, 0xa4, 0xff,
    0xff, 0xff, 0x68, 0x0, 0x0, 0x0, 0x0, 0x0,
    0x0, 0x0, 0x0, 0x40, 0xff, 0xff, 0xff, 0xcc,
    0xa4, 0xff, 0xff, 0xff, 0x68, 0x0, 0x0, 0x0,
    0x0, 0x0, 0x0, 0x0, 0x0, 0x40, 0xff, 0xff,
    0xff, 0xcc, 0xa4, 0xff, 0xff, 0xff, 0x68, 0x0,
    0x0, 0x0, 0x0, 0x0, 0x0, 0x0, 0x0, 0x40,
    0xff, 0xff, 0xff, 0xcc, 0xa4, 0xff, 0xff, 0xff,
    0x68, 0x0, 0x0, 0x0, 0x0, 0x0, 0x0, 0x0,
    0x0, 0x40, 0xff, 0xff, 0xff, 0xcc, 0xa4, 0xff,
    0xff, 0xff, 0x68, 0x0, 0x0, 0x0, 0x0, 0x0,
    0x0, 0x0, 0x0, 0x40, 0xff, 0xff, 0xff, 0xcc,
    0xa4, 0xff, 0xff, 0xff, 0x68, 0x0, 0x0, 0x0,
    0x0, 0x0, 0x0, 0x0, 0x0, 0x40, 0xff, 0xff,
    0xff, 0xcc,

    /* U+0049 "I" */
    0x88, 0xff, 0xff, 0xff, 0x78, 0x88, 0xff, 0xff,
    0xff, 0x78, 0x88, 0xff, 0xff, 0xff, 0x78, 0x88,
    0xff, 0xff, 0xff, 0x78, 0x88, 0xff, 0xff, 0xff,
    0x78, 0x88, 0xff, 0xff, 0xff, 0x78, 0x88, 0xff,
    0xff, 0xff, 0x78, 0x88, 0xff, 0xff, 0xff, 0x78,
    0x88, 0xff, 0xff, 0xff, 0x78, 0x88, 0xff, 0xff,
    0xff, 0x78, 0x88, 0xff, 0xff, 0xff, 0x78, 0x88,
    0xff, 0xff, 0xff, 0x78, 0x88, 0xff, 0xff, 0xff,
    0x78, 0x88, 0xff, 0xff, 0xff, 0x78, 0x88, 0xff,
    0xff, 0xff, 0x78, 0x88, 0xff, 0xff, 0xff, 0x78,
    0x88, 0xff, 0xff, 0xff, 0x78, 0x88, 0xff, 0xff,
    0xff, 0x78, 0x88, 0xff, 0xff, 0xff, 0x78, 0x88,
    0xff, 0xff, 0xff, 0x78, 0x88, 0xff, 0xff, 0xff,
    0x78, 0x88, 0xff, 0xff, 0xff, 0x78, 0x88, 0xff,
    0xff, 0xff, 0x78, 0x88, 0xff, 0xff, 0xff, 0x78,
    0x88, 0xff, 0xff, 0xff, 0x78,

    /* U+004A "J" */
    0x0, 0x0, 0x0, 0x0, 0x0, 0xf8, 0xff, 0xff,
    0xff, 0x14, 0x0, 0x0, 0x0, 0x0, 0x0, 0xf8,
    0xff, 0xff, 0xff, 0x14, 0x0, 0x0, 0x0, 0x0,
    0x0, 0xf8, 0xff, 0xff, 0xff, 0x14, 0x0, 0x0,
    0x0, 0x0, 0x0, 0xf8, 0xff, 0xff, 0xff, 0x14,
    0x0, 0x0, 0x0, 0x0, 0x0, 0xf8, 0xff, 0xff,
    0xff, 0x14, 0x0, 0x0, 0x0, 0x0, 0x0, 0xf8,
    0xff, 0xff, 0xff, 0x14, 0x0, 0x0, 0x0, 0x0,
    0x0, 0xf8, 0xff, 0xff, 0xff, 0x14, 0x0, 0x0,
    0x0, 0x0, 0x0, 0xf8, 0xff, 0xff, 0xff, 0x14,
    0x0, 0x0, 0x0, 0x0, 0x0, 0xf8, 0xff, 0xff,
    0xff, 0x14, 0x0, 0x0, 0x0, 0x0, 0x0, 0xf8,
    0xff, 0xff, 0xff, 0x14, 0x0, 0x0, 0x0, 0x0,
    0x0, 0xf8, 0xff, 0xff, 0xff, 0x14, 0x0, 0x0,
    0x0, 0x0, 0x0, 0xf8, 0xff, 0xff, 0xff, 0x14,
    0x0, 0x0, 0x0, 0x0, 0x0, 0xf8, 0xff, 0xff,
    0xff, 0x14, 0x0, 0x0, 0x0, 0x0, 0x0, 0xf8,
    0xff, 0xff, 0xff, 0x14, 0x0, 0x0, 0x0, 0x0,
    0x0, 0xf8, 0xff, 0xff, 0xff, 0x14, 0x0, 0x0,
    0x0, 0x0, 0x0, 0xf8, 0xff, 0xff, 0xff, 0x14,
    0x0, 0x0, 0x0, 0x0, 0x0, 0xf8, 0xff, 0xff,
    0xff, 0x14, 0x0, 0x0, 0x0, 0x0, 0x0, 0xf8,
    0xff, 0xff, 0xff, 0x14, 0x0, 0x0, 0x0, 0x0,
    0x0, 0xf8, 0xff, 0xff, 0xff, 0x14, 0x0, 0x0,
    0x0, 0x0, 0x8, 0xff, 0xff, 0xff, 0xff, 0x12,
    0x0, 0x0, 0x0, 0x0, 0x4d, 0xff, 0xff, 0xff,
    0xfe, 0x4, 0x2, 0x98, 0x98, 0xac, 0xf7, 0xff,
    0xff, 0xff, 0xd3, 0x0, 0x4, 0xff, 0xff, 0xff,
    0xff, 0xff, 0xff, 0xff, 0x71, 0x0, 0x4, 0xff,
    0xff, 0xff, 0xff, 0xff, 0xff, 0xb8, 0x4, 0x0,
    0x4, 0xff, 0xff, 0xff, 0xf3, 0xc9, 0x6c, 0x4,
    0x0, 0x0,

    /* U+004B "K" */
    0xa4, 0xff, 0xff, 0xff, 0x68, 0x0, 0x0, 0x0,
    0x0, 0x0, 0x0, 0x0, 0x0, 0x69, 0xff, 0xff,
    0xff, 0xff, 0x61, 0x0, 0xa4, 0xff, 0xff, 0xff,
    0x68, 0x0, 0x0, 0x0, 0x0, 0x0, 0x0, 0x0,
    0x32, 0xf8, 0xff, 0xff, 0xff, 0x96, 0x0, 0x0,
    0xa4, 0xff, 0xff, 0xff, 0x68, 0x0, 0x0, 0x0,
    0x0, 0x0, 0x0, 0xf, 0xdd, 0xff, 0xff, 0xff,
    0xc4, 0x5, 0x0, 0x0, 0xa4, 0xff, 0xff, 0xff,
    0x68, 0x0, 0x0, 0x0, 0x0, 0x0, 0x0, 0xad,
    0xff, 0xff, 0xff, 0xe6, 0x18, 0x0, 0x0, 0x0,
    0xa4, 0xff, 0xff, 0xff, 0x68, 0x0, 0x0, 0x0,
    0x0, 0x0, 0x71, 0xff, 0xff, 0xff, 0xf9, 0x39,
    0x0, 0x0, 0x0, 0x0, 0xa4, 0xff, 0xff, 0xff,
    0x68, 0x0, 0x0, 0x0, 0x0, 0x38, 0xfa, 0xff,
    0xff, 0xff, 0x67, 0x0, 0x0, 0x0, 0x0, 0x0,
    0xa4, 0xff, 0xff, 0xff, 0x68, 0x0, 0x0, 0x0,
    0x12, 0xe1, 0xff, 0xff, 0xff, 0x9c, 0x0, 0x0,
    0x0, 0x0, 0x0, 0x0, 0xa4, 0xff, 0xff, 0xff,
    0x68, 0x0, 0x0, 0x1, 0xb4, 0xff, 0xff, 0xff,
    0xc9, 0x7, 0x0, 0x0, 0x0, 0x0, 0x0, 0x0,
    0xa4, 0xff, 0xff, 0xff, 0x68, 0x0, 0x0, 0x79,
    0xff, 0xff, 0xff, 0xe8, 0x1b, 0x0, 0x0, 0x0,
    0x0, 0x0, 0x0, 0x0, 0xa4, 0xff, 0xff, 0xff,
    0x68, 0x0, 0x3e, 0xfc, 0xff, 0xff, 0xfb, 0x3d,
    0x0, 0x0, 0x0, 0x0, 0x0, 0x0, 0x0, 0x0,
    0xa4, 0xff, 0xff, 0xff, 0x68, 0x16, 0xe5, 0xff,
    0xff, 0xff, 0xfe, 0x34, 0x0, 0x0, 0x0, 0x0,
    0x0, 0x0, 0x0, 0x0, 0xa4, 0xff, 0xff, 0xff,
    0x6a, 0xbb, 0xff, 0xff, 0xff, 0xff, 0xff, 0xc4,
    0x0, 0x0, 0x0, 0x0, 0x0, 0x0, 0x0, 0x0,
    0xa4, 0xff, 0xff, 0xff, 0xda, 0xff, 0xff, 0xff,
    0xff, 0xff, 0xff, 0xff, 0x59, 0x0, 0x0, 0x0,
    0x0, 0x0, 0x0, 0x0, 0xa4, 0xff, 0xff, 0xff,
    0xff, 0xff, 0xff, 0xe8, 0xa5, 0xff, 0xff, 0xff,
    0xe2, 0xa, 0x0, 0x0, 0x0, 0x0, 0x0, 0x0,
    0xa4, 0xff, 0xff, 0xff, 0xff, 0xff, 0xfa, 0x3d,
    0x11, 0xed, 0xff, 0xff, 0xff, 0x80, 0x0, 0x0,
    0x0, 0x0, 0x0, 0x0, 0xa4, 0xff, 0xff, 0xff,
    0xff, 0xff, 0x6c, 0x0, 0x0, 0x70, 0xff, 0xff,
    0xff, 0xf6, 0x1d, 0x0, 0x0, 0x0, 0x0, 0x0,
    0xa4, 0xff, 0xff, 0xff, 0xff, 0xa0, 0x0, 0x0,
    0x0, 0x5, 0xda, 0xff, 0xff, 0xff, 0xa6, 0x0,
    0x0, 0x0, 0x0, 0x0, 0xa4, 0xff, 0xff, 0xff,
    0xcc, 0x8, 0x0, 0x0, 0x0, 0x0, 0x50, 0xff,
    0xff, 0xff, 0xff, 0x3b, 0x0, 0x0, 0x0, 0x0,
    0xa4, 0xff, 0xff, 0xff, 0x68, 0x0, 0x0, 0x0,
    0x0, 0x0, 0x0, 0xbf, 0xff, 0xff, 0xff, 0xcb,
    0x1, 0x0, 0x0, 0x0, 0xa4, 0xff, 0xff, 0xff,
    0x68, 0x0, 0x0, 0x0, 0x0, 0x0, 0x0, 0x31,
    0xfd, 0xff, 0xff, 0xff, 0x61, 0x0, 0x0, 0x0,
    0xa4, 0xff, 0xff, 0xff, 0x68, 0x0, 0x0, 0x0,
    0x0, 0x0, 0x0, 0x0, 0xa0, 0xff, 0xff, 0xff,
    0xe7, 0xd, 0x0, 0x0, 0xa4, 0xff, 0xff, 0xff,
    0x68, 0x0, 0x0, 0x0, 0x0, 0x0, 0x0, 0x0,
    0x1a, 0xf5, 0xff, 0xff, 0xff, 0x87, 0x0, 0x0,
    0xa4, 0xff, 0xff, 0xff, 0x68, 0x0, 0x0, 0x0,
    0x0, 0x0, 0x0, 0x0, 0x0, 0x80, 0xff, 0xff,
    0xff, 0xf8, 0x22, 0x0, 0xa4, 0xff, 0xff, 0xff,
    0x68, 0x0, 0x0, 0x0, 0x0, 0x0, 0x0, 0x0,
    0x0, 0xa, 0xe5, 0xff, 0xff, 0xff, 0xae, 0x0,
    0xa4, 0xff, 0xff, 0xff, 0x68, 0x0, 0x0, 0x0,
    0x0, 0x0, 0x0, 0x0, 0x0, 0x0, 0x60, 0xff,
    0xff, 0xff, 0xff, 0x42,

    /* U+004C "L" */
    0xa4, 0xff, 0xff, 0xff, 0x68, 0x0, 0x0, 0x0,
    0x0, 0x0, 0x0, 0x0, 0x0, 0x0, 0x0, 0x0,
    0xa4, 0xff, 0xff, 0xff, 0x68, 0x0, 0x0, 0x0,
    0x0, 0x0, 0x0, 0x0, 0x0, 0x0, 0x0, 0x0,
    0xa4, 0xff, 0xff, 0xff, 0x68, 0x0, 0x0, 0x0,
    0x0, 0x0, 0x0, 0x0, 0x0, 0x0, 0x0, 0x0,
    0xa4, 0xff, 0xff, 0xff, 0x68, 0x0, 0x0, 0x0,
    0x0, 0x0, 0x0, 0x0, 0x0, 0x0, 0x0, 0x0,
    0xa4, 0xff, 0xff, 0xff, 0x68, 0x0, 0x0, 0x0,
    0x0, 0x0, 0x0, 0x0, 0x0, 0x0, 0x0, 0x0,
    0xa4, 0xff, 0xff, 0xff, 0x68, 0x0, 0x0, 0x0,
    0x0, 0x0, 0x0, 0x0, 0x0, 0x0, 0x0, 0x0,
    0xa4, 0xff, 0xff, 0xff, 0x68, 0x0, 0x0, 0x0,
    0x0, 0x0, 0x0, 0x0, 0x0, 0x0, 0x0, 0x0,
    0xa4, 0xff, 0xff, 0xff, 0x68, 0x0, 0x0, 0x0,
    0x0, 0x0, 0x0, 0x0, 0x0, 0x0, 0x0, 0x0,
    0xa4, 0xff, 0xff, 0xff, 0x68, 0x0, 0x0, 0x0,
    0x0, 0x0, 0x0, 0x0, 0x0, 0x0, 0x0, 0x0,
    0xa4, 0xff, 0xff, 0xff, 0x68, 0x0, 0x0, 0x0,
    0x0, 0x0, 0x0, 0x0, 0x0, 0x0, 0x0, 0x0,
    0xa4, 0xff, 0xff, 0xff, 0x68, 0x0, 0x0, 0x0,
    0x0, 0x0, 0x0, 0x0, 0x0, 0x0, 0x0, 0x0,
    0xa4, 0xff, 0xff, 0xff, 0x68, 0x0, 0x0, 0x0,
    0x0, 0x0, 0x0, 0x0, 0x0, 0x0, 0x0, 0x0,
    0xa4, 0xff, 0xff, 0xff, 0x68, 0x0, 0x0, 0x0,
    0x0, 0x0, 0x0, 0x0, 0x0, 0x0, 0x0, 0x0,
    0xa4, 0xff, 0xff, 0xff, 0x68, 0x0, 0x0, 0x0,
    0x0, 0x0, 0x0, 0x0, 0x0, 0x0, 0x0, 0x0,
    0xa4, 0xff, 0xff, 0xff, 0x68, 0x0, 0x0, 0x0,
    0x0, 0x0, 0x0, 0x0, 0x0, 0x0, 0x0, 0x0,
    0xa4, 0xff, 0xff, 0xff, 0x68, 0x0, 0x0, 0x0,
    0x0, 0x0, 0x0, 0x0, 0x0, 0x0, 0x0, 0x0,
    0xa4, 0xff, 0xff, 0xff, 0x68, 0x0, 0x0, 0x0,
    0x0, 0x0, 0x0, 0x0, 0x0, 0x0, 0x0, 0x0,
    0xa4, 0xff, 0xff, 0xff, 0x68, 0x0, 0x0, 0x0,
    0x0, 0x0, 0x0, 0x0, 0x0, 0x0, 0x0, 0x0,
    0xa4, 0xff, 0xff, 0xff, 0x68, 0x0, 0x0, 0x0,
    0x0, 0x0, 0x0, 0x0, 0x0, 0x0, 0x0, 0x0,
    0xa4, 0xff, 0xff, 0xff, 0x68, 0x0, 0x0, 0x0,
    0x0, 0x0, 0x0, 0x0, 0x0, 0x0, 0x0, 0x0,
    0xa4, 0xff, 0xff, 0xff, 0x68, 0x0, 0x0, 0x0,
    0x0, 0x0, 0x0, 0x0, 0x0, 0x0, 0x0, 0x0,
    0xa4, 0xff, 0xff, 0xff, 0xc2, 0x98, 0x98, 0x98,
    0x98, 0x98, 0x98, 0x98, 0x98, 0x98, 0x98, 0x79,
    0xa4, 0xff, 0xff, 0xff, 0xff, 0xff, 0xff, 0xff,
    0xff, 0xff, 0xff, 0xff, 0xff, 0xff, 0xff, 0xcc,
    0xa4, 0xff, 0xff, 0xff, 0xff, 0xff, 0xff, 0xff,
    0xff, 0xff, 0xff, 0xff, 0xff, 0xff, 0xff, 0xcc,
    0xa4, 0xff, 0xff, 0xff, 0xff, 0xff, 0xff, 0xff,
    0xff, 0xff, 0xff, 0xff, 0xff, 0xff, 0xff, 0xcc,

    /* U+004D "M" */
    0x5c, 0xff, 0xff, 0xff, 0xe4, 0x6, 0x0, 0x0,
    0x0, 0x0, 0x0, 0x0, 0x0, 0x0, 0x0, 0x0,
    0x0, 0x0, 0xc4, 0xff, 0xff, 0xff, 0x78, 0x5c,
    0xff, 0xff, 0xff, 0xff, 0x62, 0x0, 0x0, 0x0,
    0x0, 0x0, 0x0, 0x0, 0x0, 0x0, 0x0, 0x0,
    0x39, 0xff, 0xff, 0xff, 0xff, 0x78, 0x5c, 0xff,
    0xff, 0xff, 0xff, 0xd7, 0x2, 0x0, 0x0, 0x0,
    0x0, 0x0, 0x0, 0x0, 0x0, 0x0, 0x0, 0xb0,
    0xff, 0xff, 0xff, 0xff, 0x78, 0x5c, 0xff, 0xff,
    0xff, 0xff, 0xff, 0x51, 0x0, 0x0, 0x0, 0x0,
    0x0, 0x0, 0x0, 0x0, 0x0, 0x28, 0xfe, 0xff,
    0xff, 0xff, 0xff, 0x78, 0x5c, 0xff, 0xff, 0xff,
    0xff, 0xff, 0xc8, 0x0, 0x0, 0x0, 0x0, 0x0,
    0x0, 0x0, 0x0, 0x0, 0x9d, 0xff, 0xff, 0xff,
    0xff, 0xff, 0x78, 0x5c, 0xff, 0xff, 0xff, 0xff,
    0xff, 0xff, 0x40, 0x0, 0x0, 0x0, 0x0, 0x0,
    0x0, 0x0, 0x19, 0xf9, 0xff, 0xff, 0xff, 0xff,
    0xff, 0x78, 0x5c, 0xff, 0xff, 0xff, 0xff, 0xff,
    0xff, 0xb7, 0x0, 0x0, 0x0, 0x0, 0x0, 0x0,
    0x0, 0x89, 0xff, 0xff, 0xff, 0xff, 0xff, 0xff,
    0x78, 0x5c, 0xff, 0xff, 0xff, 0xff, 0xff, 0xff,
    0xff, 0x2f, 0x0, 0x0, 0x0, 0x0, 0x0, 0xe,
    0xf1, 0xff, 0xff, 0xff, 0xff, 0xff, 0xff, 0x78,
    0x5c, 0xff, 0xff, 0xff, 0xf1, 0xff, 0xff, 0xff,
    0xa6, 0x0, 0x0, 0x0, 0x0, 0x0, 0x76, 0xff,
    0xff, 0xff, 0xf5, 0xff, 0xff, 0xff, 0x78, 0x5c,
    0xff, 0xff, 0xff, 0xb1, 0xd6, 0xff, 0xff, 0xfc,
    0x21, 0x0, 0x0, 0x0, 0x6, 0xe5, 0xff, 0xff,
    0xf5, 0x9c, 0xff, 0xff, 0xff, 0x78, 0x5c, 0xff,
    0xff, 0xff, 0xb0, 0x5f, 0xff, 0xff, 0xff, 0x95,
    0x0, 0x0, 0x0, 0x62, 0xff, 0xff, 0xff, 0x8f,
    0x88, 0xff, 0xff, 0xff, 0x78, 0x5c, 0xff, 0xff,
    0xff, 0xb0, 0x4, 0xe0, 0xff, 0xff, 0xf6, 0x15,
    0x0, 0x1, 0xd7, 0xff, 0xff, 0xf9, 0x1b, 0x88,
    0xff, 0xff, 0xff, 0x78, 0x5c, 0xff, 0xff, 0xff,
    0xb0, 0x0, 0x6b, 0xff, 0xff, 0xff, 0x83, 0x0,
    0x4f, 0xff, 0xff, 0xff, 0x9b, 0x0, 0x88, 0xff,
    0xff, 0xff, 0x78, 0x5c, 0xff, 0xff, 0xff, 0xb0,
    0x0, 0x8, 0xe8, 0xff, 0xff, 0xee, 0xc, 0xc5,
    0xff, 0xff, 0xfc, 0x24, 0x0, 0x88, 0xff, 0xff,
    0xff, 0x78, 0x5c, 0xff, 0xff, 0xff, 0xb0, 0x0,
    0x0, 0x78, 0xff, 0xff, 0xff, 0xab, 0xff, 0xff,
    0xff, 0xa7, 0x0, 0x0, 0x88, 0xff, 0xff, 0xff,
    0x78, 0x5c, 0xff, 0xff, 0xff, 0xb0, 0x0, 0x0,
    0xe, 0xef, 0xff, 0xff, 0xff, 0xff, 0xff, 0xff,
    0x2e, 0x0, 0x0, 0x88, 0xff, 0xff, 0xff, 0x78,
    0x5c, 0xff, 0xff, 0xff, 0xb0, 0x0, 0x0, 0x0,
    0x84, 0xff, 0xff, 0xff, 0xff, 0xff, 0xb4, 0x0,
    0x0, 0x0, 0x88, 0xff, 0xff, 0xff, 0x78, 0x5c,
    0xff, 0xff, 0xff, 0xb0, 0x0, 0x0, 0x0, 0x14,
    0xf5, 0xff, 0xff, 0xff, 0xff, 0x3a, 0x0, 0x0,
    0x0, 0x88, 0xff, 0xff, 0xff, 0x78, 0x5c, 0xff,
    0xff, 0xff, 0xb0, 0x0, 0x0, 0x0, 0x0, 0x90,
    0xff, 0xff, 0xff, 0xc0, 0x0, 0x0, 0x0, 0x0,
    0x88, 0xff, 0xff, 0xff, 0x78, 0x5c, 0xff, 0xff,
    0xff, 0xb0, 0x0, 0x0, 0x0, 0x0, 0x1c, 0xf9,
    0xff, 0xff, 0x46, 0x0, 0x0, 0x0, 0x0, 0x88,
    0xff, 0xff, 0xff, 0x78, 0x5c, 0xff, 0xff, 0xff,
    0xb0, 0x0, 0x0, 0x0, 0x0, 0x0, 0x17, 0x1c,
    0x1b, 0x0, 0x0, 0x0, 0x0, 0x0, 0x88, 0xff,
    0xff, 0xff, 0x78, 0x5c, 0xff, 0xff, 0xff, 0xb0,
    0x0, 0x0, 0x0, 0x0, 0x0, 0x0, 0x0, 0x0,
    0x0, 0x0, 0x0, 0x0, 0x0, 0x88, 0xff, 0xff,
    0xff, 0x78, 0x5c, 0xff, 0xff, 0xff, 0xb0, 0x0,
    0x0, 0x0, 0x0, 0x0, 0x0, 0x0, 0x0, 0x0,
    0x0, 0x0, 0x0, 0x0, 0x88, 0xff, 0xff, 0xff,
    0x78, 0x5c, 0xff, 0xff, 0xff, 0xb0, 0x0, 0x0,
    0x0, 0x0, 0x0, 0x0, 0x0, 0x0, 0x0, 0x0,
    0x0, 0x0, 0x0, 0x88, 0xff, 0xff, 0xff, 0x78,
    0x5c, 0xff, 0xff, 0xff, 0xb0, 0x0, 0x0, 0x0,
    0x0, 0x0, 0x0, 0x0, 0x0, 0x0, 0x0, 0x0,
    0x0, 0x0, 0x88, 0xff, 0xff, 0xff, 0x78,

    /* U+004E "N" */
    0xa4, 0xff, 0xff, 0xff, 0xb4, 0x0, 0x0, 0x0,
    0x0, 0x0, 0x0, 0x0, 0x0, 0x0, 0x3c, 0xff,
    0xff, 0xff, 0xd0, 0xa4, 0xff, 0xff, 0xff, 0xff,
    0x4f, 0x0, 0x0, 0x0, 0x0, 0x0, 0x0, 0x0,
    0x0, 0x3c, 0xff, 0xff, 0xff, 0xd0, 0xa4, 0xff,
    0xff, 0xff, 0xff, 0xe0, 0x9, 0x0, 0x0, 0x0,
    0x0, 0x0, 0x0, 0x0, 0x3c, 0xff, 0xff, 0xff,
    0xd0, 0xa4, 0xff, 0xff, 0xff, 0xff, 0xff, 0x84,
    0x0, 0x0, 0x0, 0x0, 0x0, 0x0, 0x0, 0x3c,
    0xff, 0xff, 0xff, 0xd0, 0xa4, 0xff, 0xff, 0xff,
    0xff, 0xff, 0xf9, 0x25, 0x0, 0x0, 0x0, 0x0,
    0x0, 0x0, 0x3c, 0xff, 0xff, 0xff, 0xd0, 0xa4,
    0xff, 0xff, 0xff, 0xff, 0xff, 0xff, 0xb9, 0x0,
    0x0, 0x0, 0x0, 0x0, 0x0, 0x3c, 0xff, 0xff,
    0xff, 0xd0, 0xa4, 0xff, 0xff, 0xff, 0xff, 0xff,
    0xff, 0xff, 0x54, 0x0, 0x0, 0x0, 0x0, 0x0,
    0x3c, 0xff, 0xff, 0xff, 0xd0, 0xa4, 0xff, 0xff,
    0xff, 0xff, 0xff, 0xff, 0xff, 0xe3, 0xb, 0x0,
    0x0, 0x0, 0x0, 0x3c, 0xff, 0xff, 0xff, 0xd0,
    0xa4, 0xff, 0xff, 0xff, 0xa3, 0xfe, 0xff, 0xff,
    0xff, 0x89, 0x0, 0x0, 0x0, 0x0, 0x3c, 0xff,
    0xff, 0xff, 0xd0, 0xa4, 0xff, 0xff, 0xff, 0x68,
    0x9f, 0xff, 0xff, 0xff, 0xfa, 0x29, 0x0, 0x0,
    0x0, 0x3c, 0xff, 0xff, 0xff, 0xd0, 0xa4, 0xff,
    0xff, 0xff, 0x68, 0x15, 0xee, 0xff, 0xff, 0xff,
    0xbe, 0x0, 0x0, 0x0, 0x3c, 0xff, 0xff, 0xff,
    0xd0, 0xa4, 0xff, 0xff, 0xff, 0x68, 0x0, 0x69,
    0xff, 0xff, 0xff, 0xff, 0x59, 0x0, 0x0, 0x3c,
    0xff, 0xff, 0xff, 0xd0, 0xa4, 0xff, 0xff, 0xff,
    0x68, 0x0, 0x2, 0xcb, 0xff, 0xff, 0xff, 0xe5,
    0xd, 0x0, 0x3c, 0xff, 0xff, 0xff, 0xd0, 0xa4,
    0xff, 0xff, 0xff, 0x68, 0x0, 0x0, 0x35, 0xfd,
    0xff, 0xff, 0xff, 0x8e, 0x0, 0x3c, 0xff, 0xff,
    0xff, 0xd0, 0xa4, 0xff, 0xff, 0xff, 0x68, 0x0,
    0x0, 0x0, 0x98, 0xff, 0xff, 0xff, 0xfb, 0x2d,
    0x3c, 0xff, 0xff, 0xff, 0xd0, 0xa4, 0xff, 0xff,
    0xff, 0x68, 0x0, 0x0, 0x0, 0x12, 0xeb, 0xff,
    0xff, 0xff, 0xc2, 0x3c, 0xff, 0xff, 0xff, 0xd0,
    0xa4, 0xff, 0xff, 0xff, 0x68, 0x0, 0x0, 0x0,
    0x0, 0x62, 0xff, 0xff, 0xff, 0xff, 0x9a, 0xff,
    0xff, 0xff, 0xd0, 0xa4, 0xff, 0xff, 0xff, 0x68,
    0x0, 0x0, 0x0, 0x0, 0x1, 0xc5, 0xff, 0xff,
    0xff, 0xfe, 0xff, 0xff, 0xff, 0xd0, 0xa4, 0xff,
    0xff, 0xff, 0x68, 0x0, 0x0, 0x0, 0x0, 0x0,
    0x2f, 0xfc, 0xff, 0xff, 0xff, 0xff, 0xff, 0xff,
    0xd0, 0xa4, 0xff, 0xff, 0xff, 0x68, 0x0, 0x0,
    0x0, 0x0, 0x0, 0x0, 0x91, 0xff, 0xff, 0xff,
    0xff, 0xff, 0xff, 0xd0, 0xa4, 0xff, 0xff, 0xff,
    0x68, 0x0, 0x0, 0x0, 0x0, 0x0, 0x0, 0xe,
    0xe7, 0xff, 0xff, 0xff, 0xff, 0xff, 0xd0, 0xa4,
    0xff, 0xff, 0xff, 0x68, 0x0, 0x0, 0x0, 0x0,
    0x0, 0x0, 0x0, 0x5b, 0xff, 0xff, 0xff, 0xff,
    0xff, 0xd0, 0xa4, 0xff, 0xff, 0xff, 0x68, 0x0,
    0x0, 0x0, 0x0, 0x0, 0x0, 0x0, 0x0, 0xbf,
    0xff, 0xff, 0xff, 0xff, 0xd0, 0xa4, 0xff, 0xff,
    0xff, 0x68, 0x0, 0x0, 0x0, 0x0, 0x0, 0x0,
    0x0, 0x0, 0x2a, 0xfa, 0xff, 0xff, 0xff, 0xd0,
    0xa4, 0xff, 0xff, 0xff, 0x68, 0x0, 0x0, 0x0,
    0x0, 0x0, 0x0, 0x0, 0x0, 0x0, 0x8a, 0xff,
    0xff, 0xff, 0xd0,

    /* U+004F "O" */
    0x0, 0x0, 0x0, 0x0, 0x23, 0x82, 0xc1, 0xe5,
    0xf8, 0xf4, 0xe0, 0xb0, 0x6b, 0xc, 0x0, 0x0,
    0x0, 0x0, 0x0, 0x0, 0x7, 0x96, 0xfc, 0xff,
    0xff, 0xff, 0xff, 0xff, 0xff, 0xff, 0xff, 0xed,
    0x5e, 0x0, 0x0, 0x0, 0x0, 0x5, 0xc1, 0xff,
    0xff, 0xff, 0xff, 0xff, 0xff, 0xff, 0xff, 0xff,
    0xff, 0xff, 0xff, 0x7f, 0x0, 0x0, 0x0, 0x8b,
    0xff, 0xff, 0xff, 0xff, 0xfb, 0xc5, 0xa4, 0xa9,
    0xd6, 0xff, 0xff, 0xff, 0xff, 0xfe, 0x49, 0x0,
    0x15, 0xf8, 0xff, 0xff, 0xff, 0xbe, 0x1e, 0x0,
    0x0, 0x0, 0x0, 0x43, 0xeb, 0xff, 0xff, 0xff,
    0xc9, 0x0, 0x71, 0xff, 0xff, 0xff, 0xe1, 0xa,
    0x0, 0x0, 0x0, 0x0, 0x0, 0x0, 0x40, 0xff,
    0xff, 0xff, 0xff, 0x2c, 0xad, 0xff, 0xff, 0xff,
    0x78, 0x0, 0x0, 0x0, 0x0, 0x0, 0x0, 0x0,
    0x0, 0xc6, 0xff, 0xff, 0xff, 0x66, 0xdc, 0xff,
    0xff, 0xff, 0x38, 0x0, 0x0, 0x0, 0x0, 0x0,
    0x0, 0x0, 0x0, 0x80, 0xff, 0xff, 0xff, 0x94,
    0xef, 0xff, 0xff, 0xff, 0x14, 0x0, 0x0, 0x0,
    0x0, 0x0, 0x0, 0x0, 0x0, 0x5b, 0xff, 0xff,
    0xff, 0xa5, 0xfd, 0xff, 0xff, 0xff, 0x7, 0x0,
    0x0, 0x0, 0x0, 0x0, 0x0, 0x0, 0x0, 0x4c,
    0xff, 0xff, 0xff, 0xb4, 0xff, 0xff, 0xff, 0xff,
    0x4, 0x0, 0x0, 0x0, 0x0, 0x0, 0x0, 0x0,
    0x0, 0x48, 0xff, 0xff, 0xff, 0xb8, 0xff, 0xff,
    0xff, 0xff, 0x4, 0x0, 0x0, 0x0, 0x0, 0x0,
    0x0, 0x0, 0x0, 0x48, 0xff, 0xff, 0xff, 0xb8,
    0xff, 0xff, 0xff, 0xff, 0x4, 0x0, 0x0, 0x0,
    0x0, 0x0, 0x0, 0x0, 0x0, 0x48, 0xff, 0xff,
    0xff, 0xb8, 0xff, 0xff, 0xff, 0xff, 0x4, 0x0,
    0x0, 0x0, 0x0, 0x0, 0x0, 0x0, 0x0, 0x48,
    0xff, 0xff, 0xff, 0xb8, 0xff, 0xff, 0xff, 0xff,
    0x4, 0x0, 0x0, 0x0, 0x0, 0x0, 0x0, 0x0,
    0x0, 0x48, 0xff, 0xff, 0xff, 0xb8, 0xfd, 0xff,
    0xff, 0xff, 0x6, 0x0, 0x0, 0x0, 0x0, 0x0,
    0x0, 0x0, 0x0, 0x4a, 0xff, 0xff, 0xff, 0xb6,
    0xf0, 0xff, 0xff, 0xff, 0x12, 0x0, 0x0, 0x0,
    0x0, 0x0, 0x0, 0x0, 0x0, 0x57, 0xff, 0xff,
    0xff, 0xab, 0xde, 0xff, 0xff, 0xff, 0x33, 0x0,
    0x0, 0x0, 0x0, 0x0, 0x0, 0x0, 0x0, 0x7a,
    0xff, 0xff, 0xff, 0x95, 0xb1, 0xff, 0xff, 0xff,
    0x73, 0x0, 0x0, 0x0, 0x0, 0x0, 0x0, 0x0,
    0x0, 0xbd, 0xff, 0xff, 0xff, 0x6d, 0x77, 0xff,
    0xff, 0xff, 0xdf, 0xa, 0x0, 0x0, 0x0, 0x0,
    0x0, 0x0, 0x39, 0xfe, 0xff, 0xff, 0xff, 0x2b,
    0x1b, 0xfb, 0xff, 0xff, 0xff, 0xc0, 0x23, 0x0,
    0x0, 0x0, 0x0, 0x46, 0xe9, 0xff, 0xff, 0xff,
    0xcb, 0x0, 0x0, 0x97, 0xff, 0xff, 0xff, 0xff,
    0xfd, 0xcf, 0xaf, 0xb3, 0xde, 0xff, 0xff, 0xff,
    0xff, 0xff, 0x43, 0x0, 0x0, 0x9, 0xcc, 0xff,
    0xff, 0xff, 0xff, 0xff, 0xff, 0xff, 0xff, 0xff,
    0xff, 0xff, 0xff, 0x80, 0x0, 0x0, 0x0, 0x0,
    0xb, 0xa4, 0xfe, 0xff, 0xff, 0xff, 0xff, 0xff,
    0xff, 0xff, 0xff, 0xf0, 0x67, 0x0, 0x0, 0x0,
    0x0, 0x0, 0x0, 0x0, 0x2c, 0x89, 0xc8, 0xe9,
    0xfa, 0xef, 0xd6, 0xb0, 0x5e, 0xe, 0x0, 0x0,
    0x0, 0x0,

    /* U+0050 "P" */
    0xa4, 0xff, 0xff, 0xff, 0xff, 0xff, 0xff, 0xff,
    0xff, 0xfe, 0xee, 0xd2, 0x97, 0x38, 0x0, 0x0,
    0x0, 0x0, 0xa4, 0xff, 0xff, 0xff, 0xff, 0xff,
    0xff, 0xff, 0xff, 0xff, 0xff, 0xff, 0xff, 0xff,
    0xae, 0x10, 0x0, 0x0, 0xa4, 0xff, 0xff, 0xff,
    0xff, 0xff, 0xff, 0xff, 0xff, 0xff, 0xff, 0xff,
    0xff, 0xff, 0xff, 0xcd, 0xa, 0x0, 0xa4, 0xff,
    0xff, 0xff, 0xc2, 0x98, 0x98, 0x98, 0x98, 0x9c,
    0xb7, 0xf4, 0xff, 0xff, 0xff, 0xff, 0x90, 0x0,
    0xa4, 0xff, 0xff, 0xff, 0x68, 0x0, 0x0, 0x0,
    0x0, 0x0, 0x0, 0x11, 0xb2, 0xff, 0xff, 0xff,
    0xf8, 0x11, 0xa4, 0xff, 0xff, 0xff, 0x68, 0x0,
    0x0, 0x0, 0x0, 0x0, 0x0, 0x0, 0x8, 0xe4,
    0xff, 0xff, 0xff, 0x54, 0xa4, 0xff, 0xff, 0xff,
    0x68, 0x0, 0x0, 0x0, 0x0, 0x0, 0x0, 0x0,
    0x0, 0x94, 0xff, 0xff, 0xff, 0x7d, 0xa4, 0xff,
    0xff, 0xff, 0x68, 0x0, 0x0, 0x0, 0x0, 0x0,
    0x0, 0x0, 0x0, 0x79, 0xff, 0xff, 0xff, 0x8e,
    0xa4, 0xff, 0xff, 0xff, 0x68, 0x0, 0x0, 0x0,
    0x0, 0x0, 0x0, 0x0, 0x0, 0x8c, 0xff, 0xff,
    0xff, 0x80, 0xa4, 0xff, 0xff, 0xff, 0x68, 0x0,
    0x0, 0x0, 0x0, 0x0, 0x0, 0x0, 0x5, 0xdc,
    0xff, 0xff, 0xff, 0x5b, 0xa4, 0xff, 0xff, 0xff,
    0x68, 0x0, 0x0, 0x0, 0x0, 0x0, 0x0, 0x1a,
    0xad, 0xff, 0xff, 0xff, 0xfb, 0x16, 0xa4, 0xff,
    0xff, 0xff, 0xc2, 0x98, 0x98, 0x98, 0x98, 0x9f,
    0xc0, 0xf5, 0xff, 0xff, 0xff, 0xff, 0x96, 0x0,
    0xa4, 0xff, 0xff, 0xff, 0xff, 0xff, 0xff, 0xff,
    0xff, 0xff, 0xff, 0xff, 0xff, 0xff, 0xff, 0xd0,
    0xc, 0x0, 0xa4, 0xff, 0xff, 0xff, 0xff, 0xff,
    0xff, 0xff, 0xff, 0xff, 0xff, 0xff, 0xff, 0xff,
    0xb0, 0x12, 0x0, 0x0, 0xa4, 0xff, 0xff, 0xff,
    0xff, 0xff, 0xff, 0xff, 0xff, 0xfe, 0xef, 0xd3,
    0x98, 0x39, 0x0, 0x0, 0x0, 0x0, 0xa4, 0xff,
    0xff, 0xff, 0x68, 0x0, 0x0, 0x0, 0x0, 0x0,
    0x0, 0x0, 0x0, 0x0, 0x0, 0x0, 0x0, 0x0,
    0xa4, 0xff, 0xff, 0xff, 0x68, 0x0, 0x0, 0x0,
    0x0, 0x0, 0x0, 0x0, 0x0, 0x0, 0x0, 0x0,
    0x0, 0x0, 0xa4, 0xff, 0xff, 0xff, 0x68, 0x0,
    0x0, 0x0, 0x0, 0x0, 0x0, 0x0, 0x0, 0x0,
    0x0, 0x0, 0x0, 0x0, 0xa4, 0xff, 0xff, 0xff,
    0x68, 0x0, 0x0, 0x0, 0x0, 0x0, 0x0, 0x0,
    0x0, 0x0, 0x0, 0x0, 0x0, 0x0, 0xa4, 0xff,
    0xff, 0xff, 0x68, 0x0, 0x0, 0x0, 0x0, 0x0,
    0x0, 0x0, 0x0, 0x0, 0x0, 0x0, 0x0, 0x0,
    0xa4, 0xff, 0xff, 0xff, 0x68, 0x0, 0x0, 0x0,
    0x0, 0x0, 0x0, 0x0, 0x0, 0x0, 0x0, 0x0,
    0x0, 0x0, 0xa4, 0xff, 0xff, 0xff, 0x68, 0x0,
    0x0, 0x0, 0x0, 0x0, 0x0, 0x0, 0x0, 0x0,
    0x0, 0x0, 0x0, 0x0, 0xa4, 0xff, 0xff, 0xff,
    0x68, 0x0, 0x0, 0x0, 0x0, 0x0, 0x0, 0x0,
    0x0, 0x0, 0x0, 0x0, 0x0, 0x0, 0xa4, 0xff,
    0xff, 0xff, 0x68, 0x0, 0x0, 0x0, 0x0, 0x0,
    0x0, 0x0, 0x0, 0x0, 0x0, 0x0, 0x0, 0x0,
    0xa4, 0xff, 0xff, 0xff, 0x68, 0x0, 0x0, 0x0,
    0x0, 0x0, 0x0, 0x0, 0x0, 0x0, 0x0, 0x0,
    0x0, 0x0,

    /* U+0051 "Q" */
    0x0, 0x0, 0x0, 0x0, 0x23, 0x82, 0xc1, 0xe5,
    0xf8, 0xf4, 0xe0, 0xb0, 0x6b, 0xc, 0x0, 0x0,
    0x0, 0x0, 0x0, 0x0, 0x7, 0x96, 0xfc, 0xff,
    0xff, 0xff, 0xff, 0xff, 0xff, 0xff, 0xff, 0xed,
    0x5e, 0x0, 0x0, 0x0, 0x0, 0x5, 0xc1, 0xff,
    0xff, 0xff, 0xff, 0xff, 0xff, 0xff, 0xff, 0xff,
    0xff, 0xff, 0xff, 0x7f, 0x0, 0x0, 0x0, 0x8b,
    0xff, 0xff, 0xff, 0xff, 0xfb, 0xc5, 0xa4, 0xa9,
    0xd6, 0xff, 0xff, 0xff, 0xff, 0xfe, 0x49, 0x0,
    0x15, 0xf8, 0xff, 0xff, 0xff, 0xc0, 0x1e, 0x0,
    0x0, 0x0, 0x0, 0x43, 0xeb, 0xff, 0xff, 0xff,
    0xc9, 0x0, 0x71, 0xff, 0xff, 0xff, 0xe2, 0xb,
    0x0, 0x0, 0x0, 0x0, 0x0, 0x0, 0x40, 0xff,
    0xff, 0xff, 0xff, 0x2c, 0xad, 0xff, 0xff, 0xff,
    0x79, 0x0, 0x0, 0x0, 0x0, 0x0, 0x0, 0x0,
    0x0, 0xc6, 0xff, 0xff, 0xff, 0x66, 0xdc, 0xff,
    0xff, 0xff, 0x38, 0x0, 0x0, 0x0, 0x0, 0x0,
    0x0, 0x0, 0x0, 0x80, 0xff, 0xff, 0xff, 0x94,
    0xef, 0xff, 0xff, 0xff, 0x14, 0x0, 0x0, 0x0,
    0x0, 0x0, 0x0, 0x0, 0x0, 0x5b, 0xff, 0xff,
    0xff, 0xa5, 0xfd, 0xff, 0xff, 0xff, 0x7, 0x0,
    0x0, 0x0, 0x0, 0x0, 0x0, 0x0, 0x0, 0x4c,
    0xff, 0xff, 0xff, 0xb4, 0xff, 0xff, 0xff, 0xff,
    0x4, 0x0, 0x0, 0x0, 0x0, 0x0, 0x0, 0x0,
    0x0, 0x48, 0xff, 0xff, 0xff, 0xb8, 0xff, 0xff,
    0xff, 0xff, 0x4, 0x0, 0x0, 0x0, 0x0, 0x0,
    0x0, 0x0, 0x0, 0x48, 0xff, 0xff, 0xff, 0xb8,
    0xff, 0xff, 0xff, 0xff, 0x4, 0x0, 0x0, 0x0,
    0x0, 0x0, 0x0, 0x0, 0x0, 0x48, 0xff, 0xff,
    0xff, 0xb8, 0xff, 0xff, 0xff, 0xff, 0x4, 0x0,
    0x0, 0x0, 0x0, 0x0, 0x0, 0x0, 0x0, 0x48,
    0xff, 0xff, 0xff, 0xb8, 0xff, 0xff, 0xff, 0xff,
    0x4, 0x0, 0x0, 0x0, 0x0, 0x0, 0x0, 0x0,
    0x0, 0x48, 0xff, 0xff, 0xff, 0xb8, 0xfd, 0xff,
    0xff, 0xff, 0x5, 0x0, 0x0, 0x0, 0x0, 0x0,
    0x0, 0x0, 0x0, 0x4a, 0xff, 0xff, 0xff, 0xb4,
    0xf0, 0xff, 0xff, 0xff, 0x11, 0x0, 0x0, 0x0,
    0x0, 0x0, 0x0, 0x0, 0x0, 0x57, 0xff, 0xff,
    0xff, 0xa1, 0xde, 0xff, 0xff, 0xff, 0x32, 0x0,
    0x0, 0x0, 0x0, 0x0, 0x0, 0x0, 0x0, 0x7a,
    0xff, 0xff, 0xff, 0x8c, 0xb1, 0xff, 0xff, 0xff,
    0x70, 0x0, 0x0, 0x0, 0x0, 0x0, 0x0, 0x0,
    0x0, 0xbb, 0xff, 0xff, 0xff, 0x65, 0x77, 0xff,
    0xff, 0xff, 0xdc, 0x8, 0x0, 0x0, 0x0, 0x0,
    0x0, 0x0, 0x37, 0xfd, 0xff, 0xff, 0xff, 0x1c,
    0x1b, 0xfb, 0xff, 0xff, 0xff, 0xba, 0x1d, 0x0,
    0x0, 0x0, 0x0, 0x40, 0xe7, 0xff, 0xff, 0xff,
    0xc6, 0x0, 0x0, 0x97, 0xff, 0xff, 0xff, 0xff,
    0xfb, 0xc7, 0xa7, 0xab, 0xd7, 0xff, 0xff, 0xff,
    0xff, 0xfd, 0x34, 0x0, 0x0, 0x9, 0xcc, 0xff,
    0xff, 0xff, 0xff, 0xff, 0xff, 0xff, 0xff, 0xff,
    0xff, 0xff, 0xfe, 0x74, 0x0, 0x0, 0x0, 0x0,
    0xb, 0xa4, 0xfe, 0xff, 0xff, 0xff, 0xff, 0xff,
    0xff, 0xff, 0xff, 0xff, 0x6b, 0x0, 0x0, 0x0,
    0x0, 0x0, 0x0, 0x0, 0x2c, 0x89, 0xc8, 0xe9,
    0xfa, 0xff, 0xf6, 0xff, 0xff, 0xff, 0x97, 0x0,
    0x0, 0x0, 0x0, 0x0, 0x0, 0x0, 0x0, 0x0,
    0x0, 0x0, 0x0, 0x0, 0x8, 0xe3, 0xff, 0xff,
    0xfb, 0x25, 0x0, 0x0, 0x0, 0x0, 0x0, 0x0,
    0x0, 0x0, 0x0, 0x0, 0x0, 0x0, 0x0, 0x62,
    0xff, 0xff, 0xff, 0xaa, 0x0, 0x0, 0x0, 0x0,
    0x0, 0x0, 0x0, 0x0, 0x0, 0x0, 0x0, 0x0,
    0x0, 0x3, 0xd4, 0xff, 0xff, 0xfe, 0x34, 0x0,
    0x0, 0x0, 0x0, 0x0, 0x0, 0x0, 0x0, 0x0,
    0x0, 0x0, 0x0, 0x0, 0x4d, 0xff, 0xff, 0xff,
    0x88, 0x0, 0x0, 0x0, 0x0, 0x0, 0x0, 0x0,
    0x0, 0x0, 0x0, 0x0, 0x0, 0x0, 0x0, 0xc2,
    0xd9, 0x4e, 0x0, 0x0, 0x0, 0x0, 0x0, 0x0,
    0x0, 0x0, 0x0, 0x0, 0x0, 0x0, 0x0, 0x0,
    0x0, 0x1a, 0x5, 0x0, 0x0, 0x0,

    /* U+0052 "R" */
    0xa4, 0xff, 0xff, 0xff, 0xff, 0xff, 0xff, 0xff,
    0xff, 0xff, 0xf2, 0xd9, 0xa0, 0x46, 0x0, 0x0,
    0x0, 0x0, 0x0, 0xa4, 0xff, 0xff, 0xff, 0xff,
    0xff, 0xff, 0xff, 0xff, 0xff, 0xff, 0xff, 0xff,
    0xff, 0xbf, 0x1b, 0x0, 0x0, 0x0, 0xa4, 0xff,
    0xff, 0xff, 0xff, 0xff, 0xff, 0xff, 0xff, 0xff,
    0xff, 0xff, 0xff, 0xff, 0xff, 0xdc, 0x15, 0x0,
    0x0, 0xa4, 0xff, 0xff, 0xff, 0xc2, 0x98, 0x98,
    0x98, 0x98, 0x9c, 0xbd, 0xf1, 0xff, 0xff, 0xff,
    0xff, 0xa4, 0x0, 0x0, 0xa4, 0xff, 0xff, 0xff,
    0x68, 0x0, 0x0, 0x0, 0x0, 0x0, 0x0, 0x14,
    0xa8, 0xff, 0xff, 0xff, 0xfe, 0x1a, 0x0, 0xa4,
    0xff, 0xff, 0xff, 0x68, 0x0, 0x0, 0x0, 0x0,
    0x0, 0x0, 0x0, 0x4, 0xdc, 0xff, 0xff, 0xff,
    0x5d, 0x0, 0xa4, 0xff, 0xff, 0xff, 0x68, 0x0,
    0x0, 0x0, 0x0, 0x0, 0x0, 0x0, 0x0, 0x93,
    0xff, 0xff, 0xff, 0x7c, 0x0, 0xa4, 0xff, 0xff,
    0xff, 0x68, 0x0, 0x0, 0x0, 0x0, 0x0, 0x0,
    0x0, 0x0, 0x86, 0xff, 0xff, 0xff, 0x85, 0x0,
    0xa4, 0xff, 0xff, 0xff, 0x68, 0x0, 0x0, 0x0,
    0x0, 0x0, 0x0, 0x0, 0x0, 0xaf, 0xff, 0xff,
    0xff, 0x6f, 0x0, 0xa4, 0xff, 0xff, 0xff, 0x68,
    0x0, 0x0, 0x0, 0x0, 0x0, 0x0, 0x0, 0x2e,
    0xfa, 0xff, 0xff, 0xff, 0x37, 0x0, 0xa4, 0xff,
    0xff, 0xff, 0x68, 0x0, 0x0, 0x0, 0x0, 0x4,
    0x25, 0x70, 0xef, 0xff, 0xff, 0xff, 0xd2, 0x0,
    0x0, 0xa4, 0xff, 0xff, 0xff, 0xff, 0xff, 0xff,
    0xff, 0xff, 0xff, 0xff, 0xff, 0xff, 0xff, 0xff,
    0xfa, 0x3b, 0x0, 0x0, 0xa4, 0xff, 0xff, 0xff,
    0xff, 0xff, 0xff, 0xff, 0xff, 0xff, 0xff, 0xff,
    0xff, 0xff, 0xf3, 0x50, 0x0, 0x0, 0x0, 0xa4,
    0xff, 0xff, 0xff, 0xff, 0xff, 0xff, 0xff, 0xff,
    0xff, 0xff, 0xff, 0xf9, 0x94, 0x1c, 0x0, 0x0,
    0x0, 0x0, 0xa4, 0xff, 0xff, 0xff, 0xa1, 0x60,
    0x60, 0x60, 0x6f, 0xff, 0xff, 0xff, 0xfe, 0x2c,
    0x0, 0x0, 0x0, 0x0, 0x0, 0xa4, 0xff, 0xff,
    0xff, 0x68, 0x0, 0x0, 0x0, 0x0, 0xb5, 0xff,
    0xff, 0xff, 0xaa, 0x0, 0x0, 0x0, 0x0, 0x0,
    0xa4, 0xff, 0xff, 0xff, 0x68, 0x0, 0x0, 0x0,
    0x0, 0x3d, 0xff, 0xff, 0xff, 0xfe, 0x2b, 0x0,
    0x0, 0x0, 0x0, 0xa4, 0xff, 0xff, 0xff, 0x68,
    0x0, 0x0, 0x0, 0x0, 0x0, 0xc4, 0xff, 0xff,
    0xff, 0xa9, 0x0, 0x0, 0x0, 0x0, 0xa4, 0xff,
    0xff, 0xff, 0x68, 0x0, 0x0, 0x0, 0x0, 0x0,
    0x4d, 0xff, 0xff, 0xff, 0xfd, 0x2a, 0x0, 0x0,
    0x0, 0xa4, 0xff, 0xff, 0xff, 0x68, 0x0, 0x0,
    0x0, 0x0, 0x0, 0x1, 0xd3, 0xff, 0xff, 0xff,
    0xa7, 0x0, 0x0, 0x0, 0xa4, 0xff, 0xff, 0xff,
    0x68, 0x0, 0x0, 0x0, 0x0, 0x0, 0x0, 0x5d,
    0xff, 0xff, 0xff, 0xfd, 0x29, 0x0, 0x0, 0xa4,
    0xff, 0xff, 0xff, 0x68, 0x0, 0x0, 0x0, 0x0,
    0x0, 0x0, 0x4, 0xe0, 0xff, 0xff, 0xff, 0xa6,
    0x0, 0x0, 0xa4, 0xff, 0xff, 0xff, 0x68, 0x0,
    0x0, 0x0, 0x0, 0x0, 0x0, 0x0, 0x6d, 0xff,
    0xff, 0xff, 0xfd, 0x28, 0x0, 0xa4, 0xff, 0xff,
    0xff, 0x68, 0x0, 0x0, 0x0, 0x0, 0x0, 0x0,
    0x0, 0x9, 0xea, 0xff, 0xff, 0xff, 0xa4, 0x0,
    0xa4, 0xff, 0xff, 0xff, 0x68, 0x0, 0x0, 0x0,
    0x0, 0x0, 0x0, 0x0, 0x0, 0x7c, 0xff, 0xff,
    0xff, 0xfc, 0x27,

    /* U+0053 "S" */
    0x0, 0x0, 0x0, 0x0, 0x24, 0x86, 0xc3, 0xe9,
    0xfa, 0xf3, 0xdb, 0xa4, 0x4d, 0x2, 0x0, 0x0,
    0x0, 0x0, 0x0, 0x0, 0xa, 0x95, 0xfe, 0xff,
    0xff, 0xff, 0xff, 0xff, 0xff, 0xff, 0xff, 0xca,
    0x24, 0x0, 0x0, 0x0, 0x0, 0x8, 0xbf, 0xff,
    0xff, 0xff, 0xff, 0xff, 0xff, 0xff, 0xff, 0xff,
    0xff, 0xff, 0xe7, 0x22, 0x0, 0x0, 0x0, 0x88,
    0xff, 0xff, 0xff, 0xff, 0xda, 0x98, 0x79, 0x8c,
    0xbb, 0xff, 0xff, 0xff, 0xff, 0xc1, 0x0, 0x0,
    0xc, 0xf7, 0xff, 0xff, 0xff, 0x78, 0x4, 0x0,
    0x0, 0x0, 0x0, 0x3c, 0xf5, 0xff, 0xff, 0xff,
    0x41, 0x0, 0x4d, 0xff, 0xff, 0xff, 0xbb, 0x0,
    0x0, 0x0, 0x0, 0x0, 0x0, 0x0, 0x72, 0xff,
    0xff, 0xff, 0x95, 0x0, 0x6d, 0xff, 0xff, 0xff,
    0x77, 0x0, 0x0, 0x0, 0x0, 0x0, 0x0, 0x0,
    0x27, 0xff, 0xff, 0xff, 0xc7, 0x0, 0x75, 0xff,
    0xff, 0xff, 0x82, 0x0, 0x0, 0x0, 0x0, 0x0,
    0x0, 0x0, 0x0, 0xe4, 0xe4, 0xe4, 0xca, 0x0,
    0x5b, 0xff, 0xff, 0xff, 0xcd, 0x3, 0x0, 0x0,
    0x0, 0x0, 0x0, 0x0, 0x0, 0x0, 0x0, 0x0,
    0x0, 0x0, 0x1d, 0xfe, 0xff, 0xff, 0xff, 0xa9,
    0x18, 0x0, 0x0, 0x0, 0x0, 0x0, 0x0, 0x0,
    0x0, 0x0, 0x0, 0x0, 0x0, 0xa6, 0xff, 0xff,
    0xff, 0xff, 0xfa, 0xc2, 0x86, 0x5a, 0x30, 0x5,
    0x0, 0x0, 0x0, 0x0, 0x0, 0x0, 0x0, 0x10,
    0xd2, 0xff, 0xff, 0xff, 0xff, 0xff, 0xff, 0xff,
    0xff, 0xf6, 0xba, 0x5a, 0x2, 0x0, 0x0, 0x0,
    0x0, 0x0, 0xc, 0x95, 0xfa, 0xff, 0xff, 0xff,
    0xff, 0xff, 0xff, 0xff, 0xff, 0xff, 0xd0, 0x23,
    0x0, 0x0, 0x0, 0x0, 0x0, 0x0, 0x18, 0x6d,
    0xab, 0xdd, 0xfe, 0xff, 0xff, 0xff, 0xff, 0xff,
    0xff, 0xe7, 0x19, 0x0, 0x0, 0x0, 0x0, 0x0,
    0x0, 0x0, 0x0, 0x0, 0xb, 0x35, 0x6d, 0xc8,
    0xff, 0xff, 0xff, 0xff, 0xa1, 0x0, 0x0, 0x0,
    0x0, 0x0, 0x0, 0x0, 0x0, 0x0, 0x0, 0x0,
    0x0, 0x0, 0x87, 0xff, 0xff, 0xff, 0xf9, 0x9,
    0x0, 0x0, 0x0, 0x0, 0x0, 0x0, 0x0, 0x0,
    0x0, 0x0, 0x0, 0x0, 0x4, 0xe5, 0xff, 0xff,
    0xff, 0x37, 0xb6, 0xbc, 0xbc, 0xa6, 0x0, 0x0,
    0x0, 0x0, 0x0, 0x0, 0x0, 0x0, 0x0, 0xb7,
    0xff, 0xff, 0xff, 0x4a, 0xda, 0xff, 0xff, 0xff,
    0x1d, 0x0, 0x0, 0x0, 0x0, 0x0, 0x0, 0x0,
    0x0, 0xb8, 0xff, 0xff, 0xff, 0x3c, 0xa6, 0xff,
    0xff, 0xff, 0x82, 0x0, 0x0, 0x0, 0x0, 0x0,
    0x0, 0x0, 0xd, 0xf0, 0xff, 0xff, 0xff, 0x1b,
    0x4f, 0xff, 0xff, 0xff, 0xfd, 0x59, 0x0, 0x0,
    0x0, 0x0, 0x0, 0xf, 0xb0, 0xff, 0xff, 0xff,
    0xcf, 0x0, 0x1, 0xca, 0xff, 0xff, 0xff, 0xff,
    0xd3, 0x96, 0x80, 0x85, 0xa9, 0xf0, 0xff, 0xff,
    0xff, 0xff, 0x50, 0x0, 0x0, 0x24, 0xe9, 0xff,
    0xff, 0xff, 0xff, 0xff, 0xff, 0xff, 0xff, 0xff,
    0xff, 0xff, 0xff, 0x8d, 0x0, 0x0, 0x0, 0x0,
    0x24, 0xc8, 0xff, 0xff, 0xff, 0xff, 0xff, 0xff,
    0xff, 0xff, 0xff, 0xf0, 0x67, 0x0, 0x0, 0x0,
    0x0, 0x0, 0x0, 0x1, 0x46, 0x9c, 0xd4, 0xee,
    0xfc, 0xf2, 0xdc, 0xac, 0x66, 0xd, 0x0, 0x0,
    0x0, 0x0,

    /* U+0054 "T" */
    0x70, 0xff, 0xff, 0xff, 0xff, 0xff, 0xff, 0xff,
    0xff, 0xff, 0xff, 0xff, 0xff, 0xff, 0xff, 0xff,
    0xff, 0xcc, 0x70, 0xff, 0xff, 0xff, 0xff, 0xff,
    0xff, 0xff, 0xff, 0xff, 0xff, 0xff, 0xff, 0xff,
    0xff, 0xff, 0xff, 0xcc, 0x70, 0xff, 0xff, 0xff,
    0xff, 0xff, 0xff, 0xff, 0xff, 0xff, 0xff, 0xff,
    0xff, 0xff, 0xff, 0xff, 0xff, 0xcc, 0x42, 0x98,
    0x98, 0x98, 0x98, 0x98, 0x98, 0xf1, 0xff, 0xff,
    0xff, 0xae, 0x98, 0x98, 0x98, 0x98, 0x98, 0x79,
    0x0, 0x0, 0x0, 0x0, 0x0, 0x0, 0x0, 0xdc,
    0xff, 0xff, 0xff, 0x38, 0x0, 0x0, 0x0, 0x0,
    0x0, 0x0, 0x0, 0x0, 0x0, 0x0, 0x0, 0x0,
    0x0, 0xdc, 0xff, 0xff, 0xff, 0x38, 0x0, 0x0,
    0x0, 0x0, 0x0, 0x0, 0x0, 0x0, 0x0, 0x0,
    0x0, 0x0, 0x0, 0xdc, 0xff, 0xff, 0xff, 0x38,
    0x0, 0x0, 0x0, 0x0, 0x0, 0x0, 0x0, 0x0,
    0x0, 0x0, 0x0, 0x0, 0x0, 0xdc, 0xff, 0xff,
    0xff, 0x38, 0x0, 0x0, 0x0, 0x0, 0x0, 0x0,
    0x0, 0x0, 0x0, 0x0, 0x0, 0x0, 0x0, 0xdc,
    0xff, 0xff, 0xff, 0x38, 0x0, 0x0, 0x0, 0x0,
    0x0, 0x0, 0x0, 0x0, 0x0, 0x0, 0x0, 0x0,
    0x0, 0xdc, 0xff, 0xff, 0xff, 0x38, 0x0, 0x0,
    0x0, 0x0, 0x0, 0x0, 0x0, 0x0, 0x0, 0x0,
    0x0, 0x0, 0x0, 0xdc, 0xff, 0xff, 0xff, 0x38,
    0x0, 0x0, 0x0, 0x0, 0x0, 0x0, 0x0, 0x0,
    0x0, 0x0, 0x0, 0x0, 0x0, 0xdc, 0xff, 0xff,
    0xff, 0x38, 0x0, 0x0, 0x0, 0x0, 0x0, 0x0,
    0x0, 0x0, 0x0, 0x0, 0x0, 0x0, 0x0, 0xdc,
    0xff, 0xff, 0xff, 0x38, 0x0, 0x0, 0x0, 0x0,
    0x0, 0x0, 0x0, 0x0, 0x0, 0x0, 0x0, 0x0,
    0x0, 0xdc, 0xff, 0xff, 0xff, 0x38, 0x0, 0x0,
    0x0, 0x0, 0x0, 0x0, 0x0, 0x0, 0x0, 0x0,
    0x0, 0x0, 0x0, 0xdc, 0xff, 0xff, 0xff, 0x38,
    0x0, 0x0, 0x0, 0x0, 0x0, 0x0, 0x0, 0x0,
    0x0, 0x0, 0x0, 0x0, 0x0, 0xdc, 0xff, 0xff,
    0xff, 0x38, 0x0, 0x0, 0x0, 0x0, 0x0, 0x0,
    0x0, 0x0, 0x0, 0x0, 0x0, 0x0, 0x0, 0xdc,
    0xff, 0xff, 0xff, 0x38, 0x0, 0x0, 0x0, 0x0,
    0x0, 0x0, 0x0, 0x0, 0x0, 0x0, 0x0, 0x0,
    0x0, 0xdc, 0xff, 0xff, 0xff, 0x38, 0x0, 0x0,
    0x0, 0x0, 0x0, 0x0, 0x0, 0x0, 0x0, 0x0,
    0x0, 0x0, 0x0, 0xdc, 0xff, 0xff, 0xff, 0x38,
    0x0, 0x0, 0x0, 0x0, 0x0, 0x0, 0x0, 0x0,
    0x0, 0x0, 0x0, 0x0, 0x0, 0xdc, 0xff, 0xff,
    0xff, 0x38, 0x0, 0x0, 0x0, 0x0, 0x0, 0x0,
    0x0, 0x0, 0x0, 0x0, 0x0, 0x0, 0x0, 0xdc,
    0xff, 0xff, 0xff, 0x38, 0x0, 0x0, 0x0, 0x0,
    0x0, 0x0, 0x0, 0x0, 0x0, 0x0, 0x0, 0x0,
    0x0, 0xdc, 0xff, 0xff, 0xff, 0x38, 0x0, 0x0,
    0x0, 0x0, 0x0, 0x0, 0x0, 0x0, 0x0, 0x0,
    0x0, 0x0, 0x0, 0xdc, 0xff, 0xff, 0xff, 0x38,
    0x0, 0x0, 0x0, 0x0, 0x0, 0x0, 0x0, 0x0,
    0x0, 0x0, 0x0, 0x0, 0x0, 0xdc, 0xff, 0xff,
    0xff, 0x38, 0x0, 0x0, 0x0, 0x0, 0x0, 0x0,
    0x0, 0x0, 0x0, 0x0, 0x0, 0x0, 0x0, 0xdc,
    0xff, 0xff, 0xff, 0x38, 0x0, 0x0, 0x0, 0x0,
    0x0, 0x0,

    /* U+0055 "U" */
    0xa4, 0xff, 0xff, 0xff, 0x70, 0x0, 0x0, 0x0,
    0x0, 0x0, 0x0, 0x0, 0x0, 0x14, 0xff, 0xff,
    0xff, 0xf8, 0xa4, 0xff, 0xff, 0xff, 0x70, 0x0,
    0x0, 0x0, 0x0, 0x0, 0x0, 0x0, 0x0, 0x14,
    0xff, 0xff, 0xff, 0xf8, 0xa4, 0xff, 0xff, 0xff,
    0x70, 0x0, 0x0, 0x0, 0x0, 0x0, 0x0, 0x0,
    0x0, 0x14, 0xff, 0xff, 0xff, 0xf8, 0xa4, 0xff,
    0xff, 0xff, 0x70, 0x0, 0x0, 0x0, 0x0, 0x0,
    0x0, 0x0, 0x0, 0x14, 0xff, 0xff, 0xff, 0xf8,
    0xa4, 0xff, 0xff, 0xff, 0x70, 0x0, 0x0, 0x0,
    0x0, 0x0, 0x0, 0x0, 0x0, 0x14, 0xff, 0xff,
    0xff, 0xf8, 0xa4, 0xff, 0xff, 0xff, 0x70, 0x0,
    0x0, 0x0, 0x0, 0x0, 0x0, 0x0, 0x0, 0x14,
    0xff, 0xff, 0xff, 0xf8, 0xa4, 0xff, 0xff, 0xff,
    0x70, 0x0, 0x0, 0x0, 0x0, 0x0, 0x0, 0x0,
    0x0, 0x14, 0xff, 0xff, 0xff, 0xf8, 0xa4, 0xff,
    0xff, 0xff, 0x70, 0x0, 0x0, 0x0, 0x0, 0x0,
    0x0, 0x0, 0x0, 0x14, 0xff, 0xff, 0xff, 0xf8,
    0xa4, 0xff, 0xff, 0xff, 0x70, 0x0, 0x0, 0x0,
    0x0, 0x0, 0x0, 0x0, 0x0, 0x14, 0xff, 0xff,
    0xff, 0xf8, 0xa4, 0xff, 0xff, 0xff, 0x70, 0x0,
    0x0, 0x0, 0x0, 0x0, 0x0, 0x0, 0x0, 0x14,
    0xff, 0xff, 0xff, 0xf8, 0xa4, 0xff, 0xff, 0xff,
    0x70, 0x0, 0x0, 0x0, 0x0, 0x0, 0x0, 0x0,
    0x0, 0x14, 0xff, 0xff, 0xff, 0xf8, 0xa4, 0xff,
    0xff, 0xff, 0x70, 0x0, 0x0, 0x0, 0x0, 0x0,
    0x0, 0x0, 0x0, 0x14, 0xff, 0xff, 0xff, 0xf8,
    0xa4, 0xff, 0xff, 0xff, 0x70, 0x0, 0x0, 0x0,
    0x0, 0x0, 0x0, 0x0, 0x0, 0x14, 0xff, 0xff,
    0xff, 0xf8, 0xa4, 0xff, 0xff, 0xff, 0x70, 0x0,
    0x0, 0x0, 0x0, 0x0, 0x0, 0x0, 0x0, 0x14,
    0xff, 0xff, 0xff, 0xf8, 0xa4, 0xff, 0xff, 0xff,
    0x70, 0x0, 0x0, 0x0, 0x0, 0x0, 0x0, 0x0,
    0x0, 0x14, 0xff, 0xff, 0xff, 0xf8, 0xa4, 0xff,
    0xff, 0xff, 0x70, 0x0, 0x0, 0x0, 0x0, 0x0,
    0x0, 0x0, 0x0, 0x14, 0xff, 0xff, 0xff, 0xf8,
    0xa3, 0xff, 0xff, 0xff, 0x72, 0x0, 0x0, 0x0,
    0x0, 0x0, 0x0, 0x0, 0x0, 0x17, 0xff, 0xff,
    0xff, 0xf6, 0x96, 0xff, 0xff, 0xff, 0x88, 0x0,
    0x0, 0x0, 0x0, 0x0, 0x0, 0x0, 0x0, 0x2e,
    0xff, 0xff, 0xff, 0xe9, 0x70, 0xff, 0xff, 0xff,
    0xc7, 0x0, 0x0, 0x0, 0x0, 0x0, 0x0, 0x0,
    0x0, 0x6d, 0xff, 0xff, 0xff, 0xc3, 0x29, 0xff,
    0xff, 0xff, 0xff, 0x45, 0x0, 0x0, 0x0, 0x0,
    0x0, 0x0, 0xd, 0xdf, 0xff, 0xff, 0xff, 0x7c,
    0x0, 0xba, 0xff, 0xff, 0xff, 0xee, 0x48, 0x0,
    0x0, 0x0, 0x0, 0x1e, 0xc3, 0xff, 0xff, 0xff,
    0xf5, 0x17, 0x0, 0x21, 0xec, 0xff, 0xff, 0xff,
    0xff, 0xd1, 0x9c, 0x97, 0xbb, 0xf9, 0xff, 0xff,
    0xff, 0xff, 0x61, 0x0, 0x0, 0x0, 0x42, 0xf4,
    0xff, 0xff, 0xff, 0xff, 0xff, 0xff, 0xff, 0xff,
    0xff, 0xff, 0xff, 0x88, 0x0, 0x0, 0x0, 0x0,
    0x0, 0x26, 0xcc, 0xff, 0xff, 0xff, 0xff, 0xff,
    0xff, 0xff, 0xff, 0xed, 0x53, 0x0, 0x0, 0x0,
    0x0, 0x0, 0x0, 0x0, 0x2, 0x4f, 0xa5, 0xdc,
    0xf8, 0xfb, 0xe7, 0xb8, 0x6c, 0xe, 0x0, 0x0,
    0x0, 0x0,

    /* U+0056 "V" */
    0xac, 0xff, 0xff, 0xff, 0x81, 0x0, 0x0, 0x0,
    0x0, 0x0, 0x0, 0x0, 0x0, 0x0, 0x4, 0xf0,
    0xff, 0xff, 0xff, 0x36, 0x5a, 0xff, 0xff, 0xff,
    0xcd, 0x0, 0x0, 0x0, 0x0, 0x0, 0x0, 0x0,
    0x0, 0x0, 0x40, 0xff, 0xff, 0xff, 0xe3, 0x1,
    0xe, 0xf9, 0xff, 0xff, 0xfe, 0x1a, 0x0, 0x0,
    0x0, 0x0, 0x0, 0x0, 0x0, 0x0, 0x8b, 0xff,
    0xff, 0xff, 0x93, 0x0, 0x0, 0xb6, 0xff, 0xff,
    0xff, 0x65, 0x0, 0x0, 0x0, 0x0, 0x0, 0x0,
    0x0, 0x0, 0xd6, 0xff, 0xff, 0xff, 0x41, 0x0,
    0x0, 0x64, 0xff, 0xff, 0xff, 0xb0, 0x0, 0x0,
    0x0, 0x0, 0x0, 0x0, 0x0, 0x20, 0xff, 0xff,
    0xff, 0xec, 0x3, 0x0, 0x0, 0x15, 0xfc, 0xff,
    0xff, 0xf4, 0x7, 0x0, 0x0, 0x0, 0x0, 0x0,
    0x0, 0x6b, 0xff, 0xff, 0xff, 0x9e, 0x0, 0x0,
    0x0, 0x0, 0xc1, 0xff, 0xff, 0xff, 0x48, 0x0,
    0x0, 0x0, 0x0, 0x0, 0x0, 0xb6, 0xff, 0xff,
    0xff, 0x4c, 0x0, 0x0, 0x0, 0x0, 0x6f, 0xff,
    0xff, 0xff, 0x94, 0x0, 0x0, 0x0, 0x0, 0x0,
    0x9, 0xf6, 0xff, 0xff, 0xf2, 0x7, 0x0, 0x0,
    0x0, 0x0, 0x1d, 0xff, 0xff, 0xff, 0xdf, 0x0,
    0x0, 0x0, 0x0, 0x0, 0x4b, 0xff, 0xff, 0xff,
    0xa8, 0x0, 0x0, 0x0, 0x0, 0x0, 0x0, 0xcc,
    0xff, 0xff, 0xff, 0x2b, 0x0, 0x0, 0x0, 0x0,
    0x96, 0xff, 0xff, 0xff, 0x57, 0x0, 0x0, 0x0,
    0x0, 0x0, 0x0, 0x7a, 0xff, 0xff, 0xff, 0x77,
    0x0, 0x0, 0x0, 0x0, 0xe0, 0xff, 0xff, 0xf8,
    0xd, 0x0, 0x0, 0x0, 0x0, 0x0, 0x0, 0x28,
    0xff, 0xff, 0xff, 0xc3, 0x0, 0x0, 0x0, 0x2b,
    0xff, 0xff, 0xff, 0xb3, 0x0, 0x0, 0x0, 0x0,
    0x0, 0x0, 0x0, 0x0, 0xd6, 0xff, 0xff, 0xfc,
    0x12, 0x0, 0x0, 0x76, 0xff, 0xff, 0xff, 0x61,
    0x0, 0x0, 0x0, 0x0, 0x0, 0x0, 0x0, 0x0,
    0x85, 0xff, 0xff, 0xff, 0x5a, 0x0, 0x0, 0xc1,
    0xff, 0xff, 0xfc, 0x13, 0x0, 0x0, 0x0, 0x0,
    0x0, 0x0, 0x0, 0x0, 0x33, 0xff, 0xff, 0xff,
    0xa6, 0x0, 0xf, 0xfb, 0xff, 0xff, 0xbe, 0x0,
    0x0, 0x0, 0x0, 0x0, 0x0, 0x0, 0x0, 0x0,
    0x0, 0xe0, 0xff, 0xff, 0xee, 0x3, 0x56, 0xff,
    0xff, 0xff, 0x6c, 0x0, 0x0, 0x0, 0x0, 0x0,
    0x0, 0x0, 0x0, 0x0, 0x0, 0x8f, 0xff, 0xff,
    0xff, 0x3e, 0xa1, 0xff, 0xff, 0xfe, 0x1b, 0x0,
    0x0, 0x0, 0x0, 0x0, 0x0, 0x0, 0x0, 0x0,
    0x0, 0x3e, 0xff, 0xff, 0xff, 0x8b, 0xe9, 0xff,
    0xff, 0xc9, 0x0, 0x0, 0x0, 0x0, 0x0, 0x0,
    0x0, 0x0, 0x0, 0x0, 0x0, 0x2, 0xe9, 0xff,
    0xff, 0xf2, 0xff, 0xff, 0xff, 0x77, 0x0, 0x0,
    0x0, 0x0, 0x0, 0x0, 0x0, 0x0, 0x0, 0x0,
    0x0, 0x0, 0x9a, 0xff, 0xff, 0xff, 0xff, 0xff,
    0xff, 0x25, 0x0, 0x0, 0x0, 0x0, 0x0, 0x0,
    0x0, 0x0, 0x0, 0x0, 0x0, 0x0, 0x48, 0xff,
    0xff, 0xff, 0xff, 0xff, 0xd3, 0x0, 0x0, 0x0,
    0x0, 0x0, 0x0, 0x0, 0x0, 0x0, 0x0, 0x0,
    0x0, 0x0, 0x6, 0xf0, 0xff, 0xff, 0xff, 0xff,
    0x82, 0x0, 0x0, 0x0, 0x0, 0x0, 0x0, 0x0,
    0x0, 0x0, 0x0, 0x0, 0x0, 0x0, 0x0, 0xa5,
    0xff, 0xff, 0xff, 0xff, 0x30, 0x0, 0x0, 0x0,
    0x0, 0x0, 0x0, 0x0, 0x0, 0x0, 0x0, 0x0,
    0x0, 0x0, 0x0, 0x53, 0xff, 0xff, 0xff, 0xde,
    0x0, 0x0, 0x0, 0x0, 0x0, 0x0, 0x0, 0x0,
    0x0, 0x0, 0x0, 0x0, 0x0, 0x0, 0x0, 0xa,
    0xf6, 0xff, 0xff, 0x8c, 0x0, 0x0, 0x0, 0x0,
    0x0, 0x0, 0x0, 0x0,

    /* U+0057 "W" */
    0xb5, 0xff, 0xff, 0xff, 0x4c, 0x0, 0x0, 0x0,
    0x0, 0x0, 0x0, 0x0, 0xbc, 0xff, 0xff, 0xff,
    0xff, 0x8c, 0x0, 0x0, 0x0, 0x0, 0x0, 0x0,
    0x0, 0x7c, 0xff, 0xff, 0xff, 0x3c, 0x75, 0xff,
    0xff, 0xff, 0x85, 0x0, 0x0, 0x0, 0x0, 0x0,
    0x0, 0x1, 0xf0, 0xff, 0xff, 0xff, 0xff, 0xc6,
    0x0, 0x0, 0x0, 0x0, 0x0, 0x0, 0x0, 0xb2,
    0xff, 0xff, 0xf7, 0x7, 0x36, 0xff, 0xff, 0xff,
    0xbf, 0x0, 0x0, 0x0, 0x0, 0x0, 0x0, 0x29,
    0xff, 0xff, 0xff, 0xff, 0xff, 0xf8, 0x7, 0x0,
    0x0, 0x0, 0x0, 0x0, 0x0, 0xe7, 0xff, 0xff,
    0xc1, 0x0, 0x3, 0xf2, 0xff, 0xff, 0xf4, 0x3,
    0x0, 0x0, 0x0, 0x0, 0x0, 0x60, 0xff, 0xff,
    0xff, 0xff, 0xff, 0xff, 0x3a, 0x0, 0x0, 0x0,
    0x0, 0x0, 0x1f, 0xff, 0xff, 0xff, 0x84, 0x0,
    0x0, 0xb7, 0xff, 0xff, 0xff, 0x32, 0x0, 0x0,
    0x0, 0x0, 0x0, 0x97, 0xff, 0xff, 0xff, 0xff,
    0xff, 0xff, 0x74, 0x0, 0x0, 0x0, 0x0, 0x0,
    0x55, 0xff, 0xff, 0xff, 0x46, 0x0, 0x0, 0x78,
    0xff, 0xff, 0xff, 0x6b, 0x0, 0x0, 0x0, 0x0,
    0x0, 0xce, 0xff, 0xff, 0xed, 0xff, 0xff, 0xff,
    0xae, 0x0, 0x0, 0x0, 0x0, 0x0, 0x8c, 0xff,
    0xff, 0xfc, 0xc, 0x0, 0x0, 0x38, 0xff, 0xff,
    0xff, 0xa4, 0x0, 0x0, 0x0, 0x0, 0x9, 0xfb,
    0xff, 0xff, 0x8c, 0xef, 0xff, 0xff, 0xe7, 0x0,
    0x0, 0x0, 0x0, 0x0, 0xc2, 0xff, 0xff, 0xcb,
    0x0, 0x0, 0x0, 0x4, 0xf4, 0xff, 0xff, 0xde,
    0x0, 0x0, 0x0, 0x0, 0x3b, 0xff, 0xff, 0xff,
    0x4b, 0xb2, 0xff, 0xff, 0xff, 0x21, 0x0, 0x0,
    0x0, 0x3, 0xf4, 0xff, 0xff, 0x8d, 0x0, 0x0,
    0x0, 0x0, 0xba, 0xff, 0xff, 0xff, 0x17, 0x0,
    0x0, 0x0, 0x72, 0xff, 0xff, 0xfd, 0xf, 0x72,
    0xff, 0xff, 0xff, 0x5b, 0x0, 0x0, 0x0, 0x2f,
    0xff, 0xff, 0xff, 0x50, 0x0, 0x0, 0x0, 0x0,
    0x7a, 0xff, 0xff, 0xff, 0x51, 0x0, 0x0, 0x0,
    0xa9, 0xff, 0xff, 0xce, 0x0, 0x33, 0xff, 0xff,
    0xff, 0x95, 0x0, 0x0, 0x0, 0x65, 0xff, 0xff,
    0xfe, 0x13, 0x0, 0x0, 0x0, 0x0, 0x3b, 0xff,
    0xff, 0xff, 0x8a, 0x0, 0x0, 0x0, 0xe0, 0xff,
    0xff, 0x8f, 0x0, 0x2, 0xf0, 0xff, 0xff, 0xcf,
    0x0, 0x0, 0x0, 0x9c, 0xff, 0xff, 0xd4, 0x0,
    0x0, 0x0, 0x0, 0x0, 0x6, 0xf5, 0xff, 0xff,
    0xc3, 0x0, 0x0, 0x17, 0xff, 0xff, 0xff, 0x51,
    0x0, 0x0, 0xb3, 0xff, 0xff, 0xfc, 0xc, 0x0,
    0x0, 0xd2, 0xff, 0xff, 0x97, 0x0, 0x0, 0x0,
    0x0, 0x0, 0x0, 0xbc, 0xff, 0xff, 0xf7, 0x5,
    0x0, 0x4e, 0xff, 0xff, 0xfe, 0x14, 0x0, 0x0,
    0x74, 0xff, 0xff, 0xff, 0x42, 0x0, 0xb, 0xfc,
    0xff, 0xff, 0x59, 0x0, 0x0, 0x0, 0x0, 0x0,
    0x0, 0x7d, 0xff, 0xff, 0xff, 0x36, 0x0, 0x84,
    0xff, 0xff, 0xd3, 0x0, 0x0, 0x0, 0x34, 0xff,
    0xff, 0xff, 0x7c, 0x0, 0x3f, 0xff, 0xff, 0xff,
    0x1c, 0x0, 0x0, 0x0, 0x0, 0x0, 0x0, 0x3d,
    0xff, 0xff, 0xff, 0x70, 0x0, 0xbb, 0xff, 0xff,
    0x95, 0x0, 0x0, 0x0, 0x3, 0xf1, 0xff, 0xff,
    0xb6, 0x0, 0x75, 0xff, 0xff, 0xde, 0x0, 0x0,
    0x0, 0x0, 0x0, 0x0, 0x0, 0x7, 0xf7, 0xff,
    0xff, 0xa9, 0x1, 0xf0, 0xff, 0xff, 0x56, 0x0,
    0x0, 0x0, 0x0, 0xb5, 0xff, 0xff, 0xee, 0x1,
    0xac, 0xff, 0xff, 0xa0, 0x0, 0x0, 0x0, 0x0,
    0x0, 0x0, 0x0, 0x0, 0xbf, 0xff, 0xff, 0xe3,
    0x29, 0xff, 0xff, 0xff, 0x18, 0x0, 0x0, 0x0,
    0x0, 0x75, 0xff, 0xff, 0xff, 0x2a, 0xe2, 0xff,
    0xff, 0x63, 0x0, 0x0, 0x0, 0x0, 0x0, 0x0,
    0x0, 0x0, 0x7f, 0xff, 0xff, 0xff, 0x7d, 0xff,
    0xff, 0xd9, 0x0, 0x0, 0x0, 0x0, 0x0, 0x36,
    0xff, 0xff, 0xff, 0x7c, 0xff, 0xff, 0xff, 0x25,
    0x0, 0x0, 0x0, 0x0, 0x0, 0x0, 0x0, 0x0,
    0x40, 0xff, 0xff, 0xff, 0xe6, 0xff, 0xff, 0x9a,
    0x0, 0x0, 0x0, 0x0, 0x0, 0x3, 0xf2, 0xff,
    0xff, 0xe6, 0xff, 0xff, 0xe7, 0x0, 0x0, 0x0,
    0x0, 0x0, 0x0, 0x0, 0x0, 0x0, 0x8, 0xf8,
    0xff, 0xff, 0xff, 0xff, 0xff, 0x5c, 0x0, 0x0,
    0x0, 0x0, 0x0, 0x0, 0xb6, 0xff, 0xff, 0xff,
    0xff, 0xff, 0xaa, 0x0, 0x0, 0x0, 0x0, 0x0,
    0x0, 0x0, 0x0, 0x0, 0x0, 0xc1, 0xff, 0xff,
    0xff, 0xff, 0xff, 0x1d, 0x0, 0x0, 0x0, 0x0,
    0x0, 0x0, 0x77, 0xff, 0xff, 0xff, 0xff, 0xff,
    0x6c, 0x0, 0x0, 0x0, 0x0, 0x0, 0x0, 0x0,
    0x0, 0x0, 0x0, 0x82, 0xff, 0xff, 0xff, 0xff,
    0xde, 0x0, 0x0, 0x0, 0x0, 0x0, 0x0, 0x0,
    0x37, 0xff, 0xff, 0xff, 0xff, 0xff, 0x2f, 0x0,
    0x0, 0x0, 0x0, 0x0, 0x0, 0x0, 0x0, 0x0,
    0x0, 0x43, 0xff, 0xff, 0xff, 0xff, 0xa0, 0x0,
    0x0, 0x0, 0x0, 0x0, 0x0, 0x0, 0x4, 0xf3,
    0xff, 0xff, 0xff, 0xef, 0x2, 0x0, 0x0, 0x0,
    0x0, 0x0, 0x0, 0x0, 0x0, 0x0, 0x0, 0x9,
    0xf9, 0xff, 0xff, 0xff, 0x61, 0x0, 0x0, 0x0,
    0x0, 0x0, 0x0, 0x0, 0x0, 0xb8, 0xff, 0xff,
    0xff, 0xb4, 0x0, 0x0, 0x0, 0x0, 0x0, 0x0,
    0x0, 0x0, 0x0, 0x0, 0x0, 0x0, 0xc4, 0xff,
    0xff, 0xff, 0x23, 0x0, 0x0, 0x0, 0x0, 0x0,
    0x0, 0x0, 0x0, 0x78, 0xff, 0xff, 0xff, 0x76,
    0x0, 0x0, 0x0, 0x0, 0x0, 0x0,

    /* U+0058 "X" */
    0xa, 0xdf, 0xff, 0xff, 0xff, 0xd4, 0x3, 0x0,
    0x0, 0x0, 0x0, 0x0, 0x0, 0x0, 0x3, 0xd4,
    0xff, 0xff, 0xff, 0xbd, 0x0, 0x0, 0x4d, 0xff,
    0xff, 0xff, 0xff, 0x6a, 0x0, 0x0, 0x0, 0x0,
    0x0, 0x0, 0x0, 0x69, 0xff, 0xff, 0xff, 0xf9,
    0x27, 0x0, 0x0, 0x0, 0xb0, 0xff, 0xff, 0xff,
    0xeb, 0x10, 0x0, 0x0, 0x0, 0x0, 0x0, 0xf,
    0xea, 0xff, 0xff, 0xff, 0x85, 0x0, 0x0, 0x0,
    0x0, 0x1e, 0xf4, 0xff, 0xff, 0xff, 0x8d, 0x0,
    0x0, 0x0, 0x0, 0x0, 0x8b, 0xff, 0xff, 0xff,
    0xdf, 0x9, 0x0, 0x0, 0x0, 0x0, 0x0, 0x76,
    0xff, 0xff, 0xff, 0xfa, 0x25, 0x0, 0x0, 0x0,
    0x22, 0xf9, 0xff, 0xff, 0xff, 0x4d, 0x0, 0x0,
    0x0, 0x0, 0x0, 0x0, 0x5, 0xd4, 0xff, 0xff,
    0xff, 0xb1, 0x0, 0x0, 0x0, 0xac, 0xff, 0xff,
    0xff, 0xb1, 0x0, 0x0, 0x0, 0x0, 0x0, 0x0,
    0x0, 0x0, 0x3d, 0xfe, 0xff, 0xff, 0xff, 0x42,
    0x0, 0x3d, 0xff, 0xff, 0xff, 0xf5, 0x1f, 0x0,
    0x0, 0x0, 0x0, 0x0, 0x0, 0x0, 0x0, 0x0,
    0xa0, 0xff, 0xff, 0xff, 0xd1, 0x4, 0xcc, 0xff,
    0xff, 0xff, 0x79, 0x0, 0x0, 0x0, 0x0, 0x0,
    0x0, 0x0, 0x0, 0x0, 0x0, 0x15, 0xed, 0xff,
    0xff, 0xff, 0xb8, 0xff, 0xff, 0xff, 0xd7, 0x6,
    0x0, 0x0, 0x0, 0x0, 0x0, 0x0, 0x0, 0x0,
    0x0, 0x0, 0x0, 0x66, 0xff, 0xff, 0xff, 0xff,
    0xff, 0xff, 0xff, 0x41, 0x0, 0x0, 0x0, 0x0,
    0x0, 0x0, 0x0, 0x0, 0x0, 0x0, 0x0, 0x0,
    0x1, 0xc7, 0xff, 0xff, 0xff, 0xff, 0xff, 0xa5,
    0x0, 0x0, 0x0, 0x0, 0x0, 0x0, 0x0, 0x0,
    0x0, 0x0, 0x0, 0x0, 0x0, 0x0, 0x30, 0xfc,
    0xff, 0xff, 0xff, 0xf4, 0x18, 0x0, 0x0, 0x0,
    0x0, 0x0, 0x0, 0x0, 0x0, 0x0, 0x0, 0x0,
    0x0, 0x0, 0x0, 0x33, 0xfd, 0xff, 0xff, 0xff,
    0xfe, 0x3b, 0x0, 0x0, 0x0, 0x0, 0x0, 0x0,
    0x0, 0x0, 0x0, 0x0, 0x0, 0x0, 0x0, 0x2,
    0xca, 0xff, 0xff, 0xff, 0xff, 0xff, 0xd1, 0x4,
    0x0, 0x0, 0x0, 0x0, 0x0, 0x0, 0x0, 0x0,
    0x0, 0x0, 0x0, 0x0, 0x6a, 0xff, 0xff, 0xff,
    0xff, 0xff, 0xff, 0xff, 0x72, 0x0, 0x0, 0x0,
    0x0, 0x0, 0x0, 0x0, 0x0, 0x0, 0x0, 0x0,
    0x16, 0xef, 0xff, 0xff, 0xff, 0xa2, 0xff, 0xff,
    0xff, 0xf2, 0x1b, 0x0, 0x0, 0x0, 0x0, 0x0,
    0x0, 0x0, 0x0, 0x0, 0x0, 0xa3, 0xff, 0xff,
    0xff, 0xb0, 0x2, 0xd0, 0xff, 0xff, 0xff, 0xaa,
    0x0, 0x0, 0x0, 0x0, 0x0, 0x0, 0x0, 0x0,
    0x0, 0x3f, 0xff, 0xff, 0xff, 0xf8, 0x23, 0x0,
    0x40, 0xff, 0xff, 0xff, 0xff, 0x46, 0x0, 0x0,
    0x0, 0x0, 0x0, 0x0, 0x0, 0x5, 0xd5, 0xff,
    0xff, 0xff, 0x88, 0x0, 0x0, 0x0, 0xaf, 0xff,
    0xff, 0xff, 0xda, 0x7, 0x0, 0x0, 0x0, 0x0,
    0x0, 0x0, 0x78, 0xff, 0xff, 0xff, 0xe7, 0xd,
    0x0, 0x0, 0x0, 0x23, 0xf9, 0xff, 0xff, 0xff,
    0x7e, 0x0, 0x0, 0x0, 0x0, 0x0, 0x1e, 0xf5,
    0xff, 0xff, 0xff, 0x61, 0x0, 0x0, 0x0, 0x0,
    0x0, 0x8a, 0xff, 0xff, 0xff, 0xf7, 0x22, 0x0,
    0x0, 0x0, 0x0, 0xb1, 0xff, 0xff, 0xff, 0xcb,
    0x1, 0x0, 0x0, 0x0, 0x0, 0x0, 0xe, 0xe9,
    0xff, 0xff, 0xff, 0xb5, 0x0, 0x0, 0x0, 0x4d,
    0xff, 0xff, 0xff, 0xff, 0x3a, 0x0, 0x0, 0x0,
    0x0, 0x0, 0x0, 0x0, 0x66, 0xff, 0xff, 0xff,
    0xff, 0x52, 0x0, 0x9, 0xdf, 0xff, 0xff, 0xff,
    0xa5, 0x0, 0x0, 0x0, 0x0, 0x0, 0x0, 0x0,
    0x0, 0x2, 0xd0, 0xff, 0xff, 0xff, 0xe2, 0xb,
    0x86, 0xff, 0xff, 0xff, 0xf5, 0x1c, 0x0, 0x0,
    0x0, 0x0, 0x0, 0x0, 0x0, 0x0, 0x0, 0x41,
    0xff, 0xff, 0xff, 0xff, 0x8a,

    /* U+0059 "Y" */
    0x95, 0xff, 0xff, 0xff, 0xcd, 0x0, 0x0, 0x0,
    0x0, 0x0, 0x0, 0x0, 0x0, 0x1, 0xd9, 0xff,
    0xff, 0xff, 0x8f, 0x1c, 0xf8, 0xff, 0xff, 0xff,
    0x42, 0x0, 0x0, 0x0, 0x0, 0x0, 0x0, 0x0,
    0x50, 0xff, 0xff, 0xff, 0xf7, 0x19, 0x0, 0x95,
    0xff, 0xff, 0xff, 0xb6, 0x0, 0x0, 0x0, 0x0,
    0x0, 0x0, 0x0, 0xc5, 0xff, 0xff, 0xff, 0x90,
    0x0, 0x0, 0x1c, 0xf9, 0xff, 0xff, 0xfe, 0x2b,
    0x0, 0x0, 0x0, 0x0, 0x0, 0x3a, 0xff, 0xff,
    0xff, 0xf7, 0x19, 0x0, 0x0, 0x0, 0x96, 0xff,
    0xff, 0xff, 0x9e, 0x0, 0x0, 0x0, 0x0, 0x0,
    0xb0, 0xff, 0xff, 0xff, 0x90, 0x0, 0x0, 0x0,
    0x0, 0x1d, 0xf9, 0xff, 0xff, 0xf9, 0x18, 0x0,
    0x0, 0x0, 0x27, 0xfe, 0xff, 0xff, 0xf7, 0x19,
    0x0, 0x0, 0x0, 0x0, 0x0, 0x97, 0xff, 0xff,
    0xff, 0x86, 0x0, 0x0, 0x0, 0x9a, 0xff, 0xff,
    0xff, 0x90, 0x0, 0x0, 0x0, 0x0, 0x0, 0x0,
    0x1d, 0xf9, 0xff, 0xff, 0xee, 0xb, 0x0, 0x17,
    0xf7, 0xff, 0xff, 0xf7, 0x19, 0x0, 0x0, 0x0,
    0x0, 0x0, 0x0, 0x0, 0x98, 0xff, 0xff, 0xff,
    0x6e, 0x0, 0x84, 0xff, 0xff, 0xff, 0x91, 0x0,
    0x0, 0x0, 0x0, 0x0, 0x0, 0x0, 0x0, 0x1e,
    0xf9, 0xff, 0xff, 0xde, 0xf, 0xed, 0xff, 0xff,
    0xf7, 0x19, 0x0, 0x0, 0x0, 0x0, 0x0, 0x0,
    0x0, 0x0, 0x0, 0x99, 0xff, 0xff, 0xff, 0xbe,
    0xff, 0xff, 0xff, 0x91, 0x0, 0x0, 0x0, 0x0,
    0x0, 0x0, 0x0, 0x0, 0x0, 0x0, 0x1e, 0xfa,
    0xff, 0xff, 0xff, 0xff, 0xff, 0xf7, 0x19, 0x0,
    0x0, 0x0, 0x0, 0x0, 0x0, 0x0, 0x0, 0x0,
    0x0, 0x0, 0x99, 0xff, 0xff, 0xff, 0xff, 0xff,
    0x91, 0x0, 0x0, 0x0, 0x0, 0x0, 0x0, 0x0,
    0x0, 0x0, 0x0, 0x0, 0x0, 0x1f, 0xfa, 0xff,
    0xff, 0xff, 0xf7, 0x19, 0x0, 0x0, 0x0, 0x0,
    0x0, 0x0, 0x0, 0x0, 0x0, 0x0, 0x0, 0x0,
    0x0, 0xa0, 0xff, 0xff, 0xff, 0x99, 0x0, 0x0,
    0x0, 0x0, 0x0, 0x0, 0x0, 0x0, 0x0, 0x0,
    0x0, 0x0, 0x0, 0x0, 0x84, 0xff, 0xff, 0xff,
    0x80, 0x0, 0x0, 0x0, 0x0, 0x0, 0x0, 0x0,
    0x0, 0x0, 0x0, 0x0, 0x0, 0x0, 0x0, 0x84,
    0xff, 0xff, 0xff, 0x80, 0x0, 0x0, 0x0, 0x0,
    0x0, 0x0, 0x0, 0x0, 0x0, 0x0, 0x0, 0x0,
    0x0, 0x0, 0x84, 0xff, 0xff, 0xff, 0x80, 0x0,
    0x0, 0x0, 0x0, 0x0, 0x0, 0x0, 0x0, 0x0,
    0x0, 0x0, 0x0, 0x0, 0x0, 0x84, 0xff, 0xff,
    0xff, 0x80, 0x0, 0x0, 0x0, 0x0, 0x0, 0x0,
    0x0, 0x0, 0x0, 0x0, 0x0, 0x0, 0x0, 0x0,
    0x84, 0xff, 0xff, 0xff, 0x80, 0x0, 0x0, 0x0,
    0x0, 0x0, 0x0, 0x0, 0x0, 0x0, 0x0, 0x0,
    0x0, 0x0, 0x0, 0x84, 0xff, 0xff, 0xff, 0x80,
    0x0, 0x0, 0x0, 0x0, 0x0, 0x0, 0x0, 0x0,
    0x0, 0x0, 0x0, 0x0, 0x0, 0x0, 0x84, 0xff,
    0xff, 0xff, 0x80, 0x0, 0x0, 0x0, 0x0, 0x0,
    0x0, 0x0, 0x0, 0x0, 0x0, 0x0, 0x0, 0x0,
    0x0, 0x84, 0xff, 0xff, 0xff, 0x80, 0x0, 0x0,
    0x0, 0x0, 0x0, 0x0, 0x0, 0x0, 0x0, 0x0,
    0x0, 0x0, 0x0, 0x0, 0x84, 0xff, 0xff, 0xff,
    0x80, 0x0, 0x0, 0x0, 0x0, 0x0, 0x0, 0x0,
    0x0, 0x0, 0x0, 0x0, 0x0, 0x0, 0x0, 0x84,
    0xff, 0xff, 0xff, 0x80, 0x0, 0x0, 0x0, 0x0,
    0x0, 0x0, 0x0,

    /* U+005A "Z" */
    0x7c, 0xff, 0xff, 0xff, 0xff, 0xff, 0xff, 0xff,
    0xff, 0xff, 0xff, 0xff, 0xff, 0xff, 0xff, 0xfc,
    0x0, 0x7c, 0xff, 0xff, 0xff, 0xff, 0xff, 0xff,
    0xff, 0xff, 0xff, 0xff, 0xff, 0xff, 0xff, 0xff,
    0xfc, 0x0, 0x7c, 0xff, 0xff, 0xff, 0xff, 0xff,
    0xff, 0xff, 0xff, 0xff, 0xff, 0xff, 0xff, 0xff,
    0xff, 0xfc, 0x0, 0x49, 0x98, 0x98, 0x98, 0x98,
    0x98, 0x98, 0x98, 0x98, 0x98, 0x98, 0xcf, 0xff,
    0xff, 0xff, 0xee, 0x0, 0x0, 0x0, 0x0, 0x0,
    0x0, 0x0, 0x0, 0x0, 0x0, 0x0, 0x12, 0xe9,
    0xff, 0xff, 0xff, 0x67, 0x0, 0x0, 0x0, 0x0,
    0x0, 0x0, 0x0, 0x0, 0x0, 0x0, 0x0, 0xa0,
    0xff, 0xff, 0xff, 0xc3, 0x1, 0x0, 0x0, 0x0,
    0x0, 0x0, 0x0, 0x0, 0x0, 0x0, 0x0, 0x44,
    0xff, 0xff, 0xff, 0xf8, 0x28, 0x0, 0x0, 0x0,
    0x0, 0x0, 0x0, 0x0, 0x0, 0x0, 0x0, 0xa,
    0xdd, 0xff, 0xff, 0xff, 0x7d, 0x0, 0x0, 0x0,
    0x0, 0x0, 0x0, 0x0, 0x0, 0x0, 0x0, 0x0,
    0x8c, 0xff, 0xff, 0xff, 0xd5, 0x6, 0x0, 0x0,
    0x0, 0x0, 0x0, 0x0, 0x0, 0x0, 0x0, 0x0,
    0x32, 0xfc, 0xff, 0xff, 0xfd, 0x39, 0x0, 0x0,
    0x0, 0x0, 0x0, 0x0, 0x0, 0x0, 0x0, 0x0,
    0x4, 0xce, 0xff, 0xff, 0xff, 0x94, 0x0, 0x0,
    0x0, 0x0, 0x0, 0x0, 0x0, 0x0, 0x0, 0x0,
    0x0, 0x77, 0xff, 0xff, 0xff, 0xe3, 0xd, 0x0,
    0x0, 0x0, 0x0, 0x0, 0x0, 0x0, 0x0, 0x0,
    0x0, 0x23, 0xf6, 0xff, 0xff, 0xff, 0x4d, 0x0,
    0x0, 0x0, 0x0, 0x0, 0x0, 0x0, 0x0, 0x0,
    0x0, 0x0, 0xbc, 0xff, 0xff, 0xff, 0xaa, 0x0,
    0x0, 0x0, 0x0, 0x0, 0x0, 0x0, 0x0, 0x0,
    0x0, 0x0, 0x62, 0xff, 0xff, 0xff, 0xef, 0x18,
    0x0, 0x0, 0x0, 0x0, 0x0, 0x0, 0x0, 0x0,
    0x0, 0x0, 0x16, 0xee, 0xff, 0xff, 0xff, 0x63,
    0x0, 0x0, 0x0, 0x0, 0x0, 0x0, 0x0, 0x0,
    0x0, 0x0, 0x0, 0xa9, 0xff, 0xff, 0xff, 0xbf,
    0x1, 0x0, 0x0, 0x0, 0x0, 0x0, 0x0, 0x0,
    0x0, 0x0, 0x0, 0x4c, 0xff, 0xff, 0xff, 0xf7,
    0x25, 0x0, 0x0, 0x0, 0x0, 0x0, 0x0, 0x0,
    0x0, 0x0, 0x0, 0xd, 0xe3, 0xff, 0xff, 0xff,
    0x7a, 0x0, 0x0, 0x0, 0x0, 0x0, 0x0, 0x0,
    0x0, 0x0, 0x0, 0x0, 0x94, 0xff, 0xff, 0xff,
    0xd2, 0x5, 0x0, 0x0, 0x0, 0x0, 0x0, 0x0,
    0x0, 0x0, 0x0, 0x0, 0x39, 0xfd, 0xff, 0xff,
    0xfd, 0x36, 0x0, 0x0, 0x0, 0x0, 0x0, 0x0,
    0x0, 0x0, 0x0, 0x0, 0x0, 0xbe, 0xff, 0xff,
    0xff, 0xe6, 0x98, 0x98, 0x98, 0x98, 0x98, 0x98,
    0x98, 0x98, 0x98, 0x98, 0x98, 0x23, 0xcc, 0xff,
    0xff, 0xff, 0xff, 0xff, 0xff, 0xff, 0xff, 0xff,
    0xff, 0xff, 0xff, 0xff, 0xff, 0xff, 0x3c, 0xcc,
    0xff, 0xff, 0xff, 0xff, 0xff, 0xff, 0xff, 0xff,
    0xff, 0xff, 0xff, 0xff, 0xff, 0xff, 0xff, 0x3c,
    0xcc, 0xff, 0xff, 0xff, 0xff, 0xff, 0xff, 0xff,
    0xff, 0xff, 0xff, 0xff, 0xff, 0xff, 0xff, 0xff,
    0x3c,

    /* U+005B "[" */
    0xa4, 0xff, 0xff, 0xff, 0xff, 0xff, 0xff, 0x50,
    0xa4, 0xff, 0xff, 0xff, 0xff, 0xff, 0xff, 0x50,
    0xa4, 0xff, 0xff, 0xff, 0xff, 0xff, 0xff, 0x50,
    0xa4, 0xff, 0xff, 0xff, 0xb2, 0xa0, 0xa0, 0x32,
    0xa4, 0xff, 0xff, 0xff, 0x30, 0x0, 0x0, 0x0,
    0xa4, 0xff, 0xff, 0xff, 0x30, 0x0, 0x0, 0x0,
    0xa4, 0xff, 0xff, 0xff, 0x30, 0x0, 0x0, 0x0,
    0xa4, 0xff, 0xff, 0xff, 0x30, 0x0, 0x0, 0x0,
    0xa4, 0xff, 0xff, 0xff, 0x30, 0x0, 0x0, 0x0,
    0xa4, 0xff, 0xff, 0xff, 0x30, 0x0, 0x0, 0x0,
    0xa4, 0xff, 0xff, 0xff, 0x30, 0x0, 0x0, 0x0,
    0xa4, 0xff, 0xff, 0xff, 0x30, 0x0, 0x0, 0x0,
    0xa4, 0xff, 0xff, 0xff, 0x30, 0x0, 0x0, 0x0,
    0xa4, 0xff, 0xff, 0xff, 0x30, 0x0, 0x0, 0x0,
    0xa4, 0xff, 0xff, 0xff, 0x30, 0x0, 0x0, 0x0,
    0xa4, 0xff, 0xff, 0xff, 0x30, 0x0, 0x0, 0x0,
    0xa4, 0xff, 0xff, 0xff, 0x30, 0x0, 0x0, 0x0,
    0xa4, 0xff, 0xff, 0xff, 0x30, 0x0, 0x0, 0x0,
    0xa4, 0xff, 0xff, 0xff, 0x30, 0x0, 0x0, 0x0,
    0xa4, 0xff, 0xff, 0xff, 0x30, 0x0, 0x0, 0x0,
    0xa4, 0xff, 0xff, 0xff, 0x30, 0x0, 0x0, 0x0,
    0xa4, 0xff, 0xff, 0xff, 0x30, 0x0, 0x0, 0x0,
    0xa4, 0xff, 0xff, 0xff, 0x30, 0x0, 0x0, 0x0,
    0xa4, 0xff, 0xff, 0xff, 0x30, 0x0, 0x0, 0x0,
    0xa4, 0xff, 0xff, 0xff, 0x30, 0x0, 0x0, 0x0,
    0xa4, 0xff, 0xff, 0xff, 0x30, 0x0, 0x0, 0x0,
    0xa4, 0xff, 0xff, 0xff, 0xa8, 0x94, 0x94, 0x2e,
    0xa4, 0xff, 0xff, 0xff, 0xff, 0xff, 0xff, 0x50,
    0xa4, 0xff, 0xff, 0xff, 0xff, 0xff, 0xff, 0x50,
    0xa4, 0xff, 0xff, 0xff, 0xff, 0xff, 0xff, 0x50,

    /* U+005C "\\" */
    0x11, 0xfb, 0xff, 0xff, 0x27, 0x0, 0x0, 0x0,
    0x0, 0x0, 0x0, 0x0, 0x0, 0xbf, 0xff, 0xff,
    0x75, 0x0, 0x0, 0x0, 0x0, 0x0, 0x0, 0x0,
    0x0, 0x70, 0xff, 0xff, 0xc3, 0x0, 0x0, 0x0,
    0x0, 0x0, 0x0, 0x0, 0x0, 0x21, 0xff, 0xff,
    0xfd, 0x14, 0x0, 0x0, 0x0, 0x0, 0x0, 0x0,
    0x0, 0x0, 0xd4, 0xff, 0xff, 0x60, 0x0, 0x0,
    0x0, 0x0, 0x0, 0x0, 0x0, 0x0, 0x85, 0xff,
    0xff, 0xae, 0x0, 0x0, 0x0, 0x0, 0x0, 0x0,
    0x0, 0x0, 0x37, 0xff, 0xff, 0xf4, 0x8, 0x0,
    0x0, 0x0, 0x0, 0x0, 0x0, 0x0, 0x1, 0xe6,
    0xff, 0xff, 0x4b, 0x0, 0x0, 0x0, 0x0, 0x0,
    0x0, 0x0, 0x0, 0x9a, 0xff, 0xff, 0x9a, 0x0,
    0x0, 0x0, 0x0, 0x0, 0x0, 0x0, 0x0, 0x4c,
    0xff, 0xff, 0xe6, 0x1, 0x0, 0x0, 0x0, 0x0,
    0x0, 0x0, 0x0, 0x8, 0xf4, 0xff, 0xff, 0x36,
    0x0, 0x0, 0x0, 0x0, 0x0, 0x0, 0x0, 0x0,
    0xaf, 0xff, 0xff, 0x85, 0x0, 0x0, 0x0, 0x0,
    0x0, 0x0, 0x0, 0x0, 0x60, 0xff, 0xff, 0xd3,
    0x0, 0x0, 0x0, 0x0, 0x0, 0x0, 0x0, 0x0,
    0x14, 0xfd, 0xff, 0xff, 0x22, 0x0, 0x0, 0x0,
    0x0, 0x0, 0x0, 0x0, 0x0, 0xc4, 0xff, 0xff,
    0x70, 0x0, 0x0, 0x0, 0x0, 0x0, 0x0, 0x0,
    0x0, 0x75, 0xff, 0xff, 0xbe, 0x0, 0x0, 0x0,
    0x0, 0x0, 0x0, 0x0, 0x0, 0x26, 0xff, 0xff,
    0xfb, 0x11, 0x0, 0x0, 0x0, 0x0, 0x0, 0x0,
    0x0, 0x0, 0xd8, 0xff, 0xff, 0x5b, 0x0, 0x0,
    0x0, 0x0, 0x0, 0x0, 0x0, 0x0, 0x8a, 0xff,
    0xff, 0xaa, 0x0, 0x0, 0x0, 0x0, 0x0, 0x0,
    0x0, 0x0, 0x3c, 0xff, 0xff, 0xf2, 0x6, 0x0,
    0x0, 0x0, 0x0, 0x0, 0x0, 0x0, 0x2, 0xea,
    0xff, 0xff, 0x46, 0x0, 0x0, 0x0, 0x0, 0x0,
    0x0, 0x0, 0x0, 0x9f, 0xff, 0xff, 0x95, 0x0,
    0x0, 0x0, 0x0, 0x0, 0x0, 0x0, 0x0, 0x50,
    0xff, 0xff, 0xe2, 0x0, 0x0, 0x0, 0x0, 0x0,
    0x0, 0x0, 0x0, 0xa, 0xf7, 0xff, 0xff, 0x32,
    0x0, 0x0, 0x0, 0x0, 0x0, 0x0, 0x0, 0x0,
    0xb3, 0xff, 0xff, 0x80,

    /* U+005D "]" */
    0x34, 0xff, 0xff, 0xff, 0xff, 0xff, 0xff, 0xc0,
    0x34, 0xff, 0xff, 0xff, 0xff, 0xff, 0xff, 0xc0,
    0x34, 0xff, 0xff, 0xff, 0xff, 0xff, 0xff, 0xc0,
    0x1e, 0x98, 0x98, 0xa0, 0xff, 0xff, 0xff, 0xc0,
    0x0, 0x0, 0x0, 0x14, 0xff, 0xff, 0xff, 0xc0,
    0x0, 0x0, 0x0, 0x14, 0xff, 0xff, 0xff, 0xc0,
    0x0, 0x0, 0x0, 0x14, 0xff, 0xff, 0xff, 0xc0,
    0x0, 0x0, 0x0, 0x14, 0xff, 0xff, 0xff, 0xc0,
    0x0, 0x0, 0x0, 0x14, 0xff, 0xff, 0xff, 0xc0,
    0x0, 0x0, 0x0, 0x14, 0xff, 0xff, 0xff, 0xc0,
    0x0, 0x0, 0x0, 0x14, 0xff, 0xff, 0xff, 0xc0,
    0x0, 0x0, 0x0, 0x14, 0xff, 0xff, 0xff, 0xc0,
    0x0, 0x0, 0x0, 0x14, 0xff, 0xff, 0xff, 0xc0,
    0x0, 0x0, 0x0, 0x14, 0xff, 0xff, 0xff, 0xc0,
    0x0, 0x0, 0x0, 0x14, 0xff, 0xff, 0xff, 0xc0,
    0x0, 0x0, 0x0, 0x14, 0xff, 0xff, 0xff, 0xc0,
    0x0, 0x0, 0x0, 0x14, 0xff, 0xff, 0xff, 0xc0,
    0x0, 0x0, 0x0, 0x14, 0xff, 0xff, 0xff, 0xc0,
    0x0, 0x0, 0x0, 0x14, 0xff, 0xff, 0xff, 0xc0,
    0x0, 0x0, 0x0, 0x14, 0xff, 0xff, 0xff, 0xc0,
    0x0, 0x0, 0x0, 0x14, 0xff, 0xff, 0xff, 0xc0,
    0x0, 0x0, 0x0, 0x14, 0xff, 0xff, 0xff, 0xc0,
    0x0, 0x0, 0x0, 0x14, 0xff, 0xff, 0xff, 0xc0,
    0x0, 0x0, 0x0, 0x14, 0xff, 0xff, 0xff, 0xc0,
    0x0, 0x0, 0x0, 0x14, 0xff, 0xff, 0xff, 0xc0,
    0x0, 0x0, 0x0, 0x14, 0xff, 0xff, 0xff, 0xc0,
    0x1e, 0x94, 0x94, 0x9c, 0xff, 0xff, 0xff, 0xc0,
    0x34, 0xff, 0xff, 0xff, 0xff, 0xff, 0xff, 0xc0,
    0x34, 0xff, 0xff, 0xff, 0xff, 0xff, 0xff, 0xc0,
    0x34, 0xff, 0xff, 0xff, 0xff, 0xff, 0xff, 0xc0,

    /* U+005E "^" */
    0x0, 0x0, 0x0, 0x0, 0x0, 0x0, 0x65, 0xff,
    0xff, 0xff, 0x3f, 0x0, 0x0, 0x0, 0x0, 0x0,
    0x0, 0x0, 0x0, 0x0, 0x0, 0x0, 0x0, 0xcd,
    0xff, 0xff, 0xff, 0xa8, 0x0, 0x0, 0x0, 0x0,
    0x0, 0x0, 0x0, 0x0, 0x0, 0x0, 0x0, 0x37,
    0xff, 0xff, 0xff, 0xff, 0xfa, 0x17, 0x0, 0x0,
    0x0, 0x0, 0x0, 0x0, 0x0, 0x0, 0x0, 0x0,
    0xa0, 0xff, 0xff, 0xf3, 0xff, 0xff, 0x7a, 0x0,
    0x0, 0x0, 0x0, 0x0, 0x0, 0x0, 0x0, 0x0,
    0x12, 0xf7, 0xff, 0xf9, 0x59, 0xff, 0xff, 0xe0,
    0x2, 0x0, 0x0, 0x0, 0x0, 0x0, 0x0, 0x0,
    0x0, 0x72, 0xff, 0xff, 0xa7, 0x1, 0xdb, 0xff,
    0xff, 0x4b, 0x0, 0x0, 0x0, 0x0, 0x0, 0x0,
    0x0, 0x1, 0xd9, 0xff, 0xff, 0x41, 0x0, 0x75,
    0xff, 0xff, 0xb4, 0x0, 0x0, 0x0, 0x0, 0x0,
    0x0, 0x0, 0x44, 0xff, 0xff, 0xd9, 0x0, 0x0,
    0x14, 0xf8, 0xff, 0xfd, 0x20, 0x0, 0x0, 0x0,
    0x0, 0x0, 0x0, 0xad, 0xff, 0xff, 0x74, 0x0,
    0x0, 0x0, 0xa5, 0xff, 0xff, 0x86, 0x0, 0x0,
    0x0, 0x0, 0x0, 0x1a, 0xfb, 0xff, 0xf9, 0x14,
    0x0, 0x0, 0x0, 0x3d, 0xff, 0xff, 0xe9, 0x5,
    0x0, 0x0, 0x0, 0x0, 0x7f, 0xff, 0xff, 0xa8,
    0x0, 0x0, 0x0, 0x0, 0x0, 0xd4, 0xff, 0xff,
    0x57, 0x0, 0x0, 0x0, 0x3, 0xe4, 0xff, 0xff,
    0x41, 0x0, 0x0, 0x0, 0x0, 0x0, 0x6d, 0xff,
    0xff, 0xc0, 0x0, 0x0, 0x0, 0x51, 0xff, 0xff,
    0xda, 0x1, 0x0, 0x0, 0x0, 0x0, 0x0, 0xf,
    0xf5, 0xff, 0xff, 0x2a, 0x0, 0x0, 0xba, 0xff,
    0xff, 0x75, 0x0, 0x0, 0x0, 0x0, 0x0, 0x0,
    0x0, 0x9d, 0xff, 0xff, 0x92, 0x0, 0x24, 0xfe,
    0xff, 0xf9, 0x15, 0x0, 0x0, 0x0, 0x0, 0x0,
    0x0, 0x0, 0x34, 0xff, 0xff, 0xf0, 0xa,

    /* U+005F "_" */
    0x8c, 0x8c, 0x8c, 0x8c, 0x8c, 0x8c, 0x8c, 0x8c,
    0x8c, 0x8c, 0x8c, 0x8c, 0x8c, 0x8c, 0x8c, 0x8c,
    0x8c, 0x41, 0xff, 0xff, 0xff, 0xff, 0xff, 0xff,
    0xff, 0xff, 0xff, 0xff, 0xff, 0xff, 0xff, 0xff,
    0xff, 0xff, 0xff, 0x78, 0xff, 0xff, 0xff, 0xff,
    0xff, 0xff, 0xff, 0xff, 0xff, 0xff, 0xff, 0xff,
    0xff, 0xff, 0xff, 0xff, 0xff, 0x78,

    /* U+0060 "`" */
    0x4, 0x72, 0x80, 0x80, 0x80, 0x28, 0x0, 0x0,
    0x0, 0x0, 0x35, 0xed, 0xff, 0xff, 0xde, 0x14,
    0x0, 0x0, 0x0, 0x0, 0x2c, 0xe7, 0xff, 0xff,
    0xc4, 0x7, 0x0, 0x0, 0x0, 0x0, 0x24, 0xe1,
    0xff, 0xff, 0xa2, 0x0, 0x0, 0x0, 0x0, 0x0,
    0x1d, 0xd9, 0xff, 0xff, 0x7b,

    /* U+007B "{" */
    0x0, 0x0, 0x0, 0x0, 0x11, 0x94, 0xe2, 0xfc,
    0xff, 0xf0, 0x0, 0x0, 0x0, 0x3, 0xcc, 0xff,
    0xff, 0xff, 0xff, 0xf0, 0x0, 0x0, 0x0, 0x49,
    0xff, 0xff, 0xff, 0xff, 0xff, 0xf0, 0x0, 0x0,
    0x0, 0x7b, 0xff, 0xff, 0xff, 0xb1, 0x3d, 0x30,
    0x0, 0x0, 0x0, 0x87, 0xff, 0xff, 0xff, 0x2c,
    0x0, 0x0, 0x0, 0x0, 0x0, 0x88, 0xff, 0xff,
    0xff, 0x20, 0x0, 0x0, 0x0, 0x0, 0x0, 0x88,
    0xff, 0xff, 0xff, 0x20, 0x0, 0x0, 0x0, 0x0,
    0x0, 0x88, 0xff, 0xff, 0xff, 0x20, 0x0, 0x0,
    0x0, 0x0, 0x0, 0x88, 0xff, 0xff, 0xff, 0x20,
    0x0, 0x0, 0x0, 0x0, 0x0, 0x88, 0xff, 0xff,
    0xff, 0x20, 0x0, 0x0, 0x0, 0x0, 0x0, 0x93,
    0xff, 0xff, 0xff, 0x1d, 0x0, 0x0, 0x0, 0x0,
    0x0, 0xc2, 0xff, 0xff, 0xff, 0xc, 0x0, 0x0,
    0x0, 0x18, 0x78, 0xff, 0xff, 0xff, 0xdb, 0x0,
    0x0, 0x0, 0x34, 0xff, 0xff, 0xff, 0xff, 0xfe,
    0x58, 0x0, 0x0, 0x0, 0x34, 0xff, 0xff, 0xff,
    0xf3, 0x47, 0x0, 0x0, 0x0, 0x0, 0x34, 0xff,
    0xff, 0xff, 0xff, 0xd9, 0x1a, 0x0, 0x0, 0x0,
    0x14, 0x78, 0xcf, 0xff, 0xff, 0xff, 0xb2, 0x0,
    0x0, 0x0, 0x0, 0x0, 0x7, 0xe2, 0xff, 0xff,
    0xf7, 0x2, 0x0, 0x0, 0x0, 0x0, 0x0, 0x9f,
    0xff, 0xff, 0xff, 0x17, 0x0, 0x0, 0x0, 0x0,
    0x0, 0x89, 0xff, 0xff, 0xff, 0x1f, 0x0, 0x0,
    0x0, 0x0, 0x0, 0x88, 0xff, 0xff, 0xff, 0x20,
    0x0, 0x0, 0x0, 0x0, 0x0, 0x88, 0xff, 0xff,
    0xff, 0x20, 0x0, 0x0, 0x0, 0x0, 0x0, 0x88,
    0xff, 0xff, 0xff, 0x20, 0x0, 0x0, 0x0, 0x0,
    0x0, 0x88, 0xff, 0xff, 0xff, 0x20, 0x0, 0x0,
    0x0, 0x0, 0x0, 0x88, 0xff, 0xff, 0xff, 0x20,
    0x0, 0x0, 0x0, 0x0, 0x0, 0x86, 0xff, 0xff,
    0xff, 0x2c, 0x0, 0x0, 0x0, 0x0, 0x0, 0x77,
    0xff, 0xff, 0xff, 0xab, 0x30, 0x25, 0x0, 0x0,
    0x0, 0x40, 0xff, 0xff, 0xff, 0xff, 0xff, 0xf0,
    0x0, 0x0, 0x0, 0x1, 0xc2, 0xff, 0xff, 0xff,
    0xff, 0xf0, 0x0, 0x0, 0x0, 0x0, 0xd, 0x91,
    0xe1, 0xfc, 0xff, 0xf0,

    /* U+007C "|" */
    0x55, 0xf8, 0xf8, 0xf8, 0x3e, 0x58, 0xff, 0xff,
    0xff, 0x40, 0x58, 0xff, 0xff, 0xff, 0x40, 0x58,
    0xff, 0xff, 0xff, 0x40, 0x58, 0xff, 0xff, 0xff,
    0x40, 0x58, 0xff, 0xff, 0xff, 0x40, 0x58, 0xff,
    0xff, 0xff, 0x40, 0x58, 0xff, 0xff, 0xff, 0x40,
    0x58, 0xff, 0xff, 0xff, 0x40, 0x58, 0xff, 0xff,
    0xff, 0x40, 0x58, 0xff, 0xff, 0xff, 0x40, 0x58,
    0xff, 0xff, 0xff, 0x40, 0x58, 0xff, 0xff, 0xff,
    0x40, 0x58, 0xff, 0xff, 0xff, 0x40, 0x58, 0xff,
    0xff, 0xff, 0x40, 0x58, 0xff, 0xff, 0xff, 0x40,
    0x58, 0xff, 0xff, 0xff, 0x40, 0x58, 0xff, 0xff,
    0xff, 0x40, 0x58, 0xff, 0xff, 0xff, 0x40, 0x58,
    0xff, 0xff, 0xff, 0x40, 0x58, 0xff, 0xff, 0xff,
    0x40, 0x58, 0xff, 0xff, 0xff, 0x40, 0x58, 0xff,
    0xff, 0xff, 0x40, 0x58, 0xff, 0xff, 0xff, 0x40,
    0x58, 0xff, 0xff, 0xff, 0x40, 0x58, 0xff, 0xff,
    0xff, 0x40, 0x58, 0xff, 0xff, 0xff, 0x40, 0x58,
    0xff, 0xff, 0xff, 0x40, 0x58, 0xff, 0xff, 0xff,
    0x40, 0x58, 0xff, 0xff, 0xff, 0x40,

    /* U+007D "}" */
    0x34, 0xff, 0xff, 0xf8, 0xd5, 0x72, 0x2, 0x0,
    0x0, 0x0, 0x34, 0xff, 0xff, 0xff, 0xff, 0xff,
    0x8b, 0x0, 0x0, 0x0, 0x34, 0xff, 0xff, 0xff,
    0xff, 0xff, 0xf8, 0xb, 0x0, 0x0, 0xa, 0x34,
    0x49, 0xd8, 0xff, 0xff, 0xff, 0x36, 0x0, 0x0,
    0x0, 0x0, 0x0, 0x69, 0xff, 0xff, 0xff, 0x43,
    0x0, 0x0, 0x0, 0x0, 0x0, 0x5c, 0xff, 0xff,
    0xff, 0x44, 0x0, 0x0, 0x0, 0x0, 0x0, 0x5c,
    0xff, 0xff, 0xff, 0x44, 0x0, 0x0, 0x0, 0x0,
    0x0, 0x5c, 0xff, 0xff, 0xff, 0x44, 0x0, 0x0,
    0x0, 0x0, 0x0, 0x5c, 0xff, 0xff, 0xff, 0x44,
    0x0, 0x0, 0x0, 0x0, 0x0, 0x5c, 0xff, 0xff,
    0xff, 0x44, 0x0, 0x0, 0x0, 0x0, 0x0, 0x59,
    0xff, 0xff, 0xff, 0x4f, 0x0, 0x0, 0x0, 0x0,
    0x0, 0x49, 0xff, 0xff, 0xff, 0x7f, 0x0, 0x0,
    0x0, 0x0, 0x0, 0x19, 0xfe, 0xff, 0xff, 0xef,
    0x53, 0xf, 0x0, 0x0, 0x0, 0x0, 0x94, 0xff,
    0xff, 0xff, 0xff, 0xf0, 0x0, 0x0, 0x0, 0x0,
    0x2, 0x76, 0xff, 0xff, 0xff, 0xf0, 0x0, 0x0,
    0x0, 0x0, 0x40, 0xef, 0xff, 0xff, 0xff, 0xf0,
    0x0, 0x0, 0x0, 0x6, 0xe8, 0xff, 0xff, 0xff,
    0xb2, 0x69, 0x0, 0x0, 0x0, 0x37, 0xff, 0xff,
    0xff, 0xa8, 0x0, 0x0, 0x0, 0x0, 0x0, 0x54,
    0xff, 0xff, 0xff, 0x5b, 0x0, 0x0, 0x0, 0x0,
    0x0, 0x5b, 0xff, 0xff, 0xff, 0x45, 0x0, 0x0,
    0x0, 0x0, 0x0, 0x5c, 0xff, 0xff, 0xff, 0x44,
    0x0, 0x0, 0x0, 0x0, 0x0, 0x5c, 0xff, 0xff,
    0xff, 0x44, 0x0, 0x0, 0x0, 0x0, 0x0, 0x5c,
    0xff, 0xff, 0xff, 0x44, 0x0, 0x0, 0x0, 0x0,
    0x0, 0x5c, 0xff, 0xff, 0xff, 0x44, 0x0, 0x0,
    0x0, 0x0, 0x0, 0x5c, 0xff, 0xff, 0xff, 0x44,
    0x0, 0x0, 0x0, 0x0, 0x0, 0x69, 0xff, 0xff,
    0xff, 0x42, 0x0, 0x0, 0x8, 0x28, 0x3d, 0xd4,
    0xff, 0xff, 0xff, 0x31, 0x0, 0x0, 0x34, 0xff,
    0xff, 0xff, 0xff, 0xff, 0xf3, 0x7, 0x0, 0x0,
    0x34, 0xff, 0xff, 0xff, 0xff, 0xff, 0x80, 0x0,
    0x0, 0x0, 0x34, 0xff, 0xff, 0xf9, 0xd4, 0x6d,
    0x1, 0x0, 0x0, 0x0,

    /* U+007E "~" */
    0x0, 0x0, 0x0, 0x0, 0x14, 0x34, 0x1d, 0x0,
    0x0, 0x0, 0x0, 0x0, 0x0, 0x9, 0x2, 0x0,
    0x0, 0x0, 0x0, 0x30, 0xc0, 0xff, 0xff, 0xff,
    0xd0, 0x53, 0x0, 0x0, 0x0, 0x0, 0xa0, 0xcf,
    0x3e, 0x0, 0x0, 0x38, 0xf2, 0xff, 0xff, 0xff,
    0xff, 0xff, 0xff, 0xce, 0x6c, 0x50, 0xa7, 0xff,
    0xff, 0xfe, 0x28, 0x8, 0xe0, 0xff, 0xff, 0xff,
    0xff, 0xff, 0xff, 0xff, 0xff, 0xff, 0xff, 0xff,
    0xff, 0xff, 0xa2, 0x0, 0x3e, 0xf7, 0xff, 0xf2,
    0x4e, 0xb, 0x34, 0xa3, 0xfd, 0xff, 0xff, 0xff,
    0xff, 0xff, 0xbc, 0xa, 0x0, 0x0, 0x21, 0xb4,
    0x58, 0x0, 0x0, 0x0, 0x0, 0x29, 0xa2, 0xea,
    0xf6, 0xd0, 0x6d, 0x6, 0x0, 0x0, 0x0, 0x0,
    0x0, 0x0, 0x0, 0x0, 0x0, 0x0, 0x0, 0x0,
    0x0, 0x0, 0x0, 0x0, 0x0, 0x0, 0x0
};


/*---------------------
 *  GLYPH DESCRIPTION
 *--------------------*/

static const lv_font_fmt_txt_glyph_dsc_t glyph_dsc[] = {
    {.bitmap_index = 0, .adv_w = 0, .box_w = 0, .box_h = 0, .ofs_x = 0, .ofs_y = 0} /* id = 0 reserved */,
    {.bitmap_index = 0, .adv_w = 141, .box_w = 5, .box_h = 25, .ofs_x = 2, .ofs_y = 0},
    {.bitmap_index = 125, .adv_w = 205, .box_w = 11, .box_h = 11, .ofs_x = 1, .ofs_y = 14},
    {.bitmap_index = 246, .adv_w = 305, .box_w = 19, .box_h = 25, .ofs_x = 0, .ofs_y = 0},
    {.bitmap_index = 721, .adv_w = 280, .box_w = 15, .box_h = 30, .ofs_x = 1, .ofs_y = -2},
    {.bitmap_index = 1171, .adv_w = 506, .box_w = 30, .box_h = 25, .ofs_x = 1, .ofs_y = 0},
    {.bitmap_index = 1921, .adv_w = 344, .box_w = 19, .box_h = 25, .ofs_x = 1, .ofs_y = 0},
    {.bitmap_index = 2396, .adv_w = 107, .box_w = 5, .box_h = 11, .ofs_x = 1, .ofs_y = 14},
    {.bitmap_index = 2451, .adv_w = 174, .box_w = 9, .box_h = 30, .ofs_x = 1, .ofs_y = -3},
    {.bitmap_index = 2721, .adv_w = 174, .box_w = 9, .box_h = 30, .ofs_x = 1, .ofs_y = -3},
    {.bitmap_index = 2991, .adv_w = 217, .box_w = 11, .box_h = 11, .ofs_x = 1, .ofs_y = 14},
    {.bitmap_index = 3112, .adv_w = 301, .box_w = 17, .box_h = 16, .ofs_x = 1, .ofs_y = 2},
    {.bitmap_index = 3384, .adv_w = 107, .box_w = 5, .box_h = 11, .ofs_x = 1, .ofs_y = -7},
    {.bitmap_index = 3439, .adv_w = 226, .box_w = 11, .box_h = 4, .ofs_x = 2, .ofs_y = 11},
    {.bitmap_index = 3483, .adv_w = 120, .box_w = 5, .box_h = 5, .ofs_x = 1, .ofs_y = 0},
    {.bitmap_index = 3508, .adv_w = 231, .box_w = 12, .box_h = 25, .ofs_x = 1, .ofs_y = 0},
    {.bitmap_index = 3808, .adv_w = 291, .box_w = 15, .box_h = 25, .ofs_x = 2, .ofs_y = 0},
    {.bitmap_index = 4183, .adv_w = 196, .box_w = 9, .box_h = 25, .ofs_x = 1, .ofs_y = 0},
    {.bitmap_index = 4408, .adv_w = 279, .box_w = 15, .box_h = 25, .ofs_x = 1, .ofs_y = 0},
    {.bitmap_index = 4783, .adv_w = 289, .box_w = 16, .box_h = 25, .ofs_x = 1, .ofs_y = 0},
    {.bitmap_index = 5183, .adv_w = 295, .box_w = 17, .box_h = 25, .ofs_x = 1, .ofs_y = 0},
    {.bitmap_index = 5608, .adv_w = 284, .box_w = 14, .box_h = 25, .ofs_x = 2, .ofs_y = 0},
    {.bitmap_index = 5958, .adv_w = 293, .box_w = 16, .box_h = 25, .ofs_x = 1, .ofs_y = 0},
    {.bitmap_index = 6358, .adv_w = 258, .box_w = 14, .box_h = 25, .ofs_x = 1, .ofs_y = 0},
    {.bitmap_index = 6708, .adv_w = 300, .box_w = 15, .box_h = 25, .ofs_x = 2, .ofs_y = 0},
    {.bitmap_index = 7083, .adv_w = 293, .box_w = 16, .box_h = 25, .ofs_x = 1, .ofs_y = 0},
    {.bitmap_index = 7483, .adv_w = 120, .box_w = 5, .box_h = 17, .ofs_x = 1, .ofs_y = 0},
    {.bitmap_index = 7568, .adv_w = 120, .box_w = 5, .box_h = 24, .ofs_x = 1, .ofs_y = -7},
    {.bitmap_index = 7688, .adv_w = 301, .box_w = 16, .box_h = 16, .ofs_x = 1, .ofs_y = 2},
    {.bitmap_index = 7944, .adv_w = 301, .box_w = 16, .box_h = 11, .ofs_x = 1, .ofs_y = 5},
    {.bitmap_index = 8120, .adv_w = 301, .box_w = 16, .box_h = 16, .ofs_x = 1, .ofs_y = 2},
    {.bitmap_index = 8376, .adv_w = 255, .box_w = 14, .box_h = 25, .ofs_x = 1, .ofs_y = 0},
    {.bitmap_index = 8726, .adv_w = 502, .box_w = 29, .box_h = 30, .ofs_x = 1, .ofs_y = -5},
    {.bitmap_index = 9596, .adv_w = 343, .box_w = 22, .box_h = 25, .ofs_x = 0, .ofs_y = 0},
    {.bitmap_index = 10146, .adv_w = 347, .box_w = 18, .box_h = 25, .ofs_x = 2, .ofs_y = 0},
    {.bitmap_index = 10596, .adv_w = 347, .box_w = 18, .box_h = 25, .ofs_x = 2, .ofs_y = 0},
    {.bitmap_index = 11046, .adv_w = 349, .box_w = 18, .box_h = 25, .ofs_x = 2, .ofs_y = 0},
    {.bitmap_index = 11496, .adv_w = 318, .box_w = 17, .box_h = 25, .ofs_x = 2, .ofs_y = 0},
    {.bitmap_index = 11921, .adv_w = 318, .box_w = 17, .box_h = 25, .ofs_x = 2, .ofs_y = 0},
    {.bitmap_index = 12346, .adv_w = 347, .box_w = 18, .box_h = 25, .ofs_x = 2, .ofs_y = 0},
    {.bitmap_index = 12796, .adv_w = 354, .box_w = 18, .box_h = 25, .ofs_x = 2, .ofs_y = 0},
    {.bitmap_index = 13246, .adv_w = 143, .box_w = 5, .box_h = 25, .ofs_x = 2, .ofs_y = 0},
    {.bitmap_index = 13371, .adv_w = 187, .box_w = 10, .box_h = 25, .ofs_x = 0, .ofs_y = 0},
    {.bitmap_index = 13621, .adv_w = 349, .box_w = 20, .box_h = 25, .ofs_x = 2, .ofs_y = 0},
    {.bitmap_index = 14121, .adv_w = 299, .box_w = 16, .box_h = 25, .ofs_x = 2, .ofs_y = 0},
    {.bitmap_index = 14521, .adv_w = 434, .box_w = 23, .box_h = 25, .ofs_x = 2, .ofs_y = 0},
    {.bitmap_index = 15096, .adv_w = 371, .box_w = 19, .box_h = 25, .ofs_x = 2, .ofs_y = 0},
    {.bitmap_index = 15571, .adv_w = 347, .box_w = 18, .box_h = 25, .ofs_x = 2, .ofs_y = 0},
    {.bitmap_index = 16021, .adv_w = 328, .box_w = 18, .box_h = 25, .ofs_x = 2, .ofs_y = 0},
    {.bitmap_index = 16471, .adv_w = 347, .box_w = 18, .box_h = 31, .ofs_x = 2, .ofs_y = -6},
    {.bitmap_index = 17029, .adv_w = 345, .box_w = 19, .box_h = 25, .ofs_x = 2, .ofs_y = 0},
    {.bitmap_index = 17504, .adv_w = 315, .box_w = 18, .box_h = 25, .ofs_x = 1, .ofs_y = 0},
    {.bitmap_index = 17954, .adv_w = 294, .box_w = 18, .box_h = 25, .ofs_x = 0, .ofs_y = 0},
    {.bitmap_index = 18404, .adv_w = 357, .box_w = 18, .box_h = 25, .ofs_x = 2, .ofs_y = 0},
    {.bitmap_index = 18854, .adv_w = 313, .box_w = 20, .box_h = 25, .ofs_x = 0, .ofs_y = 0},
    {.bitmap_index = 19354, .adv_w = 473, .box_w = 30, .box_h = 25, .ofs_x = 0, .ofs_y = 0},
    {.bitmap_index = 20104, .adv_w = 336, .box_w = 21, .box_h = 25, .ofs_x = 0, .ofs_y = 0},
    {.bitmap_index = 20629, .adv_w = 303, .box_w = 19, .box_h = 25, .ofs_x = 0, .ofs_y = 0},
    {.bitmap_index = 21104, .adv_w = 293, .box_w = 17, .box_h = 25, .ofs_x = 1, .ofs_y = 0},
    {.bitmap_index = 21529, .adv_w = 177, .box_w = 8, .box_h = 30, .ofs_x = 2, .ofs_y = -3},
    {.bitmap_index = 21769, .adv_w = 231, .box_w = 12, .box_h = 25, .ofs_x = 1, .ofs_y = 0},
    {.bitmap_index = 22069, .adv_w = 178, .box_w = 8, .box_h = 30, .ofs_x = 1, .ofs_y = -3},
    {.bitmap_index = 22309, .adv_w = 301, .box_w = 17, .box_h = 15, .ofs_x = 1, .ofs_y = 10},
    {.bitmap_index = 22564, .adv_w = 280, .box_w = 18, .box_h = 3, .ofs_x = 0, .ofs_y = -4},
    {.bitmap_index = 22618, .adv_w = 288, .box_w = 9, .box_h = 5, .ofs_x = 4, .ofs_y = 21},
    {.bitmap_index = 22663, .adv_w = 203, .box_w = 10, .box_h = 30, .ofs_x = 1, .ofs_y = -3},
    {.bitmap_index = 22963, .adv_w = 174, .box_w = 5, .box_h = 30, .ofs_x = 3, .ofs_y = -3},
    {.bitmap_index = 23113, .adv_w = 203, .box_w = 10, .box_h = 30, .ofs_x = 1, .ofs_y = -3},
    {.bitmap_index = 23413, .adv_w = 301, .box_w = 17, .box_h = 7, .ofs_x = 1, .ofs_y = 6}
};

/*---------------------
 *  CHARACTER MAPPING
 *--------------------*/



/*Collect the unicode lists and glyph_id offsets*/
static const lv_font_fmt_txt_cmap_t cmaps[] =
{
    {
        .range_start = 33, .range_length = 64, .glyph_id_start = 1,
        .unicode_list = NULL, .glyph_id_ofs_list = NULL, .list_length = 0, .type = LV_FONT_FMT_TXT_CMAP_FORMAT0_TINY
    },
    {
        .range_start = 123, .range_length = 4, .glyph_id_start = 65,
        .unicode_list = NULL, .glyph_id_ofs_list = NULL, .list_length = 0, .type = LV_FONT_FMT_TXT_CMAP_FORMAT0_TINY
    }
};

/*-----------------
 *    KERNING
 *----------------*/


/*Pair left and right glyphs for kerning*/
static const uint8_t kern_pair_glyph_ids[] =
{
    13, 52,
    13, 54,
    13, 55,
    13, 57,
    16, 23,
    18, 23,
    19, 23,
    20, 23,
    22, 23,
    23, 19,
    23, 20,
    23, 22,
    23, 24,
    23, 25,
    24, 23,
    25, 23,
    33, 12,
    33, 14,
    33, 35,
    33, 39,
    33, 47,
    33, 49,
    33, 52,
    33, 53,
    33, 54,
    33, 55,
    33, 57,
    34, 54,
    34, 55,
    34, 57,
    38, 12,
    38, 14,
    38, 33,
    43, 35,
    43, 39,
    43, 47,
    43, 49,
    44, 13,
    44, 35,
    44, 39,
    44, 47,
    44, 49,
    44, 52,
    44, 53,
    44, 54,
    44, 55,
    44, 57,
    44, 60,
    48, 12,
    48, 14,
    48, 33,
    50, 55,
    51, 57,
    52, 12,
    52, 13,
    52, 14,
    52, 26,
    52, 27,
    52, 33,
    52, 35,
    52, 39,
    52, 47,
    52, 49,
    52, 55,
    53, 12,
    53, 14,
    53, 33,
    54, 12,
    54, 13,
    54, 14,
    54, 26,
    54, 27,
    54, 33,
    54, 35,
    54, 39,
    54, 47,
    54, 49,
    55, 12,
    55, 13,
    55, 14,
    55, 33,
    56, 35,
    56, 39,
    56, 47,
    56, 49
};

/* Kerning between the respective left and right glyphs
 * 4.4 format which needs to scaled with `kern_scale`*/
static const int8_t kern_pair_values[] =
{
    -40, -22, -18, -40, -11, -6, -17, -23,
    -18, -11, -23, -23, -6, -8, -17, -11,
    11, 11, -5, -5, -5, -5, -44, -11,
    -21, -11, -27, -8, -3, -6, -79, -79,
    -39, -15, -15, -15, -15, -75, -22, -22,
    -22, -22, -66, -31, -58, -40, -61, -29,
    -65, -65, -25, 6, -6, -45, -40, -45,
    -22, -22, -44, -17, -17, -17, -17, 11,
    -22, -22, -14, -39, -22, -39, -11, -11,
    -17, -5, -5, -5, -5, -32, -18, -32,
    -11, -10, -10, -10, -10
};

/*Collect the kern pair's data in one place*/
static const lv_font_fmt_txt_kern_pair_t kern_pairs =
{
    .glyph_ids = kern_pair_glyph_ids,
    .values = kern_pair_values,
    .pair_cnt = 85,
    .glyph_ids_size = 0
};

/*--------------------
 *  ALL CUSTOM DATA
 *--------------------*/

#if LVGL_VERSION_MAJOR == 8
/*Store all the custom data of the font*/
static  lv_font_fmt_txt_glyph_cache_t cache;
#endif

#if LVGL_VERSION_MAJOR >= 8
static const lv_font_fmt_txt_dsc_t font_dsc = {
#else
static lv_font_fmt_txt_dsc_t font_dsc = {
#endif
    .glyph_bitmap = glyph_bitmap,
    .glyph_dsc = glyph_dsc,
    .cmaps = cmaps,
    .kern_dsc = &kern_pairs,
    .kern_scale = 16,
    .cmap_num = 2,
    .bpp = 8,
    .kern_classes = 0,
    .bitmap_format = 0,
#if LVGL_VERSION_MAJOR == 8
    .cache = &cache
#endif
};



/*-----------------
 *  PUBLIC FONT
 *----------------*/

/*Initialize a public general font descriptor*/
#if LVGL_VERSION_MAJOR >= 8
const lv_font_t DINish_SemiBold_A8_36 = {
#else
lv_font_t DINish_SemiBold_A8_36 = {
#endif
    .get_glyph_dsc = lv_font_get_glyph_dsc_fmt_txt,    /*Function pointer to get glyph's data*/
    .get_glyph_bitmap = lv_font_get_bitmap_fmt_txt,    /*Function pointer to get glyph's bitmap*/
    .line_height = 35,          /*The maximum line height required by the font*/
    .base_line = 7,             /*Baseline measured from the bottom of the line*/
#if !(LVGL_VERSION_MAJOR == 6 && LVGL_VERSION_MINOR == 0)
    .subpx = LV_FONT_SUBPX_NONE,
#endif
#if LV_VERSION_CHECK(7, 4, 0) || LVGL_VERSION_MAJOR >= 8
    .underline_position = -5,
    .underline_thickness = 2,
#endif
    .dsc = &font_dsc,          /*The custom font data. Will be accessed by `get_glyph_bitmap/dsc` */
#if LV_VERSION_CHECK(8, 2, 0) || LVGL_VERSION_MAJOR >= 9
    .fallback = NULL,
#endif
    .user_data = NULL,
};



#endif /*#if DINISH_SEMIBOLD_A8_36*/

