#include <lvgl.h>
/*******************************************************************************
 * Size: 57 px
 * Bpp: 2
 * Opts: --font ttf/DINish-SemiBold.ttf --bpp 2 --size 57 --no-compress --format lvgl --r 0x21-0x60,0x7B-0x7E -o 57/DINish_SemiBold_57.c
 ******************************************************************************/


#ifndef DINISH_SEMIBOLD_57
#define DINISH_SEMIBOLD_57 1
#endif

#if DINISH_SEMIBOLD_57

/*-----------------
 *    BITMAPS
 *----------------*/

/*Store the image of the glyphs*/
static LV_ATTRIBUTE_LARGE_CONST const uint8_t glyph_bitmap[] = {
    /* U+0021 "!" */
    0x7f, 0xfd, 0x7f, 0xfd, 0x7f, 0xfd, 0x7f, 0xfd,
    0x7f, 0xfd, 0x7f, 0xfd, 0x3f, 0xfc, 0x3f, 0xfc,
    0x3f, 0xfc, 0x3f, 0xfc, 0x3f, 0xfc, 0x3f, 0xfc,
    0x3f, 0xfc, 0x3f, 0xfc, 0x3f, 0xfc, 0x3f, 0xfc,
    0x3f, 0xfc, 0x2f, 0xf8, 0x2f, 0xf8, 0x2f, 0xf8,
    0x2f, 0xf8, 0x2f, 0xf8, 0x1f, 0xf8, 0x1f, 0xf4,
    0x1f, 0xf4, 0x1f, 0xf4, 0x1f, 0xf4, 0x0, 0x0,
    0x0, 0x0, 0x0, 0x0, 0x0, 0x0, 0x0, 0x0,
    0x0, 0x0, 0x2a, 0xa9, 0x7f, 0xfd, 0x7f, 0xfd,
    0x7f, 0xfd, 0x7f, 0xfd, 0x7f, 0xfd, 0x7f, 0xfd,

    /* U+0022 "\"" */
    0xbf, 0xf0, 0xf, 0xff, 0xbf, 0xf0, 0xf, 0xff,
    0xbf, 0xf0, 0xf, 0xff, 0xbf, 0xf0, 0xf, 0xff,
    0xbf, 0xf0, 0xf, 0xff, 0xbf, 0xf0, 0xf, 0xff,
    0xbf, 0xf0, 0xf, 0xff, 0xbf, 0xf0, 0xf, 0xff,
    0xbf, 0xf0, 0xf, 0xff, 0xbf, 0xf0, 0xf, 0xff,
    0xbf, 0xf0, 0xf, 0xff, 0xbf, 0xf0, 0xf, 0xff,
    0xbf, 0xf0, 0xf, 0xff, 0xbf, 0xf0, 0xf, 0xff,
    0xbf, 0xf0, 0xf, 0xff, 0x7f, 0xf0, 0xb, 0xff,

    /* U+0023 "#" */
    0x0, 0x0, 0xff, 0xc0, 0x1, 0xff, 0xc0, 0x0,
    0x0, 0x3f, 0xf0, 0x0, 0x7f, 0xe0, 0x0, 0x0,
    0xf, 0xfc, 0x0, 0x2f, 0xf8, 0x0, 0x0, 0x7,
    0xfe, 0x0, 0xb, 0xfd, 0x0, 0x0, 0x1, 0xff,
    0x80, 0x3, 0xff, 0x40, 0x0, 0x0, 0xbf, 0xd0,
    0x0, 0xff, 0xc0, 0x0, 0x0, 0x2f, 0xf4, 0x0,
    0x3f, 0xf0, 0x0, 0x0, 0xf, 0xfc, 0x0, 0xf,
    0xfc, 0x0, 0x0, 0x3, 0xff, 0x0, 0x7, 0xff,
    0x0, 0x0, 0x0, 0xff, 0xc0, 0x1, 0xff, 0x80,
    0x0, 0x0, 0x3f, 0xf0, 0x0, 0xbf, 0xe0, 0x0,
    0x6a, 0xaf, 0xfe, 0xaa, 0xbf, 0xfe, 0xa8, 0x1f,
    0xff, 0xff, 0xff, 0xff, 0xff, 0xff, 0x7, 0xff,
    0xff, 0xff, 0xff, 0xff, 0xff, 0xc1, 0xff, 0xff,
    0xff, 0xff, 0xff, 0xff, 0xf0, 0x7f, 0xff, 0xff,
    0xff, 0xff, 0xff, 0xfc, 0x0, 0xf, 0xfc, 0x0,
    0x1f, 0xfc, 0x0, 0x0, 0x3, 0xff, 0x0, 0x7,
    0xfe, 0x0, 0x0, 0x1, 0xff, 0xc0, 0x2, 0xff,
    0x80, 0x0, 0x0, 0x7f, 0xe0, 0x0, 0xbf, 0xd0,
    0x0, 0x0, 0x2f, 0xf8, 0x0, 0x3f, 0xf4, 0x0,
    0x0, 0xb, 0xfd, 0x0, 0xf, 0xfc, 0x0, 0x0,
    0x3, 0xff, 0x40, 0x3, 0xff, 0x0, 0x1, 0xaa,
    0xff, 0xea, 0xaa, 0xff, 0xea, 0x90, 0xff, 0xff,
    0xff, 0xff, 0xff, 0xff, 0xf8, 0x3f, 0xff, 0xff,
    0xff, 0xff, 0xff, 0xfe, 0xf, 0xff, 0xff, 0xff,
    0xff, 0xff, 0xff, 0x83, 0xff, 0xff, 0xff, 0xff,
    0xff, 0xff, 0xe0, 0x0, 0xbf, 0xe0, 0x0, 0xff,
    0xd0, 0x0, 0x0, 0x2f, 0xf4, 0x0, 0x3f, 0xf0,
    0x0, 0x0, 0xf, 0xfd, 0x0, 0xf, 0xfc, 0x0,
    0x0, 0x3, 0xff, 0x0, 0x3, 0xff, 0x0, 0x0,
    0x0, 0xff, 0xc0, 0x1, 0xff, 0x80, 0x0, 0x0,
    0x3f, 0xf0, 0x0, 0x7f, 0xe0, 0x0, 0x0, 0x1f,
    0xf8, 0x0, 0x2f, 0xf4, 0x0, 0x0, 0x7, 0xfe,
    0x0, 0xb, 0xfd, 0x0, 0x0, 0x2, 0xff, 0x40,
    0x3, 0xff, 0x0, 0x0, 0x0, 0xbf, 0xd0, 0x0,
    0xff, 0xc0, 0x0, 0x0, 0x3f, 0xf0, 0x0, 0x3f,
    0xf0, 0x0, 0x0, 0xf, 0xfc, 0x0, 0xf, 0xfc,
    0x0, 0x0,

    /* U+0024 "$" */
    0x0, 0x0, 0xf, 0xfc, 0x0, 0x0, 0x0, 0x0,
    0xf, 0xfc, 0x0, 0x0, 0x0, 0x0, 0xf, 0xfc,
    0x0, 0x0, 0x0, 0x0, 0xf, 0xfc, 0x0, 0x0,
    0x0, 0x0, 0x1f, 0xfd, 0x0, 0x0, 0x0, 0x2,
    0xff, 0xff, 0xe0, 0x0, 0x0, 0x2f, 0xff, 0xff,
    0xfd, 0x0, 0x0, 0xbf, 0xff, 0xff, 0xff, 0x80,
    0x2, 0xff, 0xff, 0xff, 0xff, 0xd0, 0x3, 0xff,
    0xfe, 0xaf, 0xff, 0xf0, 0xb, 0xff, 0xc0, 0x1,
    0xff, 0xf8, 0xf, 0xff, 0x0, 0x0, 0x7f, 0xfc,
    0x1f, 0xfe, 0x0, 0x0, 0x3f, 0xfc, 0x1f, 0xfd,
    0x0, 0x0, 0x2f, 0xfd, 0x1f, 0xfd, 0x0, 0x0,
    0x1f, 0xfd, 0x1f, 0xfe, 0x0, 0x0, 0x0, 0x0,
    0x1f, 0xff, 0x0, 0x0, 0x0, 0x0, 0xf, 0xff,
    0x80, 0x0, 0x0, 0x0, 0xf, 0xff, 0xf4, 0x0,
    0x0, 0x0, 0xb, 0xff, 0xff, 0x90, 0x0, 0x0,
    0x3, 0xff, 0xff, 0xff, 0xe0, 0x0, 0x1, 0xff,
    0xff, 0xff, 0xfe, 0x0, 0x0, 0x3f, 0xff, 0xff,
    0xff, 0xc0, 0x0, 0x7, 0xff, 0xff, 0xff, 0xf0,
    0x0, 0x0, 0x6f, 0xff, 0xff, 0xf8, 0x0, 0x0,
    0x0, 0x6f, 0xff, 0xfc, 0x0, 0x0, 0x0, 0x1,
    0xff, 0xfd, 0x0, 0x0, 0x0, 0x0, 0x3f, 0xfe,
    0x0, 0x0, 0x0, 0x0, 0x1f, 0xff, 0x0, 0x0,
    0x0, 0x0, 0xf, 0xff, 0x3f, 0xf4, 0x0, 0x0,
    0xf, 0xff, 0x3f, 0xf8, 0x0, 0x0, 0xf, 0xff,
    0x3f, 0xfc, 0x0, 0x0, 0xf, 0xff, 0x2f, 0xfe,
    0x0, 0x0, 0x2f, 0xfe, 0x1f, 0xff, 0x40, 0x0,
    0x7f, 0xfd, 0xf, 0xff, 0xf5, 0x5b, 0xff, 0xfc,
    0x3, 0xff, 0xff, 0xff, 0xff, 0xf0, 0x1, 0xff,
    0xff, 0xff, 0xff, 0xd0, 0x0, 0x7f, 0xff, 0xff,
    0xff, 0x40, 0x0, 0xb, 0xff, 0xff, 0xf8, 0x0,
    0x0, 0x0, 0x6f, 0xfe, 0x40, 0x0, 0x0, 0x0,
    0xf, 0xfc, 0x0, 0x0, 0x0, 0x0, 0xf, 0xfc,
    0x0, 0x0, 0x0, 0x0, 0xf, 0xfc, 0x0, 0x0,
    0x0, 0x0, 0xf, 0xfc, 0x0, 0x0, 0x0, 0x0,
    0xf, 0xfc, 0x0, 0x0,

    /* U+0025 "%" */
    0x0, 0x6, 0xa4, 0x0, 0x0, 0x0, 0x0, 0x0,
    0x0, 0x0, 0x0, 0x0, 0x0, 0xbf, 0xff, 0xd0,
    0x0, 0x0, 0x0, 0x0, 0xff, 0xc0, 0x0, 0x0,
    0x3, 0xff, 0xff, 0xf8, 0x0, 0x0, 0x0, 0x1,
    0xff, 0x80, 0x0, 0x0, 0xf, 0xff, 0xff, 0xfd,
    0x0, 0x0, 0x0, 0x3, 0xff, 0x0, 0x0, 0x0,
    0x1f, 0xff, 0xff, 0xff, 0x0, 0x0, 0x0, 0x7,
    0xfd, 0x0, 0x0, 0x0, 0x2f, 0xfd, 0xb, 0xff,
    0x0, 0x0, 0x0, 0xf, 0xfc, 0x0, 0x0, 0x0,
    0x3f, 0xf8, 0x3, 0xff, 0x40, 0x0, 0x0, 0x2f,
    0xf4, 0x0, 0x0, 0x0, 0x3f, 0xf4, 0x3, 0xff,
    0x80, 0x0, 0x0, 0x3f, 0xf0, 0x0, 0x0, 0x0,
    0x3f, 0xf4, 0x3, 0xff, 0x80, 0x0, 0x0, 0xbf,
    0xd0, 0x0, 0x0, 0x0, 0x3f, 0xf4, 0x3, 0xff,
    0x80, 0x0, 0x0, 0xff, 0x80, 0x0, 0x0, 0x0,
    0x3f, 0xf4, 0x3, 0xff, 0x80, 0x0, 0x3, 0xff,
    0x0, 0x0, 0x0, 0x0, 0x3f, 0xf4, 0x3, 0xff,
    0x80, 0x0, 0x7, 0xfe, 0x0, 0x0, 0x0, 0x0,
    0x3f, 0xf4, 0x3, 0xff, 0x80, 0x0, 0xf, 0xfc,
    0x0, 0x0, 0x0, 0x0, 0x3f, 0xf4, 0x3, 0xff,
    0x80, 0x0, 0x1f, 0xf8, 0x0, 0x0, 0x0, 0x0,
    0x3f, 0xf4, 0x3, 0xff, 0x80, 0x0, 0x3f, 0xf0,
    0x0, 0x0, 0x0, 0x0, 0x3f, 0xf4, 0x3, 0xff,
    0x80, 0x0, 0x7f, 0xd0, 0x0, 0x0, 0x0, 0x0,
    0x3f, 0xf4, 0x3, 0xff, 0x80, 0x0, 0xff, 0xc0,
    0x0, 0x6a, 0x90, 0x0, 0x3f, 0xf4, 0x3, 0xff,
    0x80, 0x2, 0xff, 0x40, 0x7, 0xff, 0xff, 0x0,
    0x3f, 0xf4, 0x3, 0xff, 0x80, 0x3, 0xff, 0x0,
    0x1f, 0xff, 0xff, 0xd0, 0x3f, 0xf8, 0x3, 0xff,
    0x40, 0xb, 0xfd, 0x0, 0x7f, 0xff, 0xff, 0xf0,
    0x3f, 0xfc, 0x7, 0xff, 0x0, 0xf, 0xfc, 0x0,
    0xff, 0xff, 0xff, 0xf8, 0x2f, 0xff, 0xbf, 0xff,
    0x0, 0x2f, 0xf0, 0x0, 0xff, 0xf0, 0x7f, 0xfc,
    0xf, 0xff, 0xff, 0xfd, 0x0, 0x7f, 0xe0, 0x1,
    0xff, 0xc0, 0x2f, 0xfc, 0x7, 0xff, 0xff, 0xfc,
    0x0, 0xff, 0xc0, 0x1, 0xff, 0xc0, 0x1f, 0xfc,
    0x1, 0xff, 0xff, 0xf0, 0x1, 0xff, 0x80, 0x2,
    0xff, 0xc0, 0xf, 0xfc, 0x0, 0x1f, 0xfe, 0x40,
    0x3, 0xff, 0x0, 0x2, 0xff, 0xc0, 0xf, 0xfc,
    0x0, 0x0, 0x0, 0x0, 0x7, 0xfe, 0x0, 0x2,
    0xff, 0xc0, 0xf, 0xfc, 0x0, 0x0, 0x0, 0x0,
    0xf, 0xfc, 0x0, 0x2, 0xff, 0xc0, 0xf, 0xfc,
    0x0, 0x0, 0x0, 0x0, 0x2f, 0xf4, 0x0, 0x2,
    0xff, 0xc0, 0xf, 0xfc, 0x0, 0x0, 0x0, 0x0,
    0x3f, 0xf0, 0x0, 0x2, 0xff, 0xc0, 0xf, 0xfc,
    0x0, 0x0, 0x0, 0x0, 0xbf, 0xd0, 0x0, 0x2,
    0xff, 0xc0, 0xf, 0xfc, 0x0, 0x0, 0x0, 0x0,
    0xff, 0xc0, 0x0, 0x2, 0xff, 0xc0, 0xf, 0xfc,
    0x0, 0x0, 0x0, 0x2, 0xff, 0x40, 0x0, 0x2,
    0xff, 0xc0, 0xf, 0xfc, 0x0, 0x0, 0x0, 0x3,
    0xfe, 0x0, 0x0, 0x2, 0xff, 0xc0, 0xf, 0xfc,
    0x0, 0x0, 0x0, 0xf, 0xfc, 0x0, 0x0, 0x2,
    0xff, 0xc0, 0x1f, 0xfc, 0x0, 0x0, 0x0, 0x1f,
    0xf8, 0x0, 0x0, 0x1, 0xff, 0xc0, 0x1f, 0xfc,
    0x0, 0x0, 0x0, 0x3f, 0xf0, 0x0, 0x0, 0x0,
    0xff, 0xe0, 0x3f, 0xfc, 0x0, 0x0, 0x0, 0x7f,
    0xe0, 0x0, 0x0, 0x0, 0xff, 0xfe, 0xff, 0xf8,
    0x0, 0x0, 0x0, 0xff, 0xc0, 0x0, 0x0, 0x0,
    0x7f, 0xff, 0xff, 0xf0, 0x0, 0x0, 0x2, 0xff,
    0x40, 0x0, 0x0, 0x0, 0x3f, 0xff, 0xff, 0xd0,
    0x0, 0x0, 0x3, 0xff, 0x0, 0x0, 0x0, 0x0,
    0xb, 0xff, 0xff, 0x40, 0x0, 0x0, 0x0, 0x0,
    0x0, 0x0, 0x0, 0x0, 0x0, 0xbf, 0xf8, 0x0,

    /* U+0026 "&" */
    0x0, 0x0, 0x1a, 0xf9, 0x0, 0x0, 0x0, 0x0,
    0x0, 0xf, 0xff, 0xfe, 0x0, 0x0, 0x0, 0x0,
    0x7, 0xff, 0xff, 0xfc, 0x0, 0x0, 0x0, 0x1,
    0xff, 0xff, 0xff, 0xf0, 0x0, 0x0, 0x0, 0x3f,
    0xff, 0xff, 0xff, 0x80, 0x0, 0x0, 0xb, 0xff,
    0xd0, 0x7f, 0xfc, 0x0, 0x0, 0x0, 0xff, 0xf0,
    0x1, 0xff, 0xd0, 0x0, 0x0, 0xf, 0xfe, 0x0,
    0xf, 0xfe, 0x0, 0x0, 0x1, 0xff, 0xd0, 0x0,
    0xbf, 0xf0, 0x0, 0x0, 0x1f, 0xfd, 0x0, 0xf,
    0xff, 0x0, 0x0, 0x1, 0xff, 0xe0, 0x0, 0xff,
    0xf0, 0x0, 0x0, 0xf, 0xff, 0x0, 0x1f, 0xfe,
    0x0, 0x0, 0x0, 0xbf, 0xf8, 0x3, 0xff, 0xc0,
    0x0, 0x0, 0x7, 0xff, 0xd0, 0xff, 0xfc, 0x0,
    0x0, 0x0, 0x2f, 0xff, 0x7f, 0xff, 0x0, 0x0,
    0x0, 0x0, 0xff, 0xff, 0xff, 0xd0, 0x0, 0x0,
    0x0, 0xb, 0xff, 0xff, 0xf8, 0x0, 0x0, 0x0,
    0x0, 0x3f, 0xff, 0xfe, 0x0, 0x0, 0x0, 0x0,
    0x0, 0xff, 0xff, 0x80, 0x0, 0x0, 0x0, 0x0,
    0x2f, 0xff, 0xe0, 0x0, 0x0, 0x0, 0x0, 0xf,
    0xff, 0xff, 0x0, 0x0, 0x0, 0x0, 0x3, 0xff,
    0xff, 0xf8, 0x0, 0x0, 0x0, 0x0, 0xbf, 0xff,
    0xff, 0xd0, 0x0, 0x0, 0x0, 0x2f, 0xff, 0xef,
    0xff, 0x0, 0xb, 0x0, 0x7, 0xff, 0xf0, 0xff,
    0xfc, 0x1, 0xfd, 0x0, 0xff, 0xfc, 0x7, 0xff,
    0xe0, 0x7f, 0xf4, 0x1f, 0xff, 0x0, 0x2f, 0xff,
    0x4f, 0xff, 0x42, 0xff, 0xd0, 0x0, 0xff, 0xff,
    0xff, 0xe0, 0x3f, 0xfc, 0x0, 0x3, 0xff, 0xff,
    0xfc, 0x3, 0xff, 0x80, 0x0, 0x2f, 0xff, 0xff,
    0x0, 0x3f, 0xf8, 0x0, 0x0, 0xff, 0xff, 0xd0,
    0x3, 0xff, 0x80, 0x0, 0x3, 0xff, 0xf8, 0x0,
    0x3f, 0xfc, 0x0, 0x0, 0x2f, 0xff, 0x40, 0x3,
    0xff, 0xd0, 0x0, 0xb, 0xff, 0xfc, 0x0, 0x2f,
    0xff, 0x0, 0x2, 0xff, 0xff, 0xf0, 0x0, 0xff,
    0xfe, 0x56, 0xff, 0xff, 0xff, 0xd4, 0xb, 0xff,
    0xff, 0xff, 0xff, 0xbf, 0xff, 0xc0, 0x3f, 0xff,
    0xff, 0xff, 0xd2, 0xff, 0xfc, 0x0, 0xff, 0xff,
    0xff, 0xf4, 0xf, 0xff, 0xc0, 0x2, 0xff, 0xff,
    0xf8, 0x0, 0x3f, 0xfc, 0x0, 0x2, 0xff, 0xf8,
    0x0, 0x0, 0xbf, 0xc0,

    /* U+0027 "'" */
    0xbf, 0xf2, 0xff, 0xcb, 0xff, 0x2f, 0xfc, 0xbf,
    0xf2, 0xff, 0xcb, 0xff, 0x2f, 0xfc, 0xbf, 0xf2,
    0xff, 0xcb, 0xff, 0x2f, 0xfc, 0xbf, 0xf2, 0xff,
    0xcb, 0xff, 0x1f, 0xfc,

    /* U+0028 "(" */
    0x0, 0x0, 0x55, 0x0, 0x0, 0x7f, 0xc0, 0x0,
    0x3f, 0xe0, 0x0, 0x2f, 0xf0, 0x0, 0xf, 0xf8,
    0x0, 0xf, 0xfd, 0x0, 0x7, 0xff, 0x0, 0x2,
    0xff, 0x80, 0x0, 0xff, 0xd0, 0x0, 0xbf, 0xf0,
    0x0, 0x3f, 0xf8, 0x0, 0xf, 0xfd, 0x0, 0xb,
    0xff, 0x0, 0x3, 0xff, 0xc0, 0x0, 0xff, 0xf0,
    0x0, 0x3f, 0xf8, 0x0, 0x1f, 0xfd, 0x0, 0xb,
    0xff, 0x40, 0x3, 0xff, 0xc0, 0x0, 0xff, 0xf0,
    0x0, 0x3f, 0xfc, 0x0, 0xf, 0xff, 0x0, 0x3,
    0xff, 0xc0, 0x0, 0xff, 0xf0, 0x0, 0x3f, 0xfc,
    0x0, 0xf, 0xff, 0x0, 0x3, 0xff, 0xc0, 0x0,
    0xff, 0xf0, 0x0, 0x3f, 0xfc, 0x0, 0xf, 0xff,
    0x0, 0x2, 0xff, 0xc0, 0x0, 0xbf, 0xf4, 0x0,
    0x1f, 0xfd, 0x0, 0x3, 0xff, 0x80, 0x0, 0xff,
    0xf0, 0x0, 0x2f, 0xfc, 0x0, 0x7, 0xff, 0x40,
    0x0, 0xff, 0xe0, 0x0, 0x2f, 0xfc, 0x0, 0x7,
    0xff, 0x0, 0x0, 0xff, 0xd0, 0x0, 0x2f, 0xf8,
    0x0, 0x3, 0xff, 0x0, 0x0, 0xbf, 0xd0, 0x0,
    0xf, 0xfc, 0x0, 0x2, 0xff, 0x40, 0x0, 0x3f,
    0xe0, 0x0, 0x7, 0xfc,

    /* U+0029 ")" */
    0x15, 0x40, 0x0, 0xf, 0xf8, 0x0, 0x1, 0xff,
    0x40, 0x0, 0x3f, 0xf0, 0x0, 0x7, 0xfd, 0x0,
    0x0, 0xff, 0xc0, 0x0, 0x2f, 0xf8, 0x0, 0x7,
    0xff, 0x0, 0x0, 0xff, 0xd0, 0x0, 0x2f, 0xfc,
    0x0, 0x7, 0xff, 0x0, 0x0, 0xff, 0xd0, 0x0,
    0x3f, 0xfc, 0x0, 0xb, 0xff, 0x0, 0x1, 0xff,
    0xd0, 0x0, 0x7f, 0xf8, 0x0, 0xf, 0xfe, 0x0,
    0x3, 0xff, 0xc0, 0x0, 0xff, 0xf0, 0x0, 0x3f,
    0xfc, 0x0, 0xb, 0xff, 0x0, 0x2, 0xff, 0xd0,
    0x0, 0xbf, 0xf4, 0x0, 0x2f, 0xfd, 0x0, 0xb,
    0xff, 0x40, 0x2, 0xff, 0xd0, 0x0, 0xbf, 0xf4,
    0x0, 0x2f, 0xfd, 0x0, 0xb, 0xff, 0x0, 0x3,
    0xff, 0xc0, 0x0, 0xff, 0xf0, 0x0, 0x3f, 0xfc,
    0x0, 0xf, 0xfe, 0x0, 0x7, 0xff, 0x40, 0x2,
    0xff, 0xc0, 0x0, 0xff, 0xf0, 0x0, 0x3f, 0xf8,
    0x0, 0x1f, 0xfd, 0x0, 0xb, 0xff, 0x0, 0x3,
    0xff, 0x80, 0x0, 0xff, 0xc0, 0x0, 0x7f, 0xf0,
    0x0, 0x3f, 0xf4, 0x0, 0xf, 0xfc, 0x0, 0xb,
    0xfd, 0x0, 0x3, 0xff, 0x0, 0x1, 0xff, 0x0,
    0x0, 0xff, 0x80, 0x0,

    /* U+002A "*" */
    0x0, 0x3, 0xf4, 0x0, 0x0, 0x0, 0xfd, 0x0,
    0x0, 0x0, 0x3f, 0x40, 0x0, 0x38, 0xf, 0xd0,
    0x34, 0x2f, 0xd3, 0xf4, 0xbf, 0xf, 0xff, 0xff,
    0xff, 0xd0, 0xbf, 0xff, 0xff, 0xc0, 0x2, 0xff,
    0xff, 0x40, 0x0, 0x3f, 0xff, 0x40, 0x0, 0x7f,
    0xff, 0xfc, 0x1, 0xff, 0xff, 0xff, 0xe0, 0xff,
    0xdf, 0xef, 0xfd, 0x1f, 0x83, 0xf4, 0x7f, 0x2,
    0x0, 0xfd, 0x1, 0x0, 0x0, 0x3f, 0x40, 0x0,
    0x0, 0xf, 0xd0, 0x0, 0x0, 0x3, 0xf4, 0x0,
    0x0,

    /* U+002B "+" */
    0x0, 0x0, 0x1, 0x54, 0x0, 0x0, 0x0, 0x0,
    0x3, 0xff, 0xc0, 0x0, 0x0, 0x0, 0x0, 0xff,
    0xf0, 0x0, 0x0, 0x0, 0x0, 0x3f, 0xfc, 0x0,
    0x0, 0x0, 0x0, 0xf, 0xff, 0x0, 0x0, 0x0,
    0x0, 0x3, 0xff, 0xc0, 0x0, 0x0, 0x0, 0x0,
    0xff, 0xf0, 0x0, 0x0, 0x0, 0x0, 0x3f, 0xfc,
    0x0, 0x0, 0x0, 0x0, 0xf, 0xff, 0x0, 0x0,
    0x0, 0x0, 0x3, 0xff, 0xc0, 0x0, 0x3, 0xff,
    0xff, 0xff, 0xff, 0xff, 0xfc, 0xff, 0xff, 0xff,
    0xff, 0xff, 0xff, 0x3f, 0xff, 0xff, 0xff, 0xff,
    0xff, 0xcf, 0xff, 0xff, 0xff, 0xff, 0xff, 0xf3,
    0xff, 0xff, 0xff, 0xff, 0xff, 0xfc, 0xaa, 0xaa,
    0xbf, 0xfe, 0xaa, 0xaa, 0x0, 0x0, 0xf, 0xff,
    0x0, 0x0, 0x0, 0x0, 0x3, 0xff, 0xc0, 0x0,
    0x0, 0x0, 0x0, 0xff, 0xf0, 0x0, 0x0, 0x0,
    0x0, 0x3f, 0xfc, 0x0, 0x0, 0x0, 0x0, 0xf,
    0xff, 0x0, 0x0, 0x0, 0x0, 0x3, 0xff, 0xc0,
    0x0, 0x0, 0x0, 0x0, 0xff, 0xf0, 0x0, 0x0,
    0x0, 0x0, 0x3f, 0xfc, 0x0, 0x0, 0x0, 0x0,
    0xf, 0xff, 0x0, 0x0, 0x0,

    /* U+002C "," */
    0xbf, 0xf2, 0xff, 0xcb, 0xff, 0x2f, 0xfc, 0xbf,
    0xf2, 0xff, 0xcb, 0xff, 0x2f, 0xfc, 0xbf, 0xf2,
    0xff, 0xcb, 0xff, 0x2f, 0xf4, 0xbf, 0x42, 0xf0,
    0xb, 0x0, 0x10, 0x0,

    /* U+002D "-" */
    0x6a, 0xaa, 0xaa, 0xaa, 0x2f, 0xff, 0xff, 0xff,
    0xcb, 0xff, 0xff, 0xff, 0xf2, 0xff, 0xff, 0xff,
    0xfc, 0xbf, 0xff, 0xff, 0xff, 0x2f, 0xff, 0xff,
    0xff, 0xc0,

    /* U+002E "." */
    0x0, 0x0, 0xbf, 0xfd, 0xbf, 0xfd, 0xbf, 0xfd,
    0xbf, 0xfd, 0xbf, 0xfd, 0xbf, 0xfd, 0xbf, 0xfd,

    /* U+002F "/" */
    0x0, 0x0, 0x0, 0x3f, 0xf0, 0x0, 0x0, 0x2,
    0xff, 0x80, 0x0, 0x0, 0xf, 0xfd, 0x0, 0x0,
    0x0, 0x3f, 0xf0, 0x0, 0x0, 0x1, 0xff, 0x80,
    0x0, 0x0, 0xb, 0xfd, 0x0, 0x0, 0x0, 0x3f,
    0xf0, 0x0, 0x0, 0x1, 0xff, 0xc0, 0x0, 0x0,
    0xb, 0xfd, 0x0, 0x0, 0x0, 0x3f, 0xf0, 0x0,
    0x0, 0x0, 0xff, 0xc0, 0x0, 0x0, 0xb, 0xfe,
    0x0, 0x0, 0x0, 0x3f, 0xf4, 0x0, 0x0, 0x0,
    0xff, 0xc0, 0x0, 0x0, 0x7, 0xfe, 0x0, 0x0,
    0x0, 0x2f, 0xf4, 0x0, 0x0, 0x0, 0xff, 0xc0,
    0x0, 0x0, 0x7, 0xff, 0x0, 0x0, 0x0, 0x2f,
    0xf4, 0x0, 0x0, 0x0, 0xff, 0xc0, 0x0, 0x0,
    0x3, 0xff, 0x0, 0x0, 0x0, 0x1f, 0xf8, 0x0,
    0x0, 0x0, 0xff, 0xd0, 0x0, 0x0, 0x3, 0xff,
    0x0, 0x0, 0x0, 0x1f, 0xf8, 0x0, 0x0, 0x0,
    0xbf, 0xd0, 0x0, 0x0, 0x3, 0xff, 0x0, 0x0,
    0x0, 0x1f, 0xfc, 0x0, 0x0, 0x0, 0xbf, 0xe0,
    0x0, 0x0, 0x3, 0xff, 0x0, 0x0, 0x0, 0xf,
    0xfc, 0x0, 0x0, 0x0, 0x7f, 0xe0, 0x0, 0x0,
    0x3, 0xff, 0x40, 0x0, 0x0, 0xf, 0xfc, 0x0,
    0x0, 0x0, 0x7f, 0xe0, 0x0, 0x0, 0x2, 0xff,
    0x40, 0x0, 0x0, 0xf, 0xfc, 0x0, 0x0, 0x0,
    0x7f, 0xf0, 0x0, 0x0, 0x2, 0xff, 0x80, 0x0,
    0x0, 0xf, 0xfc, 0x0, 0x0, 0x0, 0x2a, 0x90,
    0x0, 0x0, 0x0,

    /* U+0030 "0" */
    0x0, 0x1, 0xbf, 0xf9, 0x0, 0x0, 0x0, 0xbf,
    0xff, 0xff, 0x80, 0x0, 0xf, 0xff, 0xff, 0xff,
    0xc0, 0x0, 0xff, 0xff, 0xff, 0xff, 0xc0, 0xf,
    0xff, 0xff, 0xff, 0xff, 0x80, 0x7f, 0xff, 0xfb,
    0xff, 0xff, 0x43, 0xff, 0xf8, 0x0, 0xbf, 0xfe,
    0xf, 0xff, 0x80, 0x0, 0xff, 0xfc, 0x7f, 0xfc,
    0x0, 0x1, 0xff, 0xf2, 0xff, 0xf0, 0x0, 0x3,
    0xff, 0xdb, 0xff, 0x80, 0x0, 0xf, 0xff, 0xaf,
    0xfe, 0x0, 0x0, 0x3f, 0xfe, 0xff, 0xf8, 0x0,
    0x0, 0xbf, 0xfb, 0xff, 0xe0, 0x0, 0x2, 0xff,
    0xef, 0xff, 0x80, 0x0, 0xb, 0xff, 0xbf, 0xfe,
    0x0, 0x0, 0x2f, 0xfe, 0xff, 0xf8, 0x0, 0x0,
    0xbf, 0xfb, 0xff, 0xe0, 0x0, 0x2, 0xff, 0xef,
    0xff, 0x80, 0x0, 0xb, 0xff, 0xbf, 0xfe, 0x0,
    0x0, 0x2f, 0xfe, 0xff, 0xf8, 0x0, 0x0, 0xbf,
    0xfb, 0xff, 0xe0, 0x0, 0x2, 0xff, 0xef, 0xff,
    0x80, 0x0, 0xb, 0xff, 0xbf, 0xfe, 0x0, 0x0,
    0x2f, 0xfe, 0xff, 0xf8, 0x0, 0x0, 0xbf, 0xfb,
    0xff, 0xe0, 0x0, 0x2, 0xff, 0xef, 0xff, 0x80,
    0x0, 0xb, 0xff, 0xbf, 0xfe, 0x0, 0x0, 0x2f,
    0xfe, 0xff, 0xf8, 0x0, 0x0, 0xbf, 0xfa, 0xff,
    0xe0, 0x0, 0x3, 0xff, 0xeb, 0xff, 0x80, 0x0,
    0xf, 0xff, 0x6f, 0xff, 0x0, 0x0, 0x3f, 0xfd,
    0x7f, 0xfc, 0x0, 0x1, 0xff, 0xf0, 0xff, 0xf8,
    0x0, 0xf, 0xff, 0xc3, 0xff, 0xf8, 0x0, 0xbf,
    0xfe, 0x7, 0xff, 0xfe, 0xaf, 0xff, 0xf0, 0xf,
    0xff, 0xff, 0xff, 0xff, 0x80, 0xf, 0xff, 0xff,
    0xff, 0xfc, 0x0, 0xf, 0xff, 0xff, 0xff, 0xc0,
    0x0, 0xb, 0xff, 0xff, 0xf8, 0x0, 0x0, 0x1,
    0xbf, 0xf9, 0x0, 0x0,

    /* U+0031 "1" */
    0x0, 0xb, 0xff, 0xd0, 0x3, 0xff, 0xfd, 0x1,
    0xff, 0xff, 0xd0, 0xbf, 0xff, 0xfd, 0x2f, 0xff,
    0xff, 0xdb, 0xff, 0xff, 0xfd, 0xbf, 0xff, 0xff,
    0xdb, 0xff, 0xbf, 0xfd, 0xbf, 0xd3, 0xff, 0xdb,
    0xf0, 0x3f, 0xfd, 0xb8, 0x3, 0xff, 0xd9, 0x0,
    0x3f, 0xfd, 0x0, 0x3, 0xff, 0xd0, 0x0, 0x3f,
    0xfd, 0x0, 0x3, 0xff, 0xd0, 0x0, 0x3f, 0xfd,
    0x0, 0x3, 0xff, 0xd0, 0x0, 0x3f, 0xfd, 0x0,
    0x3, 0xff, 0xd0, 0x0, 0x3f, 0xfd, 0x0, 0x3,
    0xff, 0xd0, 0x0, 0x3f, 0xfd, 0x0, 0x3, 0xff,
    0xd0, 0x0, 0x3f, 0xfd, 0x0, 0x3, 0xff, 0xd0,
    0x0, 0x3f, 0xfd, 0x0, 0x3, 0xff, 0xd0, 0x0,
    0x3f, 0xfd, 0x0, 0x3, 0xff, 0xd0, 0x0, 0x3f,
    0xfd, 0x0, 0x3, 0xff, 0xd0, 0x0, 0x3f, 0xfd,
    0x0, 0x3, 0xff, 0xd0, 0x0, 0x3f, 0xfd, 0x0,
    0x3, 0xff, 0xd0, 0x0, 0x3f, 0xfd, 0x0, 0x3,
    0xff, 0xd0, 0x0, 0x3f, 0xfd, 0x0, 0x3, 0xff,
    0xd0, 0x0, 0x3f, 0xfd,

    /* U+0032 "2" */
    0x0, 0x1, 0xbf, 0xf9, 0x0, 0x0, 0x0, 0x7f,
    0xff, 0xff, 0x80, 0x0, 0xb, 0xff, 0xff, 0xff,
    0xc0, 0x0, 0xbf, 0xff, 0xff, 0xff, 0xc0, 0x7,
    0xff, 0xff, 0xff, 0xff, 0xc0, 0x3f, 0xff, 0xea,
    0xff, 0xff, 0x81, 0xff, 0xf8, 0x0, 0x7f, 0xff,
    0xf, 0xff, 0xc0, 0x0, 0x7f, 0xfd, 0x3f, 0xfd,
    0x0, 0x0, 0xff, 0xf8, 0xff, 0xf0, 0x0, 0x2,
    0xff, 0xf3, 0xff, 0xc0, 0x0, 0xb, 0xff, 0xca,
    0xaa, 0x0, 0x0, 0x2f, 0xff, 0x0, 0x0, 0x0,
    0x0, 0xbf, 0xf8, 0x0, 0x0, 0x0, 0x3, 0xff,
    0xe0, 0x0, 0x0, 0x0, 0x1f, 0xff, 0x40, 0x0,
    0x0, 0x0, 0xff, 0xfc, 0x0, 0x0, 0x0, 0x7,
    0xff, 0xe0, 0x0, 0x0, 0x0, 0x3f, 0xff, 0x0,
    0x0, 0x0, 0x3, 0xff, 0xf8, 0x0, 0x0, 0x0,
    0x2f, 0xff, 0xc0, 0x0, 0x0, 0x1, 0xff, 0xfc,
    0x0, 0x0, 0x0, 0xf, 0xff, 0xd0, 0x0, 0x0,
    0x0, 0xff, 0xfe, 0x0, 0x0, 0x0, 0xb, 0xff,
    0xf0, 0x0, 0x0, 0x0, 0x7f, 0xff, 0x0, 0x0,
    0x0, 0x3, 0xff, 0xf4, 0x0, 0x0, 0x0, 0x2f,
    0xff, 0x80, 0x0, 0x0, 0x2, 0xff, 0xfc, 0x0,
    0x0, 0x0, 0x1f, 0xff, 0xd0, 0x0, 0x0, 0x0,
    0xff, 0xfe, 0x0, 0x0, 0x0, 0xb, 0xff, 0xf0,
    0x0, 0x0, 0x0, 0xbf, 0xff, 0x0, 0x0, 0x0,
    0x7, 0xff, 0xf4, 0x0, 0x0, 0x0, 0x3f, 0xff,
    0x80, 0x0, 0x0, 0x2, 0xff, 0xfe, 0xaa, 0xaa,
    0xaa, 0x8f, 0xff, 0xff, 0xff, 0xff, 0xff, 0x3f,
    0xff, 0xff, 0xff, 0xff, 0xfc, 0xff, 0xff, 0xff,
    0xff, 0xff, 0xf3, 0xff, 0xff, 0xff, 0xff, 0xff,
    0xcf, 0xff, 0xff, 0xff, 0xff, 0xff,

    /* U+0033 "3" */
    0x0, 0x1, 0xbf, 0xfe, 0x40, 0x0, 0x0, 0x1f,
    0xff, 0xff, 0xf4, 0x0, 0x0, 0xbf, 0xff, 0xff,
    0xfe, 0x0, 0x2, 0xff, 0xff, 0xff, 0xff, 0x40,
    0x7, 0xff, 0xff, 0xff, 0xff, 0xc0, 0xf, 0xff,
    0xfa, 0xbf, 0xff, 0xf0, 0xf, 0xff, 0x80, 0x7,
    0xff, 0xf0, 0x1f, 0xff, 0x0, 0x1, 0xff, 0xf4,
    0x2f, 0xfd, 0x0, 0x0, 0xff, 0xf8, 0x2f, 0xfc,
    0x0, 0x0, 0xbf, 0xf8, 0x3f, 0xfc, 0x0, 0x0,
    0x7f, 0xfc, 0x5, 0x54, 0x0, 0x0, 0x7f, 0xf8,
    0x0, 0x0, 0x0, 0x0, 0x7f, 0xf8, 0x0, 0x0,
    0x0, 0x0, 0xbf, 0xf8, 0x0, 0x0, 0x0, 0x0,
    0xff, 0xf0, 0x0, 0x0, 0x0, 0x2, 0xff, 0xf0,
    0x0, 0x0, 0x0, 0x1f, 0xff, 0xc0, 0x0, 0x0,
    0x1f, 0xff, 0xff, 0x40, 0x0, 0x0, 0x1f, 0xff,
    0xfd, 0x0, 0x0, 0x0, 0x1f, 0xff, 0xf8, 0x0,
    0x0, 0x0, 0x1f, 0xff, 0xff, 0x40, 0x0, 0x0,
    0x1f, 0xff, 0xff, 0xc0, 0x0, 0x0, 0xa, 0xbf,
    0xff, 0xf0, 0x0, 0x0, 0x0, 0x3, 0xff, 0xf4,
    0x0, 0x0, 0x0, 0x0, 0xff, 0xfc, 0x0, 0x0,
    0x0, 0x0, 0x7f, 0xfc, 0x0, 0x0, 0x0, 0x0,
    0x3f, 0xfc, 0x0, 0x0, 0x0, 0x0, 0x3f, 0xfd,
    0x0, 0x0, 0x0, 0x0, 0x3f, 0xfd, 0x0, 0x0,
    0x0, 0x0, 0x3f, 0xfd, 0x3f, 0xfc, 0x0, 0x0,
    0x3f, 0xfd, 0x3f, 0xfc, 0x0, 0x0, 0x3f, 0xfd,
    0x3f, 0xfc, 0x0, 0x0, 0x7f, 0xfc, 0x3f, 0xfe,
    0x0, 0x0, 0xff, 0xfc, 0x2f, 0xff, 0x80, 0x2,
    0xff, 0xf4, 0xf, 0xff, 0xfa, 0xaf, 0xff, 0xf0,
    0xb, 0xff, 0xff, 0xff, 0xff, 0xd0, 0x3, 0xff,
    0xff, 0xff, 0xff, 0x80, 0x0, 0xff, 0xff, 0xff,
    0xfe, 0x0, 0x0, 0x1f, 0xff, 0xff, 0xf4, 0x0,
    0x0, 0x1, 0xbf, 0xfe, 0x0, 0x0,

    /* U+0034 "4" */
    0x0, 0x0, 0x2, 0xff, 0xf0, 0x0, 0x0, 0x0,
    0x0, 0x3f, 0xfd, 0x0, 0x0, 0x0, 0x0, 0x7,
    0xff, 0xc0, 0x0, 0x0, 0x0, 0x0, 0xff, 0xf8,
    0x0, 0x0, 0x0, 0x0, 0xf, 0xff, 0x0, 0x0,
    0x0, 0x0, 0x2, 0xff, 0xe0, 0x0, 0x0, 0x0,
    0x0, 0x3f, 0xfd, 0x0, 0x0, 0x0, 0x0, 0x7,
    0xff, 0xc0, 0x0, 0x0, 0x0, 0x0, 0xff, 0xf4,
    0x0, 0x0, 0x0, 0x0, 0x1f, 0xff, 0x0, 0x0,
    0x0, 0x0, 0x2, 0xff, 0xe0, 0x0, 0x0, 0x0,
    0x0, 0x3f, 0xfc, 0x0, 0x0, 0x0, 0x0, 0xb,
    0xff, 0xc0, 0x0, 0x0, 0x0, 0x0, 0xff, 0xf4,
    0x0, 0x0, 0x0, 0x0, 0x1f, 0xff, 0x0, 0x0,
    0x0, 0x0, 0x3, 0xff, 0xe0, 0x0, 0x0, 0x0,
    0x0, 0x3f, 0xfc, 0x0, 0x0, 0x0, 0x0, 0xb,
    0xff, 0x80, 0x5, 0x54, 0x0, 0x0, 0xff, 0xf4,
    0x3, 0xff, 0xd0, 0x0, 0x2f, 0xff, 0x0, 0x3f,
    0xfd, 0x0, 0x3, 0xff, 0xd0, 0x3, 0xff, 0xd0,
    0x0, 0x7f, 0xfc, 0x0, 0x3f, 0xfd, 0x0, 0xf,
    0xff, 0x80, 0x3, 0xff, 0xd0, 0x0, 0xff, 0xf0,
    0x0, 0x3f, 0xfd, 0x0, 0x2f, 0xff, 0x0, 0x3,
    0xff, 0xd0, 0x3, 0xff, 0xd0, 0x0, 0x3f, 0xfd,
    0x0, 0x7f, 0xfc, 0x0, 0x3, 0xff, 0xd0, 0xb,
    0xff, 0xea, 0xaa, 0xbf, 0xff, 0xa8, 0xff, 0xff,
    0xff, 0xff, 0xff, 0xff, 0xcf, 0xff, 0xff, 0xff,
    0xff, 0xff, 0xfc, 0xff, 0xff, 0xff, 0xff, 0xff,
    0xff, 0xcf, 0xff, 0xff, 0xff, 0xff, 0xff, 0xfc,
    0xff, 0xff, 0xff, 0xff, 0xff, 0xff, 0xc0, 0x0,
    0x0, 0x0, 0x3f, 0xfd, 0x0, 0x0, 0x0, 0x0,
    0x3, 0xff, 0xd0, 0x0, 0x0, 0x0, 0x0, 0x3f,
    0xfd, 0x0, 0x0, 0x0, 0x0, 0x3, 0xff, 0xd0,
    0x0, 0x0, 0x0, 0x0, 0x3f, 0xfd, 0x0, 0x0,
    0x0, 0x0, 0x3, 0xff, 0xd0, 0x0, 0x0, 0x0,
    0x0, 0x3f, 0xfd, 0x0,

    /* U+0035 "5" */
    0x7f, 0xff, 0xff, 0xff, 0xff, 0xc7, 0xff, 0xff,
    0xff, 0xff, 0xfc, 0x7f, 0xff, 0xff, 0xff, 0xff,
    0xc7, 0xff, 0xff, 0xff, 0xff, 0xfc, 0x7f, 0xff,
    0xff, 0xff, 0xff, 0xc7, 0xff, 0xaa, 0xaa, 0xaa,
    0xa8, 0x7f, 0xf4, 0x0, 0x0, 0x0, 0x7, 0xff,
    0x40, 0x0, 0x0, 0x0, 0x7f, 0xf4, 0x0, 0x0,
    0x0, 0x7, 0xff, 0x40, 0x0, 0x0, 0x0, 0x7f,
    0xf4, 0x0, 0x0, 0x0, 0x7, 0xff, 0x40, 0x0,
    0x0, 0x0, 0x7f, 0xf4, 0x0, 0x0, 0x0, 0x7,
    0xff, 0x40, 0x55, 0x40, 0x0, 0x7f, 0xf5, 0xff,
    0xff, 0x80, 0x7, 0xff, 0xff, 0xff, 0xff, 0x40,
    0x7f, 0xff, 0xff, 0xff, 0xfd, 0x7, 0xff, 0xff,
    0xff, 0xff, 0xf0, 0x7f, 0xff, 0xff, 0xff, 0xff,
    0x87, 0xff, 0xf8, 0x2, 0xff, 0xfc, 0x7f, 0xfd,
    0x0, 0xb, 0xff, 0xd7, 0xff, 0x80, 0x0, 0x3f,
    0xfe, 0x0, 0x0, 0x0, 0x2, 0xff, 0xf0, 0x0,
    0x0, 0x0, 0x1f, 0xff, 0x0, 0x0, 0x0, 0x1,
    0xff, 0xf0, 0x0, 0x0, 0x0, 0x1f, 0xff, 0x0,
    0x0, 0x0, 0x1, 0xff, 0xf0, 0x0, 0x0, 0x0,
    0x1f, 0xff, 0x0, 0x0, 0x0, 0x1, 0xff, 0xf5,
    0x55, 0x0, 0x0, 0x1f, 0xff, 0xff, 0xf0, 0x0,
    0x2, 0xff, 0xfb, 0xff, 0x0, 0x0, 0x3f, 0xfe,
    0xbf, 0xf8, 0x0, 0x3, 0xff, 0xd7, 0xff, 0xe0,
    0x0, 0xff, 0xfc, 0x3f, 0xff, 0xea, 0xbf, 0xff,
    0x82, 0xff, 0xff, 0xff, 0xff, 0xf0, 0xf, 0xff,
    0xff, 0xff, 0xfd, 0x0, 0x3f, 0xff, 0xff, 0xff,
    0x40, 0x0, 0x7f, 0xff, 0xff, 0xc0, 0x0, 0x0,
    0x6f, 0xff, 0x80, 0x0,

    /* U+0036 "6" */
    0x0, 0x0, 0x0, 0xff, 0xfc, 0x0, 0x0, 0x0,
    0x0, 0x7f, 0xfd, 0x0, 0x0, 0x0, 0x0, 0x3f,
    0xff, 0x0, 0x0, 0x0, 0x0, 0x1f, 0xff, 0x40,
    0x0, 0x0, 0x0, 0xf, 0xff, 0xc0, 0x0, 0x0,
    0x0, 0x7, 0xff, 0xd0, 0x0, 0x0, 0x0, 0x3,
    0xff, 0xf0, 0x0, 0x0, 0x0, 0x1, 0xff, 0xf0,
    0x0, 0x0, 0x0, 0x0, 0xff, 0xf8, 0x0, 0x0,
    0x0, 0x0, 0x7f, 0xfc, 0x0, 0x0, 0x0, 0x0,
    0x3f, 0xfe, 0x0, 0x0, 0x0, 0x0, 0x1f, 0xff,
    0x0, 0x0, 0x0, 0x0, 0xf, 0xff, 0x80, 0x0,
    0x0, 0x0, 0x7, 0xff, 0xc0, 0x0, 0x0, 0x0,
    0x3, 0xff, 0xe0, 0x0, 0x0, 0x0, 0x2, 0xff,
    0xf1, 0x54, 0x0, 0x0, 0x0, 0xff, 0xff, 0xff,
    0xf8, 0x0, 0x0, 0xbf, 0xff, 0xff, 0xff, 0xd0,
    0x0, 0x3f, 0xff, 0xff, 0xff, 0xfd, 0x0, 0x1f,
    0xff, 0xff, 0xff, 0xff, 0xc0, 0xf, 0xff, 0xff,
    0xff, 0xff, 0xfc, 0x3, 0xff, 0xfd, 0x1, 0xff,
    0xff, 0x42, 0xff, 0xf8, 0x0, 0xb, 0xff, 0xe0,
    0xff, 0xfc, 0x0, 0x0, 0xff, 0xfc, 0x3f, 0xfe,
    0x0, 0x0, 0x2f, 0xff, 0xf, 0xff, 0x40, 0x0,
    0x7, 0xff, 0xc3, 0xff, 0xd0, 0x0, 0x0, 0xff,
    0xf0, 0xff, 0xf0, 0x0, 0x0, 0x3f, 0xfc, 0x3f,
    0xfc, 0x0, 0x0, 0xf, 0xff, 0xf, 0xff, 0x40,
    0x0, 0x7, 0xff, 0xc3, 0xff, 0xd0, 0x0, 0x1,
    0xff, 0xf0, 0xff, 0xfc, 0x0, 0x0, 0xff, 0xfc,
    0x2f, 0xff, 0x40, 0x0, 0x7f, 0xfe, 0x7, 0xff,
    0xf4, 0x0, 0x7f, 0xff, 0x0, 0xff, 0xff, 0xea,
    0xff, 0xff, 0x80, 0xf, 0xff, 0xff, 0xff, 0xff,
    0xc0, 0x1, 0xff, 0xff, 0xff, 0xff, 0xd0, 0x0,
    0x1f, 0xff, 0xff, 0xff, 0xd0, 0x0, 0x0, 0xbf,
    0xff, 0xff, 0x80, 0x0, 0x0, 0x1, 0xbf, 0xf9,
    0x0, 0x0,

    /* U+0037 "7" */
    0x3f, 0xff, 0xff, 0xff, 0xff, 0xf8, 0xff, 0xff,
    0xff, 0xff, 0xff, 0xe3, 0xff, 0xff, 0xff, 0xff,
    0xff, 0x8f, 0xff, 0xff, 0xff, 0xff, 0xfe, 0x3f,
    0xff, 0xff, 0xff, 0xff, 0xf8, 0xaa, 0xaa, 0xaa,
    0xab, 0xff, 0xe0, 0x0, 0x0, 0x0, 0xf, 0xff,
    0x40, 0x0, 0x0, 0x0, 0x3f, 0xfc, 0x0, 0x0,
    0x0, 0x2, 0xff, 0xe0, 0x0, 0x0, 0x0, 0xf,
    0xff, 0x40, 0x0, 0x0, 0x0, 0x7f, 0xfc, 0x0,
    0x0, 0x0, 0x2, 0xff, 0xe0, 0x0, 0x0, 0x0,
    0xf, 0xff, 0x0, 0x0, 0x0, 0x0, 0x7f, 0xfc,
    0x0, 0x0, 0x0, 0x2, 0xff, 0xe0, 0x0, 0x0,
    0x0, 0xf, 0xff, 0x0, 0x0, 0x0, 0x0, 0x7f,
    0xfc, 0x0, 0x0, 0x0, 0x3, 0xff, 0xd0, 0x0,
    0x0, 0x0, 0xf, 0xff, 0x0, 0x0, 0x0, 0x0,
    0xbf, 0xf8, 0x0, 0x0, 0x0, 0x3, 0xff, 0xd0,
    0x0, 0x0, 0x0, 0x1f, 0xff, 0x0, 0x0, 0x0,
    0x0, 0xbf, 0xf8, 0x0, 0x0, 0x0, 0x3, 0xff,
    0xd0, 0x0, 0x0, 0x0, 0x1f, 0xff, 0x0, 0x0,
    0x0, 0x0, 0xbf, 0xf8, 0x0, 0x0, 0x0, 0x3,
    0xff, 0xc0, 0x0, 0x0, 0x0, 0x1f, 0xff, 0x0,
    0x0, 0x0, 0x0, 0xff, 0xf8, 0x0, 0x0, 0x0,
    0x3, 0xff, 0xc0, 0x0, 0x0, 0x0, 0x2f, 0xff,
    0x0, 0x0, 0x0, 0x0, 0xff, 0xf4, 0x0, 0x0,
    0x0, 0x7, 0xff, 0xc0, 0x0, 0x0, 0x0, 0x2f,
    0xfe, 0x0, 0x0, 0x0, 0x0, 0xff, 0xf4, 0x0,
    0x0, 0x0, 0x7, 0xff, 0xc0, 0x0, 0x0, 0x0,
    0x2f, 0xfe, 0x0, 0x0, 0x0, 0x0, 0xff, 0xf4,
    0x0, 0x0, 0x0, 0x7, 0xff, 0xc0, 0x0, 0x0,
    0x0, 0x3f, 0xfe, 0x0, 0x0, 0x0,

    /* U+0038 "8" */
    0x0, 0x0, 0xbf, 0xf9, 0x0, 0x0, 0x0, 0xf,
    0xff, 0xff, 0xe0, 0x0, 0x0, 0x7f, 0xff, 0xff,
    0xfc, 0x0, 0x1, 0xff, 0xff, 0xff, 0xff, 0x0,
    0x3, 0xff, 0xff, 0xff, 0xff, 0xc0, 0xf, 0xff,
    0xfe, 0xbf, 0xff, 0xe0, 0x1f, 0xff, 0xc0, 0x7,
    0xff, 0xf0, 0x2f, 0xff, 0x0, 0x1, 0xff, 0xf4,
    0x3f, 0xfe, 0x0, 0x0, 0xbf, 0xf8, 0x3f, 0xfc,
    0x0, 0x0, 0x7f, 0xfc, 0x3f, 0xfc, 0x0, 0x0,
    0x7f, 0xfc, 0x3f, 0xfc, 0x0, 0x0, 0x7f, 0xfc,
    0x3f, 0xfc, 0x0, 0x0, 0x7f, 0xfc, 0x3f, 0xfd,
    0x0, 0x0, 0xbf, 0xf8, 0x2f, 0xfe, 0x0, 0x0,
    0xff, 0xf4, 0x1f, 0xff, 0x40, 0x2, 0xff, 0xf0,
    0xf, 0xff, 0xe0, 0x1f, 0xff, 0xe0, 0x3, 0xff,
    0xff, 0xff, 0xff, 0x80, 0x0, 0xff, 0xff, 0xff,
    0xfe, 0x0, 0x0, 0x3f, 0xff, 0xff, 0xfc, 0x0,
    0x1, 0xff, 0xff, 0xff, 0xff, 0x0, 0x7, 0xff,
    0xff, 0xff, 0xff, 0xc0, 0xf, 0xff, 0xf9, 0x6f,
    0xff, 0xe0, 0x2f, 0xff, 0x40, 0x2, 0xff, 0xf4,
    0x3f, 0xfd, 0x0, 0x0, 0xff, 0xfc, 0x7f, 0xfc,
    0x0, 0x0, 0x3f, 0xfc, 0xbf, 0xf8, 0x0, 0x0,
    0x3f, 0xfd, 0xff, 0xf4, 0x0, 0x0, 0x2f, 0xfd,
    0xff, 0xf4, 0x0, 0x0, 0x2f, 0xfd, 0xff, 0xf4,
    0x0, 0x0, 0x2f, 0xfd, 0xff, 0xf4, 0x0, 0x0,
    0x3f, 0xfd, 0xbf, 0xf8, 0x0, 0x0, 0x3f, 0xfd,
    0xbf, 0xfc, 0x0, 0x0, 0x7f, 0xfc, 0x3f, 0xfe,
    0x0, 0x0, 0xff, 0xfc, 0x3f, 0xff, 0x80, 0x3,
    0xff, 0xf8, 0x1f, 0xff, 0xfa, 0xaf, 0xff, 0xf0,
    0xb, 0xff, 0xff, 0xff, 0xff, 0xd0, 0x3, 0xff,
    0xff, 0xff, 0xff, 0x80, 0x0, 0xbf, 0xff, 0xff,
    0xfd, 0x0, 0x0, 0x1f, 0xff, 0xff, 0xf0, 0x0,
    0x0, 0x1, 0xbf, 0xfa, 0x0, 0x0,

    /* U+0039 "9" */
    0x0, 0x0, 0x6f, 0xfe, 0x40, 0x0, 0x0, 0x2,
    0xff, 0xff, 0xfe, 0x0, 0x0, 0x7, 0xff, 0xff,
    0xff, 0xf4, 0x0, 0x7, 0xff, 0xff, 0xff, 0xff,
    0x40, 0x3, 0xff, 0xff, 0xff, 0xff, 0xf0, 0x2,
    0xff, 0xff, 0xab, 0xff, 0xff, 0x0, 0xff, 0xfd,
    0x0, 0x1f, 0xff, 0xd0, 0xbf, 0xfd, 0x0, 0x1,
    0xff, 0xf8, 0x3f, 0xff, 0x0, 0x0, 0x3f, 0xff,
    0xf, 0xff, 0x40, 0x0, 0x7, 0xff, 0xc3, 0xff,
    0xc0, 0x0, 0x1, 0xff, 0xf0, 0xff, 0xf0, 0x0,
    0x0, 0x3f, 0xfc, 0x3f, 0xfc, 0x0, 0x0, 0xf,
    0xff, 0xf, 0xff, 0x0, 0x0, 0x7, 0xff, 0xc3,
    0xff, 0xd0, 0x0, 0x1, 0xff, 0xf0, 0xff, 0xf8,
    0x0, 0x0, 0xbf, 0xfc, 0x3f, 0xff, 0x0, 0x0,
    0x3f, 0xff, 0xb, 0xff, 0xe0, 0x0, 0x2f, 0xff,
    0x81, 0xff, 0xff, 0x40, 0x7f, 0xff, 0xc0, 0x3f,
    0xff, 0xff, 0xff, 0xff, 0xf0, 0x3, 0xff, 0xff,
    0xff, 0xff, 0xf4, 0x0, 0x7f, 0xff, 0xff, 0xff,
    0xfc, 0x0, 0x7, 0xff, 0xff, 0xff, 0xfd, 0x0,
    0x0, 0x2f, 0xff, 0xff, 0xff, 0x0, 0x0, 0x0,
    0x15, 0x4f, 0xff, 0x40, 0x0, 0x0, 0x0, 0xb,
    0xff, 0xc0, 0x0, 0x0, 0x0, 0x3, 0xff, 0xd0,
    0x0, 0x0, 0x0, 0x2, 0xff, 0xf0, 0x0, 0x0,
    0x0, 0x0, 0xff, 0xf4, 0x0, 0x0, 0x0, 0x0,
    0xbf, 0xfc, 0x0, 0x0, 0x0, 0x0, 0x7f, 0xfd,
    0x0, 0x0, 0x0, 0x0, 0x3f, 0xff, 0x0, 0x0,
    0x0, 0x0, 0x1f, 0xff, 0x40, 0x0, 0x0, 0x0,
    0xf, 0xff, 0xc0, 0x0, 0x0, 0x0, 0x7, 0xff,
    0xd0, 0x0, 0x0, 0x0, 0x3, 0xff, 0xf0, 0x0,
    0x0, 0x0, 0x1, 0xff, 0xf4, 0x0, 0x0, 0x0,
    0x0, 0xff, 0xfc, 0x0, 0x0, 0x0, 0x0, 0x7f,
    0xfd, 0x0, 0x0, 0x0, 0x0, 0x3f, 0xff, 0x0,
    0x0, 0x0,

    /* U+003A ":" */
    0xbf, 0xfd, 0xbf, 0xfd, 0xbf, 0xfd, 0xbf, 0xfd,
    0xbf, 0xfd, 0xbf, 0xfd, 0xbf, 0xfd, 0x0, 0x0,
    0x0, 0x0, 0x0, 0x0, 0x0, 0x0, 0x0, 0x0,
    0x0, 0x0, 0x0, 0x0, 0x0, 0x0, 0x0, 0x0,
    0x0, 0x0, 0x0, 0x0, 0x0, 0x0, 0x0, 0x0,
    0xbf, 0xfd, 0xbf, 0xfd, 0xbf, 0xfd, 0xbf, 0xfd,
    0xbf, 0xfd, 0xbf, 0xfd, 0xbf, 0xfd,

    /* U+003B ";" */
    0x0, 0x0, 0xbf, 0xfd, 0xbf, 0xfd, 0xbf, 0xfd,
    0xbf, 0xfd, 0xbf, 0xfd, 0xbf, 0xfd, 0xbf, 0xfd,
    0x0, 0x0, 0x0, 0x0, 0x0, 0x0, 0x0, 0x0,
    0x0, 0x0, 0x0, 0x0, 0x0, 0x0, 0x0, 0x0,
    0x0, 0x0, 0x0, 0x0, 0x0, 0x0, 0x0, 0x0,
    0xa, 0xa8, 0x1f, 0xfd, 0x1f, 0xfd, 0x1f, 0xfd,
    0x1f, 0xfd, 0x1f, 0xfd, 0x1f, 0xfd, 0x1f, 0xfd,
    0x1f, 0xfd, 0x1f, 0xfd, 0x1f, 0xfd, 0x1f, 0xfc,
    0x1f, 0xf0, 0x1f, 0xc0, 0x1e, 0x0, 0x18, 0x0,
    0x0, 0x0,

    /* U+003C "<" */
    0x0, 0x0, 0x0, 0x0, 0x0, 0x1, 0x80, 0x0,
    0x0, 0x0, 0x0, 0xb, 0xf0, 0x0, 0x0, 0x0,
    0x0, 0x7f, 0xfc, 0x0, 0x0, 0x0, 0x2, 0xff,
    0xff, 0x0, 0x0, 0x0, 0x1f, 0xff, 0xff, 0xc0,
    0x0, 0x0, 0xbf, 0xff, 0xff, 0xf0, 0x0, 0x7,
    0xff, 0xff, 0xff, 0xd0, 0x0, 0x2f, 0xff, 0xff,
    0xfe, 0x0, 0x1, 0xff, 0xff, 0xff, 0xe4, 0x0,
    0xb, 0xff, 0xff, 0xff, 0x40, 0x0, 0x3, 0xff,
    0xff, 0xf9, 0x0, 0x0, 0x0, 0xff, 0xff, 0xd0,
    0x0, 0x0, 0x0, 0x3f, 0xff, 0xd0, 0x0, 0x0,
    0x0, 0xf, 0xff, 0xff, 0x90, 0x0, 0x0, 0x3,
    0xff, 0xff, 0xff, 0x40, 0x0, 0x0, 0x1f, 0xff,
    0xff, 0xfe, 0x40, 0x0, 0x0, 0x2f, 0xff, 0xff,
    0xfe, 0x0, 0x0, 0x0, 0x7f, 0xff, 0xff, 0xf9,
    0x0, 0x0, 0x0, 0xbf, 0xff, 0xff, 0xf8, 0x0,
    0x0, 0x1, 0xff, 0xff, 0xff, 0x0, 0x0, 0x0,
    0x2, 0xff, 0xff, 0xc0, 0x0, 0x0, 0x0, 0x7,
    0xff, 0xf0, 0x0, 0x0, 0x0, 0x0, 0xb, 0xfc,
    0x0, 0x0, 0x0, 0x0, 0x0, 0x1f, 0x0, 0x0,
    0x0, 0x0, 0x0, 0x0, 0x0,

    /* U+003D "=" */
    0x3f, 0xff, 0xff, 0xff, 0xff, 0xff, 0xcf, 0xff,
    0xff, 0xff, 0xff, 0xff, 0xf3, 0xff, 0xff, 0xff,
    0xff, 0xff, 0xfc, 0xff, 0xff, 0xff, 0xff, 0xff,
    0xff, 0x3f, 0xff, 0xff, 0xff, 0xff, 0xff, 0xca,
    0xaa, 0xaa, 0xaa, 0xaa, 0xaa, 0xa0, 0x0, 0x0,
    0x0, 0x0, 0x0, 0x0, 0x0, 0x0, 0x0, 0x0,
    0x0, 0x0, 0x0, 0x0, 0x0, 0x0, 0x0, 0x0,
    0x0, 0x0, 0x0, 0x0, 0x0, 0x0, 0x0, 0x0,
    0x0, 0x0, 0x0, 0x0, 0x0, 0xaa, 0xaa, 0xaa,
    0xaa, 0xaa, 0xa9, 0x3f, 0xff, 0xff, 0xff, 0xff,
    0xff, 0xcf, 0xff, 0xff, 0xff, 0xff, 0xff, 0xf3,
    0xff, 0xff, 0xff, 0xff, 0xff, 0xfc, 0xff, 0xff,
    0xff, 0xff, 0xff, 0xff, 0x3f, 0xff, 0xff, 0xff,
    0xff, 0xff, 0xc0,

    /* U+003E ">" */
    0x24, 0x0, 0x0, 0x0, 0x0, 0x0, 0xf, 0xd0,
    0x0, 0x0, 0x0, 0x0, 0x3, 0xff, 0x90, 0x0,
    0x0, 0x0, 0x0, 0xff, 0xff, 0x40, 0x0, 0x0,
    0x0, 0x3f, 0xff, 0xfe, 0x40, 0x0, 0x0, 0xf,
    0xff, 0xff, 0xfd, 0x0, 0x0, 0x0, 0x7f, 0xff,
    0xff, 0xf9, 0x0, 0x0, 0x0, 0xbf, 0xff, 0xff,
    0xf4, 0x0, 0x0, 0x1, 0xff, 0xff, 0xff, 0xe4,
    0x0, 0x0, 0x2, 0xff, 0xff, 0xff, 0xd0, 0x0,
    0x0, 0x6, 0xff, 0xff, 0xfc, 0x0, 0x0, 0x0,
    0xb, 0xff, 0xff, 0x0, 0x0, 0x0, 0x0, 0xbf,
    0xff, 0xc0, 0x0, 0x0, 0x6, 0xff, 0xff, 0xf0,
    0x0, 0x0, 0x2f, 0xff, 0xff, 0xfc, 0x0, 0x1,
    0xff, 0xff, 0xff, 0xe4, 0x0, 0xb, 0xff, 0xff,
    0xff, 0x80, 0x0, 0x7f, 0xff, 0xff, 0xf9, 0x0,
    0x2, 0xff, 0xff, 0xff, 0xe0, 0x0, 0x0, 0xff,
    0xff, 0xfe, 0x40, 0x0, 0x0, 0x3f, 0xff, 0xf8,
    0x0, 0x0, 0x0, 0xf, 0xff, 0x90, 0x0, 0x0,
    0x0, 0x3, 0xfe, 0x0, 0x0, 0x0, 0x0, 0x0,
    0xe4, 0x0, 0x0, 0x0, 0x0, 0x0, 0x0, 0x0,
    0x0, 0x0, 0x0, 0x0, 0x0,

    /* U+003F "?" */
    0x0, 0x1, 0xbf, 0xf9, 0x0, 0x0, 0x0, 0xbf,
    0xff, 0xff, 0x40, 0x0, 0xf, 0xff, 0xff, 0xff,
    0x80, 0x0, 0xff, 0xff, 0xff, 0xff, 0xc0, 0xb,
    0xff, 0xff, 0xff, 0xff, 0x80, 0x3f, 0xff, 0xea,
    0xff, 0xff, 0x2, 0xff, 0xf4, 0x0, 0xbf, 0xfe,
    0xf, 0xff, 0x80, 0x0, 0xff, 0xfc, 0x3f, 0xfc,
    0x0, 0x1, 0xff, 0xf0, 0xff, 0xf0, 0x0, 0x3,
    0xff, 0xc2, 0xaa, 0x80, 0x0, 0xf, 0xff, 0x0,
    0x0, 0x0, 0x0, 0x7f, 0xfc, 0x0, 0x0, 0x0,
    0x2, 0xff, 0xe0, 0x0, 0x0, 0x0, 0xf, 0xff,
    0x40, 0x0, 0x0, 0x0, 0xff, 0xfc, 0x0, 0x0,
    0x0, 0x7, 0xff, 0xd0, 0x0, 0x0, 0x0, 0x3f,
    0xff, 0x0, 0x0, 0x0, 0x3, 0xff, 0xf0, 0x0,
    0x0, 0x0, 0x2f, 0xff, 0x80, 0x0, 0x0, 0x1,
    0xff, 0xfc, 0x0, 0x0, 0x0, 0xf, 0xff, 0xc0,
    0x0, 0x0, 0x0, 0xff, 0xfd, 0x0, 0x0, 0x0,
    0x3, 0xff, 0xe0, 0x0, 0x0, 0x0, 0x2f, 0xff,
    0x0, 0x0, 0x0, 0x0, 0xbf, 0xf8, 0x0, 0x0,
    0x0, 0x2, 0xff, 0xd0, 0x0, 0x0, 0x0, 0xf,
    0xff, 0x40, 0x0, 0x0, 0x0, 0x3f, 0xfd, 0x0,
    0x0, 0x0, 0x0, 0xff, 0xf4, 0x0, 0x0, 0x0,
    0x0, 0x0, 0x0, 0x0, 0x0, 0x0, 0x0, 0x0,
    0x0, 0x0, 0x0, 0x0, 0x0, 0x0, 0x0, 0x0,
    0x0, 0x0, 0x0, 0x0, 0x0, 0x0, 0x0, 0x2,
    0xaa, 0x90, 0x0, 0x0, 0x0, 0xf, 0xff, 0x80,
    0x0, 0x0, 0x0, 0x3f, 0xfe, 0x0, 0x0, 0x0,
    0x0, 0xff, 0xf8, 0x0, 0x0, 0x0, 0x3, 0xff,
    0xe0, 0x0, 0x0, 0x0, 0xf, 0xff, 0x80, 0x0,
    0x0, 0x0, 0x3f, 0xfe, 0x0, 0x0,

    /* U+0040 "@" */
    0x0, 0x0, 0x0, 0x0, 0x1b, 0xff, 0xfa, 0x40,
    0x0, 0x0, 0x0, 0x0, 0x0, 0x0, 0x2, 0xff,
    0xff, 0xff, 0xff, 0x40, 0x0, 0x0, 0x0, 0x0,
    0x0, 0xb, 0xff, 0xff, 0xff, 0xff, 0xfe, 0x0,
    0x0, 0x0, 0x0, 0x0, 0x2f, 0xff, 0xff, 0xff,
    0xff, 0xff, 0xf4, 0x0, 0x0, 0x0, 0x0, 0x3f,
    0xff, 0xff, 0xff, 0xff, 0xff, 0xff, 0xc0, 0x0,
    0x0, 0x0, 0x7f, 0xff, 0xfe, 0x40, 0x1, 0xbf,
    0xff, 0xfc, 0x0, 0x0, 0x0, 0x7f, 0xff, 0xd0,
    0x0, 0x0, 0x0, 0xbf, 0xff, 0xc0, 0x0, 0x0,
    0x3f, 0xff, 0x80, 0x0, 0x0, 0x0, 0x2, 0xff,
    0xfc, 0x0, 0x0, 0x3f, 0xff, 0x0, 0x0, 0x0,
    0x0, 0x0, 0x1f, 0xff, 0xc0, 0x0, 0x2f, 0xff,
    0x0, 0x0, 0x0, 0x0, 0x0, 0x0, 0xff, 0xf8,
    0x0, 0x1f, 0xff, 0x0, 0x0, 0x0, 0x0, 0x0,
    0x0, 0x1f, 0xff, 0x0, 0xf, 0xff, 0x40, 0x0,
    0x6f, 0xf9, 0x5, 0x54, 0x2, 0xff, 0xe0, 0x7,
    0xff, 0x80, 0x0, 0xff, 0xff, 0xe3, 0xff, 0x80,
    0x3f, 0xfc, 0x2, 0xff, 0xc0, 0x0, 0xff, 0xff,
    0xfe, 0xff, 0xe0, 0x7, 0xff, 0x80, 0xff, 0xf0,
    0x0, 0xbf, 0xff, 0xff, 0xff, 0xf8, 0x0, 0xff,
    0xf0, 0x7f, 0xf4, 0x0, 0x3f, 0xff, 0xef, 0xff,
    0xfe, 0x0, 0x2f, 0xfc, 0x2f, 0xfc, 0x0, 0x2f,
    0xff, 0x0, 0x2f, 0xff, 0x80, 0x7, 0xff, 0x4f,
    0xff, 0x0, 0xf, 0xff, 0x0, 0x3, 0xff, 0xe0,
    0x0, 0xff, 0xe3, 0xff, 0x80, 0x3, 0xff, 0x80,
    0x0, 0x7f, 0xf8, 0x0, 0x3f, 0xf8, 0xff, 0xe0,
    0x0, 0xff, 0xd0, 0x0, 0xf, 0xfe, 0x0, 0xf,
    0xff, 0x3f, 0xf8, 0x0, 0x3f, 0xf4, 0x0, 0x3,
    0xff, 0x80, 0x3, 0xff, 0xcf, 0xfd, 0x0, 0xf,
    0xfd, 0x0, 0x0, 0xff, 0xe0, 0x0, 0xbf, 0xf3,
    0xff, 0x40, 0x7, 0xff, 0x40, 0x0, 0x3f, 0xf8,
    0x0, 0x2f, 0xfc, 0xff, 0xd0, 0x1, 0xff, 0xd0,
    0x0, 0xf, 0xfe, 0x0, 0xb, 0xff, 0x3f, 0xf4,
    0x0, 0x7f, 0xf4, 0x0, 0x3, 0xff, 0x80, 0x2,
    0xff, 0xcf, 0xfd, 0x0, 0x1f, 0xfd, 0x0, 0x0,
    0xff, 0xe0, 0x0, 0xbf, 0xf3, 0xff, 0x40, 0x3,
    0xff, 0x40, 0x0, 0x3f, 0xf8, 0x0, 0x2f, 0xfc,
    0xff, 0xe0, 0x0, 0xff, 0xd0, 0x0, 0xf, 0xfe,
    0x0, 0xf, 0xff, 0x3f, 0xf8, 0x0, 0x3f, 0xf8,
    0x0, 0x3, 0xff, 0x80, 0x3, 0xff, 0x8f, 0xff,
    0x0, 0xf, 0xff, 0x0, 0x2, 0xff, 0xe0, 0x0,
    0xff, 0xd2, 0xff, 0xc0, 0x3, 0xff, 0xd0, 0x0,
    0xff, 0xfc, 0x0, 0xbf, 0xf0, 0xbf, 0xf0, 0x0,
    0x7f, 0xfe, 0x1, 0xff, 0xff, 0xd0, 0xbf, 0xf8,
    0x1f, 0xfd, 0x0, 0xf, 0xff, 0xff, 0xff, 0xff,
    0xff, 0xff, 0xfc, 0x3, 0xff, 0xc0, 0x1, 0xff,
    0xff, 0xff, 0xcf, 0xff, 0xff, 0xfe, 0x0, 0xbf,
    0xf4, 0x0, 0x2f, 0xff, 0xff, 0xd0, 0xff, 0xff,
    0xfe, 0x0, 0x1f, 0xff, 0x0, 0x1, 0xff, 0xff,
    0xd0, 0xb, 0xff, 0xfd, 0x0, 0x3, 0xff, 0xd0,
    0x0, 0x6, 0xa9, 0x0, 0x0, 0x1a, 0x90, 0x0,
    0x0, 0x7f, 0xfd, 0x0, 0x0, 0x0, 0x0, 0x0,
    0x0, 0x0, 0x0, 0x0, 0xb, 0xff, 0xc0, 0x0,
    0x0, 0x0, 0x0, 0x0, 0x0, 0x0, 0x0, 0x0,
    0xff, 0xfd, 0x0, 0x0, 0x0, 0x0, 0x0, 0x0,
    0x0, 0x0, 0x0, 0xf, 0xff, 0xe0, 0x0, 0x0,
    0x0, 0x0, 0x2c, 0x0, 0x0, 0x0, 0x1, 0xff,
    0xff, 0x80, 0x0, 0x0, 0x1, 0xbf, 0x80, 0x0,
    0x0, 0x0, 0x1f, 0xff, 0xff, 0x90, 0x0, 0x5b,
    0xff, 0xf0, 0x0, 0x0, 0x0, 0x0, 0xff, 0xff,
    0xff, 0xff, 0xff, 0xff, 0xfe, 0x0, 0x0, 0x0,
    0x0, 0xb, 0xff, 0xff, 0xff, 0xff, 0xff, 0xff,
    0x80, 0x0, 0x0, 0x0, 0x0, 0x2f, 0xff, 0xff,
    0xff, 0xff, 0xfe, 0x0, 0x0, 0x0, 0x0, 0x0,
    0x0, 0xbf, 0xff, 0xff, 0xff, 0xf4, 0x0, 0x0,
    0x0, 0x0, 0x0, 0x0, 0x0, 0x6f, 0xff, 0xf9,
    0x40, 0x0, 0x0, 0x0,

    /* U+0041 "A" */
    0x0, 0x0, 0x0, 0xf, 0xff, 0x0, 0x0, 0x0,
    0x0, 0x0, 0x0, 0x0, 0xff, 0xf0, 0x0, 0x0,
    0x0, 0x0, 0x0, 0x0, 0x2f, 0xff, 0x40, 0x0,
    0x0, 0x0, 0x0, 0x0, 0x3, 0xff, 0xfc, 0x0,
    0x0, 0x0, 0x0, 0x0, 0x0, 0x3f, 0xff, 0xc0,
    0x0, 0x0, 0x0, 0x0, 0x0, 0xb, 0xff, 0xfe,
    0x0, 0x0, 0x0, 0x0, 0x0, 0x0, 0xff, 0xff,
    0xf0, 0x0, 0x0, 0x0, 0x0, 0x0, 0x1f, 0xff,
    0xff, 0x0, 0x0, 0x0, 0x0, 0x0, 0x2, 0xff,
    0xff, 0xf8, 0x0, 0x0, 0x0, 0x0, 0x0, 0x3f,
    0xff, 0xff, 0xc0, 0x0, 0x0, 0x0, 0x0, 0x7,
    0xff, 0xaf, 0xfd, 0x0, 0x0, 0x0, 0x0, 0x0,
    0xbf, 0xf1, 0xff, 0xe0, 0x0, 0x0, 0x0, 0x0,
    0xf, 0xff, 0xf, 0xff, 0x0, 0x0, 0x0, 0x0,
    0x1, 0xff, 0xe0, 0xbf, 0xf4, 0x0, 0x0, 0x0,
    0x0, 0x2f, 0xfc, 0x7, 0xff, 0x80, 0x0, 0x0,
    0x0, 0x3, 0xff, 0xc0, 0x3f, 0xfc, 0x0, 0x0,
    0x0, 0x0, 0x7f, 0xf8, 0x2, 0xff, 0xd0, 0x0,
    0x0, 0x0, 0xf, 0xff, 0x40, 0x1f, 0xff, 0x0,
    0x0, 0x0, 0x0, 0xff, 0xf0, 0x0, 0xff, 0xf0,
    0x0, 0x0, 0x0, 0x2f, 0xfe, 0x0, 0xf, 0xff,
    0x40, 0x0, 0x0, 0x3, 0xff, 0xd0, 0x0, 0x7f,
    0xfc, 0x0, 0x0, 0x0, 0x3f, 0xfc, 0x0, 0x3,
    0xff, 0xc0, 0x0, 0x0, 0xb, 0xff, 0x80, 0x0,
    0x3f, 0xfe, 0x0, 0x0, 0x0, 0xff, 0xf4, 0x0,
    0x1, 0xff, 0xf0, 0x0, 0x0, 0x1f, 0xff, 0x0,
    0x0, 0xf, 0xff, 0x0, 0x0, 0x2, 0xff, 0xf0,
    0x0, 0x0, 0xff, 0xf8, 0x0, 0x0, 0x3f, 0xfe,
    0x55, 0x55, 0x5b, 0xff, 0xc0, 0x0, 0x7, 0xff,
    0xff, 0xff, 0xff, 0xff, 0xfd, 0x0, 0x0, 0xbf,
    0xff, 0xff, 0xff, 0xff, 0xff, 0xe0, 0x0, 0xf,
    0xff, 0xff, 0xff, 0xff, 0xff, 0xff, 0x0, 0x1,
    0xff, 0xff, 0xff, 0xff, 0xff, 0xff, 0xf4, 0x0,
    0x2f, 0xff, 0xff, 0xff, 0xff, 0xff, 0xff, 0x80,
    0x3, 0xff, 0xe0, 0x0, 0x0, 0x0, 0xbf, 0xfc,
    0x0, 0x7f, 0xfc, 0x0, 0x0, 0x0, 0x3, 0xff,
    0xd0, 0xf, 0xff, 0xc0, 0x0, 0x0, 0x0, 0x3f,
    0xfe, 0x0, 0xff, 0xf4, 0x0, 0x0, 0x0, 0x2,
    0xff, 0xf0, 0x1f, 0xff, 0x0, 0x0, 0x0, 0x0,
    0xf, 0xff, 0x43, 0xff, 0xf0, 0x0, 0x0, 0x0,
    0x0, 0xff, 0xfc, 0x3f, 0xfd, 0x0, 0x0, 0x0,
    0x0, 0xb, 0xff, 0xcb, 0xff, 0xc0, 0x0, 0x0,
    0x0, 0x0, 0x3f, 0xfd,

    /* U+0042 "B" */
    0x7f, 0xff, 0xff, 0xff, 0xfe, 0x40, 0x0, 0x1f,
    0xff, 0xff, 0xff, 0xff, 0xfe, 0x0, 0x7, 0xff,
    0xff, 0xff, 0xff, 0xff, 0xf0, 0x1, 0xff, 0xff,
    0xff, 0xff, 0xff, 0xff, 0x0, 0x7f, 0xff, 0xff,
    0xff, 0xff, 0xff, 0xf0, 0x1f, 0xff, 0xaa, 0xaa,
    0xaf, 0xff, 0xfd, 0x7, 0xff, 0xc0, 0x0, 0x0,
    0x7f, 0xff, 0xc1, 0xff, 0xf0, 0x0, 0x0, 0x3,
    0xff, 0xf0, 0x7f, 0xfc, 0x0, 0x0, 0x0, 0x7f,
    0xfd, 0x1f, 0xff, 0x0, 0x0, 0x0, 0xf, 0xff,
    0x87, 0xff, 0xc0, 0x0, 0x0, 0x3, 0xff, 0xe1,
    0xff, 0xf0, 0x0, 0x0, 0x0, 0xff, 0xf8, 0x7f,
    0xfc, 0x0, 0x0, 0x0, 0x3f, 0xfe, 0x1f, 0xff,
    0x0, 0x0, 0x0, 0xf, 0xff, 0x47, 0xff, 0xc0,
    0x0, 0x0, 0x7, 0xff, 0xc1, 0xff, 0xf0, 0x0,
    0x0, 0x7, 0xff, 0xe0, 0x7f, 0xfc, 0x0, 0x0,
    0x1b, 0xff, 0xf0, 0x1f, 0xff, 0xff, 0xff, 0xff,
    0xff, 0xf4, 0x7, 0xff, 0xff, 0xff, 0xff, 0xff,
    0xf0, 0x1, 0xff, 0xff, 0xff, 0xff, 0xff, 0xf0,
    0x0, 0x7f, 0xff, 0xff, 0xff, 0xff, 0xff, 0x40,
    0x1f, 0xff, 0xff, 0xff, 0xff, 0xff, 0xf4, 0x7,
    0xff, 0xea, 0xaa, 0xab, 0xff, 0xff, 0x41, 0xff,
    0xf0, 0x0, 0x0, 0xb, 0xff, 0xf0, 0x7f, 0xfc,
    0x0, 0x0, 0x0, 0x7f, 0xfd, 0x1f, 0xff, 0x0,
    0x0, 0x0, 0xb, 0xff, 0xc7, 0xff, 0xc0, 0x0,
    0x0, 0x1, 0xff, 0xf1, 0xff, 0xf0, 0x0, 0x0,
    0x0, 0x3f, 0xfc, 0x7f, 0xfc, 0x0, 0x0, 0x0,
    0xf, 0xff, 0x1f, 0xff, 0x0, 0x0, 0x0, 0x3,
    0xff, 0xc7, 0xff, 0xc0, 0x0, 0x0, 0x1, 0xff,
    0xf1, 0xff, 0xf0, 0x0, 0x0, 0x0, 0xff, 0xfc,
    0x7f, 0xfc, 0x0, 0x0, 0x0, 0x7f, 0xfe, 0x1f,
    0xff, 0x0, 0x0, 0x0, 0xbf, 0xff, 0x47, 0xff,
    0xea, 0xaa, 0xab, 0xff, 0xff, 0xc1, 0xff, 0xff,
    0xff, 0xff, 0xff, 0xff, 0xd0, 0x7f, 0xff, 0xff,
    0xff, 0xff, 0xff, 0xd0, 0x1f, 0xff, 0xff, 0xff,
    0xff, 0xff, 0xd0, 0x7, 0xff, 0xff, 0xff, 0xff,
    0xff, 0x80, 0x1, 0xff, 0xff, 0xff, 0xff, 0xf9,
    0x0, 0x0,

    /* U+0043 "C" */
    0x0, 0x0, 0x6, 0xaa, 0x94, 0x0, 0x0, 0x0,
    0x0, 0x7f, 0xff, 0xff, 0xe0, 0x0, 0x0, 0x1,
    0xff, 0xff, 0xff, 0xff, 0x80, 0x0, 0x1, 0xff,
    0xff, 0xff, 0xff, 0xfc, 0x0, 0x1, 0xff, 0xff,
    0xff, 0xff, 0xff, 0xc0, 0x0, 0xff, 0xff, 0xff,
    0xff, 0xff, 0xfc, 0x0, 0xff, 0xff, 0xd0, 0x2,
    0xff, 0xff, 0x80, 0x7f, 0xff, 0x40, 0x0, 0xb,
    0xff, 0xf0, 0x2f, 0xff, 0x40, 0x0, 0x0, 0xbf,
    0xfe, 0xf, 0xff, 0x80, 0x0, 0x0, 0xf, 0xff,
    0xc3, 0xff, 0xd0, 0x0, 0x0, 0x1, 0xff, 0xf1,
    0xff, 0xf0, 0x0, 0x0, 0x0, 0x3f, 0xfc, 0xbf,
    0xfc, 0x0, 0x0, 0x0, 0xf, 0xff, 0x2f, 0xfe,
    0x0, 0x0, 0x0, 0x0, 0x0, 0xb, 0xff, 0x80,
    0x0, 0x0, 0x0, 0x0, 0x3, 0xff, 0xe0, 0x0,
    0x0, 0x0, 0x0, 0x0, 0xff, 0xf8, 0x0, 0x0,
    0x0, 0x0, 0x0, 0x3f, 0xfe, 0x0, 0x0, 0x0,
    0x0, 0x0, 0xf, 0xff, 0x80, 0x0, 0x0, 0x0,
    0x0, 0x3, 0xff, 0xe0, 0x0, 0x0, 0x0, 0x0,
    0x0, 0xff, 0xf8, 0x0, 0x0, 0x0, 0x0, 0x0,
    0x3f, 0xfe, 0x0, 0x0, 0x0, 0x0, 0x0, 0xf,
    0xff, 0x80, 0x0, 0x0, 0x0, 0x0, 0x3, 0xff,
    0xe0, 0x0, 0x0, 0x0, 0x0, 0x0, 0xff, 0xf8,
    0x0, 0x0, 0x0, 0x0, 0x0, 0x3f, 0xfe, 0x0,
    0x0, 0x0, 0x0, 0x0, 0xf, 0xff, 0x80, 0x0,
    0x0, 0x0, 0x0, 0x3, 0xff, 0xe0, 0x0, 0x0,
    0x0, 0x0, 0x0, 0xbf, 0xfc, 0x0, 0x0, 0x0,
    0x5, 0x55, 0x2f, 0xff, 0x0, 0x0, 0x0, 0x3,
    0xff, 0xc7, 0xff, 0xc0, 0x0, 0x0, 0x1, 0xff,
    0xf0, 0xff, 0xf8, 0x0, 0x0, 0x0, 0xff, 0xfc,
    0x3f, 0xff, 0x0, 0x0, 0x0, 0x7f, 0xfe, 0xb,
    0xff, 0xf0, 0x0, 0x0, 0x7f, 0xff, 0x40, 0xff,
    0xff, 0x80, 0x0, 0xbf, 0xff, 0xc0, 0x1f, 0xff,
    0xff, 0xff, 0xff, 0xff, 0xd0, 0x3, 0xff, 0xff,
    0xff, 0xff, 0xff, 0xe0, 0x0, 0x3f, 0xff, 0xff,
    0xff, 0xff, 0xe0, 0x0, 0x2, 0xff, 0xff, 0xff,
    0xff, 0xd0, 0x0, 0x0, 0xb, 0xff, 0xff, 0xff,
    0x80, 0x0, 0x0, 0x0, 0x1b, 0xff, 0xf9, 0x0,
    0x0, 0x0,

    /* U+0044 "D" */
    0x7f, 0xff, 0xff, 0xff, 0xe9, 0x0, 0x0, 0x1f,
    0xff, 0xff, 0xff, 0xff, 0xf4, 0x0, 0x7, 0xff,
    0xff, 0xff, 0xff, 0xff, 0xd0, 0x1, 0xff, 0xff,
    0xff, 0xff, 0xff, 0xfd, 0x0, 0x7f, 0xff, 0xff,
    0xff, 0xff, 0xff, 0xd0, 0x1f, 0xff, 0xaa, 0xaa,
    0xbf, 0xff, 0xfc, 0x7, 0xff, 0xc0, 0x0, 0x0,
    0xbf, 0xff, 0x81, 0xff, 0xf0, 0x0, 0x0, 0x7,
    0xff, 0xf0, 0x7f, 0xfc, 0x0, 0x0, 0x0, 0xbf,
    0xfd, 0x1f, 0xff, 0x0, 0x0, 0x0, 0xf, 0xff,
    0xc7, 0xff, 0xc0, 0x0, 0x0, 0x2, 0xff, 0xf1,
    0xff, 0xf0, 0x0, 0x0, 0x0, 0x7f, 0xfc, 0x7f,
    0xfc, 0x0, 0x0, 0x0, 0xf, 0xff, 0x5f, 0xff,
    0x0, 0x0, 0x0, 0x3, 0xff, 0xd7, 0xff, 0xc0,
    0x0, 0x0, 0x0, 0xff, 0xf5, 0xff, 0xf0, 0x0,
    0x0, 0x0, 0x3f, 0xfd, 0x7f, 0xfc, 0x0, 0x0,
    0x0, 0xf, 0xff, 0x5f, 0xff, 0x0, 0x0, 0x0,
    0x3, 0xff, 0xd7, 0xff, 0xc0, 0x0, 0x0, 0x0,
    0xff, 0xf5, 0xff, 0xf0, 0x0, 0x0, 0x0, 0x3f,
    0xfd, 0x7f, 0xfc, 0x0, 0x0, 0x0, 0xf, 0xff,
    0x5f, 0xff, 0x0, 0x0, 0x0, 0x3, 0xff, 0xd7,
    0xff, 0xc0, 0x0, 0x0, 0x0, 0xff, 0xf5, 0xff,
    0xf0, 0x0, 0x0, 0x0, 0x3f, 0xfd, 0x7f, 0xfc,
    0x0, 0x0, 0x0, 0xf, 0xff, 0x5f, 0xff, 0x0,
    0x0, 0x0, 0x3, 0xff, 0xd7, 0xff, 0xc0, 0x0,
    0x0, 0x0, 0xff, 0xf5, 0xff, 0xf0, 0x0, 0x0,
    0x0, 0x3f, 0xfd, 0x7f, 0xfc, 0x0, 0x0, 0x0,
    0x1f, 0xff, 0x1f, 0xff, 0x0, 0x0, 0x0, 0xb,
    0xff, 0xc7, 0xff, 0xc0, 0x0, 0x0, 0x3, 0xff,
    0xe1, 0xff, 0xf0, 0x0, 0x0, 0x2, 0xff, 0xf4,
    0x7f, 0xfc, 0x0, 0x0, 0x1, 0xff, 0xfc, 0x1f,
    0xff, 0x0, 0x0, 0x2, 0xff, 0xfe, 0x7, 0xff,
    0xea, 0xaa, 0xaf, 0xff, 0xff, 0x1, 0xff, 0xff,
    0xff, 0xff, 0xff, 0xff, 0x40, 0x7f, 0xff, 0xff,
    0xff, 0xff, 0xff, 0x40, 0x1f, 0xff, 0xff, 0xff,
    0xff, 0xff, 0x0, 0x7, 0xff, 0xff, 0xff, 0xff,
    0xfd, 0x0, 0x1, 0xff, 0xff, 0xff, 0xff, 0x90,
    0x0, 0x0,

    /* U+0045 "E" */
    0x7f, 0xff, 0xff, 0xff, 0xff, 0xff, 0xf1, 0xff,
    0xff, 0xff, 0xff, 0xff, 0xff, 0xc7, 0xff, 0xff,
    0xff, 0xff, 0xff, 0xff, 0x1f, 0xff, 0xff, 0xff,
    0xff, 0xff, 0xfc, 0x7f, 0xff, 0xff, 0xff, 0xff,
    0xff, 0xf1, 0xff, 0xfa, 0xaa, 0xaa, 0xaa, 0xaa,
    0x87, 0xff, 0xc0, 0x0, 0x0, 0x0, 0x0, 0x1f,
    0xff, 0x0, 0x0, 0x0, 0x0, 0x0, 0x7f, 0xfc,
    0x0, 0x0, 0x0, 0x0, 0x1, 0xff, 0xf0, 0x0,
    0x0, 0x0, 0x0, 0x7, 0xff, 0xc0, 0x0, 0x0,
    0x0, 0x0, 0x1f, 0xff, 0x0, 0x0, 0x0, 0x0,
    0x0, 0x7f, 0xfc, 0x0, 0x0, 0x0, 0x0, 0x1,
    0xff, 0xf0, 0x0, 0x0, 0x0, 0x0, 0x7, 0xff,
    0xc0, 0x0, 0x0, 0x0, 0x0, 0x1f, 0xff, 0x0,
    0x0, 0x0, 0x0, 0x0, 0x7f, 0xfc, 0x0, 0x0,
    0x0, 0x0, 0x1, 0xff, 0xff, 0xff, 0xff, 0xff,
    0xf4, 0x7, 0xff, 0xff, 0xff, 0xff, 0xff, 0xd0,
    0x1f, 0xff, 0xff, 0xff, 0xff, 0xff, 0x40, 0x7f,
    0xff, 0xff, 0xff, 0xff, 0xfd, 0x1, 0xff, 0xff,
    0xff, 0xff, 0xff, 0xf4, 0x7, 0xff, 0xea, 0xaa,
    0xaa, 0xaa, 0x90, 0x1f, 0xff, 0x0, 0x0, 0x0,
    0x0, 0x0, 0x7f, 0xfc, 0x0, 0x0, 0x0, 0x0,
    0x1, 0xff, 0xf0, 0x0, 0x0, 0x0, 0x0, 0x7,
    0xff, 0xc0, 0x0, 0x0, 0x0, 0x0, 0x1f, 0xff,
    0x0, 0x0, 0x0, 0x0, 0x0, 0x7f, 0xfc, 0x0,
    0x0, 0x0, 0x0, 0x1, 0xff, 0xf0, 0x0, 0x0,
    0x0, 0x0, 0x7, 0xff, 0xc0, 0x0, 0x0, 0x0,
    0x0, 0x1f, 0xff, 0x0, 0x0, 0x0, 0x0, 0x0,
    0x7f, 0xfc, 0x0, 0x0, 0x0, 0x0, 0x1, 0xff,
    0xf0, 0x0, 0x0, 0x0, 0x0, 0x7, 0xff, 0xea,
    0xaa, 0xaa, 0xaa, 0xaa, 0x1f, 0xff, 0xff, 0xff,
    0xff, 0xff, 0xfc, 0x7f, 0xff, 0xff, 0xff, 0xff,
    0xff, 0xf1, 0xff, 0xff, 0xff, 0xff, 0xff, 0xff,
    0xc7, 0xff, 0xff, 0xff, 0xff, 0xff, 0xff, 0x1f,
    0xff, 0xff, 0xff, 0xff, 0xff, 0xfc,

    /* U+0046 "F" */
    0x7f, 0xff, 0xff, 0xff, 0xff, 0xff, 0xf1, 0xff,
    0xff, 0xff, 0xff, 0xff, 0xff, 0xc7, 0xff, 0xff,
    0xff, 0xff, 0xff, 0xff, 0x1f, 0xff, 0xff, 0xff,
    0xff, 0xff, 0xfc, 0x7f, 0xff, 0xff, 0xff, 0xff,
    0xff, 0xf1, 0xff, 0xfa, 0xaa, 0xaa, 0xaa, 0xaa,
    0x87, 0xff, 0xc0, 0x0, 0x0, 0x0, 0x0, 0x1f,
    0xff, 0x0, 0x0, 0x0, 0x0, 0x0, 0x7f, 0xfc,
    0x0, 0x0, 0x0, 0x0, 0x1, 0xff, 0xf0, 0x0,
    0x0, 0x0, 0x0, 0x7, 0xff, 0xc0, 0x0, 0x0,
    0x0, 0x0, 0x1f, 0xff, 0x0, 0x0, 0x0, 0x0,
    0x0, 0x7f, 0xfc, 0x0, 0x0, 0x0, 0x0, 0x1,
    0xff, 0xf0, 0x0, 0x0, 0x0, 0x0, 0x7, 0xff,
    0xc0, 0x0, 0x0, 0x0, 0x0, 0x1f, 0xff, 0x0,
    0x0, 0x0, 0x0, 0x0, 0x7f, 0xfc, 0x0, 0x0,
    0x0, 0x0, 0x1, 0xff, 0xfa, 0xaa, 0xaa, 0xaa,
    0xa4, 0x7, 0xff, 0xff, 0xff, 0xff, 0xff, 0xe0,
    0x1f, 0xff, 0xff, 0xff, 0xff, 0xff, 0x80, 0x7f,
    0xff, 0xff, 0xff, 0xff, 0xfe, 0x1, 0xff, 0xff,
    0xff, 0xff, 0xff, 0xf8, 0x7, 0xff, 0xff, 0xff,
    0xff, 0xff, 0xe0, 0x1f, 0xff, 0x0, 0x0, 0x0,
    0x0, 0x0, 0x7f, 0xfc, 0x0, 0x0, 0x0, 0x0,
    0x1, 0xff, 0xf0, 0x0, 0x0, 0x0, 0x0, 0x7,
    0xff, 0xc0, 0x0, 0x0, 0x0, 0x0, 0x1f, 0xff,
    0x0, 0x0, 0x0, 0x0, 0x0, 0x7f, 0xfc, 0x0,
    0x0, 0x0, 0x0, 0x1, 0xff, 0xf0, 0x0, 0x0,
    0x0, 0x0, 0x7, 0xff, 0xc0, 0x0, 0x0, 0x0,
    0x0, 0x1f, 0xff, 0x0, 0x0, 0x0, 0x0, 0x0,
    0x7f, 0xfc, 0x0, 0x0, 0x0, 0x0, 0x1, 0xff,
    0xf0, 0x0, 0x0, 0x0, 0x0, 0x7, 0xff, 0xc0,
    0x0, 0x0, 0x0, 0x0, 0x1f, 0xff, 0x0, 0x0,
    0x0, 0x0, 0x0, 0x7f, 0xfc, 0x0, 0x0, 0x0,
    0x0, 0x1, 0xff, 0xf0, 0x0, 0x0, 0x0, 0x0,
    0x7, 0xff, 0xc0, 0x0, 0x0, 0x0, 0x0, 0x1f,
    0xff, 0x0, 0x0, 0x0, 0x0, 0x0,

    /* U+0047 "G" */
    0x0, 0x0, 0x6, 0xaa, 0x94, 0x0, 0x0, 0x0,
    0x0, 0x7f, 0xff, 0xff, 0xe0, 0x0, 0x0, 0x1,
    0xff, 0xff, 0xff, 0xff, 0x80, 0x0, 0x1, 0xff,
    0xff, 0xff, 0xff, 0xfc, 0x0, 0x1, 0xff, 0xff,
    0xff, 0xff, 0xff, 0xc0, 0x0, 0xff, 0xff, 0xff,
    0xff, 0xff, 0xfc, 0x0, 0xff, 0xff, 0xd0, 0x2,
    0xff, 0xff, 0x40, 0x7f, 0xff, 0x40, 0x0, 0xb,
    0xff, 0xf0, 0x2f, 0xff, 0x40, 0x0, 0x0, 0xbf,
    0xfd, 0xf, 0xff, 0xc0, 0x0, 0x0, 0xf, 0xff,
    0x83, 0xff, 0xd0, 0x0, 0x0, 0x2, 0xff, 0xf1,
    0xff, 0xf0, 0x0, 0x0, 0x0, 0x7f, 0xfc, 0xbf,
    0xfc, 0x0, 0x0, 0x0, 0xf, 0xff, 0x2f, 0xfe,
    0x0, 0x0, 0x0, 0x0, 0x0, 0xb, 0xff, 0x80,
    0x0, 0x0, 0x0, 0x0, 0x3, 0xff, 0xe0, 0x0,
    0x0, 0x0, 0x0, 0x0, 0xff, 0xf8, 0x0, 0x0,
    0x0, 0x0, 0x0, 0x3f, 0xfe, 0x0, 0x0, 0x0,
    0x0, 0x0, 0xf, 0xff, 0x80, 0x0, 0x0, 0x0,
    0x0, 0x3, 0xff, 0xe0, 0x0, 0x15, 0x55, 0x55,
    0x54, 0xff, 0xf8, 0x0, 0xf, 0xff, 0xff, 0xff,
    0x3f, 0xfe, 0x0, 0x3, 0xff, 0xff, 0xff, 0xcf,
    0xff, 0x80, 0x0, 0xff, 0xff, 0xff, 0xf3, 0xff,
    0xe0, 0x0, 0x3f, 0xff, 0xff, 0xfc, 0xff, 0xf8,
    0x0, 0xf, 0xff, 0xff, 0xff, 0x3f, 0xfe, 0x0,
    0x0, 0x0, 0x3, 0xff, 0xcf, 0xff, 0x80, 0x0,
    0x0, 0x0, 0xff, 0xf3, 0xff, 0xe0, 0x0, 0x0,
    0x0, 0x3f, 0xfc, 0xbf, 0xfc, 0x0, 0x0, 0x0,
    0xf, 0xff, 0x2f, 0xff, 0x0, 0x0, 0x0, 0x3,
    0xff, 0xc7, 0xff, 0xc0, 0x0, 0x0, 0x1, 0xff,
    0xf0, 0xff, 0xf8, 0x0, 0x0, 0x0, 0xff, 0xf8,
    0x3f, 0xff, 0x0, 0x0, 0x0, 0x7f, 0xfd, 0xb,
    0xff, 0xf0, 0x0, 0x0, 0x7f, 0xff, 0x0, 0xff,
    0xff, 0x80, 0x0, 0xbf, 0xff, 0x80, 0x1f, 0xff,
    0xff, 0xff, 0xff, 0xff, 0xc0, 0x3, 0xff, 0xff,
    0xff, 0xff, 0xff, 0xd0, 0x0, 0x3f, 0xff, 0xff,
    0xff, 0xff, 0xd0, 0x0, 0x2, 0xff, 0xff, 0xff,
    0xff, 0xc0, 0x0, 0x0, 0xb, 0xff, 0xff, 0xff,
    0x40, 0x0, 0x0, 0x0, 0x1b, 0xff, 0xe9, 0x0,
    0x0, 0x0,

    /* U+0048 "H" */
    0x7f, 0xfc, 0x0, 0x0, 0x0, 0xf, 0xff, 0x5f,
    0xff, 0x0, 0x0, 0x0, 0x3, 0xff, 0xd7, 0xff,
    0xc0, 0x0, 0x0, 0x0, 0xff, 0xf5, 0xff, 0xf0,
    0x0, 0x0, 0x0, 0x3f, 0xfd, 0x7f, 0xfc, 0x0,
    0x0, 0x0, 0xf, 0xff, 0x5f, 0xff, 0x0, 0x0,
    0x0, 0x3, 0xff, 0xd7, 0xff, 0xc0, 0x0, 0x0,
    0x0, 0xff, 0xf5, 0xff, 0xf0, 0x0, 0x0, 0x0,
    0x3f, 0xfd, 0x7f, 0xfc, 0x0, 0x0, 0x0, 0xf,
    0xff, 0x5f, 0xff, 0x0, 0x0, 0x0, 0x3, 0xff,
    0xd7, 0xff, 0xc0, 0x0, 0x0, 0x0, 0xff, 0xf5,
    0xff, 0xf0, 0x0, 0x0, 0x0, 0x3f, 0xfd, 0x7f,
    0xfc, 0x0, 0x0, 0x0, 0xf, 0xff, 0x5f, 0xff,
    0x0, 0x0, 0x0, 0x3, 0xff, 0xd7, 0xff, 0xc0,
    0x0, 0x0, 0x0, 0xff, 0xf5, 0xff, 0xf0, 0x0,
    0x0, 0x0, 0x3f, 0xfd, 0x7f, 0xfc, 0x0, 0x0,
    0x0, 0xf, 0xff, 0x5f, 0xff, 0xff, 0xff, 0xff,
    0xff, 0xff, 0xd7, 0xff, 0xff, 0xff, 0xff, 0xff,
    0xff, 0xf5, 0xff, 0xff, 0xff, 0xff, 0xff, 0xff,
    0xfd, 0x7f, 0xff, 0xff, 0xff, 0xff, 0xff, 0xff,
    0x5f, 0xff, 0xff, 0xff, 0xff, 0xff, 0xff, 0xd7,
    0xff, 0xea, 0xaa, 0xaa, 0xaa, 0xff, 0xf5, 0xff,
    0xf0, 0x0, 0x0, 0x0, 0x3f, 0xfd, 0x7f, 0xfc,
    0x0, 0x0, 0x0, 0xf, 0xff, 0x5f, 0xff, 0x0,
    0x0, 0x0, 0x3, 0xff, 0xd7, 0xff, 0xc0, 0x0,
    0x0, 0x0, 0xff, 0xf5, 0xff, 0xf0, 0x0, 0x0,
    0x0, 0x3f, 0xfd, 0x7f, 0xfc, 0x0, 0x0, 0x0,
    0xf, 0xff, 0x5f, 0xff, 0x0, 0x0, 0x0, 0x3,
    0xff, 0xd7, 0xff, 0xc0, 0x0, 0x0, 0x0, 0xff,
    0xf5, 0xff, 0xf0, 0x0, 0x0, 0x0, 0x3f, 0xfd,
    0x7f, 0xfc, 0x0, 0x0, 0x0, 0xf, 0xff, 0x5f,
    0xff, 0x0, 0x0, 0x0, 0x3, 0xff, 0xd7, 0xff,
    0xc0, 0x0, 0x0, 0x0, 0xff, 0xf5, 0xff, 0xf0,
    0x0, 0x0, 0x0, 0x3f, 0xfd, 0x7f, 0xfc, 0x0,
    0x0, 0x0, 0xf, 0xff, 0x5f, 0xff, 0x0, 0x0,
    0x0, 0x3, 0xff, 0xd7, 0xff, 0xc0, 0x0, 0x0,
    0x0, 0xff, 0xf5, 0xff, 0xf0, 0x0, 0x0, 0x0,
    0x3f, 0xfd,

    /* U+0049 "I" */
    0x3f, 0xfd, 0x3f, 0xfd, 0x3f, 0xfd, 0x3f, 0xfd,
    0x3f, 0xfd, 0x3f, 0xfd, 0x3f, 0xfd, 0x3f, 0xfd,
    0x3f, 0xfd, 0x3f, 0xfd, 0x3f, 0xfd, 0x3f, 0xfd,
    0x3f, 0xfd, 0x3f, 0xfd, 0x3f, 0xfd, 0x3f, 0xfd,
    0x3f, 0xfd, 0x3f, 0xfd, 0x3f, 0xfd, 0x3f, 0xfd,
    0x3f, 0xfd, 0x3f, 0xfd, 0x3f, 0xfd, 0x3f, 0xfd,
    0x3f, 0xfd, 0x3f, 0xfd, 0x3f, 0xfd, 0x3f, 0xfd,
    0x3f, 0xfd, 0x3f, 0xfd, 0x3f, 0xfd, 0x3f, 0xfd,
    0x3f, 0xfd, 0x3f, 0xfd, 0x3f, 0xfd, 0x3f, 0xfd,
    0x3f, 0xfd, 0x3f, 0xfd, 0x3f, 0xfd, 0x3f, 0xfd,

    /* U+004A "J" */
    0x0, 0x3, 0xff, 0xd0, 0x0, 0x3f, 0xfd, 0x0,
    0x3, 0xff, 0xd0, 0x0, 0x3f, 0xfd, 0x0, 0x3,
    0xff, 0xd0, 0x0, 0x3f, 0xfd, 0x0, 0x3, 0xff,
    0xd0, 0x0, 0x3f, 0xfd, 0x0, 0x3, 0xff, 0xd0,
    0x0, 0x3f, 0xfd, 0x0, 0x3, 0xff, 0xd0, 0x0,
    0x3f, 0xfd, 0x0, 0x3, 0xff, 0xd0, 0x0, 0x3f,
    0xfd, 0x0, 0x3, 0xff, 0xd0, 0x0, 0x3f, 0xfd,
    0x0, 0x3, 0xff, 0xd0, 0x0, 0x3f, 0xfd, 0x0,
    0x3, 0xff, 0xd0, 0x0, 0x3f, 0xfd, 0x0, 0x3,
    0xff, 0xd0, 0x0, 0x3f, 0xfd, 0x0, 0x3, 0xff,
    0xd0, 0x0, 0x3f, 0xfd, 0x0, 0x3, 0xff, 0xd0,
    0x0, 0x3f, 0xfd, 0x0, 0x3, 0xff, 0xd0, 0x0,
    0x3f, 0xfd, 0x0, 0x3, 0xff, 0xd0, 0x0, 0x3f,
    0xfd, 0x0, 0x3, 0xff, 0xd0, 0x0, 0x3f, 0xfd,
    0x0, 0x7, 0xff, 0xd0, 0x0, 0xff, 0xfc, 0x6a,
    0xbf, 0xff, 0xc7, 0xff, 0xff, 0xf8, 0x7f, 0xff,
    0xff, 0x7, 0xff, 0xff, 0xd0, 0x7f, 0xff, 0xf4,
    0x7, 0xff, 0xe4, 0x0,

    /* U+004B "K" */
    0x7f, 0xfc, 0x0, 0x0, 0x0, 0xf, 0xff, 0xd0,
    0x7f, 0xfc, 0x0, 0x0, 0x0, 0x3f, 0xff, 0x80,
    0x7f, 0xfc, 0x0, 0x0, 0x0, 0xbf, 0xff, 0x0,
    0x7f, 0xfc, 0x0, 0x0, 0x1, 0xff, 0xfc, 0x0,
    0x7f, 0xfc, 0x0, 0x0, 0x3, 0xff, 0xf4, 0x0,
    0x7f, 0xfc, 0x0, 0x0, 0xf, 0xff, 0xe0, 0x0,
    0x7f, 0xfc, 0x0, 0x0, 0x2f, 0xff, 0xc0, 0x0,
    0x7f, 0xfc, 0x0, 0x0, 0x7f, 0xff, 0x0, 0x0,
    0x7f, 0xfc, 0x0, 0x0, 0xff, 0xfc, 0x0, 0x0,
    0x7f, 0xfc, 0x0, 0x3, 0xff, 0xf4, 0x0, 0x0,
    0x7f, 0xfc, 0x0, 0xb, 0xff, 0xe0, 0x0, 0x0,
    0x7f, 0xfc, 0x0, 0x1f, 0xff, 0xc0, 0x0, 0x0,
    0x7f, 0xfc, 0x0, 0x3f, 0xff, 0x0, 0x0, 0x0,
    0x7f, 0xfc, 0x0, 0xff, 0xfd, 0x0, 0x0, 0x0,
    0x7f, 0xfc, 0x2, 0xff, 0xf4, 0x0, 0x0, 0x0,
    0x7f, 0xfc, 0x7, 0xff, 0xe0, 0x0, 0x0, 0x0,
    0x7f, 0xfc, 0xf, 0xff, 0xe0, 0x0, 0x0, 0x0,
    0x7f, 0xfc, 0x3f, 0xff, 0xf4, 0x0, 0x0, 0x0,
    0x7f, 0xfc, 0xbf, 0xff, 0xfc, 0x0, 0x0, 0x0,
    0x7f, 0xfd, 0xff, 0xff, 0xfd, 0x0, 0x0, 0x0,
    0x7f, 0xff, 0xff, 0xff, 0xff, 0x0, 0x0, 0x0,
    0x7f, 0xff, 0xff, 0xef, 0xff, 0x80, 0x0, 0x0,
    0x7f, 0xff, 0xff, 0xf, 0xff, 0xc0, 0x0, 0x0,
    0x7f, 0xff, 0xfd, 0x7, 0xff, 0xe0, 0x0, 0x0,
    0x7f, 0xff, 0xf8, 0x3, 0xff, 0xf4, 0x0, 0x0,
    0x7f, 0xff, 0xf0, 0x1, 0xff, 0xfc, 0x0, 0x0,
    0x7f, 0xff, 0xc0, 0x0, 0xbf, 0xfd, 0x0, 0x0,
    0x7f, 0xff, 0x0, 0x0, 0x3f, 0xff, 0x0, 0x0,
    0x7f, 0xfd, 0x0, 0x0, 0x2f, 0xff, 0x80, 0x0,
    0x7f, 0xfc, 0x0, 0x0, 0xf, 0xff, 0xc0, 0x0,
    0x7f, 0xfc, 0x0, 0x0, 0xb, 0xff, 0xe0, 0x0,
    0x7f, 0xfc, 0x0, 0x0, 0x3, 0xff, 0xf4, 0x0,
    0x7f, 0xfc, 0x0, 0x0, 0x1, 0xff, 0xfc, 0x0,
    0x7f, 0xfc, 0x0, 0x0, 0x0, 0xff, 0xfd, 0x0,
    0x7f, 0xfc, 0x0, 0x0, 0x0, 0x7f, 0xff, 0x0,
    0x7f, 0xfc, 0x0, 0x0, 0x0, 0x2f, 0xff, 0x80,
    0x7f, 0xfc, 0x0, 0x0, 0x0, 0xf, 0xff, 0xc0,
    0x7f, 0xfc, 0x0, 0x0, 0x0, 0xb, 0xff, 0xe0,
    0x7f, 0xfc, 0x0, 0x0, 0x0, 0x3, 0xff, 0xf4,
    0x7f, 0xfc, 0x0, 0x0, 0x0, 0x1, 0xff, 0xfc,

    /* U+004C "L" */
    0x7f, 0xfc, 0x0, 0x0, 0x0, 0x0, 0x7, 0xff,
    0xc0, 0x0, 0x0, 0x0, 0x0, 0x7f, 0xfc, 0x0,
    0x0, 0x0, 0x0, 0x7, 0xff, 0xc0, 0x0, 0x0,
    0x0, 0x0, 0x7f, 0xfc, 0x0, 0x0, 0x0, 0x0,
    0x7, 0xff, 0xc0, 0x0, 0x0, 0x0, 0x0, 0x7f,
    0xfc, 0x0, 0x0, 0x0, 0x0, 0x7, 0xff, 0xc0,
    0x0, 0x0, 0x0, 0x0, 0x7f, 0xfc, 0x0, 0x0,
    0x0, 0x0, 0x7, 0xff, 0xc0, 0x0, 0x0, 0x0,
    0x0, 0x7f, 0xfc, 0x0, 0x0, 0x0, 0x0, 0x7,
    0xff, 0xc0, 0x0, 0x0, 0x0, 0x0, 0x7f, 0xfc,
    0x0, 0x0, 0x0, 0x0, 0x7, 0xff, 0xc0, 0x0,
    0x0, 0x0, 0x0, 0x7f, 0xfc, 0x0, 0x0, 0x0,
    0x0, 0x7, 0xff, 0xc0, 0x0, 0x0, 0x0, 0x0,
    0x7f, 0xfc, 0x0, 0x0, 0x0, 0x0, 0x7, 0xff,
    0xc0, 0x0, 0x0, 0x0, 0x0, 0x7f, 0xfc, 0x0,
    0x0, 0x0, 0x0, 0x7, 0xff, 0xc0, 0x0, 0x0,
    0x0, 0x0, 0x7f, 0xfc, 0x0, 0x0, 0x0, 0x0,
    0x7, 0xff, 0xc0, 0x0, 0x0, 0x0, 0x0, 0x7f,
    0xfc, 0x0, 0x0, 0x0, 0x0, 0x7, 0xff, 0xc0,
    0x0, 0x0, 0x0, 0x0, 0x7f, 0xfc, 0x0, 0x0,
    0x0, 0x0, 0x7, 0xff, 0xc0, 0x0, 0x0, 0x0,
    0x0, 0x7f, 0xfc, 0x0, 0x0, 0x0, 0x0, 0x7,
    0xff, 0xc0, 0x0, 0x0, 0x0, 0x0, 0x7f, 0xfc,
    0x0, 0x0, 0x0, 0x0, 0x7, 0xff, 0xc0, 0x0,
    0x0, 0x0, 0x0, 0x7f, 0xfc, 0x0, 0x0, 0x0,
    0x0, 0x7, 0xff, 0xc0, 0x0, 0x0, 0x0, 0x0,
    0x7f, 0xfc, 0x0, 0x0, 0x0, 0x0, 0x7, 0xff,
    0xc0, 0x0, 0x0, 0x0, 0x0, 0x7f, 0xfe, 0xaa,
    0xaa, 0xaa, 0xaa, 0x87, 0xff, 0xff, 0xff, 0xff,
    0xff, 0xfc, 0x7f, 0xff, 0xff, 0xff, 0xff, 0xff,
    0xc7, 0xff, 0xff, 0xff, 0xff, 0xff, 0xfc, 0x7f,
    0xff, 0xff, 0xff, 0xff, 0xff, 0xc7, 0xff, 0xff,
    0xff, 0xff, 0xff, 0xfc,

    /* U+004D "M" */
    0xff, 0xfc, 0x0, 0x0, 0x0, 0x0, 0x0, 0xff,
    0xff, 0xff, 0xf4, 0x0, 0x0, 0x0, 0x0, 0x7,
    0xff, 0xff, 0xff, 0xe0, 0x0, 0x0, 0x0, 0x0,
    0x3f, 0xff, 0xff, 0xff, 0xc0, 0x0, 0x0, 0x0,
    0x0, 0xff, 0xff, 0xff, 0xff, 0x80, 0x0, 0x0,
    0x0, 0xb, 0xff, 0xff, 0xff, 0xff, 0x0, 0x0,
    0x0, 0x0, 0x3f, 0xff, 0xff, 0xff, 0xfe, 0x0,
    0x0, 0x0, 0x2, 0xff, 0xff, 0xff, 0xff, 0xfc,
    0x0, 0x0, 0x0, 0xf, 0xff, 0xff, 0xff, 0xff,
    0xf8, 0x0, 0x0, 0x0, 0x7f, 0xff, 0xff, 0xff,
    0xff, 0xf0, 0x0, 0x0, 0x3, 0xff, 0xff, 0xff,
    0xff, 0xff, 0xd0, 0x0, 0x0, 0x1f, 0xff, 0xff,
    0xff, 0xff, 0xff, 0xc0, 0x0, 0x0, 0xff, 0xff,
    0xff, 0xff, 0xff, 0xff, 0x40, 0x0, 0x7, 0xff,
    0xff, 0xff, 0xff, 0xff, 0xff, 0x0, 0x0, 0x3f,
    0xff, 0xff, 0xff, 0xff, 0xbf, 0xfd, 0x0, 0x0,
    0xff, 0xfb, 0xff, 0xff, 0xfe, 0xbf, 0xf8, 0x0,
    0xb, 0xff, 0xaf, 0xff, 0xff, 0xf8, 0xff, 0xf0,
    0x0, 0x3f, 0xfc, 0xbf, 0xff, 0xff, 0xe2, 0xff,
    0xe0, 0x2, 0xff, 0xe2, 0xff, 0xff, 0xff, 0x83,
    0xff, 0xc0, 0xf, 0xff, 0xb, 0xff, 0xff, 0xfe,
    0xb, 0xff, 0x80, 0xbf, 0xf8, 0x2f, 0xff, 0xff,
    0xf8, 0xf, 0xff, 0x3, 0xff, 0xc0, 0xbf, 0xff,
    0xff, 0xe0, 0x2f, 0xfe, 0x1f, 0xfe, 0x2, 0xff,
    0xff, 0xff, 0x80, 0x7f, 0xfc, 0xff, 0xf4, 0xb,
    0xff, 0xff, 0xfe, 0x0, 0xff, 0xfb, 0xff, 0xc0,
    0x2f, 0xff, 0xff, 0xf8, 0x1, 0xff, 0xff, 0xfd,
    0x0, 0xbf, 0xff, 0xff, 0xe0, 0x3, 0xff, 0xff,
    0xf0, 0x2, 0xff, 0xff, 0xff, 0x80, 0x7, 0xff,
    0xff, 0x40, 0xb, 0xff, 0xff, 0xfe, 0x0, 0xf,
    0xff, 0xfc, 0x0, 0x2f, 0xff, 0xff, 0xf8, 0x0,
    0x1f, 0xff, 0xd0, 0x0, 0xbf, 0xff, 0xff, 0xe0,
    0x0, 0x3f, 0xff, 0x0, 0x2, 0xff, 0xff, 0xff,
    0x80, 0x0, 0x7f, 0xf8, 0x0, 0xb, 0xff, 0xff,
    0xfe, 0x0, 0x0, 0xff, 0xc0, 0x0, 0x2f, 0xff,
    0xff, 0xf8, 0x0, 0x0, 0x0, 0x0, 0x0, 0xbf,
    0xff, 0xff, 0xe0, 0x0, 0x0, 0x0, 0x0, 0x2,
    0xff, 0xff, 0xff, 0x80, 0x0, 0x0, 0x0, 0x0,
    0xb, 0xff, 0xff, 0xfe, 0x0, 0x0, 0x0, 0x0,
    0x0, 0x2f, 0xff, 0xff, 0xf8, 0x0, 0x0, 0x0,
    0x0, 0x0, 0xbf, 0xff, 0xff, 0xe0, 0x0, 0x0,
    0x0, 0x0, 0x2, 0xff, 0xff, 0xff, 0x80, 0x0,
    0x0, 0x0, 0x0, 0xb, 0xff, 0xff, 0xfe, 0x0,
    0x0, 0x0, 0x0, 0x0, 0x2f, 0xff,

    /* U+004E "N" */
    0x7f, 0xfd, 0x0, 0x0, 0x0, 0x1, 0xff, 0xf7,
    0xff, 0xf0, 0x0, 0x0, 0x0, 0x1f, 0xff, 0x7f,
    0xff, 0x80, 0x0, 0x0, 0x1, 0xff, 0xf7, 0xff,
    0xfc, 0x0, 0x0, 0x0, 0x1f, 0xff, 0x7f, 0xff,
    0xf0, 0x0, 0x0, 0x1, 0xff, 0xf7, 0xff, 0xff,
    0x40, 0x0, 0x0, 0x1f, 0xff, 0x7f, 0xff, 0xfc,
    0x0, 0x0, 0x1, 0xff, 0xf7, 0xff, 0xff, 0xe0,
    0x0, 0x0, 0x1f, 0xff, 0x7f, 0xff, 0xff, 0x0,
    0x0, 0x1, 0xff, 0xf7, 0xff, 0xff, 0xfc, 0x0,
    0x0, 0x1f, 0xff, 0x7f, 0xff, 0xff, 0xd0, 0x0,
    0x1, 0xff, 0xf7, 0xff, 0xff, 0xff, 0x0, 0x0,
    0x1f, 0xff, 0x7f, 0xff, 0xff, 0xf8, 0x0, 0x1,
    0xff, 0xf7, 0xff, 0xdf, 0xff, 0xc0, 0x0, 0x1f,
    0xff, 0x7f, 0xfc, 0xbf, 0xff, 0x0, 0x1, 0xff,
    0xf7, 0xff, 0xc3, 0xff, 0xf4, 0x0, 0x1f, 0xff,
    0x7f, 0xfc, 0x2f, 0xff, 0xc0, 0x1, 0xff, 0xf7,
    0xff, 0xc0, 0xff, 0xfe, 0x0, 0x1f, 0xff, 0x7f,
    0xfc, 0x7, 0xff, 0xf0, 0x1, 0xff, 0xf7, 0xff,
    0xc0, 0x2f, 0xff, 0xc0, 0x1f, 0xff, 0x7f, 0xfc,
    0x0, 0xff, 0xfd, 0x1, 0xff, 0xf7, 0xff, 0xc0,
    0xb, 0xff, 0xf0, 0x1f, 0xff, 0x7f, 0xfc, 0x0,
    0x3f, 0xff, 0x81, 0xff, 0xf7, 0xff, 0xc0, 0x1,
    0xff, 0xfc, 0x1f, 0xff, 0x7f, 0xfc, 0x0, 0xb,
    0xff, 0xf1, 0xff, 0xf7, 0xff, 0xc0, 0x0, 0x3f,
    0xff, 0x5f, 0xff, 0x7f, 0xfc, 0x0, 0x2, 0xff,
    0xfe, 0xff, 0xf7, 0xff, 0xc0, 0x0, 0xf, 0xff,
    0xff, 0xff, 0x7f, 0xfc, 0x0, 0x0, 0x7f, 0xff,
    0xff, 0xf7, 0xff, 0xc0, 0x0, 0x2, 0xff, 0xff,
    0xff, 0x7f, 0xfc, 0x0, 0x0, 0xf, 0xff, 0xff,
    0xf7, 0xff, 0xc0, 0x0, 0x0, 0xbf, 0xff, 0xff,
    0x7f, 0xfc, 0x0, 0x0, 0x3, 0xff, 0xff, 0xf7,
    0xff, 0xc0, 0x0, 0x0, 0x1f, 0xff, 0xff, 0x7f,
    0xfc, 0x0, 0x0, 0x0, 0xff, 0xff, 0xf7, 0xff,
    0xc0, 0x0, 0x0, 0x3, 0xff, 0xff, 0x7f, 0xfc,
    0x0, 0x0, 0x0, 0x2f, 0xff, 0xf7, 0xff, 0xc0,
    0x0, 0x0, 0x0, 0xff, 0xff, 0x7f, 0xfc, 0x0,
    0x0, 0x0, 0x7, 0xff, 0xf7, 0xff, 0xc0, 0x0,
    0x0, 0x0, 0x3f, 0xff,

    /* U+004F "O" */
    0x0, 0x0, 0x6, 0xaa, 0x90, 0x0, 0x0, 0x0,
    0x0, 0x7f, 0xff, 0xff, 0xe0, 0x0, 0x0, 0x1,
    0xff, 0xff, 0xff, 0xff, 0x80, 0x0, 0x1, 0xff,
    0xff, 0xff, 0xff, 0xfc, 0x0, 0x1, 0xff, 0xff,
    0xff, 0xff, 0xff, 0xc0, 0x0, 0xff, 0xff, 0xff,
    0xff, 0xff, 0xf8, 0x0, 0xff, 0xff, 0xd0, 0x6,
    0xff, 0xff, 0x40, 0x7f, 0xff, 0x40, 0x0, 0xf,
    0xff, 0xf0, 0x2f, 0xff, 0x40, 0x0, 0x0, 0xff,
    0xfc, 0xf, 0xff, 0x80, 0x0, 0x0, 0x1f, 0xff,
    0x43, 0xff, 0xd0, 0x0, 0x0, 0x3, 0xff, 0xe1,
    0xff, 0xf0, 0x0, 0x0, 0x0, 0xbf, 0xfc, 0xbf,
    0xfc, 0x0, 0x0, 0x0, 0x1f, 0xff, 0x2f, 0xfe,
    0x0, 0x0, 0x0, 0x7, 0xff, 0xcb, 0xff, 0x80,
    0x0, 0x0, 0x0, 0xff, 0xf3, 0xff, 0xe0, 0x0,
    0x0, 0x0, 0x3f, 0xfc, 0xff, 0xf8, 0x0, 0x0,
    0x0, 0xf, 0xff, 0x3f, 0xfe, 0x0, 0x0, 0x0,
    0x3, 0xff, 0xcf, 0xff, 0x80, 0x0, 0x0, 0x0,
    0xff, 0xf3, 0xff, 0xe0, 0x0, 0x0, 0x0, 0x3f,
    0xfc, 0xff, 0xf8, 0x0, 0x0, 0x0, 0xf, 0xff,
    0x3f, 0xfe, 0x0, 0x0, 0x0, 0x3, 0xff, 0xcf,
    0xff, 0x80, 0x0, 0x0, 0x0, 0xff, 0xf3, 0xff,
    0xe0, 0x0, 0x0, 0x0, 0x3f, 0xfc, 0xff, 0xf8,
    0x0, 0x0, 0x0, 0xf, 0xff, 0x3f, 0xfe, 0x0,
    0x0, 0x0, 0x3, 0xff, 0xcf, 0xff, 0x80, 0x0,
    0x0, 0x0, 0xff, 0xf3, 0xff, 0xe0, 0x0, 0x0,
    0x0, 0x3f, 0xfc, 0xbf, 0xf8, 0x0, 0x0, 0x0,
    0x1f, 0xff, 0x2f, 0xff, 0x0, 0x0, 0x0, 0xb,
    0xff, 0xc7, 0xff, 0xc0, 0x0, 0x0, 0x3, 0xff,
    0xf0, 0xff, 0xf8, 0x0, 0x0, 0x0, 0xff, 0xf8,
    0x3f, 0xff, 0x0, 0x0, 0x0, 0xff, 0xfc, 0xb,
    0xff, 0xf0, 0x0, 0x0, 0xbf, 0xff, 0x0, 0xff,
    0xff, 0x80, 0x1, 0xff, 0xff, 0x40, 0x2f, 0xff,
    0xff, 0xff, 0xff, 0xff, 0xc0, 0x3, 0xff, 0xff,
    0xff, 0xff, 0xff, 0xc0, 0x0, 0x3f, 0xff, 0xff,
    0xff, 0xff, 0xc0, 0x0, 0x2, 0xff, 0xff, 0xff,
    0xff, 0xc0, 0x0, 0x0, 0xb, 0xff, 0xff, 0xff,
    0x40, 0x0, 0x0, 0x0, 0x1b, 0xff, 0xe4, 0x0,
    0x0, 0x0,

    /* U+0050 "P" */
    0x7f, 0xff, 0xff, 0xff, 0xf9, 0x0, 0x0, 0x7f,
    0xff, 0xff, 0xff, 0xff, 0xe4, 0x0, 0x7f, 0xff,
    0xff, 0xff, 0xff, 0xfe, 0x0, 0x7f, 0xff, 0xff,
    0xff, 0xff, 0xff, 0x80, 0x7f, 0xff, 0xff, 0xff,
    0xff, 0xff, 0xe0, 0x7f, 0xfe, 0xaa, 0xaa, 0xff,
    0xff, 0xf4, 0x7f, 0xfc, 0x0, 0x0, 0x7, 0xff,
    0xfc, 0x7f, 0xfc, 0x0, 0x0, 0x0, 0xff, 0xfc,
    0x7f, 0xfc, 0x0, 0x0, 0x0, 0x7f, 0xfd, 0x7f,
    0xfc, 0x0, 0x0, 0x0, 0x3f, 0xfe, 0x7f, 0xfc,
    0x0, 0x0, 0x0, 0x2f, 0xff, 0x7f, 0xfc, 0x0,
    0x0, 0x0, 0x1f, 0xff, 0x7f, 0xfc, 0x0, 0x0,
    0x0, 0x1f, 0xff, 0x7f, 0xfc, 0x0, 0x0, 0x0,
    0x1f, 0xff, 0x7f, 0xfc, 0x0, 0x0, 0x0, 0x2f,
    0xff, 0x7f, 0xfc, 0x0, 0x0, 0x0, 0x3f, 0xfe,
    0x7f, 0xfc, 0x0, 0x0, 0x0, 0x7f, 0xfd, 0x7f,
    0xfc, 0x0, 0x0, 0x1, 0xff, 0xfc, 0x7f, 0xfc,
    0x0, 0x0, 0x1f, 0xff, 0xf8, 0x7f, 0xff, 0xff,
    0xff, 0xff, 0xff, 0xf0, 0x7f, 0xff, 0xff, 0xff,
    0xff, 0xff, 0xd0, 0x7f, 0xff, 0xff, 0xff, 0xff,
    0xff, 0x40, 0x7f, 0xff, 0xff, 0xff, 0xff, 0xfd,
    0x0, 0x7f, 0xff, 0xff, 0xff, 0xff, 0xd0, 0x0,
    0x7f, 0xfe, 0xaa, 0xaa, 0xa4, 0x0, 0x0, 0x7f,
    0xfc, 0x0, 0x0, 0x0, 0x0, 0x0, 0x7f, 0xfc,
    0x0, 0x0, 0x0, 0x0, 0x0, 0x7f, 0xfc, 0x0,
    0x0, 0x0, 0x0, 0x0, 0x7f, 0xfc, 0x0, 0x0,
    0x0, 0x0, 0x0, 0x7f, 0xfc, 0x0, 0x0, 0x0,
    0x0, 0x0, 0x7f, 0xfc, 0x0, 0x0, 0x0, 0x0,
    0x0, 0x7f, 0xfc, 0x0, 0x0, 0x0, 0x0, 0x0,
    0x7f, 0xfc, 0x0, 0x0, 0x0, 0x0, 0x0, 0x7f,
    0xfc, 0x0, 0x0, 0x0, 0x0, 0x0, 0x7f, 0xfc,
    0x0, 0x0, 0x0, 0x0, 0x0, 0x7f, 0xfc, 0x0,
    0x0, 0x0, 0x0, 0x0, 0x7f, 0xfc, 0x0, 0x0,
    0x0, 0x0, 0x0, 0x7f, 0xfc, 0x0, 0x0, 0x0,
    0x0, 0x0, 0x7f, 0xfc, 0x0, 0x0, 0x0, 0x0,
    0x0, 0x7f, 0xfc, 0x0, 0x0, 0x0, 0x0, 0x0,

    /* U+0051 "Q" */
    0x0, 0x0, 0x6, 0xaa, 0x90, 0x0, 0x0, 0x0,
    0x0, 0x7f, 0xff, 0xff, 0xe0, 0x0, 0x0, 0x1,
    0xff, 0xff, 0xff, 0xff, 0x80, 0x0, 0x1, 0xff,
    0xff, 0xff, 0xff, 0xfc, 0x0, 0x1, 0xff, 0xff,
    0xff, 0xff, 0xff, 0xc0, 0x0, 0xff, 0xff, 0xff,
    0xff, 0xff, 0xf8, 0x0, 0xff, 0xff, 0xd0, 0x6,
    0xff, 0xff, 0x40, 0x7f, 0xff, 0x40, 0x0, 0xf,
    0xff, 0xf0, 0x2f, 0xff, 0x40, 0x0, 0x0, 0xff,
    0xfc, 0xf, 0xff, 0x80, 0x0, 0x0, 0x1f, 0xff,
    0x43, 0xff, 0xd0, 0x0, 0x0, 0x3, 0xff, 0xe1,
    0xff, 0xf0, 0x0, 0x0, 0x0, 0xbf, 0xfc, 0xbf,
    0xfc, 0x0, 0x0, 0x0, 0x1f, 0xff, 0x2f, 0xfe,
    0x0, 0x0, 0x0, 0x7, 0xff, 0xcb, 0xff, 0x80,
    0x0, 0x0, 0x0, 0xff, 0xf3, 0xff, 0xe0, 0x0,
    0x0, 0x0, 0x3f, 0xfc, 0xff, 0xf8, 0x0, 0x0,
    0x0, 0xf, 0xff, 0x3f, 0xfe, 0x0, 0x0, 0x0,
    0x3, 0xff, 0xcf, 0xff, 0x80, 0x0, 0x0, 0x0,
    0xff, 0xf3, 0xff, 0xe0, 0x0, 0x0, 0x0, 0x3f,
    0xfc, 0xff, 0xf8, 0x0, 0x0, 0x0, 0xf, 0xff,
    0x3f, 0xfe, 0x0, 0x0, 0x0, 0x3, 0xff, 0xcf,
    0xff, 0x80, 0x0, 0x0, 0x0, 0xff, 0xf3, 0xff,
    0xe0, 0x0, 0x0, 0x0, 0x3f, 0xfc, 0xff, 0xf8,
    0x0, 0x0, 0x0, 0xf, 0xff, 0x3f, 0xfe, 0x0,
    0x0, 0x0, 0x3, 0xff, 0xcf, 0xff, 0x80, 0x0,
    0x0, 0x0, 0xff, 0xf3, 0xff, 0xe0, 0x0, 0x0,
    0x0, 0x3f, 0xfc, 0xbf, 0xf8, 0x0, 0x0, 0x0,
    0x1f, 0xff, 0x2f, 0xff, 0x0, 0x0, 0x0, 0xb,
    0xff, 0xc7, 0xff, 0xc0, 0x0, 0x0, 0x3, 0xff,
    0xf0, 0xff, 0xf8, 0x0, 0x0, 0x0, 0xff, 0xf8,
    0x3f, 0xff, 0x0, 0x0, 0x0, 0xff, 0xfc, 0xb,
    0xff, 0xf0, 0x0, 0x0, 0xbf, 0xff, 0x0, 0xff,
    0xff, 0x40, 0x1, 0xff, 0xff, 0x40, 0x2f, 0xff,
    0xff, 0xef, 0xff, 0xff, 0xc0, 0x3, 0xff, 0xff,
    0xff, 0xff, 0xff, 0xc0, 0x0, 0x3f, 0xff, 0xff,
    0xff, 0xff, 0xd0, 0x0, 0x2, 0xff, 0xff, 0xff,
    0xff, 0xc0, 0x0, 0x0, 0xb, 0xff, 0xff, 0xff,
    0xf0, 0x0, 0x0, 0x0, 0x1b, 0xff, 0xff, 0xfd,
    0x0, 0x0, 0x0, 0x0, 0x0, 0x7, 0xff, 0xc0,
    0x0, 0x0, 0x0, 0x0, 0x0, 0xff, 0xf4, 0x0,
    0x0, 0x0, 0x0, 0x0, 0x1f, 0xff, 0x0, 0x0,
    0x0, 0x0, 0x0, 0x3, 0xff, 0xe0, 0x0, 0x0,
    0x0, 0x0, 0x0, 0x7f, 0xfc, 0x0, 0x0, 0x0,
    0x0, 0x0, 0xb, 0xff, 0x40, 0x0, 0x0, 0x0,
    0x0, 0x0, 0xff, 0x40, 0x0, 0x0, 0x0, 0x0,
    0x0, 0x2d, 0x0, 0x0, 0x0, 0x0, 0x0, 0x0,
    0x0, 0x0, 0x0,

    /* U+0052 "R" */
    0x7f, 0xff, 0xff, 0xff, 0xfa, 0x40, 0x0, 0x7,
    0xff, 0xff, 0xff, 0xff, 0xff, 0x40, 0x0, 0x7f,
    0xff, 0xff, 0xff, 0xff, 0xfe, 0x0, 0x7, 0xff,
    0xff, 0xff, 0xff, 0xff, 0xfc, 0x0, 0x7f, 0xff,
    0xff, 0xff, 0xff, 0xff, 0xf0, 0x7, 0xff, 0xea,
    0xaa, 0xaf, 0xff, 0xff, 0x40, 0x7f, 0xfc, 0x0,
    0x0, 0x7, 0xff, 0xfc, 0x7, 0xff, 0xc0, 0x0,
    0x0, 0xf, 0xff, 0xd0, 0x7f, 0xfc, 0x0, 0x0,
    0x0, 0x3f, 0xfe, 0x7, 0xff, 0xc0, 0x0, 0x0,
    0x3, 0xff, 0xf0, 0x7f, 0xfc, 0x0, 0x0, 0x0,
    0x2f, 0xff, 0x7, 0xff, 0xc0, 0x0, 0x0, 0x1,
    0xff, 0xf0, 0x7f, 0xfc, 0x0, 0x0, 0x0, 0x2f,
    0xff, 0x7, 0xff, 0xc0, 0x0, 0x0, 0x2, 0xff,
    0xf0, 0x7f, 0xfc, 0x0, 0x0, 0x0, 0x3f, 0xfe,
    0x7, 0xff, 0xc0, 0x0, 0x0, 0x7, 0xff, 0xd0,
    0x7f, 0xfc, 0x0, 0x0, 0x1, 0xff, 0xfc, 0x7,
    0xff, 0xc0, 0x0, 0x1, 0xbf, 0xff, 0x80, 0x7f,
    0xff, 0xff, 0xff, 0xff, 0xff, 0xf0, 0x7, 0xff,
    0xff, 0xff, 0xff, 0xff, 0xfc, 0x0, 0x7f, 0xff,
    0xff, 0xff, 0xff, 0xff, 0x0, 0x7, 0xff, 0xff,
    0xff, 0xff, 0xff, 0x80, 0x0, 0x7f, 0xff, 0xff,
    0xff, 0xff, 0x80, 0x0, 0x7, 0xff, 0xd5, 0x55,
    0xff, 0xfc, 0x0, 0x0, 0x7f, 0xfc, 0x0, 0x7,
    0xff, 0xd0, 0x0, 0x7, 0xff, 0xc0, 0x0, 0x3f,
    0xff, 0x0, 0x0, 0x7f, 0xfc, 0x0, 0x1, 0xff,
    0xf8, 0x0, 0x7, 0xff, 0xc0, 0x0, 0xf, 0xff,
    0xc0, 0x0, 0x7f, 0xfc, 0x0, 0x0, 0xbf, 0xfe,
    0x0, 0x7, 0xff, 0xc0, 0x0, 0x3, 0xff, 0xf0,
    0x0, 0x7f, 0xfc, 0x0, 0x0, 0x2f, 0xff, 0x80,
    0x7, 0xff, 0xc0, 0x0, 0x0, 0xff, 0xfc, 0x0,
    0x7f, 0xfc, 0x0, 0x0, 0xb, 0xff, 0xe0, 0x7,
    0xff, 0xc0, 0x0, 0x0, 0x3f, 0xff, 0x0, 0x7f,
    0xfc, 0x0, 0x0, 0x2, 0xff, 0xf8, 0x7, 0xff,
    0xc0, 0x0, 0x0, 0xf, 0xff, 0xc0, 0x7f, 0xfc,
    0x0, 0x0, 0x0, 0xbf, 0xfe, 0x7, 0xff, 0xc0,
    0x0, 0x0, 0x7, 0xff, 0xf0, 0x7f, 0xfc, 0x0,
    0x0, 0x0, 0x3f, 0xff, 0x87, 0xff, 0xc0, 0x0,
    0x0, 0x1, 0xff, 0xfc,

    /* U+0053 "S" */
    0x0, 0x0, 0x0, 0x55, 0x40, 0x0, 0x0, 0x0,
    0x0, 0x6f, 0xff, 0xfe, 0x40, 0x0, 0x0, 0x7,
    0xff, 0xff, 0xff, 0xf0, 0x0, 0x0, 0x2f, 0xff,
    0xff, 0xff, 0xfd, 0x0, 0x0, 0xff, 0xff, 0xff,
    0xff, 0xff, 0x40, 0x2, 0xff, 0xff, 0xff, 0xff,
    0xff, 0xc0, 0x3, 0xff, 0xfd, 0x0, 0x2f, 0xff,
    0xe0, 0xb, 0xff, 0xd0, 0x0, 0x3, 0xff, 0xf0,
    0xf, 0xff, 0x80, 0x0, 0x0, 0xff, 0xf8, 0x1f,
    0xff, 0x0, 0x0, 0x0, 0x7f, 0xfc, 0x1f, 0xfe,
    0x0, 0x0, 0x0, 0x3f, 0xfc, 0x2f, 0xfe, 0x0,
    0x0, 0x0, 0x3f, 0xfc, 0x2f, 0xfe, 0x0, 0x0,
    0x0, 0x3f, 0xfd, 0x2f, 0xff, 0x0, 0x0, 0x0,
    0x5, 0x54, 0x1f, 0xff, 0x40, 0x0, 0x0, 0x0,
    0x0, 0xf, 0xff, 0xc0, 0x0, 0x0, 0x0, 0x0,
    0xf, 0xff, 0xf8, 0x0, 0x0, 0x0, 0x0, 0x7,
    0xff, 0xff, 0xe5, 0x0, 0x0, 0x0, 0x2, 0xff,
    0xff, 0xff, 0xfe, 0x0, 0x0, 0x0, 0xff, 0xff,
    0xff, 0xff, 0xf4, 0x0, 0x0, 0x2f, 0xff, 0xff,
    0xff, 0xff, 0x0, 0x0, 0x2, 0xff, 0xff, 0xff,
    0xff, 0xd0, 0x0, 0x0, 0x1b, 0xff, 0xff, 0xff,
    0xf0, 0x0, 0x0, 0x0, 0x16, 0xff, 0xff, 0xf8,
    0x0, 0x0, 0x0, 0x0, 0x7, 0xff, 0xfc, 0x0,
    0x0, 0x0, 0x0, 0x0, 0xbf, 0xfe, 0x0, 0x0,
    0x0, 0x0, 0x0, 0x3f, 0xfe, 0x0, 0x0, 0x0,
    0x0, 0x0, 0x2f, 0xff, 0x15, 0x54, 0x0, 0x0,
    0x0, 0x1f, 0xff, 0x7f, 0xfc, 0x0, 0x0, 0x0,
    0x1f, 0xff, 0x3f, 0xfc, 0x0, 0x0, 0x0, 0x1f,
    0xff, 0x3f, 0xfd, 0x0, 0x0, 0x0, 0x2f, 0xff,
    0x3f, 0xff, 0x0, 0x0, 0x0, 0x3f, 0xfe, 0x1f,
    0xff, 0x80, 0x0, 0x0, 0xbf, 0xfd, 0xf, 0xff,
    0xe0, 0x0, 0x2, 0xff, 0xfc, 0x7, 0xff, 0xff,
    0xaa, 0xbf, 0xff, 0xf4, 0x2, 0xff, 0xff, 0xff,
    0xff, 0xff, 0xe0, 0x0, 0xff, 0xff, 0xff, 0xff,
    0xff, 0x80, 0x0, 0x2f, 0xff, 0xff, 0xff, 0xfd,
    0x0, 0x0, 0x6, 0xff, 0xff, 0xff, 0xe0, 0x0,
    0x0, 0x0, 0x1b, 0xff, 0xe9, 0x0, 0x0,

    /* U+0054 "T" */
    0x3f, 0xff, 0xff, 0xff, 0xff, 0xff, 0xff, 0xf,
    0xff, 0xff, 0xff, 0xff, 0xff, 0xff, 0xc3, 0xff,
    0xff, 0xff, 0xff, 0xff, 0xff, 0xf0, 0xff, 0xff,
    0xff, 0xff, 0xff, 0xff, 0xfc, 0x3f, 0xff, 0xff,
    0xff, 0xff, 0xff, 0xff, 0xa, 0xaa, 0xaa, 0xff,
    0xfe, 0xaa, 0xaa, 0x80, 0x0, 0x0, 0x2f, 0xff,
    0x0, 0x0, 0x0, 0x0, 0x0, 0xb, 0xff, 0xc0,
    0x0, 0x0, 0x0, 0x0, 0x2, 0xff, 0xf0, 0x0,
    0x0, 0x0, 0x0, 0x0, 0xbf, 0xfc, 0x0, 0x0,
    0x0, 0x0, 0x0, 0x2f, 0xff, 0x0, 0x0, 0x0,
    0x0, 0x0, 0xb, 0xff, 0xc0, 0x0, 0x0, 0x0,
    0x0, 0x2, 0xff, 0xf0, 0x0, 0x0, 0x0, 0x0,
    0x0, 0xbf, 0xfc, 0x0, 0x0, 0x0, 0x0, 0x0,
    0x2f, 0xff, 0x0, 0x0, 0x0, 0x0, 0x0, 0xb,
    0xff, 0xc0, 0x0, 0x0, 0x0, 0x0, 0x2, 0xff,
    0xf0, 0x0, 0x0, 0x0, 0x0, 0x0, 0xbf, 0xfc,
    0x0, 0x0, 0x0, 0x0, 0x0, 0x2f, 0xff, 0x0,
    0x0, 0x0, 0x0, 0x0, 0xb, 0xff, 0xc0, 0x0,
    0x0, 0x0, 0x0, 0x2, 0xff, 0xf0, 0x0, 0x0,
    0x0, 0x0, 0x0, 0xbf, 0xfc, 0x0, 0x0, 0x0,
    0x0, 0x0, 0x2f, 0xff, 0x0, 0x0, 0x0, 0x0,
    0x0, 0xb, 0xff, 0xc0, 0x0, 0x0, 0x0, 0x0,
    0x2, 0xff, 0xf0, 0x0, 0x0, 0x0, 0x0, 0x0,
    0xbf, 0xfc, 0x0, 0x0, 0x0, 0x0, 0x0, 0x2f,
    0xff, 0x0, 0x0, 0x0, 0x0, 0x0, 0xb, 0xff,
    0xc0, 0x0, 0x0, 0x0, 0x0, 0x2, 0xff, 0xf0,
    0x0, 0x0, 0x0, 0x0, 0x0, 0xbf, 0xfc, 0x0,
    0x0, 0x0, 0x0, 0x0, 0x2f, 0xff, 0x0, 0x0,
    0x0, 0x0, 0x0, 0xb, 0xff, 0xc0, 0x0, 0x0,
    0x0, 0x0, 0x2, 0xff, 0xf0, 0x0, 0x0, 0x0,
    0x0, 0x0, 0xbf, 0xfc, 0x0, 0x0, 0x0, 0x0,
    0x0, 0x2f, 0xff, 0x0, 0x0, 0x0, 0x0, 0x0,
    0xb, 0xff, 0xc0, 0x0, 0x0, 0x0, 0x0, 0x2,
    0xff, 0xf0, 0x0, 0x0, 0x0, 0x0, 0x0, 0xbf,
    0xfc, 0x0, 0x0, 0x0, 0x0, 0x0, 0x2f, 0xff,
    0x0, 0x0, 0x0, 0x0, 0x0, 0xb, 0xff, 0xc0,
    0x0, 0x0,

    /* U+0055 "U" */
    0x7f, 0xfc, 0x0, 0x0, 0x0, 0xf, 0xff, 0x9f,
    0xff, 0x0, 0x0, 0x0, 0x3, 0xff, 0xe7, 0xff,
    0xc0, 0x0, 0x0, 0x0, 0xff, 0xf9, 0xff, 0xf0,
    0x0, 0x0, 0x0, 0x3f, 0xfe, 0x7f, 0xfc, 0x0,
    0x0, 0x0, 0xf, 0xff, 0x9f, 0xff, 0x0, 0x0,
    0x0, 0x3, 0xff, 0xe7, 0xff, 0xc0, 0x0, 0x0,
    0x0, 0xff, 0xf9, 0xff, 0xf0, 0x0, 0x0, 0x0,
    0x3f, 0xfe, 0x7f, 0xfc, 0x0, 0x0, 0x0, 0xf,
    0xff, 0x9f, 0xff, 0x0, 0x0, 0x0, 0x3, 0xff,
    0xe7, 0xff, 0xc0, 0x0, 0x0, 0x0, 0xff, 0xf9,
    0xff, 0xf0, 0x0, 0x0, 0x0, 0x3f, 0xfe, 0x7f,
    0xfc, 0x0, 0x0, 0x0, 0xf, 0xff, 0x9f, 0xff,
    0x0, 0x0, 0x0, 0x3, 0xff, 0xe7, 0xff, 0xc0,
    0x0, 0x0, 0x0, 0xff, 0xf9, 0xff, 0xf0, 0x0,
    0x0, 0x0, 0x3f, 0xfe, 0x7f, 0xfc, 0x0, 0x0,
    0x0, 0xf, 0xff, 0x9f, 0xff, 0x0, 0x0, 0x0,
    0x3, 0xff, 0xe7, 0xff, 0xc0, 0x0, 0x0, 0x0,
    0xff, 0xf9, 0xff, 0xf0, 0x0, 0x0, 0x0, 0x3f,
    0xfe, 0x7f, 0xfc, 0x0, 0x0, 0x0, 0xf, 0xff,
    0x9f, 0xff, 0x0, 0x0, 0x0, 0x3, 0xff, 0xe7,
    0xff, 0xc0, 0x0, 0x0, 0x0, 0xff, 0xf9, 0xff,
    0xf0, 0x0, 0x0, 0x0, 0x3f, 0xfe, 0x7f, 0xfc,
    0x0, 0x0, 0x0, 0xf, 0xff, 0x9f, 0xff, 0x0,
    0x0, 0x0, 0x3, 0xff, 0xe7, 0xff, 0xc0, 0x0,
    0x0, 0x0, 0xff, 0xf8, 0xff, 0xf4, 0x0, 0x0,
    0x0, 0x3f, 0xfe, 0x3f, 0xfd, 0x0, 0x0, 0x0,
    0xf, 0xff, 0x4f, 0xff, 0x80, 0x0, 0x0, 0x7,
    0xff, 0xd2, 0xff, 0xf0, 0x0, 0x0, 0x2, 0xff,
    0xf0, 0x7f, 0xfe, 0x0, 0x0, 0x1, 0xff, 0xfc,
    0xf, 0xff, 0xe0, 0x0, 0x0, 0xff, 0xfd, 0x1,
    0xff, 0xfe, 0x0, 0x2, 0xff, 0xff, 0x0, 0x3f,
    0xff, 0xfe, 0xaf, 0xff, 0xff, 0x0, 0x3, 0xff,
    0xff, 0xff, 0xff, 0xff, 0x40, 0x0, 0x3f, 0xff,
    0xff, 0xff, 0xff, 0x40, 0x0, 0x2, 0xff, 0xff,
    0xff, 0xff, 0x0, 0x0, 0x0, 0x1b, 0xff, 0xff,
    0xfd, 0x0, 0x0, 0x0, 0x0, 0x1b, 0xff, 0xa0,
    0x0, 0x0,

    /* U+0056 "V" */
    0xbf, 0xfc, 0x0, 0x0, 0x0, 0x0, 0xff, 0xf8,
    0xff, 0xf4, 0x0, 0x0, 0x0, 0x7, 0xff, 0xc3,
    0xff, 0xe0, 0x0, 0x0, 0x0, 0x2f, 0xff, 0xb,
    0xff, 0xc0, 0x0, 0x0, 0x0, 0xff, 0xf8, 0x1f,
    0xff, 0x0, 0x0, 0x0, 0x7, 0xff, 0xc0, 0x3f,
    0xfe, 0x0, 0x0, 0x0, 0x2f, 0xff, 0x0, 0xbf,
    0xfc, 0x0, 0x0, 0x0, 0xff, 0xf8, 0x1, 0xff,
    0xf0, 0x0, 0x0, 0x3, 0xff, 0xd0, 0x3, 0xff,
    0xd0, 0x0, 0x0, 0x1f, 0xff, 0x0, 0xb, 0xff,
    0x80, 0x0, 0x0, 0xbf, 0xf8, 0x0, 0x1f, 0xff,
    0x0, 0x0, 0x3, 0xff, 0xd0, 0x0, 0x3f, 0xfd,
    0x0, 0x0, 0x1f, 0xff, 0x0, 0x0, 0xff, 0xf8,
    0x0, 0x0, 0xbf, 0xf8, 0x0, 0x1, 0xff, 0xf0,
    0x0, 0x3, 0xff, 0xd0, 0x0, 0x3, 0xff, 0xc0,
    0x0, 0xf, 0xff, 0x0, 0x0, 0xf, 0xff, 0x40,
    0x0, 0x7f, 0xfc, 0x0, 0x0, 0x2f, 0xfe, 0x0,
    0x2, 0xff, 0xd0, 0x0, 0x0, 0x3f, 0xfc, 0x0,
    0xf, 0xff, 0x0, 0x0, 0x0, 0xff, 0xf4, 0x0,
    0x7f, 0xfc, 0x0, 0x0, 0x2, 0xff, 0xe0, 0x2,
    0xff, 0xe0, 0x0, 0x0, 0x3, 0xff, 0xc0, 0xf,
    0xff, 0x0, 0x0, 0x0, 0xf, 0xff, 0x0, 0x3f,
    0xfc, 0x0, 0x0, 0x0, 0x2f, 0xfd, 0x1, 0xff,
    0xe0, 0x0, 0x0, 0x0, 0x7f, 0xfc, 0xb, 0xff,
    0x0, 0x0, 0x0, 0x0, 0xff, 0xf0, 0x3f, 0xfc,
    0x0, 0x0, 0x0, 0x2, 0xff, 0xd1, 0xff, 0xe0,
    0x0, 0x0, 0x0, 0x7, 0xff, 0x8b, 0xff, 0x40,
    0x0, 0x0, 0x0, 0xf, 0xff, 0x3f, 0xfc, 0x0,
    0x0, 0x0, 0x0, 0x2f, 0xfd, 0xff, 0xe0, 0x0,
    0x0, 0x0, 0x0, 0x7f, 0xff, 0xff, 0x40, 0x0,
    0x0, 0x0, 0x0, 0xff, 0xff, 0xfc, 0x0, 0x0,
    0x0, 0x0, 0x3, 0xff, 0xff, 0xe0, 0x0, 0x0,
    0x0, 0x0, 0x7, 0xff, 0xff, 0x40, 0x0, 0x0,
    0x0, 0x0, 0xf, 0xff, 0xfc, 0x0, 0x0, 0x0,
    0x0, 0x0, 0x3f, 0xff, 0xf0, 0x0, 0x0, 0x0,
    0x0, 0x0, 0xbf, 0xff, 0x40, 0x0, 0x0, 0x0,
    0x0, 0x0, 0xff, 0xfc, 0x0, 0x0, 0x0, 0x0,
    0x0, 0x3, 0xff, 0xf0, 0x0, 0x0, 0x0, 0x0,
    0x0, 0xb, 0xff, 0x80, 0x0, 0x0, 0x0, 0x0,
    0x0, 0xf, 0xfc, 0x0, 0x0, 0x0,

    /* U+0057 "W" */
    0xbf, 0xf8, 0x0, 0x0, 0x2, 0xff, 0xfe, 0x0,
    0x0, 0x0, 0xbf, 0xf5, 0xff, 0xf0, 0x0, 0x0,
    0xb, 0xff, 0xfc, 0x0, 0x0, 0x2, 0xff, 0xc3,
    0xff, 0xc0, 0x0, 0x0, 0x3f, 0xff, 0xf0, 0x0,
    0x0, 0xf, 0xff, 0xf, 0xff, 0x40, 0x0, 0x0,
    0xff, 0xff, 0xd0, 0x0, 0x0, 0x3f, 0xf8, 0x2f,
    0xfe, 0x0, 0x0, 0x7, 0xff, 0xff, 0x80, 0x0,
    0x1, 0xff, 0xd0, 0x7f, 0xfc, 0x0, 0x0, 0x2f,
    0xff, 0xff, 0x0, 0x0, 0xb, 0xff, 0x0, 0xff,
    0xf0, 0x0, 0x0, 0xff, 0xff, 0xfc, 0x0, 0x0,
    0x3f, 0xfc, 0x3, 0xff, 0xd0, 0x0, 0x3, 0xff,
    0xff, 0xf4, 0x0, 0x0, 0xff, 0xe0, 0xb, 0xff,
    0x80, 0x0, 0xf, 0xff, 0xff, 0xe0, 0x0, 0x3,
    0xff, 0x40, 0x1f, 0xfe, 0x0, 0x0, 0x7f, 0xfb,
    0xff, 0x80, 0x0, 0x1f, 0xfc, 0x0, 0x3f, 0xfc,
    0x0, 0x2, 0xff, 0xcf, 0xff, 0x0, 0x0, 0xbf,
    0xf0, 0x0, 0xff, 0xf0, 0x0, 0xf, 0xff, 0x3f,
    0xfc, 0x0, 0x3, 0xff, 0x80, 0x2, 0xff, 0xd0,
    0x0, 0x3f, 0xf8, 0xbf, 0xf4, 0x0, 0xf, 0xfe,
    0x0, 0x7, 0xff, 0x80, 0x1, 0xff, 0xd1, 0xff,
    0xe0, 0x0, 0x7f, 0xf4, 0x0, 0xf, 0xff, 0x0,
    0x7, 0xff, 0x3, 0xff, 0xc0, 0x1, 0xff, 0xc0,
    0x0, 0x3f, 0xfc, 0x0, 0x2f, 0xfc, 0xf, 0xff,
    0x0, 0xb, 0xff, 0x0, 0x0, 0xbf, 0xf4, 0x0,
    0xff, 0xe0, 0x2f, 0xfd, 0x0, 0x3f, 0xf8, 0x0,
    0x1, 0xff, 0xe0, 0x3, 0xff, 0x40, 0x7f, 0xf8,
    0x0, 0xff, 0xd0, 0x0, 0x3, 0xff, 0x80, 0x1f,
    0xfc, 0x0, 0xff, 0xe0, 0x7, 0xff, 0x0, 0x0,
    0xf, 0xff, 0x0, 0xbf, 0xf0, 0x3, 0xff, 0xc0,
    0x2f, 0xfc, 0x0, 0x0, 0x2f, 0xfc, 0x3, 0xff,
    0x80, 0xb, 0xff, 0x0, 0xbf, 0xe0, 0x0, 0x0,
    0x7f, 0xf4, 0xf, 0xfd, 0x0, 0x1f, 0xfd, 0x3,
    0xff, 0x40, 0x0, 0x0, 0xff, 0xe0, 0x3f, 0xf0,
    0x0, 0x3f, 0xf8, 0xf, 0xfc, 0x0, 0x0, 0x3,
    0xff, 0xc1, 0xff, 0xc0, 0x0, 0xff, 0xf0, 0x7f,
    0xf0, 0x0, 0x0, 0xb, 0xff, 0xb, 0xfe, 0x0,
    0x2, 0xff, 0xc2, 0xff, 0x80, 0x0, 0x0, 0x1f,
    0xfd, 0x3f, 0xf4, 0x0, 0x7, 0xff, 0x4f, 0xfd,
    0x0, 0x0, 0x0, 0x3f, 0xf8, 0xff, 0xc0, 0x0,
    0xf, 0xfe, 0x3f, 0xf0, 0x0, 0x0, 0x0, 0xff,
    0xe3, 0xff, 0x0, 0x0, 0x3f, 0xfc, 0xff, 0xc0,
    0x0, 0x0, 0x2, 0xff, 0xdf, 0xf8, 0x0, 0x0,
    0xbf, 0xf7, 0xfe, 0x0, 0x0, 0x0, 0x7, 0xff,
    0xff, 0xd0, 0x0, 0x1, 0xff, 0xff, 0xf4, 0x0,
    0x0, 0x0, 0x1f, 0xff, 0xff, 0x0, 0x0, 0x3,
    0xff, 0xff, 0xc0, 0x0, 0x0, 0x0, 0x3f, 0xff,
    0xfc, 0x0, 0x0, 0xf, 0xff, 0xff, 0x0, 0x0,
    0x0, 0x0, 0xff, 0xff, 0xe0, 0x0, 0x0, 0x2f,
    0xff, 0xfc, 0x0, 0x0, 0x0, 0x2, 0xff, 0xff,
    0x40, 0x0, 0x0, 0x7f, 0xff, 0xe0, 0x0, 0x0,
    0x0, 0x7, 0xff, 0xfc, 0x0, 0x0, 0x0, 0xff,
    0xff, 0x40, 0x0, 0x0, 0x0, 0xf, 0xff, 0xf0,
    0x0, 0x0, 0x3, 0xff, 0xfc, 0x0, 0x0, 0x0,
    0x0, 0x3f, 0xff, 0x80, 0x0, 0x0, 0xf, 0xff,
    0xf0, 0x0, 0x0, 0x0, 0x0, 0xbf, 0xfd, 0x0,
    0x0, 0x0, 0x2f, 0xff, 0x80, 0x0, 0x0, 0x0,
    0x1, 0xff, 0xf0, 0x0, 0x0, 0x0, 0x7f, 0xfd,
    0x0, 0x0, 0x0, 0x0, 0x3, 0xff, 0xc0, 0x0,
    0x0, 0x0, 0xff, 0xf0, 0x0, 0x0,

    /* U+0058 "X" */
    0x1f, 0xff, 0xc0, 0x0, 0x0, 0x0, 0xff, 0xfd,
    0x0, 0xff, 0xfe, 0x0, 0x0, 0x0, 0x1f, 0xff,
    0xc0, 0x7, 0xff, 0xf0, 0x0, 0x0, 0x3, 0xff,
    0xf0, 0x0, 0x2f, 0xff, 0xc0, 0x0, 0x0, 0xbf,
    0xfe, 0x0, 0x0, 0xff, 0xfd, 0x0, 0x0, 0xf,
    0xff, 0xc0, 0x0, 0x7, 0xff, 0xf0, 0x0, 0x2,
    0xff, 0xf4, 0x0, 0x0, 0x3f, 0xff, 0x40, 0x0,
    0x3f, 0xff, 0x0, 0x0, 0x0, 0xff, 0xfc, 0x0,
    0xf, 0xff, 0xc0, 0x0, 0x0, 0xb, 0xff, 0xe0,
    0x1, 0xff, 0xf8, 0x0, 0x0, 0x0, 0x3f, 0xff,
    0x0, 0x3f, 0xff, 0x0, 0x0, 0x0, 0x1, 0xff,
    0xf8, 0x7, 0xff, 0xd0, 0x0, 0x0, 0x0, 0xf,
    0xff, 0xd0, 0xff, 0xfc, 0x0, 0x0, 0x0, 0x0,
    0x3f, 0xff, 0x2f, 0xff, 0x0, 0x0, 0x0, 0x0,
    0x2, 0xff, 0xfb, 0xff, 0xe0, 0x0, 0x0, 0x0,
    0x0, 0xf, 0xff, 0xff, 0xfc, 0x0, 0x0, 0x0,
    0x0, 0x0, 0x7f, 0xff, 0xff, 0x40, 0x0, 0x0,
    0x0, 0x0, 0x3, 0xff, 0xff, 0xf0, 0x0, 0x0,
    0x0, 0x0, 0x0, 0xf, 0xff, 0xfc, 0x0, 0x0,
    0x0, 0x0, 0x0, 0x0, 0xbf, 0xff, 0x80, 0x0,
    0x0, 0x0, 0x0, 0x0, 0x7, 0xff, 0xf8, 0x0,
    0x0, 0x0, 0x0, 0x0, 0x0, 0xff, 0xff, 0xc0,
    0x0, 0x0, 0x0, 0x0, 0x0, 0x2f, 0xff, 0xff,
    0x0, 0x0, 0x0, 0x0, 0x0, 0x3, 0xff, 0xff,
    0xf4, 0x0, 0x0, 0x0, 0x0, 0x0, 0xff, 0xff,
    0xff, 0xc0, 0x0, 0x0, 0x0, 0x0, 0x1f, 0xff,
    0xbf, 0xfe, 0x0, 0x0, 0x0, 0x0, 0x3, 0xff,
    0xf3, 0xff, 0xf4, 0x0, 0x0, 0x0, 0x0, 0xbf,
    0xfd, 0xf, 0xff, 0xc0, 0x0, 0x0, 0x0, 0xf,
    0xff, 0x80, 0xbf, 0xfd, 0x0, 0x0, 0x0, 0x3,
    0xff, 0xf0, 0x3, 0xff, 0xf0, 0x0, 0x0, 0x0,
    0x7f, 0xfe, 0x0, 0x2f, 0xff, 0x80, 0x0, 0x0,
    0xf, 0xff, 0xc0, 0x0, 0xff, 0xfd, 0x0, 0x0,
    0x2, 0xff, 0xf4, 0x0, 0x7, 0xff, 0xf0, 0x0,
    0x0, 0x3f, 0xff, 0x0, 0x0, 0x3f, 0xff, 0x40,
    0x0, 0xf, 0xff, 0xd0, 0x0, 0x1, 0xff, 0xfc,
    0x0, 0x1, 0xff, 0xf8, 0x0, 0x0, 0xb, 0xff,
    0xe0, 0x0, 0x3f, 0xff, 0x0, 0x0, 0x0, 0x3f,
    0xff, 0x40, 0xb, 0xff, 0xe0, 0x0, 0x0, 0x2,
    0xff, 0xfc, 0x0, 0xff, 0xfc, 0x0, 0x0, 0x0,
    0xf, 0xff, 0xe0, 0x3f, 0xff, 0x40, 0x0, 0x0,
    0x0, 0x7f, 0xff, 0x7, 0xff, 0xf0, 0x0, 0x0,
    0x0, 0x3, 0xff, 0xf8,

    /* U+0059 "Y" */
    0x7f, 0xfd, 0x0, 0x0, 0x0, 0x7, 0xff, 0xe3,
    0xff, 0xf0, 0x0, 0x0, 0x0, 0xff, 0xfc, 0x1f,
    0xff, 0x40, 0x0, 0x0, 0x1f, 0xff, 0x80, 0xff,
    0xfc, 0x0, 0x0, 0x3, 0xff, 0xf0, 0xb, 0xff,
    0xd0, 0x0, 0x0, 0x7f, 0xfe, 0x0, 0x3f, 0xfe,
    0x0, 0x0, 0xb, 0xff, 0xc0, 0x2, 0xff, 0xf0,
    0x0, 0x0, 0xff, 0xf8, 0x0, 0xf, 0xff, 0x80,
    0x0, 0x2f, 0xff, 0x0, 0x0, 0xbf, 0xfc, 0x0,
    0x3, 0xff, 0xe0, 0x0, 0x3, 0xff, 0xe0, 0x0,
    0xbf, 0xfc, 0x0, 0x0, 0x2f, 0xff, 0x0, 0xf,
    0xff, 0x80, 0x0, 0x0, 0xff, 0xf4, 0x1, 0xff,
    0xf0, 0x0, 0x0, 0xb, 0xff, 0xc0, 0x3f, 0xfe,
    0x0, 0x0, 0x0, 0x3f, 0xfd, 0x7, 0xff, 0xc0,
    0x0, 0x0, 0x2, 0xff, 0xf0, 0xff, 0xf8, 0x0,
    0x0, 0x0, 0xf, 0xff, 0x1f, 0xff, 0x0, 0x0,
    0x0, 0x0, 0xbf, 0xfa, 0xff, 0xe0, 0x0, 0x0,
    0x0, 0x3, 0xff, 0xff, 0xfc, 0x0, 0x0, 0x0,
    0x0, 0x2f, 0xff, 0xff, 0x80, 0x0, 0x0, 0x0,
    0x0, 0xff, 0xff, 0xf0, 0x0, 0x0, 0x0, 0x0,
    0xb, 0xff, 0xfe, 0x0, 0x0, 0x0, 0x0, 0x0,
    0x3f, 0xff, 0xc0, 0x0, 0x0, 0x0, 0x0, 0x2,
    0xff, 0xf8, 0x0, 0x0, 0x0, 0x0, 0x0, 0xf,
    0xff, 0x0, 0x0, 0x0, 0x0, 0x0, 0x0, 0xff,
    0xf0, 0x0, 0x0, 0x0, 0x0, 0x0, 0xf, 0xff,
    0x0, 0x0, 0x0, 0x0, 0x0, 0x0, 0xff, 0xf0,
    0x0, 0x0, 0x0, 0x0, 0x0, 0xf, 0xff, 0x0,
    0x0, 0x0, 0x0, 0x0, 0x0, 0xff, 0xf0, 0x0,
    0x0, 0x0, 0x0, 0x0, 0xf, 0xff, 0x0, 0x0,
    0x0, 0x0, 0x0, 0x0, 0xff, 0xf0, 0x0, 0x0,
    0x0, 0x0, 0x0, 0xf, 0xff, 0x0, 0x0, 0x0,
    0x0, 0x0, 0x0, 0xff, 0xf0, 0x0, 0x0, 0x0,
    0x0, 0x0, 0xf, 0xff, 0x0, 0x0, 0x0, 0x0,
    0x0, 0x0, 0xff, 0xf0, 0x0, 0x0, 0x0, 0x0,
    0x0, 0xf, 0xff, 0x0, 0x0, 0x0, 0x0, 0x0,
    0x0, 0xff, 0xf0, 0x0, 0x0, 0x0, 0x0, 0x0,
    0xf, 0xff, 0x0, 0x0, 0x0, 0x0, 0x0, 0x0,
    0xff, 0xf0, 0x0, 0x0, 0x0, 0x0, 0x0, 0xf,
    0xff, 0x0, 0x0, 0x0,

    /* U+005A "Z" */
    0x2f, 0xff, 0xff, 0xff, 0xff, 0xff, 0xf0, 0xbf,
    0xff, 0xff, 0xff, 0xff, 0xff, 0xc2, 0xff, 0xff,
    0xff, 0xff, 0xff, 0xff, 0xb, 0xff, 0xff, 0xff,
    0xff, 0xff, 0xfc, 0x2f, 0xff, 0xff, 0xff, 0xff,
    0xff, 0xf0, 0x6a, 0xaa, 0xaa, 0xaa, 0xaf, 0xff,
    0xc0, 0x0, 0x0, 0x0, 0x0, 0xbf, 0xfd, 0x0,
    0x0, 0x0, 0x0, 0x3, 0xff, 0xe0, 0x0, 0x0,
    0x0, 0x0, 0x3f, 0xff, 0x0, 0x0, 0x0, 0x0,
    0x1, 0xff, 0xf4, 0x0, 0x0, 0x0, 0x0, 0xf,
    0xff, 0xc0, 0x0, 0x0, 0x0, 0x0, 0xbf, 0xfc,
    0x0, 0x0, 0x0, 0x0, 0x7, 0xff, 0xe0, 0x0,
    0x0, 0x0, 0x0, 0x3f, 0xff, 0x0, 0x0, 0x0,
    0x0, 0x2, 0xff, 0xf4, 0x0, 0x0, 0x0, 0x0,
    0x1f, 0xff, 0x80, 0x0, 0x0, 0x0, 0x0, 0xff,
    0xfc, 0x0, 0x0, 0x0, 0x0, 0xb, 0xff, 0xd0,
    0x0, 0x0, 0x0, 0x0, 0x3f, 0xff, 0x0, 0x0,
    0x0, 0x0, 0x3, 0xff, 0xf0, 0x0, 0x0, 0x0,
    0x0, 0x1f, 0xff, 0x80, 0x0, 0x0, 0x0, 0x0,
    0xff, 0xfc, 0x0, 0x0, 0x0, 0x0, 0xb, 0xff,
    0xd0, 0x0, 0x0, 0x0, 0x0, 0x7f, 0xfe, 0x0,
    0x0, 0x0, 0x0, 0x3, 0xff, 0xf0, 0x0, 0x0,
    0x0, 0x0, 0x2f, 0xff, 0x40, 0x0, 0x0, 0x0,
    0x0, 0xff, 0xfc, 0x0, 0x0, 0x0, 0x0, 0xf,
    0xff, 0xc0, 0x0, 0x0, 0x0, 0x0, 0x7f, 0xfe,
    0x0, 0x0, 0x0, 0x0, 0x3, 0xff, 0xf0, 0x0,
    0x0, 0x0, 0x0, 0x2f, 0xff, 0x40, 0x0, 0x0,
    0x0, 0x1, 0xff, 0xf8, 0x0, 0x0, 0x0, 0x0,
    0xf, 0xff, 0xc0, 0x0, 0x0, 0x0, 0x0, 0xbf,
    0xfd, 0x0, 0x0, 0x0, 0x0, 0x3, 0xff, 0xfa,
    0xaa, 0xaa, 0xaa, 0xaa, 0xf, 0xff, 0xff, 0xff,
    0xff, 0xff, 0xfd, 0x3f, 0xff, 0xff, 0xff, 0xff,
    0xff, 0xf4, 0xff, 0xff, 0xff, 0xff, 0xff, 0xff,
    0xd3, 0xff, 0xff, 0xff, 0xff, 0xff, 0xff, 0x4f,
    0xff, 0xff, 0xff, 0xff, 0xff, 0xfd,

    /* U+005B "[" */
    0x2a, 0xaa, 0xaa, 0x7f, 0xff, 0xff, 0x7f, 0xff,
    0xff, 0x7f, 0xff, 0xff, 0x7f, 0xff, 0xff, 0x7f,
    0xff, 0xff, 0x7f, 0xfc, 0x0, 0x7f, 0xfc, 0x0,
    0x7f, 0xfc, 0x0, 0x7f, 0xfc, 0x0, 0x7f, 0xfc,
    0x0, 0x7f, 0xfc, 0x0, 0x7f, 0xfc, 0x0, 0x7f,
    0xfc, 0x0, 0x7f, 0xfc, 0x0, 0x7f, 0xfc, 0x0,
    0x7f, 0xfc, 0x0, 0x7f, 0xfc, 0x0, 0x7f, 0xfc,
    0x0, 0x7f, 0xfc, 0x0, 0x7f, 0xfc, 0x0, 0x7f,
    0xfc, 0x0, 0x7f, 0xfc, 0x0, 0x7f, 0xfc, 0x0,
    0x7f, 0xfc, 0x0, 0x7f, 0xfc, 0x0, 0x7f, 0xfc,
    0x0, 0x7f, 0xfc, 0x0, 0x7f, 0xfc, 0x0, 0x7f,
    0xfc, 0x0, 0x7f, 0xfc, 0x0, 0x7f, 0xfc, 0x0,
    0x7f, 0xfc, 0x0, 0x7f, 0xfc, 0x0, 0x7f, 0xfc,
    0x0, 0x7f, 0xfc, 0x0, 0x7f, 0xfc, 0x0, 0x7f,
    0xfc, 0x0, 0x7f, 0xfc, 0x0, 0x7f, 0xfc, 0x0,
    0x7f, 0xfc, 0x0, 0x7f, 0xfc, 0x0, 0x7f, 0xfe,
    0xaa, 0x7f, 0xff, 0xff, 0x7f, 0xff, 0xff, 0x7f,
    0xff, 0xff, 0x7f, 0xff, 0xff, 0x7f, 0xff, 0xff,

    /* U+005C "\\" */
    0x3f, 0xf0, 0x0, 0x0, 0x0, 0xbf, 0xd0, 0x0,
    0x0, 0x1, 0xff, 0x80, 0x0, 0x0, 0x3, 0xff,
    0x0, 0x0, 0x0, 0xf, 0xfd, 0x0, 0x0, 0x0,
    0x2f, 0xf8, 0x0, 0x0, 0x0, 0x3f, 0xf0, 0x0,
    0x0, 0x0, 0xff, 0xc0, 0x0, 0x0, 0x2, 0xff,
    0x40, 0x0, 0x0, 0x7, 0xff, 0x0, 0x0, 0x0,
    0xf, 0xfc, 0x0, 0x0, 0x0, 0x2f, 0xf4, 0x0,
    0x0, 0x0, 0x7f, 0xe0, 0x0, 0x0, 0x0, 0xff,
    0xc0, 0x0, 0x0, 0x3, 0xff, 0x40, 0x0, 0x0,
    0xb, 0xfe, 0x0, 0x0, 0x0, 0xf, 0xfc, 0x0,
    0x0, 0x0, 0x3f, 0xf0, 0x0, 0x0, 0x0, 0xbf,
    0xd0, 0x0, 0x0, 0x1, 0xff, 0xc0, 0x0, 0x0,
    0x3, 0xff, 0x0, 0x0, 0x0, 0xb, 0xfd, 0x0,
    0x0, 0x0, 0x1f, 0xf8, 0x0, 0x0, 0x0, 0x3f,
    0xf0, 0x0, 0x0, 0x0, 0xff, 0xc0, 0x0, 0x0,
    0x2, 0xff, 0x80, 0x0, 0x0, 0x3, 0xff, 0x0,
    0x0, 0x0, 0xf, 0xfc, 0x0, 0x0, 0x0, 0x2f,
    0xf4, 0x0, 0x0, 0x0, 0x7f, 0xe0, 0x0, 0x0,
    0x0, 0xff, 0xc0, 0x0, 0x0, 0x2, 0xff, 0x40,
    0x0, 0x0, 0x7, 0xfe, 0x0, 0x0, 0x0, 0xf,
    0xfc, 0x0, 0x0, 0x0, 0x3f, 0xf0, 0x0, 0x0,
    0x0, 0xbf, 0xe0, 0x0, 0x0, 0x0, 0xff, 0xc0,
    0x0, 0x0, 0x3, 0xff, 0x0, 0x0, 0x0, 0xb,
    0xfd, 0x0, 0x0, 0x0, 0x1f, 0xf8, 0x0, 0x0,
    0x0, 0x2a, 0x90,

    /* U+005D "]" */
    0x3f, 0xff, 0xff, 0x3f, 0xff, 0xff, 0x3f, 0xff,
    0xff, 0x3f, 0xff, 0xff, 0x3f, 0xff, 0xff, 0x2a,
    0xaf, 0xff, 0x0, 0xf, 0xff, 0x0, 0xf, 0xff,
    0x0, 0xf, 0xff, 0x0, 0xf, 0xff, 0x0, 0xf,
    0xff, 0x0, 0xf, 0xff, 0x0, 0xf, 0xff, 0x0,
    0xf, 0xff, 0x0, 0xf, 0xff, 0x0, 0xf, 0xff,
    0x0, 0xf, 0xff, 0x0, 0xf, 0xff, 0x0, 0xf,
    0xff, 0x0, 0xf, 0xff, 0x0, 0xf, 0xff, 0x0,
    0xf, 0xff, 0x0, 0xf, 0xff, 0x0, 0xf, 0xff,
    0x0, 0xf, 0xff, 0x0, 0xf, 0xff, 0x0, 0xf,
    0xff, 0x0, 0xf, 0xff, 0x0, 0xf, 0xff, 0x0,
    0xf, 0xff, 0x0, 0xf, 0xff, 0x0, 0xf, 0xff,
    0x0, 0xf, 0xff, 0x0, 0xf, 0xff, 0x0, 0xf,
    0xff, 0x0, 0xf, 0xff, 0x0, 0xf, 0xff, 0x0,
    0xf, 0xff, 0x0, 0xf, 0xff, 0x0, 0xf, 0xff,
    0x0, 0xf, 0xff, 0x2a, 0xaf, 0xff, 0x3f, 0xff,
    0xff, 0x3f, 0xff, 0xff, 0x3f, 0xff, 0xff, 0x3f,
    0xff, 0xff, 0x3f, 0xff, 0xff,

    /* U+005E "^" */
    0x0, 0x0, 0xf, 0xfe, 0x0, 0x0, 0x0, 0x0,
    0x1, 0xff, 0xf0, 0x0, 0x0, 0x0, 0x0, 0x2f,
    0xff, 0x40, 0x0, 0x0, 0x0, 0x3, 0xff, 0xfc,
    0x0, 0x0, 0x0, 0x0, 0x7f, 0xff, 0xd0, 0x0,
    0x0, 0x0, 0xf, 0xff, 0xfe, 0x0, 0x0, 0x0,
    0x1, 0xff, 0xbf, 0xf0, 0x0, 0x0, 0x0, 0x2f,
    0xf1, 0xff, 0x80, 0x0, 0x0, 0x3, 0xff, 0xf,
    0xfc, 0x0, 0x0, 0x0, 0xbf, 0xd0, 0xbf, 0xd0,
    0x0, 0x0, 0xf, 0xfc, 0x7, 0xfe, 0x0, 0x0,
    0x1, 0xff, 0x80, 0x3f, 0xf0, 0x0, 0x0, 0x2f,
    0xf0, 0x1, 0xff, 0x80, 0x0, 0x3, 0xff, 0x0,
    0xf, 0xfc, 0x0, 0x0, 0xbf, 0xd0, 0x0, 0xbf,
    0xd0, 0x0, 0xf, 0xfc, 0x0, 0x7, 0xff, 0x0,
    0x1, 0xff, 0x80, 0x0, 0x3f, 0xf0, 0x0, 0x3f,
    0xf4, 0x0, 0x1, 0xff, 0x80, 0x3, 0xff, 0x0,
    0x0, 0xf, 0xfc, 0x0, 0xbf, 0xd0, 0x0, 0x0,
    0xbf, 0xd0, 0xf, 0xfc, 0x0, 0x0, 0x7, 0xff,
    0x1, 0xff, 0x80, 0x0, 0x0, 0x3f, 0xf0, 0x3f,
    0xf4, 0x0, 0x0, 0x1, 0xff, 0x83, 0xff, 0x0,
    0x0, 0x0, 0xf, 0xfc,

    /* U+005F "_" */
    0x0, 0x0, 0x0, 0x0, 0x0, 0x0, 0x0, 0xff,
    0xff, 0xff, 0xff, 0xff, 0xff, 0xfe, 0xff, 0xff,
    0xff, 0xff, 0xff, 0xff, 0xfe, 0xff, 0xff, 0xff,
    0xff, 0xff, 0xff, 0xfe, 0xff, 0xff, 0xff, 0xff,
    0xff, 0xff, 0xfe,

    /* U+0060 "`" */
    0x1a, 0xa9, 0x0, 0x1, 0xff, 0xf0, 0x0, 0x7,
    0xff, 0xc0, 0x0, 0x1f, 0xff, 0x0, 0x0, 0x7f,
    0xf8, 0x0, 0x1, 0xff, 0xd0, 0x0, 0x7, 0xff,
    0x0, 0x0, 0x1f, 0xfc,

    /* U+007B "{" */
    0x0, 0x0, 0x0, 0x0, 0x0, 0x0, 0x7f, 0xfd,
    0x0, 0x3, 0xff, 0xfd, 0x0, 0xf, 0xff, 0xfd,
    0x0, 0x1f, 0xff, 0xfd, 0x0, 0x2f, 0xff, 0xfd,
    0x0, 0x3f, 0xfe, 0x0, 0x0, 0x3f, 0xfc, 0x0,
    0x0, 0x3f, 0xfc, 0x0, 0x0, 0x3f, 0xfc, 0x0,
    0x0, 0x3f, 0xfc, 0x0, 0x0, 0x3f, 0xfc, 0x0,
    0x0, 0x3f, 0xfc, 0x0, 0x0, 0x3f, 0xfc, 0x0,
    0x0, 0x3f, 0xfc, 0x0, 0x0, 0x3f, 0xfc, 0x0,
    0x0, 0x3f, 0xfc, 0x0, 0x0, 0x3f, 0xfc, 0x0,
    0x0, 0x3f, 0xfc, 0x0, 0x0, 0x7f, 0xf8, 0x0,
    0x0, 0xff, 0xf8, 0x0, 0x1b, 0xff, 0xf0, 0x0,
    0x3f, 0xff, 0xe0, 0x0, 0x3f, 0xff, 0x80, 0x0,
    0x3f, 0xfe, 0x0, 0x0, 0x3f, 0xff, 0xc0, 0x0,
    0x3f, 0xff, 0xf0, 0x0, 0x2, 0xff, 0xf4, 0x0,
    0x0, 0xbf, 0xf8, 0x0, 0x0, 0x3f, 0xfc, 0x0,
    0x0, 0x3f, 0xfc, 0x0, 0x0, 0x3f, 0xfc, 0x0,
    0x0, 0x3f, 0xfc, 0x0, 0x0, 0x3f, 0xfc, 0x0,
    0x0, 0x3f, 0xfc, 0x0, 0x0, 0x3f, 0xfc, 0x0,
    0x0, 0x3f, 0xfc, 0x0, 0x0, 0x3f, 0xfc, 0x0,
    0x0, 0x3f, 0xfc, 0x0, 0x0, 0x3f, 0xfc, 0x0,
    0x0, 0x3f, 0xfc, 0x0, 0x0, 0x3f, 0xfc, 0x0,
    0x0, 0x3f, 0xfe, 0x0, 0x0, 0x2f, 0xff, 0xfd,
    0x0, 0x1f, 0xff, 0xfd, 0x0, 0xf, 0xff, 0xfd,
    0x0, 0x3, 0xff, 0xfd, 0x0, 0x0, 0x6f, 0xfd,

    /* U+007C "|" */
    0x15, 0x50, 0xff, 0xd3, 0xff, 0x4f, 0xfd, 0x3f,
    0xf4, 0xff, 0xd3, 0xff, 0x4f, 0xfd, 0x3f, 0xf4,
    0xff, 0xd3, 0xff, 0x4f, 0xfd, 0x3f, 0xf4, 0xff,
    0xd3, 0xff, 0x4f, 0xfd, 0x3f, 0xf4, 0xff, 0xd3,
    0xff, 0x4f, 0xfd, 0x3f, 0xf4, 0xff, 0xd3, 0xff,
    0x4f, 0xfd, 0x3f, 0xf4, 0xff, 0xd3, 0xff, 0x4f,
    0xfd, 0x3f, 0xf4, 0xff, 0xd3, 0xff, 0x4f, 0xfd,
    0x3f, 0xf4, 0xff, 0xd3, 0xff, 0x4f, 0xfd, 0x3f,
    0xf4, 0xff, 0xd3, 0xff, 0x4f, 0xfd, 0x3f, 0xf4,
    0xff, 0xd3, 0xff, 0x4f, 0xfd, 0x3f, 0xf4, 0xff,
    0xd3, 0xff, 0x4f, 0xfd,

    /* U+007D "}" */
    0x0, 0x0, 0x0, 0x0, 0x3f, 0xfe, 0x0, 0x0,
    0x3f, 0xff, 0xd0, 0x0, 0x3f, 0xff, 0xf0, 0x0,
    0x3f, 0xff, 0xf8, 0x0, 0x3f, 0xff, 0xfc, 0x0,
    0x0, 0xbf, 0xfc, 0x0, 0x0, 0x3f, 0xfc, 0x0,
    0x0, 0x2f, 0xfc, 0x0, 0x0, 0x2f, 0xfc, 0x0,
    0x0, 0x2f, 0xfc, 0x0, 0x0, 0x2f, 0xfc, 0x0,
    0x0, 0x2f, 0xfc, 0x0, 0x0, 0x2f, 0xfc, 0x0,
    0x0, 0x2f, 0xfc, 0x0, 0x0, 0x2f, 0xfc, 0x0,
    0x0, 0x2f, 0xfc, 0x0, 0x0, 0x2f, 0xfc, 0x0,
    0x0, 0x2f, 0xfc, 0x0, 0x0, 0x2f, 0xfd, 0x0,
    0x0, 0x1f, 0xff, 0x0, 0x0, 0xf, 0xff, 0xe4,
    0x0, 0x7, 0xff, 0xfd, 0x0, 0x1, 0xff, 0xfd,
    0x0, 0x0, 0x7f, 0xfd, 0x0, 0x3, 0xff, 0xfd,
    0x0, 0xb, 0xff, 0xfd, 0x0, 0xf, 0xff, 0x90,
    0x0, 0x1f, 0xff, 0x0, 0x0, 0x2f, 0xfd, 0x0,
    0x0, 0x2f, 0xfc, 0x0, 0x0, 0x2f, 0xfc, 0x0,
    0x0, 0x2f, 0xfc, 0x0, 0x0, 0x2f, 0xfc, 0x0,
    0x0, 0x2f, 0xfc, 0x0, 0x0, 0x2f, 0xfc, 0x0,
    0x0, 0x2f, 0xfc, 0x0, 0x0, 0x2f, 0xfc, 0x0,
    0x0, 0x2f, 0xfc, 0x0, 0x0, 0x2f, 0xfc, 0x0,
    0x0, 0x2f, 0xfc, 0x0, 0x0, 0x3f, 0xfc, 0x0,
    0x0, 0xbf, 0xfc, 0x0, 0x3f, 0xff, 0xfc, 0x0,
    0x3f, 0xff, 0xf8, 0x0, 0x3f, 0xff, 0xf0, 0x0,
    0x3f, 0xff, 0xc0, 0x0, 0x3f, 0xfe, 0x0, 0x0,

    /* U+007E "~" */
    0x0, 0x0, 0x0, 0x0, 0x0, 0x0, 0x0, 0x2,
    0xff, 0xd0, 0x0, 0x3, 0x40, 0x1, 0xff, 0xff,
    0xe0, 0x0, 0xbf, 0x40, 0x7f, 0xff, 0xff, 0xe4,
    0x7f, 0xfd, 0x1f, 0xff, 0xff, 0xff, 0xff, 0xff,
    0xc3, 0xff, 0xff, 0xff, 0xff, 0xff, 0xf0, 0x7f,
    0xf8, 0xb, 0xff, 0xff, 0xfd, 0x1, 0xfd, 0x0,
    0x7, 0xff, 0xff, 0x0, 0x2, 0x80, 0x0, 0x6,
    0xfe, 0x40, 0x0, 0x0, 0x0, 0x0, 0x0, 0x0,
    0x0
};


/*---------------------
 *  GLYPH DESCRIPTION
 *--------------------*/

static const lv_font_fmt_txt_glyph_dsc_t glyph_dsc[] = {
    {.bitmap_index = 0, .adv_w = 0, .box_w = 0, .box_h = 0, .ofs_x = 0, .ofs_y = 0} /* id = 0 reserved */,
    {.bitmap_index = 0, .adv_w = 224, .box_w = 8, .box_h = 40, .ofs_x = 3, .ofs_y = 0},
    {.bitmap_index = 80, .adv_w = 325, .box_w = 16, .box_h = 16, .ofs_x = 2, .ofs_y = 24},
    {.bitmap_index = 144, .adv_w = 483, .box_w = 29, .box_h = 40, .ofs_x = 1, .ofs_y = 0},
    {.bitmap_index = 434, .adv_w = 444, .box_w = 24, .box_h = 46, .ofs_x = 1, .ofs_y = -3},
    {.bitmap_index = 710, .adv_w = 802, .box_w = 48, .box_h = 42, .ofs_x = 1, .ofs_y = -1},
    {.bitmap_index = 1214, .adv_w = 545, .box_w = 30, .box_h = 41, .ofs_x = 2, .ofs_y = 0},
    {.bitmap_index = 1522, .adv_w = 169, .box_w = 7, .box_h = 16, .ofs_x = 2, .ofs_y = 24},
    {.bitmap_index = 1550, .adv_w = 275, .box_w = 13, .box_h = 48, .ofs_x = 2, .ofs_y = -5},
    {.bitmap_index = 1706, .adv_w = 275, .box_w = 13, .box_h = 48, .ofs_x = 2, .ofs_y = -5},
    {.bitmap_index = 1862, .adv_w = 344, .box_w = 17, .box_h = 17, .ofs_x = 2, .ofs_y = 23},
    {.bitmap_index = 1935, .adv_w = 476, .box_w = 25, .box_h = 25, .ofs_x = 2, .ofs_y = 4},
    {.bitmap_index = 2092, .adv_w = 169, .box_w = 7, .box_h = 16, .ofs_x = 2, .ofs_y = -9},
    {.bitmap_index = 2120, .adv_w = 358, .box_w = 17, .box_h = 6, .ofs_x = 3, .ofs_y = 17},
    {.bitmap_index = 2146, .adv_w = 190, .box_w = 8, .box_h = 8, .ofs_x = 2, .ofs_y = 0},
    {.bitmap_index = 2162, .adv_w = 365, .box_w = 19, .box_h = 41, .ofs_x = 2, .ofs_y = -1},
    {.bitmap_index = 2357, .adv_w = 460, .box_w = 23, .box_h = 41, .ofs_x = 3, .ofs_y = 0},
    {.bitmap_index = 2593, .adv_w = 311, .box_w = 14, .box_h = 40, .ofs_x = 2, .ofs_y = 0},
    {.bitmap_index = 2733, .adv_w = 442, .box_w = 23, .box_h = 40, .ofs_x = 2, .ofs_y = 0},
    {.bitmap_index = 2963, .adv_w = 457, .box_w = 24, .box_h = 41, .ofs_x = 2, .ofs_y = 0},
    {.bitmap_index = 3209, .adv_w = 468, .box_w = 26, .box_h = 40, .ofs_x = 2, .ofs_y = 0},
    {.bitmap_index = 3469, .adv_w = 449, .box_w = 22, .box_h = 40, .ofs_x = 3, .ofs_y = 0},
    {.bitmap_index = 3689, .adv_w = 463, .box_w = 25, .box_h = 40, .ofs_x = 2, .ofs_y = 0},
    {.bitmap_index = 3939, .adv_w = 408, .box_w = 23, .box_h = 40, .ofs_x = 1, .ofs_y = 0},
    {.bitmap_index = 4169, .adv_w = 475, .box_w = 24, .box_h = 41, .ofs_x = 3, .ofs_y = 0},
    {.bitmap_index = 4415, .adv_w = 463, .box_w = 25, .box_h = 40, .ofs_x = 2, .ofs_y = 0},
    {.bitmap_index = 4665, .adv_w = 190, .box_w = 8, .box_h = 27, .ofs_x = 2, .ofs_y = 0},
    {.bitmap_index = 4719, .adv_w = 190, .box_w = 8, .box_h = 37, .ofs_x = 2, .ofs_y = -10},
    {.bitmap_index = 4793, .adv_w = 476, .box_w = 25, .box_h = 25, .ofs_x = 2, .ofs_y = 3},
    {.bitmap_index = 4950, .adv_w = 476, .box_w = 25, .box_h = 17, .ofs_x = 2, .ofs_y = 7},
    {.bitmap_index = 5057, .adv_w = 476, .box_w = 25, .box_h = 25, .ofs_x = 2, .ofs_y = 3},
    {.bitmap_index = 5214, .adv_w = 404, .box_w = 23, .box_h = 40, .ofs_x = 1, .ofs_y = 0},
    {.bitmap_index = 5444, .adv_w = 795, .box_w = 45, .box_h = 48, .ofs_x = 2, .ofs_y = -8},
    {.bitmap_index = 5984, .adv_w = 543, .box_w = 34, .box_h = 40, .ofs_x = 0, .ofs_y = 0},
    {.bitmap_index = 6324, .adv_w = 550, .box_w = 29, .box_h = 40, .ofs_x = 3, .ofs_y = 0},
    {.bitmap_index = 6614, .adv_w = 550, .box_w = 29, .box_h = 41, .ofs_x = 3, .ofs_y = 0},
    {.bitmap_index = 6912, .adv_w = 553, .box_w = 29, .box_h = 40, .ofs_x = 3, .ofs_y = 0},
    {.bitmap_index = 7202, .adv_w = 504, .box_w = 27, .box_h = 40, .ofs_x = 3, .ofs_y = 0},
    {.bitmap_index = 7472, .adv_w = 504, .box_w = 27, .box_h = 40, .ofs_x = 3, .ofs_y = 0},
    {.bitmap_index = 7742, .adv_w = 550, .box_w = 29, .box_h = 41, .ofs_x = 3, .ofs_y = 0},
    {.bitmap_index = 8040, .adv_w = 561, .box_w = 29, .box_h = 40, .ofs_x = 3, .ofs_y = 0},
    {.bitmap_index = 8330, .adv_w = 226, .box_w = 8, .box_h = 40, .ofs_x = 3, .ofs_y = 0},
    {.bitmap_index = 8410, .adv_w = 296, .box_w = 14, .box_h = 40, .ofs_x = 1, .ofs_y = 0},
    {.bitmap_index = 8550, .adv_w = 552, .box_w = 32, .box_h = 40, .ofs_x = 3, .ofs_y = 0},
    {.bitmap_index = 8870, .adv_w = 474, .box_w = 26, .box_h = 40, .ofs_x = 3, .ofs_y = 0},
    {.bitmap_index = 9130, .adv_w = 687, .box_w = 35, .box_h = 40, .ofs_x = 4, .ofs_y = 0},
    {.bitmap_index = 9480, .adv_w = 587, .box_w = 30, .box_h = 40, .ofs_x = 3, .ofs_y = 0},
    {.bitmap_index = 9780, .adv_w = 550, .box_w = 29, .box_h = 41, .ofs_x = 3, .ofs_y = 0},
    {.bitmap_index = 10078, .adv_w = 519, .box_w = 28, .box_h = 40, .ofs_x = 3, .ofs_y = 0},
    {.bitmap_index = 10358, .adv_w = 550, .box_w = 29, .box_h = 50, .ofs_x = 3, .ofs_y = -9},
    {.bitmap_index = 10721, .adv_w = 547, .box_w = 30, .box_h = 40, .ofs_x = 3, .ofs_y = 0},
    {.bitmap_index = 11021, .adv_w = 499, .box_w = 28, .box_h = 41, .ofs_x = 1, .ofs_y = 0},
    {.bitmap_index = 11308, .adv_w = 465, .box_w = 29, .box_h = 40, .ofs_x = 0, .ofs_y = 0},
    {.bitmap_index = 11598, .adv_w = 566, .box_w = 29, .box_h = 40, .ofs_x = 3, .ofs_y = 0},
    {.bitmap_index = 11888, .adv_w = 495, .box_w = 31, .box_h = 40, .ofs_x = 0, .ofs_y = 0},
    {.bitmap_index = 12198, .adv_w = 748, .box_w = 47, .box_h = 40, .ofs_x = 0, .ofs_y = 0},
    {.bitmap_index = 12668, .adv_w = 533, .box_w = 34, .box_h = 40, .ofs_x = 0, .ofs_y = 0},
    {.bitmap_index = 13008, .adv_w = 480, .box_w = 30, .box_h = 40, .ofs_x = 0, .ofs_y = 0},
    {.bitmap_index = 13308, .adv_w = 464, .box_w = 27, .box_h = 40, .ofs_x = 1, .ofs_y = 0},
    {.bitmap_index = 13578, .adv_w = 281, .box_w = 12, .box_h = 48, .ofs_x = 3, .ofs_y = -5},
    {.bitmap_index = 13722, .adv_w = 365, .box_w = 19, .box_h = 41, .ofs_x = 2, .ofs_y = -1},
    {.bitmap_index = 13917, .adv_w = 281, .box_w = 12, .box_h = 47, .ofs_x = 2, .ofs_y = -5},
    {.bitmap_index = 14058, .adv_w = 476, .box_w = 26, .box_h = 24, .ofs_x = 2, .ofs_y = 16},
    {.bitmap_index = 14214, .adv_w = 443, .box_w = 28, .box_h = 5, .ofs_x = 0, .ofs_y = -7},
    {.bitmap_index = 14249, .adv_w = 456, .box_w = 14, .box_h = 8, .ofs_x = 7, .ofs_y = 33},
    {.bitmap_index = 14277, .adv_w = 322, .box_w = 16, .box_h = 48, .ofs_x = 2, .ofs_y = -5},
    {.bitmap_index = 14469, .adv_w = 276, .box_w = 7, .box_h = 48, .ofs_x = 5, .ofs_y = -5},
    {.bitmap_index = 14553, .adv_w = 322, .box_w = 16, .box_h = 48, .ofs_x = 2, .ofs_y = -5},
    {.bitmap_index = 14745, .adv_w = 476, .box_w = 26, .box_h = 10, .ofs_x = 2, .ofs_y = 11}
};

/*---------------------
 *  CHARACTER MAPPING
 *--------------------*/



/*Collect the unicode lists and glyph_id offsets*/
static const lv_font_fmt_txt_cmap_t cmaps[] =
{
    {
        .range_start = 33, .range_length = 64, .glyph_id_start = 1,
        .unicode_list = NULL, .glyph_id_ofs_list = NULL, .list_length = 0, .type = LV_FONT_FMT_TXT_CMAP_FORMAT0_TINY
    },
    {
        .range_start = 123, .range_length = 4, .glyph_id_start = 65,
        .unicode_list = NULL, .glyph_id_ofs_list = NULL, .list_length = 0, .type = LV_FONT_FMT_TXT_CMAP_FORMAT0_TINY
    }
};

/*-----------------
 *    KERNING
 *----------------*/


/*Pair left and right glyphs for kerning*/
static const uint8_t kern_pair_glyph_ids[] =
{
    13, 52,
    13, 54,
    13, 55,
    13, 57,
    16, 23,
    18, 23,
    19, 23,
    20, 23,
    22, 23,
    23, 19,
    23, 20,
    23, 22,
    23, 24,
    23, 25,
    24, 23,
    25, 23,
    33, 12,
    33, 14,
    33, 35,
    33, 39,
    33, 47,
    33, 49,
    33, 52,
    33, 53,
    33, 54,
    33, 55,
    33, 57,
    34, 54,
    34, 55,
    34, 57,
    38, 12,
    38, 14,
    38, 33,
    43, 35,
    43, 39,
    43, 47,
    43, 49,
    44, 13,
    44, 35,
    44, 39,
    44, 47,
    44, 49,
    44, 52,
    44, 53,
    44, 54,
    44, 55,
    44, 57,
    44, 60,
    48, 12,
    48, 14,
    48, 33,
    50, 55,
    51, 57,
    52, 12,
    52, 13,
    52, 14,
    52, 26,
    52, 27,
    52, 33,
    52, 35,
    52, 39,
    52, 47,
    52, 49,
    52, 55,
    53, 12,
    53, 14,
    53, 33,
    54, 12,
    54, 13,
    54, 14,
    54, 26,
    54, 27,
    54, 33,
    54, 35,
    54, 39,
    54, 47,
    54, 49,
    55, 12,
    55, 13,
    55, 14,
    55, 33,
    56, 35,
    56, 39,
    56, 47,
    56, 49
};

/* Kerning between the respective left and right glyphs
 * 4.4 format which needs to scaled with `kern_scale`*/
static const int8_t kern_pair_values[] =
{
    -60, -34, -27, -60, -17, -8, -26, -34,
    -27, -17, -34, -34, -8, -13, -26, -17,
    17, 17, -8, -8, -8, -8, -66, -16,
    -32, -16, -40, -12, -4, -8, -118, -118,
    -59, -22, -22, -22, -22, -111, -34, -34,
    -34, -34, -98, -46, -86, -60, -91, -43,
    -96, -96, -38, 8, -8, -67, -60, -67,
    -34, -34, -66, -26, -26, -26, -26, 17,
    -34, -34, -21, -59, -34, -59, -16, -16,
    -26, -8, -8, -8, -8, -48, -27, -48,
    -16, -14, -14, -14, -14
};

/*Collect the kern pair's data in one place*/
static const lv_font_fmt_txt_kern_pair_t kern_pairs =
{
    .glyph_ids = kern_pair_glyph_ids,
    .values = kern_pair_values,
    .pair_cnt = 85,
    .glyph_ids_size = 0
};

/*--------------------
 *  ALL CUSTOM DATA
 *--------------------*/

#if LVGL_VERSION_MAJOR == 8
/*Store all the custom data of the font*/
static  lv_font_fmt_txt_glyph_cache_t cache;
#endif

#if LVGL_VERSION_MAJOR >= 8
static const lv_font_fmt_txt_dsc_t font_dsc = {
#else
static lv_font_fmt_txt_dsc_t font_dsc = {
#endif
    .glyph_bitmap = glyph_bitmap,
    .glyph_dsc = glyph_dsc,
    .cmaps = cmaps,
    .kern_dsc = &kern_pairs,
    .kern_scale = 17,
    .cmap_num = 2,
    .bpp = 2,
    .kern_classes = 0,
    .bitmap_format = 0,
#if LVGL_VERSION_MAJOR == 8
    .cache = &cache
#endif
};



/*-----------------
 *  PUBLIC FONT
 *----------------*/

/*Initialize a public general font descriptor*/
#if LVGL_VERSION_MAJOR >= 8
const lv_font_t DINish_SemiBold_57 = {
#else
lv_font_t DINish_SemiBold_57 = {
#endif
    .get_glyph_dsc = lv_font_get_glyph_dsc_fmt_txt,    /*Function pointer to get glyph's data*/
    .get_glyph_bitmap = lv_font_get_bitmap_fmt_txt,    /*Function pointer to get glyph's bitmap*/
    .line_height = 53,          /*The maximum line height required by the font*/
    .base_line = 10,             /*Baseline measured from the bottom of the line*/
#if !(LVGL_VERSION_MAJOR == 6 && LVGL_VERSION_MINOR == 0)
    .subpx = LV_FONT_SUBPX_NONE,
#endif
#if LV_VERSION_CHECK(7, 4, 0) || LVGL_VERSION_MAJOR >= 8
    .underline_position = -9,
    .underline_thickness = 3,
#endif
    .dsc = &font_dsc,          /*The custom font data. Will be accessed by `get_glyph_bitmap/dsc` */
#if LV_VERSION_CHECK(8, 2, 0) || LVGL_VERSION_MAJOR >= 9
    .fallback = NULL,
#endif
    .user_data = NULL,
};



#endif /*#if DINISH_SEMIBOLD_57*/

